<?xml version="1.0" encoding="UTF-8"?>
<gpx xmlns:gpxdata="http://www.cluetrust.com/XML/GPXDATA/1/0" xmlns:xsi="http://www.w3.org/2001/XMLSchema-instance" xmlns="http://www.topografix.com/GPX/1/1" version="1.1" creator="http://ridewithgps.com/" xsi:schemaLocation="http://www.topografix.com/GPX/1/1 http://www.topografix.com/GPX/1/1/gpx.xsd http://www.cluetrust.com/XML/GPXDATA/1/0 http://www.cluetrust.com/Schemas/gpxdata10.xsd">
  <metadata>
    <name>2/3 (900) KÕKÕVA-26</name>
    <link href="https://ridewithgps.com/routes/56355687">
      <text>2/3 (900) KÕKÕVA-26</text>
    </link>
    <time>2026-07-27T16:45:36Z</time>
  </metadata>
  <wpt lat="58.99362349034328" lon="22.8038231747617">
    <name>Note that there is little difference between the 900 and 500 routes here. After this point, they follow the same route for 120 km.</name>
    <cmt>trailhead</cmt>
    <sym>Dot</sym>
    <type>info</type>
  </wpt>
  <wpt lat="58.693717549836485" lon="22.52246725978281">
    <name>Sõru port</name>
    <cmt>ferry</cmt>
    <desc>You can simply ride onto the ferry in the live queue - there's no need to book a ticket in advance, but you can.

Ferry schedule and tickets: veeteed.com
(Sõru - Triigi)</desc>
    <sym>Dot</sym>
    <type>transport</type>
  </wpt>
  <trk>
    <name>2/3 (900) KÕKÕVA-26</name>
    <trkseg>
      <trkpt lat="58.988669" lon="22.806915">
        <ele>23.7</ele>
      </trkpt>
      <trkpt lat="58.988693" lon="22.806888">
        <ele>22.4</ele>
      </trkpt>
      <trkpt lat="58.988679" lon="22.806885">
        <ele>22.4</ele>
      </trkpt>
      <trkpt lat="58.988665" lon="22.806883">
        <ele>22.5</ele>
      </trkpt>
      <trkpt lat="58.988631" lon="22.806876">
        <ele>22.7</ele>
      </trkpt>
      <trkpt lat="58.988237" lon="22.806802">
        <ele>24.7</ele>
      </trkpt>
      <trkpt lat="58.988155" lon="22.806802">
        <ele>25.3</ele>
      </trkpt>
      <trkpt lat="58.987979" lon="22.806566">
        <ele>26.7</ele>
      </trkpt>
      <trkpt lat="58.987937" lon="22.806339">
        <ele>27.5</ele>
      </trkpt>
      <trkpt lat="58.987981" lon="22.805869">
        <ele>28.0</ele>
      </trkpt>
      <trkpt lat="58.98803" lon="22.8054">
        <ele>28.1</ele>
      </trkpt>
      <trkpt lat="58.988185" lon="22.805502">
        <ele>27.2</ele>
      </trkpt>
      <trkpt lat="58.988185" lon="22.805502">
        <ele>27.2</ele>
      </trkpt>
      <trkpt lat="58.989343" lon="22.806226">
        <ele>21.2</ele>
      </trkpt>
      <trkpt lat="58.989445" lon="22.806276">
        <ele>21.1</ele>
      </trkpt>
      <trkpt lat="58.989495" lon="22.806391">
        <ele>20.8</ele>
      </trkpt>
      <trkpt lat="58.989565" lon="22.806302">
        <ele>21.1</ele>
      </trkpt>
      <trkpt lat="58.989584" lon="22.806334">
        <ele>21.0</ele>
      </trkpt>
      <trkpt lat="58.989511" lon="22.806512">
        <ele>20.4</ele>
      </trkpt>
      <trkpt lat="58.989538" lon="22.806541">
        <ele>20.4</ele>
      </trkpt>
      <trkpt lat="58.989704" lon="22.806336">
        <ele>21.0</ele>
      </trkpt>
      <trkpt lat="58.989895" lon="22.806288">
        <ele>21.3</ele>
      </trkpt>
      <trkpt lat="58.990047" lon="22.806315">
        <ele>21.3</ele>
      </trkpt>
      <trkpt lat="58.990136" lon="22.806446">
        <ele>21.0</ele>
      </trkpt>
      <trkpt lat="58.990235" lon="22.806421">
        <ele>21.3</ele>
      </trkpt>
      <trkpt lat="58.990263" lon="22.806522">
        <ele>21.0</ele>
      </trkpt>
      <trkpt lat="58.990289" lon="22.806622">
        <ele>20.8</ele>
      </trkpt>
      <trkpt lat="58.990338" lon="22.806598">
        <ele>21.0</ele>
      </trkpt>
      <trkpt lat="58.990413" lon="22.806444">
        <ele>21.5</ele>
      </trkpt>
      <trkpt lat="58.990454" lon="22.806442">
        <ele>21.6</ele>
      </trkpt>
      <trkpt lat="58.990502" lon="22.806536">
        <ele>21.5</ele>
      </trkpt>
      <trkpt lat="58.990537" lon="22.806668">
        <ele>21.3</ele>
      </trkpt>
      <trkpt lat="58.990563" lon="22.806681">
        <ele>21.4</ele>
      </trkpt>
      <trkpt lat="58.99069" lon="22.806582">
        <ele>21.8</ele>
      </trkpt>
      <trkpt lat="58.990993" lon="22.806572">
        <ele>21.5</ele>
      </trkpt>
      <trkpt lat="58.991091" lon="22.806593">
        <ele>21.2</ele>
      </trkpt>
      <trkpt lat="58.991192" lon="22.806682">
        <ele>20.7</ele>
      </trkpt>
      <trkpt lat="58.991383" lon="22.806636">
        <ele>20.1</ele>
      </trkpt>
      <trkpt lat="58.991508" lon="22.806668">
        <ele>19.6</ele>
      </trkpt>
      <trkpt lat="58.991599" lon="22.806646">
        <ele>19.3</ele>
      </trkpt>
      <trkpt lat="58.991905" lon="22.806472">
        <ele>18.7</ele>
      </trkpt>
      <trkpt lat="58.992042" lon="22.806286">
        <ele>18.6</ele>
      </trkpt>
      <trkpt lat="58.992189" lon="22.806088">
        <ele>18.4</ele>
      </trkpt>
      <trkpt lat="58.992326" lon="22.80611">
        <ele>18.1</ele>
      </trkpt>
      <trkpt lat="58.992496" lon="22.805869">
        <ele>18.0</ele>
      </trkpt>
      <trkpt lat="58.992617" lon="22.805649">
        <ele>17.5</ele>
      </trkpt>
      <trkpt lat="58.992643" lon="22.805446">
        <ele>17.7</ele>
      </trkpt>
      <trkpt lat="58.99284" lon="22.804941">
        <ele>17.4</ele>
      </trkpt>
      <trkpt lat="58.99292" lon="22.804952">
        <ele>17.0</ele>
      </trkpt>
      <trkpt lat="58.993039" lon="22.80509">
        <ele>16.2</ele>
      </trkpt>
      <trkpt lat="58.993352" lon="22.804265">
        <ele>15.8</ele>
      </trkpt>
      <trkpt lat="58.99335" lon="22.80427">
        <ele>15.8</ele>
      </trkpt>
      <trkpt lat="58.99343" lon="22.80384">
        <ele>16.2</ele>
      </trkpt>
      <trkpt lat="58.993623" lon="22.803823">
        <ele>15.9</ele>
      </trkpt>
      <trkpt lat="58.99366" lon="22.80382">
        <ele>15.8</ele>
      </trkpt>
      <trkpt lat="58.99424" lon="22.80362">
        <ele>15.2</ele>
      </trkpt>
      <trkpt lat="58.99452" lon="22.80358">
        <ele>15.0</ele>
      </trkpt>
      <trkpt lat="58.99465" lon="22.80352">
        <ele>15.0</ele>
      </trkpt>
      <trkpt lat="58.99474" lon="22.80352">
        <ele>14.9</ele>
      </trkpt>
      <trkpt lat="58.9948" lon="22.80356">
        <ele>14.7</ele>
      </trkpt>
      <trkpt lat="58.99486" lon="22.80364">
        <ele>14.4</ele>
      </trkpt>
      <trkpt lat="58.99509" lon="22.80424">
        <ele>12.7</ele>
      </trkpt>
      <trkpt lat="58.99514" lon="22.80435">
        <ele>12.5</ele>
      </trkpt>
      <trkpt lat="58.99522" lon="22.80446">
        <ele>12.3</ele>
      </trkpt>
      <trkpt lat="58.99535" lon="22.80462">
        <ele>12.2</ele>
      </trkpt>
      <trkpt lat="58.99547" lon="22.80486">
        <ele>12.2</ele>
      </trkpt>
      <trkpt lat="58.99552" lon="22.805">
        <ele>12.2</ele>
      </trkpt>
      <trkpt lat="58.99572" lon="22.80539">
        <ele>11.9</ele>
      </trkpt>
      <trkpt lat="58.99596" lon="22.80559">
        <ele>11.3</ele>
      </trkpt>
      <trkpt lat="58.99619" lon="22.80576">
        <ele>10.4</ele>
      </trkpt>
      <trkpt lat="58.99639" lon="22.80535">
        <ele>11.2</ele>
      </trkpt>
      <trkpt lat="58.99661" lon="22.80497">
        <ele>12.0</ele>
      </trkpt>
      <trkpt lat="58.99671" lon="22.80467">
        <ele>11.3</ele>
      </trkpt>
      <trkpt lat="58.99683" lon="22.8043">
        <ele>10.2</ele>
      </trkpt>
      <trkpt lat="58.99689" lon="22.80394">
        <ele>10.1</ele>
      </trkpt>
      <trkpt lat="58.99694" lon="22.80364">
        <ele>10.3</ele>
      </trkpt>
      <trkpt lat="58.99717" lon="22.80281">
        <ele>9.8</ele>
      </trkpt>
      <trkpt lat="58.99749" lon="22.80169">
        <ele>8.1</ele>
      </trkpt>
      <trkpt lat="58.99775" lon="22.80089">
        <ele>7.4</ele>
      </trkpt>
      <trkpt lat="58.99785" lon="22.80011">
        <ele>8.1</ele>
      </trkpt>
      <trkpt lat="58.99798" lon="22.79946">
        <ele>8.4</ele>
      </trkpt>
      <trkpt lat="58.9984" lon="22.79873">
        <ele>8.0</ele>
      </trkpt>
      <trkpt lat="58.99849" lon="22.79844">
        <ele>7.7</ele>
      </trkpt>
      <trkpt lat="58.99853" lon="22.79772">
        <ele>7.8</ele>
      </trkpt>
      <trkpt lat="58.99858" lon="22.79734">
        <ele>7.6</ele>
      </trkpt>
      <trkpt lat="58.99871" lon="22.79605">
        <ele>8.0</ele>
      </trkpt>
      <trkpt lat="58.99894" lon="22.79442">
        <ele>7.5</ele>
      </trkpt>
      <trkpt lat="58.99897" lon="22.79409">
        <ele>7.4</ele>
      </trkpt>
      <trkpt lat="58.99897" lon="22.79395">
        <ele>7.4</ele>
      </trkpt>
      <trkpt lat="58.99894" lon="22.79356">
        <ele>7.4</ele>
      </trkpt>
      <trkpt lat="58.99889" lon="22.79282">
        <ele>7.5</ele>
      </trkpt>
      <trkpt lat="58.998885" lon="22.792822">
        <ele>7.5</ele>
      </trkpt>
      <trkpt lat="58.99886" lon="22.79249">
        <ele>7.5</ele>
      </trkpt>
      <trkpt lat="58.99881" lon="22.79208">
        <ele>7.5</ele>
      </trkpt>
      <trkpt lat="58.99863" lon="22.79096">
        <ele>6.5</ele>
      </trkpt>
      <trkpt lat="58.99845" lon="22.78984">
        <ele>5.8</ele>
      </trkpt>
      <trkpt lat="58.99843" lon="22.78949">
        <ele>5.8</ele>
      </trkpt>
      <trkpt lat="58.99848" lon="22.78912">
        <ele>5.6</ele>
      </trkpt>
      <trkpt lat="58.99858" lon="22.78867">
        <ele>5.4</ele>
      </trkpt>
      <trkpt lat="58.99878" lon="22.78758">
        <ele>4.0</ele>
      </trkpt>
      <trkpt lat="58.99906" lon="22.78638">
        <ele>3.9</ele>
      </trkpt>
      <trkpt lat="58.99923" lon="22.78551">
        <ele>5.1</ele>
      </trkpt>
      <trkpt lat="58.99938" lon="22.78438">
        <ele>7.1</ele>
      </trkpt>
      <trkpt lat="58.99958" lon="22.78331">
        <ele>7.6</ele>
      </trkpt>
      <trkpt lat="59.0" lon="22.78231">
        <ele>6.5</ele>
      </trkpt>
      <trkpt lat="59.00037" lon="22.7813">
        <ele>7.5</ele>
      </trkpt>
      <trkpt lat="59.00073" lon="22.7803">
        <ele>8.6</ele>
      </trkpt>
      <trkpt lat="59.00104" lon="22.77936">
        <ele>7.4</ele>
      </trkpt>
      <trkpt lat="59.00133" lon="22.77818">
        <ele>6.2</ele>
      </trkpt>
      <trkpt lat="59.00162" lon="22.777">
        <ele>6.1</ele>
      </trkpt>
      <trkpt lat="59.00185" lon="22.77614">
        <ele>7.7</ele>
      </trkpt>
      <trkpt lat="59.00208" lon="22.77529">
        <ele>8.8</ele>
      </trkpt>
      <trkpt lat="59.00244" lon="22.77374">
        <ele>10.5</ele>
      </trkpt>
      <trkpt lat="59.00255" lon="22.77308">
        <ele>11.1</ele>
      </trkpt>
      <trkpt lat="59.00268" lon="22.772">
        <ele>12.2</ele>
      </trkpt>
      <trkpt lat="59.00282" lon="22.77092">
        <ele>11.5</ele>
      </trkpt>
      <trkpt lat="59.00306" lon="22.76944">
        <ele>11.2</ele>
      </trkpt>
      <trkpt lat="59.00317" lon="22.76802">
        <ele>10.9</ele>
      </trkpt>
      <trkpt lat="59.00328" lon="22.7666">
        <ele>10.5</ele>
      </trkpt>
      <trkpt lat="59.00352" lon="22.76542">
        <ele>9.3</ele>
      </trkpt>
      <trkpt lat="59.00376" lon="22.76438">
        <ele>8.2</ele>
      </trkpt>
      <trkpt lat="59.00399" lon="22.76334">
        <ele>8.6</ele>
      </trkpt>
      <trkpt lat="59.00425" lon="22.76254">
        <ele>8.3</ele>
      </trkpt>
      <trkpt lat="59.00451" lon="22.76175">
        <ele>8.2</ele>
      </trkpt>
      <trkpt lat="59.00492" lon="22.76079">
        <ele>7.4</ele>
      </trkpt>
      <trkpt lat="59.00534" lon="22.75993">
        <ele>6.5</ele>
      </trkpt>
      <trkpt lat="59.00539" lon="22.75976">
        <ele>6.4</ele>
      </trkpt>
      <trkpt lat="59.00544" lon="22.75955">
        <ele>6.4</ele>
      </trkpt>
      <trkpt lat="59.00564" lon="22.75848">
        <ele>6.1</ele>
      </trkpt>
      <trkpt lat="59.00584" lon="22.75741">
        <ele>6.0</ele>
      </trkpt>
      <trkpt lat="59.00584" lon="22.75741">
        <ele>6.0</ele>
      </trkpt>
      <trkpt lat="59.00608" lon="22.75618">
        <ele>5.0</ele>
      </trkpt>
      <trkpt lat="59.00609" lon="22.75601">
        <ele>5.2</ele>
      </trkpt>
      <trkpt lat="59.00608" lon="22.75589">
        <ele>5.4</ele>
      </trkpt>
      <trkpt lat="59.00603" lon="22.75572">
        <ele>5.9</ele>
      </trkpt>
      <trkpt lat="59.00599" lon="22.75567">
        <ele>6.1</ele>
      </trkpt>
      <trkpt lat="59.00577" lon="22.75548">
        <ele>7.2</ele>
      </trkpt>
      <trkpt lat="59.00591" lon="22.755">
        <ele>6.7</ele>
      </trkpt>
      <trkpt lat="59.00596" lon="22.75479">
        <ele>6.6</ele>
      </trkpt>
      <trkpt lat="59.00599" lon="22.75454">
        <ele>6.5</ele>
      </trkpt>
      <trkpt lat="59.00608" lon="22.7535">
        <ele>6.4</ele>
      </trkpt>
      <trkpt lat="59.00613" lon="22.7532">
        <ele>6.3</ele>
      </trkpt>
      <trkpt lat="59.00595" lon="22.75302">
        <ele>6.8</ele>
      </trkpt>
      <trkpt lat="59.00527" lon="22.75214">
        <ele>7.7</ele>
      </trkpt>
      <trkpt lat="59.0046" lon="22.75127">
        <ele>9.2</ele>
      </trkpt>
      <trkpt lat="59.00393" lon="22.7504">
        <ele>10.7</ele>
      </trkpt>
      <trkpt lat="59.00345" lon="22.74984">
        <ele>10.2</ele>
      </trkpt>
      <trkpt lat="59.00286" lon="22.749">
        <ele>10.0</ele>
      </trkpt>
      <trkpt lat="59.00219" lon="22.74813">
        <ele>10.1</ele>
      </trkpt>
      <trkpt lat="59.00209" lon="22.74799">
        <ele>10.1</ele>
      </trkpt>
      <trkpt lat="59.00189" lon="22.74768">
        <ele>9.8</ele>
      </trkpt>
      <trkpt lat="59.00178" lon="22.74753">
        <ele>9.6</ele>
      </trkpt>
      <trkpt lat="59.0017" lon="22.74741">
        <ele>9.5</ele>
      </trkpt>
      <trkpt lat="59.00118" lon="22.74673">
        <ele>8.8</ele>
      </trkpt>
      <trkpt lat="59.00081" lon="22.74649">
        <ele>8.0</ele>
      </trkpt>
      <trkpt lat="59.00062" lon="22.74643">
        <ele>7.9</ele>
      </trkpt>
      <trkpt lat="59.0002" lon="22.74639">
        <ele>7.7</ele>
      </trkpt>
      <trkpt lat="58.99973" lon="22.74636">
        <ele>7.5</ele>
      </trkpt>
      <trkpt lat="58.99926" lon="22.74632">
        <ele>7.4</ele>
      </trkpt>
      <trkpt lat="58.99868" lon="22.7464">
        <ele>8.5</ele>
      </trkpt>
      <trkpt lat="58.99858" lon="22.74643">
        <ele>8.7</ele>
      </trkpt>
      <trkpt lat="58.99848" lon="22.74646">
        <ele>8.9</ele>
      </trkpt>
      <trkpt lat="58.99848" lon="22.74635">
        <ele>9.0</ele>
      </trkpt>
      <trkpt lat="58.998472" lon="22.746307">
        <ele>9.1</ele>
      </trkpt>
      <trkpt lat="58.99847" lon="22.74627">
        <ele>9.1</ele>
      </trkpt>
      <trkpt lat="58.99849" lon="22.74617">
        <ele>9.2</ele>
      </trkpt>
      <trkpt lat="58.99889" lon="22.74571">
        <ele>8.8</ele>
      </trkpt>
      <trkpt lat="58.99929" lon="22.74525">
        <ele>8.4</ele>
      </trkpt>
      <trkpt lat="58.99931" lon="22.74507">
        <ele>8.6</ele>
      </trkpt>
      <trkpt lat="58.99936" lon="22.74482">
        <ele>8.4</ele>
      </trkpt>
      <trkpt lat="58.9995" lon="22.74418">
        <ele>8.0</ele>
      </trkpt>
      <trkpt lat="58.99956" lon="22.74379">
        <ele>8.0</ele>
      </trkpt>
      <trkpt lat="58.99963" lon="22.74368">
        <ele>8.1</ele>
      </trkpt>
      <trkpt lat="58.99992" lon="22.74339">
        <ele>8.8</ele>
      </trkpt>
      <trkpt lat="59.00018" lon="22.74304">
        <ele>8.6</ele>
      </trkpt>
      <trkpt lat="58.99964" lon="22.74236">
        <ele>7.9</ele>
      </trkpt>
      <trkpt lat="58.99931" lon="22.74194">
        <ele>7.9</ele>
      </trkpt>
      <trkpt lat="58.99894" lon="22.74146">
        <ele>8.0</ele>
      </trkpt>
      <trkpt lat="58.99869" lon="22.74117">
        <ele>8.0</ele>
      </trkpt>
      <trkpt lat="58.99803" lon="22.74031">
        <ele>8.4</ele>
      </trkpt>
      <trkpt lat="58.99737" lon="22.73945">
        <ele>8.9</ele>
      </trkpt>
      <trkpt lat="58.99672" lon="22.73859">
        <ele>9.0</ele>
      </trkpt>
      <trkpt lat="58.9961" lon="22.7378">
        <ele>9.2</ele>
      </trkpt>
      <trkpt lat="58.99549" lon="22.73701">
        <ele>9.4</ele>
      </trkpt>
      <trkpt lat="58.99475" lon="22.73602">
        <ele>10.0</ele>
      </trkpt>
      <trkpt lat="58.99413" lon="22.73525">
        <ele>10.0</ele>
      </trkpt>
      <trkpt lat="58.99352" lon="22.73447">
        <ele>10.0</ele>
      </trkpt>
      <trkpt lat="58.99282" lon="22.73355">
        <ele>10.6</ele>
      </trkpt>
      <trkpt lat="58.99212" lon="22.73263">
        <ele>11.5</ele>
      </trkpt>
      <trkpt lat="58.99151" lon="22.73184">
        <ele>11.4</ele>
      </trkpt>
      <trkpt lat="58.99089" lon="22.73106">
        <ele>12.9</ele>
      </trkpt>
      <trkpt lat="58.99028" lon="22.73027">
        <ele>13.9</ele>
      </trkpt>
      <trkpt lat="58.98986" lon="22.72965">
        <ele>13.6</ele>
      </trkpt>
      <trkpt lat="58.98944" lon="22.72902">
        <ele>14.6</ele>
      </trkpt>
      <trkpt lat="58.9887" lon="22.72805">
        <ele>16.9</ele>
      </trkpt>
      <trkpt lat="58.98797" lon="22.72708">
        <ele>17.9</ele>
      </trkpt>
      <trkpt lat="58.98723" lon="22.72611">
        <ele>19.9</ele>
      </trkpt>
      <trkpt lat="58.9865" lon="22.72514">
        <ele>18.9</ele>
      </trkpt>
      <trkpt lat="58.98576" lon="22.72417">
        <ele>18.8</ele>
      </trkpt>
      <trkpt lat="58.98503" lon="22.72321">
        <ele>17.0</ele>
      </trkpt>
      <trkpt lat="58.98518" lon="22.72208">
        <ele>16.9</ele>
      </trkpt>
      <trkpt lat="58.98533" lon="22.72095">
        <ele>16.7</ele>
      </trkpt>
      <trkpt lat="58.98558" lon="22.71961">
        <ele>17.0</ele>
      </trkpt>
      <trkpt lat="58.98575" lon="22.7188">
        <ele>16.4</ele>
      </trkpt>
      <trkpt lat="58.98563" lon="22.71852">
        <ele>15.9</ele>
      </trkpt>
      <trkpt lat="58.98538" lon="22.71807">
        <ele>15.6</ele>
      </trkpt>
      <trkpt lat="58.98533" lon="22.71784">
        <ele>15.8</ele>
      </trkpt>
      <trkpt lat="58.98527" lon="22.71658">
        <ele>16.8</ele>
      </trkpt>
      <trkpt lat="58.98522" lon="22.71582">
        <ele>17.7</ele>
      </trkpt>
      <trkpt lat="58.98508" lon="22.71426">
        <ele>18.8</ele>
      </trkpt>
      <trkpt lat="58.98495" lon="22.71271">
        <ele>19.3</ele>
      </trkpt>
      <trkpt lat="58.98482" lon="22.71116">
        <ele>19.8</ele>
      </trkpt>
      <trkpt lat="58.98468" lon="22.70961">
        <ele>20.8</ele>
      </trkpt>
      <trkpt lat="58.98461" lon="22.70917">
        <ele>20.5</ele>
      </trkpt>
      <trkpt lat="58.98452" lon="22.70902">
        <ele>20.4</ele>
      </trkpt>
      <trkpt lat="58.9844" lon="22.70888">
        <ele>20.3</ele>
      </trkpt>
      <trkpt lat="58.98383" lon="22.70816">
        <ele>20.4</ele>
      </trkpt>
      <trkpt lat="58.98326" lon="22.70744">
        <ele>20.0</ele>
      </trkpt>
      <trkpt lat="58.9827" lon="22.70672">
        <ele>20.0</ele>
      </trkpt>
      <trkpt lat="58.98213" lon="22.70601">
        <ele>19.7</ele>
      </trkpt>
      <trkpt lat="58.98208" lon="22.70581">
        <ele>19.5</ele>
      </trkpt>
      <trkpt lat="58.98208" lon="22.70562">
        <ele>19.2</ele>
      </trkpt>
      <trkpt lat="58.98236" lon="22.70471">
        <ele>17.5</ele>
      </trkpt>
      <trkpt lat="58.98252" lon="22.70402">
        <ele>15.9</ele>
      </trkpt>
      <trkpt lat="58.98262" lon="22.70356">
        <ele>15.7</ele>
      </trkpt>
      <trkpt lat="58.98262" lon="22.70356">
        <ele>15.7</ele>
      </trkpt>
      <trkpt lat="58.98262" lon="22.70356">
        <ele>15.7</ele>
      </trkpt>
      <trkpt lat="58.9828" lon="22.70269">
        <ele>15.6</ele>
      </trkpt>
      <trkpt lat="58.98315" lon="22.70148">
        <ele>16.7</ele>
      </trkpt>
      <trkpt lat="58.9835" lon="22.70027">
        <ele>16.4</ele>
      </trkpt>
      <trkpt lat="58.98377" lon="22.69897">
        <ele>16.9</ele>
      </trkpt>
      <trkpt lat="58.98398" lon="22.69823">
        <ele>17.7</ele>
      </trkpt>
      <trkpt lat="58.98438" lon="22.69712">
        <ele>20.0</ele>
      </trkpt>
      <trkpt lat="58.98478" lon="22.69601">
        <ele>21.8</ele>
      </trkpt>
      <trkpt lat="58.98483" lon="22.69571">
        <ele>21.8</ele>
      </trkpt>
      <trkpt lat="58.98484" lon="22.69552">
        <ele>21.9</ele>
      </trkpt>
      <trkpt lat="58.98479" lon="22.69508">
        <ele>22.0</ele>
      </trkpt>
      <trkpt lat="58.98452" lon="22.6937">
        <ele>19.4</ele>
      </trkpt>
      <trkpt lat="58.98425" lon="22.69231">
        <ele>21.6</ele>
      </trkpt>
      <trkpt lat="58.98397" lon="22.69093">
        <ele>22.7</ele>
      </trkpt>
      <trkpt lat="58.98394" lon="22.69064">
        <ele>22.7</ele>
      </trkpt>
      <trkpt lat="58.98396" lon="22.69043">
        <ele>22.8</ele>
      </trkpt>
      <trkpt lat="58.98408" lon="22.69021">
        <ele>22.9</ele>
      </trkpt>
      <trkpt lat="58.98454" lon="22.68964">
        <ele>23.0</ele>
      </trkpt>
      <trkpt lat="58.98483" lon="22.68907">
        <ele>22.8</ele>
      </trkpt>
      <trkpt lat="58.98502" lon="22.68858">
        <ele>23.0</ele>
      </trkpt>
      <trkpt lat="58.98519" lon="22.68805">
        <ele>23.0</ele>
      </trkpt>
      <trkpt lat="58.9854" lon="22.6876">
        <ele>23.0</ele>
      </trkpt>
      <trkpt lat="58.98565" lon="22.68709">
        <ele>23.6</ele>
      </trkpt>
      <trkpt lat="58.9858" lon="22.68669">
        <ele>23.9</ele>
      </trkpt>
      <trkpt lat="58.98601" lon="22.68583">
        <ele>23.2</ele>
      </trkpt>
      <trkpt lat="58.98622" lon="22.68498">
        <ele>23.5</ele>
      </trkpt>
      <trkpt lat="58.98653" lon="22.68363">
        <ele>23.7</ele>
      </trkpt>
      <trkpt lat="58.98679" lon="22.68282">
        <ele>23.8</ele>
      </trkpt>
      <trkpt lat="58.98705" lon="22.68201">
        <ele>22.8</ele>
      </trkpt>
      <trkpt lat="58.98718" lon="22.6817">
        <ele>22.2</ele>
      </trkpt>
      <trkpt lat="58.98756" lon="22.68064">
        <ele>17.2</ele>
      </trkpt>
      <trkpt lat="58.98793" lon="22.67982">
        <ele>16.2</ele>
      </trkpt>
      <trkpt lat="58.98846" lon="22.67882">
        <ele>20.4</ele>
      </trkpt>
      <trkpt lat="58.98894" lon="22.67773">
        <ele>24.1</ele>
      </trkpt>
      <trkpt lat="58.9893" lon="22.67706">
        <ele>25.3</ele>
      </trkpt>
      <trkpt lat="58.98967" lon="22.6764">
        <ele>25.9</ele>
      </trkpt>
      <trkpt lat="58.99005" lon="22.67577">
        <ele>25.6</ele>
      </trkpt>
      <trkpt lat="58.99023" lon="22.67513">
        <ele>23.5</ele>
      </trkpt>
      <trkpt lat="58.99054" lon="22.67434">
        <ele>21.1</ele>
      </trkpt>
      <trkpt lat="58.99074" lon="22.67386">
        <ele>20.3</ele>
      </trkpt>
      <trkpt lat="58.99053" lon="22.67279">
        <ele>19.6</ele>
      </trkpt>
      <trkpt lat="58.99032" lon="22.67172">
        <ele>17.8</ele>
      </trkpt>
      <trkpt lat="58.99032" lon="22.67172">
        <ele>18.8</ele>
      </trkpt>
      <trkpt lat="58.99014" lon="22.67081">
        <ele>18.3</ele>
      </trkpt>
      <trkpt lat="58.98984" lon="22.66928">
        <ele>17.6</ele>
      </trkpt>
      <trkpt lat="58.98954" lon="22.66775">
        <ele>17.3</ele>
      </trkpt>
      <trkpt lat="58.98924" lon="22.66622">
        <ele>16.6</ele>
      </trkpt>
      <trkpt lat="58.98894" lon="22.66469">
        <ele>17.7</ele>
      </trkpt>
      <trkpt lat="58.98864" lon="22.66317">
        <ele>18.9</ele>
      </trkpt>
      <trkpt lat="58.98834" lon="22.66164">
        <ele>21.0</ele>
      </trkpt>
      <trkpt lat="58.98834" lon="22.66164">
        <ele>21.0</ele>
      </trkpt>
      <trkpt lat="58.98811" lon="22.66041">
        <ele>19.8</ele>
      </trkpt>
      <trkpt lat="58.98787" lon="22.65919">
        <ele>21.0</ele>
      </trkpt>
      <trkpt lat="58.98764" lon="22.65796">
        <ele>21.7</ele>
      </trkpt>
      <trkpt lat="58.98734" lon="22.65646">
        <ele>23.2</ele>
      </trkpt>
      <trkpt lat="58.98705" lon="22.65496">
        <ele>24.5</ele>
      </trkpt>
      <trkpt lat="58.98675" lon="22.65346">
        <ele>25.2</ele>
      </trkpt>
      <trkpt lat="58.98645" lon="22.65196">
        <ele>26.3</ele>
      </trkpt>
      <trkpt lat="58.98616" lon="22.65047">
        <ele>26.1</ele>
      </trkpt>
      <trkpt lat="58.98586" lon="22.64897">
        <ele>26.3</ele>
      </trkpt>
      <trkpt lat="58.98551" lon="22.64925">
        <ele>26.8</ele>
      </trkpt>
      <trkpt lat="58.9849" lon="22.6497">
        <ele>28.7</ele>
      </trkpt>
      <trkpt lat="58.98428" lon="22.65016">
        <ele>29.0</ele>
      </trkpt>
      <trkpt lat="58.98354" lon="22.65069">
        <ele>29.0</ele>
      </trkpt>
      <trkpt lat="58.98281" lon="22.65123">
        <ele>29.5</ele>
      </trkpt>
      <trkpt lat="58.98208" lon="22.65177">
        <ele>29.0</ele>
      </trkpt>
      <trkpt lat="58.98135" lon="22.65231">
        <ele>28.3</ele>
      </trkpt>
      <trkpt lat="58.98057" lon="22.65288">
        <ele>29.3</ele>
      </trkpt>
      <trkpt lat="58.9798" lon="22.65346">
        <ele>28.8</ele>
      </trkpt>
      <trkpt lat="58.97902" lon="22.65404">
        <ele>28.1</ele>
      </trkpt>
      <trkpt lat="58.97825" lon="22.65462">
        <ele>29.3</ele>
      </trkpt>
      <trkpt lat="58.97747" lon="22.6552">
        <ele>26.9</ele>
      </trkpt>
      <trkpt lat="58.977368" lon="22.655262">
        <ele>26.5</ele>
      </trkpt>
      <trkpt lat="58.977108" lon="22.655431">
        <ele>25.6</ele>
      </trkpt>
      <trkpt lat="58.977089" lon="22.656082">
        <ele>25.4</ele>
      </trkpt>
      <trkpt lat="58.977047" lon="22.656822">
        <ele>24.9</ele>
      </trkpt>
      <trkpt lat="58.977028" lon="22.657444">
        <ele>24.9</ele>
      </trkpt>
      <trkpt lat="58.97718" lon="22.657711">
        <ele>25.2</ele>
      </trkpt>
      <trkpt lat="58.977329" lon="22.658185">
        <ele>25.1</ele>
      </trkpt>
      <trkpt lat="58.977303" lon="22.658718">
        <ele>25.0</ele>
      </trkpt>
      <trkpt lat="58.9771" lon="22.659229">
        <ele>25.0</ele>
      </trkpt>
      <trkpt lat="58.976969" lon="22.659525">
        <ele>24.8</ele>
      </trkpt>
      <trkpt lat="58.976916" lon="22.659799">
        <ele>24.8</ele>
      </trkpt>
      <trkpt lat="58.976817" lon="22.660058">
        <ele>24.8</ele>
      </trkpt>
      <trkpt lat="58.976683" lon="22.66031">
        <ele>25.0</ele>
      </trkpt>
      <trkpt lat="58.976595" lon="22.660643">
        <ele>24.9</ele>
      </trkpt>
      <trkpt lat="58.976402" lon="22.661005">
        <ele>24.7</ele>
      </trkpt>
      <trkpt lat="58.976284" lon="22.661368">
        <ele>24.5</ele>
      </trkpt>
      <trkpt lat="58.97615" lon="22.661767">
        <ele>24.4</ele>
      </trkpt>
      <trkpt lat="58.975894" lon="22.662201">
        <ele>24.1</ele>
      </trkpt>
      <trkpt lat="58.975806" lon="22.662497">
        <ele>24.0</ele>
      </trkpt>
      <trkpt lat="58.975627" lon="22.662882">
        <ele>24.2</ele>
      </trkpt>
      <trkpt lat="58.975359" lon="22.663519">
        <ele>24.6</ele>
      </trkpt>
      <trkpt lat="58.975207" lon="22.663963">
        <ele>24.8</ele>
      </trkpt>
      <trkpt lat="58.975069" lon="22.664645">
        <ele>25.0</ele>
      </trkpt>
      <trkpt lat="58.974843" lon="22.665014">
        <ele>25.2</ele>
      </trkpt>
      <trkpt lat="58.974671" lon="22.665547">
        <ele>25.4</ele>
      </trkpt>
      <trkpt lat="58.974568" lon="22.665955">
        <ele>25.5</ele>
      </trkpt>
      <trkpt lat="58.974648" lon="22.666606">
        <ele>25.3</ele>
      </trkpt>
      <trkpt lat="58.974755" lon="22.667006">
        <ele>24.9</ele>
      </trkpt>
      <trkpt lat="58.974912" lon="22.666902">
        <ele>24.3</ele>
      </trkpt>
      <trkpt lat="58.974984" lon="22.666791">
        <ele>24.1</ele>
      </trkpt>
      <trkpt lat="58.975188" lon="22.666826">
        <ele>24.0</ele>
      </trkpt>
      <trkpt lat="58.975581" lon="22.666174">
        <ele>24.6</ele>
      </trkpt>
      <trkpt lat="58.975768" lon="22.666041">
        <ele>24.8</ele>
      </trkpt>
      <trkpt lat="58.976085" lon="22.666203">
        <ele>24.1</ele>
      </trkpt>
      <trkpt lat="58.976312" lon="22.666846">
        <ele>23.4</ele>
      </trkpt>
      <trkpt lat="58.976301" lon="22.667587">
        <ele>23.4</ele>
      </trkpt>
      <trkpt lat="58.976026" lon="22.668186">
        <ele>23.1</ele>
      </trkpt>
      <trkpt lat="58.975839" lon="22.668601">
        <ele>23.0</ele>
      </trkpt>
      <trkpt lat="58.975774" lon="22.669082">
        <ele>23.1</ele>
      </trkpt>
      <trkpt lat="58.975767" lon="22.66949">
        <ele>23.1</ele>
      </trkpt>
      <trkpt lat="58.975767" lon="22.66949">
        <ele>23.1</ele>
      </trkpt>
      <trkpt lat="58.97461" lon="22.67044">
        <ele>24.7</ele>
      </trkpt>
      <trkpt lat="58.97414" lon="22.67077">
        <ele>25.0</ele>
      </trkpt>
      <trkpt lat="58.97367" lon="22.6711">
        <ele>24.7</ele>
      </trkpt>
      <trkpt lat="58.97333" lon="22.67136">
        <ele>24.4</ele>
      </trkpt>
      <trkpt lat="58.97308" lon="22.67158">
        <ele>24.4</ele>
      </trkpt>
      <trkpt lat="58.97287" lon="22.67168">
        <ele>24.6</ele>
      </trkpt>
      <trkpt lat="58.97235" lon="22.67213">
        <ele>25.0</ele>
      </trkpt>
      <trkpt lat="58.97179" lon="22.67252">
        <ele>25.0</ele>
      </trkpt>
      <trkpt lat="58.9711" lon="22.67305">
        <ele>25.2</ele>
      </trkpt>
      <trkpt lat="58.9704" lon="22.67358">
        <ele>25.3</ele>
      </trkpt>
      <trkpt lat="58.97023" lon="22.67368">
        <ele>25.2</ele>
      </trkpt>
      <trkpt lat="58.96941" lon="22.67425">
        <ele>23.7</ele>
      </trkpt>
      <trkpt lat="58.96877" lon="22.67473">
        <ele>23.7</ele>
      </trkpt>
      <trkpt lat="58.96812" lon="22.67522">
        <ele>24.0</ele>
      </trkpt>
      <trkpt lat="58.96748" lon="22.6757">
        <ele>24.0</ele>
      </trkpt>
      <trkpt lat="58.96684" lon="22.67619">
        <ele>24.0</ele>
      </trkpt>
      <trkpt lat="58.96658" lon="22.67642">
        <ele>23.9</ele>
      </trkpt>
      <trkpt lat="58.96649" lon="22.67646">
        <ele>23.7</ele>
      </trkpt>
      <trkpt lat="58.96581" lon="22.67692">
        <ele>23.0</ele>
      </trkpt>
      <trkpt lat="58.96605" lon="22.67817">
        <ele>23.9</ele>
      </trkpt>
      <trkpt lat="58.96629" lon="22.67941">
        <ele>25.0</ele>
      </trkpt>
      <trkpt lat="58.96654" lon="22.68066">
        <ele>26.8</ele>
      </trkpt>
      <trkpt lat="58.96678" lon="22.6819">
        <ele>27.1</ele>
      </trkpt>
      <trkpt lat="58.9671" lon="22.68351">
        <ele>25.9</ele>
      </trkpt>
      <trkpt lat="58.96743" lon="22.68512">
        <ele>24.1</ele>
      </trkpt>
      <trkpt lat="58.96775" lon="22.68674">
        <ele>23.4</ele>
      </trkpt>
      <trkpt lat="58.96808" lon="22.68835">
        <ele>23.6</ele>
      </trkpt>
      <trkpt lat="58.96807" lon="22.68854">
        <ele>23.4</ele>
      </trkpt>
      <trkpt lat="58.96797" lon="22.68904">
        <ele>23.0</ele>
      </trkpt>
      <trkpt lat="58.96774" lon="22.68977">
        <ele>22.7</ele>
      </trkpt>
      <trkpt lat="58.96774" lon="22.68977">
        <ele>22.7</ele>
      </trkpt>
      <trkpt lat="58.96735" lon="22.69099">
        <ele>23.1</ele>
      </trkpt>
      <trkpt lat="58.96719" lon="22.6914">
        <ele>23.1</ele>
      </trkpt>
      <trkpt lat="58.9669" lon="22.69176">
        <ele>23.0</ele>
      </trkpt>
      <trkpt lat="58.96648" lon="22.69291">
        <ele>22.7</ele>
      </trkpt>
      <trkpt lat="58.96619" lon="22.69381">
        <ele>22.6</ele>
      </trkpt>
      <trkpt lat="58.96591" lon="22.69471">
        <ele>22.3</ele>
      </trkpt>
      <trkpt lat="58.96571" lon="22.69523">
        <ele>21.9</ele>
      </trkpt>
      <trkpt lat="58.96549" lon="22.69623">
        <ele>21.3</ele>
      </trkpt>
      <trkpt lat="58.96513" lon="22.69725">
        <ele>21.7</ele>
      </trkpt>
      <trkpt lat="58.96478" lon="22.69838">
        <ele>21.8</ele>
      </trkpt>
      <trkpt lat="58.96443" lon="22.69951">
        <ele>22.6</ele>
      </trkpt>
      <trkpt lat="58.96409" lon="22.70022">
        <ele>22.9</ele>
      </trkpt>
      <trkpt lat="58.96395" lon="22.70075">
        <ele>22.6</ele>
      </trkpt>
      <trkpt lat="58.96371" lon="22.70155">
        <ele>21.8</ele>
      </trkpt>
      <trkpt lat="58.96355" lon="22.70192">
        <ele>22.2</ele>
      </trkpt>
      <trkpt lat="58.96347" lon="22.70201">
        <ele>22.5</ele>
      </trkpt>
      <trkpt lat="58.96335" lon="22.70198">
        <ele>22.9</ele>
      </trkpt>
      <trkpt lat="58.96325" lon="22.70202">
        <ele>23.1</ele>
      </trkpt>
      <trkpt lat="58.96316" lon="22.70211">
        <ele>23.2</ele>
      </trkpt>
      <trkpt lat="58.9629" lon="22.70285">
        <ele>23.1</ele>
      </trkpt>
      <trkpt lat="58.96264" lon="22.70358">
        <ele>22.8</ele>
      </trkpt>
      <trkpt lat="58.96219" lon="22.70499">
        <ele>23.6</ele>
      </trkpt>
      <trkpt lat="58.96205" lon="22.70533">
        <ele>23.3</ele>
      </trkpt>
      <trkpt lat="58.96193" lon="22.70589">
        <ele>23.0</ele>
      </trkpt>
      <trkpt lat="58.96178" lon="22.7064">
        <ele>23.5</ele>
      </trkpt>
      <trkpt lat="58.96168" lon="22.70684">
        <ele>24.2</ele>
      </trkpt>
      <trkpt lat="58.96162" lon="22.70702">
        <ele>24.4</ele>
      </trkpt>
      <trkpt lat="58.9612" lon="22.70787">
        <ele>25.1</ele>
      </trkpt>
      <trkpt lat="58.96104" lon="22.70804">
        <ele>25.4</ele>
      </trkpt>
      <trkpt lat="58.96092" lon="22.70807">
        <ele>25.4</ele>
      </trkpt>
      <trkpt lat="58.96082" lon="22.70825">
        <ele>25.8</ele>
      </trkpt>
      <trkpt lat="58.96069" lon="22.70837">
        <ele>25.5</ele>
      </trkpt>
      <trkpt lat="58.96042" lon="22.70883">
        <ele>24.8</ele>
      </trkpt>
      <trkpt lat="58.9603" lon="22.70892">
        <ele>24.5</ele>
      </trkpt>
      <trkpt lat="58.96" lon="22.70901">
        <ele>23.8</ele>
      </trkpt>
      <trkpt lat="58.9596" lon="22.70971">
        <ele>24.8</ele>
      </trkpt>
      <trkpt lat="58.95952" lon="22.70992">
        <ele>25.2</ele>
      </trkpt>
      <trkpt lat="58.95941" lon="22.71008">
        <ele>25.4</ele>
      </trkpt>
      <trkpt lat="58.95929" lon="22.71015">
        <ele>25.3</ele>
      </trkpt>
      <trkpt lat="58.95924" lon="22.71021">
        <ele>25.3</ele>
      </trkpt>
      <trkpt lat="58.95912" lon="22.71047">
        <ele>25.4</ele>
      </trkpt>
      <trkpt lat="58.95891" lon="22.71069">
        <ele>24.9</ele>
      </trkpt>
      <trkpt lat="58.95888" lon="22.71076">
        <ele>24.9</ele>
      </trkpt>
      <trkpt lat="58.95875" lon="22.71127">
        <ele>25.3</ele>
      </trkpt>
      <trkpt lat="58.95848" lon="22.71158">
        <ele>25.2</ele>
      </trkpt>
      <trkpt lat="58.95784" lon="22.71256">
        <ele>23.9</ele>
      </trkpt>
      <trkpt lat="58.9575" lon="22.71294">
        <ele>23.5</ele>
      </trkpt>
      <trkpt lat="58.95724" lon="22.7133">
        <ele>23.0</ele>
      </trkpt>
      <trkpt lat="58.95684" lon="22.71393">
        <ele>21.6</ele>
      </trkpt>
      <trkpt lat="58.95659" lon="22.71437">
        <ele>21.1</ele>
      </trkpt>
      <trkpt lat="58.9565" lon="22.7146">
        <ele>21.2</ele>
      </trkpt>
      <trkpt lat="58.95612" lon="22.71526">
        <ele>20.7</ele>
      </trkpt>
      <trkpt lat="58.95566" lon="22.71588">
        <ele>20.0</ele>
      </trkpt>
      <trkpt lat="58.95541" lon="22.71601">
        <ele>20.0</ele>
      </trkpt>
      <trkpt lat="58.95503" lon="22.71644">
        <ele>20.0</ele>
      </trkpt>
      <trkpt lat="58.95459" lon="22.71702">
        <ele>20.0</ele>
      </trkpt>
      <trkpt lat="58.95415" lon="22.7176">
        <ele>20.0</ele>
      </trkpt>
      <trkpt lat="58.95396" lon="22.71768">
        <ele>20.1</ele>
      </trkpt>
      <trkpt lat="58.95389" lon="22.71773">
        <ele>20.1</ele>
      </trkpt>
      <trkpt lat="58.95341" lon="22.71851">
        <ele>20.9</ele>
      </trkpt>
      <trkpt lat="58.95328" lon="22.71883">
        <ele>20.9</ele>
      </trkpt>
      <trkpt lat="58.95308" lon="22.71916">
        <ele>20.4</ele>
      </trkpt>
      <trkpt lat="58.95267" lon="22.7196">
        <ele>19.7</ele>
      </trkpt>
      <trkpt lat="58.95267" lon="22.7196">
        <ele>19.7</ele>
      </trkpt>
      <trkpt lat="58.9521" lon="22.72022">
        <ele>20.0</ele>
      </trkpt>
      <trkpt lat="58.95199" lon="22.72042">
        <ele>20.0</ele>
      </trkpt>
      <trkpt lat="58.95173" lon="22.72066">
        <ele>20.0</ele>
      </trkpt>
      <trkpt lat="58.95144" lon="22.72108">
        <ele>20.5</ele>
      </trkpt>
      <trkpt lat="58.95092" lon="22.72175">
        <ele>21.0</ele>
      </trkpt>
      <trkpt lat="58.95054" lon="22.72245">
        <ele>20.6</ele>
      </trkpt>
      <trkpt lat="58.95023" lon="22.72308">
        <ele>21.0</ele>
      </trkpt>
      <trkpt lat="58.94997" lon="22.72377">
        <ele>21.5</ele>
      </trkpt>
      <trkpt lat="58.94962" lon="22.72438">
        <ele>21.8</ele>
      </trkpt>
      <trkpt lat="58.94948" lon="22.72469">
        <ele>22.0</ele>
      </trkpt>
      <trkpt lat="58.94919" lon="22.72568">
        <ele>23.6</ele>
      </trkpt>
      <trkpt lat="58.948969" lon="22.726287">
        <ele>24.7</ele>
      </trkpt>
      <trkpt lat="58.948713" lon="22.727053">
        <ele>25.5</ele>
      </trkpt>
      <trkpt lat="58.948521" lon="22.72784">
        <ele>27.4</ele>
      </trkpt>
      <trkpt lat="58.948405" lon="22.728556">
        <ele>29.1</ele>
      </trkpt>
      <trkpt lat="58.948188" lon="22.729509">
        <ele>29.0</ele>
      </trkpt>
      <trkpt lat="58.947907" lon="22.730355">
        <ele>28.7</ele>
      </trkpt>
      <trkpt lat="58.94799" lon="22.730711">
        <ele>27.3</ele>
      </trkpt>
      <trkpt lat="58.947645" lon="22.731338">
        <ele>25.8</ele>
      </trkpt>
      <trkpt lat="58.947319" lon="22.73177">
        <ele>24.9</ele>
      </trkpt>
      <trkpt lat="58.947197" lon="22.731847">
        <ele>24.9</ele>
      </trkpt>
      <trkpt lat="58.9472" lon="22.73184">
        <ele>24.9</ele>
      </trkpt>
      <trkpt lat="58.94701" lon="22.73147">
        <ele>25.7</ele>
      </trkpt>
      <trkpt lat="58.94697" lon="22.73121">
        <ele>26.6</ele>
      </trkpt>
      <trkpt lat="58.94696" lon="22.7311">
        <ele>27.0</ele>
      </trkpt>
      <trkpt lat="58.94658" lon="22.73007">
        <ele>29.5</ele>
      </trkpt>
      <trkpt lat="58.94618" lon="22.72875">
        <ele>30.0</ele>
      </trkpt>
      <trkpt lat="58.94578" lon="22.72743">
        <ele>29.9</ele>
      </trkpt>
      <trkpt lat="58.94537" lon="22.7262">
        <ele>29.0</ele>
      </trkpt>
      <trkpt lat="58.94497" lon="22.72497">
        <ele>29.0</ele>
      </trkpt>
      <trkpt lat="58.94456" lon="22.72374">
        <ele>29.7</ele>
      </trkpt>
      <trkpt lat="58.94415" lon="22.72252">
        <ele>30.9</ele>
      </trkpt>
      <trkpt lat="58.94375" lon="22.72129">
        <ele>30.8</ele>
      </trkpt>
      <trkpt lat="58.94331" lon="22.71983">
        <ele>30.0</ele>
      </trkpt>
      <trkpt lat="58.94296" lon="22.71877">
        <ele>28.9</ele>
      </trkpt>
      <trkpt lat="58.94258" lon="22.71775">
        <ele>26.5</ele>
      </trkpt>
      <trkpt lat="58.94245" lon="22.71748">
        <ele>25.9</ele>
      </trkpt>
      <trkpt lat="58.94221" lon="22.71724">
        <ele>25.1</ele>
      </trkpt>
      <trkpt lat="58.942206" lon="22.717243">
        <ele>25.1</ele>
      </trkpt>
      <trkpt lat="58.94172" lon="22.71677">
        <ele>24.1</ele>
      </trkpt>
      <trkpt lat="58.94098" lon="22.71607">
        <ele>21.6</ele>
      </trkpt>
      <trkpt lat="58.94025" lon="22.71536">
        <ele>21.4</ele>
      </trkpt>
      <trkpt lat="58.93952" lon="22.71465">
        <ele>22.8</ele>
      </trkpt>
      <trkpt lat="58.93879" lon="22.71395">
        <ele>24.8</ele>
      </trkpt>
      <trkpt lat="58.93806" lon="22.71324">
        <ele>26.1</ele>
      </trkpt>
      <trkpt lat="58.93732" lon="22.71254">
        <ele>24.5</ele>
      </trkpt>
      <trkpt lat="58.93659" lon="22.71183">
        <ele>23.3</ele>
      </trkpt>
      <trkpt lat="58.93643" lon="22.71181">
        <ele>23.9</ele>
      </trkpt>
      <trkpt lat="58.93591" lon="22.71229">
        <ele>25.7</ele>
      </trkpt>
      <trkpt lat="58.93575" lon="22.71234">
        <ele>26.1</ele>
      </trkpt>
      <trkpt lat="58.93516" lon="22.71202">
        <ele>27.3</ele>
      </trkpt>
      <trkpt lat="58.93458" lon="22.71171">
        <ele>29.4</ele>
      </trkpt>
      <trkpt lat="58.93433" lon="22.71157">
        <ele>30.4</ele>
      </trkpt>
      <trkpt lat="58.93396" lon="22.71117">
        <ele>31.5</ele>
      </trkpt>
      <trkpt lat="58.93328" lon="22.71013">
        <ele>32.9</ele>
      </trkpt>
      <trkpt lat="58.93288" lon="22.70983">
        <ele>31.9</ele>
      </trkpt>
      <trkpt lat="58.93252" lon="22.70967">
        <ele>31.2</ele>
      </trkpt>
      <trkpt lat="58.93238" lon="22.70952">
        <ele>30.7</ele>
      </trkpt>
      <trkpt lat="58.93213" lon="22.70903">
        <ele>29.9</ele>
      </trkpt>
      <trkpt lat="58.9319" lon="22.70868">
        <ele>29.8</ele>
      </trkpt>
      <trkpt lat="58.93139" lon="22.70806">
        <ele>27.4</ele>
      </trkpt>
      <trkpt lat="58.93056" lon="22.70812">
        <ele>25.2</ele>
      </trkpt>
      <trkpt lat="58.92969" lon="22.70772">
        <ele>28.1</ele>
      </trkpt>
      <trkpt lat="58.92882" lon="22.70732">
        <ele>32.6</ele>
      </trkpt>
      <trkpt lat="58.92795" lon="22.70691">
        <ele>34.2</ele>
      </trkpt>
      <trkpt lat="58.92714" lon="22.70661">
        <ele>34.5</ele>
      </trkpt>
      <trkpt lat="58.9266" lon="22.70655">
        <ele>35.0</ele>
      </trkpt>
      <trkpt lat="58.92602" lon="22.70671">
        <ele>35.0</ele>
      </trkpt>
      <trkpt lat="58.92558" lon="22.70672">
        <ele>35.0</ele>
      </trkpt>
      <trkpt lat="58.92499" lon="22.70662">
        <ele>34.9</ele>
      </trkpt>
      <trkpt lat="58.92441" lon="22.70667">
        <ele>33.6</ele>
      </trkpt>
      <trkpt lat="58.92416" lon="22.70686">
        <ele>33.0</ele>
      </trkpt>
      <trkpt lat="58.92409" lon="22.70695">
        <ele>33.0</ele>
      </trkpt>
      <trkpt lat="58.92405" lon="22.7068">
        <ele>33.0</ele>
      </trkpt>
      <trkpt lat="58.92359" lon="22.70665">
        <ele>33.0</ele>
      </trkpt>
      <trkpt lat="58.92315" lon="22.70635">
        <ele>32.5</ele>
      </trkpt>
      <trkpt lat="58.9226" lon="22.70624">
        <ele>32.0</ele>
      </trkpt>
      <trkpt lat="58.92205" lon="22.70614">
        <ele>33.4</ele>
      </trkpt>
      <trkpt lat="58.92158" lon="22.70596">
        <ele>34.5</ele>
      </trkpt>
      <trkpt lat="58.92111" lon="22.70578">
        <ele>35.3</ele>
      </trkpt>
      <trkpt lat="58.92049" lon="22.70536">
        <ele>36.8</ele>
      </trkpt>
      <trkpt lat="58.91987" lon="22.70501">
        <ele>38.0</ele>
      </trkpt>
      <trkpt lat="58.91926" lon="22.70466">
        <ele>37.9</ele>
      </trkpt>
      <trkpt lat="58.91877" lon="22.70445">
        <ele>39.0</ele>
      </trkpt>
      <trkpt lat="58.91828" lon="22.70423">
        <ele>39.9</ele>
      </trkpt>
      <trkpt lat="58.91772" lon="22.70397">
        <ele>39.3</ele>
      </trkpt>
      <trkpt lat="58.91716" lon="22.7037">
        <ele>39.4</ele>
      </trkpt>
      <trkpt lat="58.91641" lon="22.70352">
        <ele>38.8</ele>
      </trkpt>
      <trkpt lat="58.91566" lon="22.70333">
        <ele>36.2</ele>
      </trkpt>
      <trkpt lat="58.91548" lon="22.70322">
        <ele>36.4</ele>
      </trkpt>
      <trkpt lat="58.91515" lon="22.70295">
        <ele>36.8</ele>
      </trkpt>
      <trkpt lat="58.91453" lon="22.70261">
        <ele>38.1</ele>
      </trkpt>
      <trkpt lat="58.91398" lon="22.70217">
        <ele>38.8</ele>
      </trkpt>
      <trkpt lat="58.91373" lon="22.70194">
        <ele>38.5</ele>
      </trkpt>
      <trkpt lat="58.9135" lon="22.70163">
        <ele>38.1</ele>
      </trkpt>
      <trkpt lat="58.91336" lon="22.70135">
        <ele>37.6</ele>
      </trkpt>
      <trkpt lat="58.91328" lon="22.70114">
        <ele>37.4</ele>
      </trkpt>
      <trkpt lat="58.91312" lon="22.70086">
        <ele>37.3</ele>
      </trkpt>
      <trkpt lat="58.91287" lon="22.70062">
        <ele>37.6</ele>
      </trkpt>
      <trkpt lat="58.91267" lon="22.70039">
        <ele>37.8</ele>
      </trkpt>
      <trkpt lat="58.91253" lon="22.69996">
        <ele>37.8</ele>
      </trkpt>
      <trkpt lat="58.91211" lon="22.69938">
        <ele>36.7</ele>
      </trkpt>
      <trkpt lat="58.91167" lon="22.69884">
        <ele>35.8</ele>
      </trkpt>
      <trkpt lat="58.91136" lon="22.69834">
        <ele>32.9</ele>
      </trkpt>
      <trkpt lat="58.91132" lon="22.6982">
        <ele>32.4</ele>
      </trkpt>
      <trkpt lat="58.91131" lon="22.69808">
        <ele>32.1</ele>
      </trkpt>
      <trkpt lat="58.91132" lon="22.69785">
        <ele>31.6</ele>
      </trkpt>
      <trkpt lat="58.91146" lon="22.69663">
        <ele>29.5</ele>
      </trkpt>
      <trkpt lat="58.91145" lon="22.69613">
        <ele>29.2</ele>
      </trkpt>
      <trkpt lat="58.91138" lon="22.69548">
        <ele>29.0</ele>
      </trkpt>
      <trkpt lat="58.91122" lon="22.69478">
        <ele>28.7</ele>
      </trkpt>
      <trkpt lat="58.91108" lon="22.6944">
        <ele>28.0</ele>
      </trkpt>
      <trkpt lat="58.91087" lon="22.694">
        <ele>26.9</ele>
      </trkpt>
      <trkpt lat="58.91065" lon="22.69381">
        <ele>27.0</ele>
      </trkpt>
      <trkpt lat="58.91009" lon="22.69354">
        <ele>28.0</ele>
      </trkpt>
      <trkpt lat="58.90954" lon="22.69326">
        <ele>27.6</ele>
      </trkpt>
      <trkpt lat="58.90922" lon="22.69316">
        <ele>27.5</ele>
      </trkpt>
      <trkpt lat="58.90908" lon="22.69315">
        <ele>27.7</ele>
      </trkpt>
      <trkpt lat="58.90894" lon="22.69305">
        <ele>28.4</ele>
      </trkpt>
      <trkpt lat="58.90874" lon="22.69276">
        <ele>29.6</ele>
      </trkpt>
      <trkpt lat="58.90857" lon="22.69257">
        <ele>30.3</ele>
      </trkpt>
      <trkpt lat="58.9083" lon="22.69233">
        <ele>30.9</ele>
      </trkpt>
      <trkpt lat="58.90813" lon="22.69194">
        <ele>30.2</ele>
      </trkpt>
      <trkpt lat="58.90806" lon="22.69172">
        <ele>29.7</ele>
      </trkpt>
      <trkpt lat="58.90789" lon="22.69094">
        <ele>31.5</ele>
      </trkpt>
      <trkpt lat="58.90772" lon="22.68987">
        <ele>33.8</ele>
      </trkpt>
      <trkpt lat="58.90769" lon="22.68883">
        <ele>32.6</ele>
      </trkpt>
      <trkpt lat="58.90766" lon="22.68779">
        <ele>30.2</ele>
      </trkpt>
      <trkpt lat="58.9077" lon="22.68756">
        <ele>29.2</ele>
      </trkpt>
      <trkpt lat="58.9077" lon="22.68725">
        <ele>28.3</ele>
      </trkpt>
      <trkpt lat="58.90756" lon="22.68655">
        <ele>26.5</ele>
      </trkpt>
      <trkpt lat="58.90741" lon="22.68593">
        <ele>28.3</ele>
      </trkpt>
      <trkpt lat="58.90733" lon="22.68549">
        <ele>29.6</ele>
      </trkpt>
      <trkpt lat="58.90735" lon="22.68494">
        <ele>30.4</ele>
      </trkpt>
      <trkpt lat="58.90733" lon="22.68444">
        <ele>30.9</ele>
      </trkpt>
      <trkpt lat="58.90729" lon="22.68413">
        <ele>31.3</ele>
      </trkpt>
      <trkpt lat="58.90724" lon="22.68387">
        <ele>31.6</ele>
      </trkpt>
      <trkpt lat="58.90711" lon="22.68349">
        <ele>31.9</ele>
      </trkpt>
      <trkpt lat="58.90682" lon="22.68288">
        <ele>32.1</ele>
      </trkpt>
      <trkpt lat="58.90636" lon="22.68259">
        <ele>32.8</ele>
      </trkpt>
      <trkpt lat="58.90636" lon="22.6826">
        <ele>32.8</ele>
      </trkpt>
      <trkpt lat="58.90617" lon="22.68247">
        <ele>33.2</ele>
      </trkpt>
      <trkpt lat="58.90593" lon="22.68215">
        <ele>33.4</ele>
      </trkpt>
      <trkpt lat="58.90587" lon="22.68196">
        <ele>33.3</ele>
      </trkpt>
      <trkpt lat="58.90584" lon="22.68176">
        <ele>33.1</ele>
      </trkpt>
      <trkpt lat="58.90571" lon="22.68147">
        <ele>32.2</ele>
      </trkpt>
      <trkpt lat="58.9056" lon="22.68109">
        <ele>31.0</ele>
      </trkpt>
      <trkpt lat="58.90541" lon="22.68051">
        <ele>29.9</ele>
      </trkpt>
      <trkpt lat="58.90537" lon="22.68033">
        <ele>29.7</ele>
      </trkpt>
      <trkpt lat="58.90525" lon="22.68004">
        <ele>29.5</ele>
      </trkpt>
      <trkpt lat="58.90473" lon="22.67929">
        <ele>29.0</ele>
      </trkpt>
      <trkpt lat="58.90451" lon="22.67905">
        <ele>28.2</ele>
      </trkpt>
      <trkpt lat="58.904413" lon="22.678972">
        <ele>27.9</ele>
      </trkpt>
      <trkpt lat="58.90441" lon="22.67897">
        <ele>27.9</ele>
      </trkpt>
      <trkpt lat="58.90436" lon="22.67893">
        <ele>27.7</ele>
      </trkpt>
      <trkpt lat="58.90402" lon="22.6787">
        <ele>27.0</ele>
      </trkpt>
      <trkpt lat="58.90389" lon="22.67869">
        <ele>27.0</ele>
      </trkpt>
      <trkpt lat="58.903837" lon="22.678718">
        <ele>27.0</ele>
      </trkpt>
      <trkpt lat="58.903781" lon="22.678611">
        <ele>27.0</ele>
      </trkpt>
      <trkpt lat="58.903784" lon="22.678453">
        <ele>27.0</ele>
      </trkpt>
      <trkpt lat="58.90379" lon="22.67839">
        <ele>27.0</ele>
      </trkpt>
      <trkpt lat="58.90378" lon="22.67811">
        <ele>26.9</ele>
      </trkpt>
      <trkpt lat="58.9037" lon="22.67717">
        <ele>26.4</ele>
      </trkpt>
      <trkpt lat="58.90362" lon="22.67665">
        <ele>26.3</ele>
      </trkpt>
      <trkpt lat="58.90344" lon="22.67561">
        <ele>26.9</ele>
      </trkpt>
      <trkpt lat="58.90323" lon="22.67451">
        <ele>27.2</ele>
      </trkpt>
      <trkpt lat="58.90302" lon="22.6734">
        <ele>28.1</ele>
      </trkpt>
      <trkpt lat="58.90295" lon="22.67286">
        <ele>29.3</ele>
      </trkpt>
      <trkpt lat="58.90289" lon="22.67212">
        <ele>30.5</ele>
      </trkpt>
      <trkpt lat="58.9028" lon="22.67166">
        <ele>31.0</ele>
      </trkpt>
      <trkpt lat="58.90248" lon="22.67092">
        <ele>34.4</ele>
      </trkpt>
      <trkpt lat="58.9022" lon="22.67003">
        <ele>35.4</ele>
      </trkpt>
      <trkpt lat="58.90206" lon="22.6696">
        <ele>35.5</ele>
      </trkpt>
      <trkpt lat="58.90188" lon="22.6692">
        <ele>35.9</ele>
      </trkpt>
      <trkpt lat="58.90178" lon="22.66903">
        <ele>36.1</ele>
      </trkpt>
      <trkpt lat="58.90162" lon="22.6688">
        <ele>36.7</ele>
      </trkpt>
      <trkpt lat="58.9015" lon="22.6687">
        <ele>37.1</ele>
      </trkpt>
      <trkpt lat="58.90108" lon="22.66837">
        <ele>38.8</ele>
      </trkpt>
      <trkpt lat="58.90089" lon="22.66825">
        <ele>38.8</ele>
      </trkpt>
      <trkpt lat="58.90064" lon="22.668">
        <ele>37.6</ele>
      </trkpt>
      <trkpt lat="58.90048" lon="22.66775">
        <ele>37.3</ele>
      </trkpt>
      <trkpt lat="58.90024" lon="22.66727">
        <ele>38.2</ele>
      </trkpt>
      <trkpt lat="58.89978" lon="22.66616">
        <ele>36.9</ele>
      </trkpt>
      <trkpt lat="58.89932" lon="22.66506">
        <ele>32.2</ele>
      </trkpt>
      <trkpt lat="58.89918" lon="22.66478">
        <ele>31.5</ele>
      </trkpt>
      <trkpt lat="58.89887" lon="22.6643">
        <ele>29.9</ele>
      </trkpt>
      <trkpt lat="58.89861" lon="22.66412">
        <ele>29.3</ele>
      </trkpt>
      <trkpt lat="58.89846" lon="22.66399">
        <ele>29.1</ele>
      </trkpt>
      <trkpt lat="58.89829" lon="22.6637">
        <ele>29.1</ele>
      </trkpt>
      <trkpt lat="58.89789" lon="22.66316">
        <ele>30.3</ele>
      </trkpt>
      <trkpt lat="58.89762" lon="22.66291">
        <ele>31.0</ele>
      </trkpt>
      <trkpt lat="58.89742" lon="22.66276">
        <ele>31.1</ele>
      </trkpt>
      <trkpt lat="58.89717" lon="22.66262">
        <ele>30.3</ele>
      </trkpt>
      <trkpt lat="58.89705" lon="22.66254">
        <ele>29.9</ele>
      </trkpt>
      <trkpt lat="58.89674" lon="22.66216">
        <ele>29.1</ele>
      </trkpt>
      <trkpt lat="58.89624" lon="22.66163">
        <ele>27.9</ele>
      </trkpt>
      <trkpt lat="58.89609" lon="22.66153">
        <ele>27.4</ele>
      </trkpt>
      <trkpt lat="58.89598" lon="22.66155">
        <ele>27.2</ele>
      </trkpt>
      <trkpt lat="58.89583" lon="22.66142">
        <ele>26.7</ele>
      </trkpt>
      <trkpt lat="58.89562" lon="22.66116">
        <ele>25.9</ele>
      </trkpt>
      <trkpt lat="58.89521" lon="22.66059">
        <ele>24.4</ele>
      </trkpt>
      <trkpt lat="58.89499" lon="22.66033">
        <ele>24.0</ele>
      </trkpt>
      <trkpt lat="58.89476" lon="22.66019">
        <ele>24.5</ele>
      </trkpt>
      <trkpt lat="58.89466" lon="22.66018">
        <ele>24.7</ele>
      </trkpt>
      <trkpt lat="58.89454" lon="22.66024">
        <ele>24.9</ele>
      </trkpt>
      <trkpt lat="58.89438" lon="22.66044">
        <ele>25.1</ele>
      </trkpt>
      <trkpt lat="58.89414" lon="22.6606">
        <ele>25.4</ele>
      </trkpt>
      <trkpt lat="58.89394" lon="22.66071">
        <ele>26.4</ele>
      </trkpt>
      <trkpt lat="58.89382" lon="22.6608">
        <ele>27.1</ele>
      </trkpt>
      <trkpt lat="58.89375" lon="22.66089">
        <ele>27.5</ele>
      </trkpt>
      <trkpt lat="58.89332" lon="22.66129">
        <ele>31.2</ele>
      </trkpt>
      <trkpt lat="58.8926" lon="22.66216">
        <ele>37.7</ele>
      </trkpt>
      <trkpt lat="58.89211" lon="22.66249">
        <ele>37.5</ele>
      </trkpt>
      <trkpt lat="58.89166" lon="22.6626">
        <ele>37.6</ele>
      </trkpt>
      <trkpt lat="58.89114" lon="22.66254">
        <ele>36.6</ele>
      </trkpt>
      <trkpt lat="58.89072" lon="22.66247">
        <ele>36.0</ele>
      </trkpt>
      <trkpt lat="58.89018" lon="22.6626">
        <ele>34.7</ele>
      </trkpt>
      <trkpt lat="58.88979" lon="22.66278">
        <ele>33.8</ele>
      </trkpt>
      <trkpt lat="58.88924" lon="22.66282">
        <ele>34.2</ele>
      </trkpt>
      <trkpt lat="58.88868" lon="22.66286">
        <ele>33.8</ele>
      </trkpt>
      <trkpt lat="58.88828" lon="22.66302">
        <ele>33.4</ele>
      </trkpt>
      <trkpt lat="58.88816" lon="22.66294">
        <ele>33.7</ele>
      </trkpt>
      <trkpt lat="58.88793" lon="22.66246">
        <ele>34.5</ele>
      </trkpt>
      <trkpt lat="58.88774" lon="22.662">
        <ele>34.7</ele>
      </trkpt>
      <trkpt lat="58.88761" lon="22.66176">
        <ele>34.9</ele>
      </trkpt>
      <trkpt lat="58.88755" lon="22.66164">
        <ele>35.0</ele>
      </trkpt>
      <trkpt lat="58.88744" lon="22.66131">
        <ele>35.1</ele>
      </trkpt>
      <trkpt lat="58.88735" lon="22.66115">
        <ele>34.8</ele>
      </trkpt>
      <trkpt lat="58.88732" lon="22.66047">
        <ele>34.9</ele>
      </trkpt>
      <trkpt lat="58.88725" lon="22.65966">
        <ele>35.0</ele>
      </trkpt>
      <trkpt lat="58.88707" lon="22.65854">
        <ele>35.3</ele>
      </trkpt>
      <trkpt lat="58.88685" lon="22.65758">
        <ele>35.4</ele>
      </trkpt>
      <trkpt lat="58.88663" lon="22.65662">
        <ele>35.8</ele>
      </trkpt>
      <trkpt lat="58.88636" lon="22.65501">
        <ele>34.9</ele>
      </trkpt>
      <trkpt lat="58.88608" lon="22.65341">
        <ele>34.2</ele>
      </trkpt>
      <trkpt lat="58.88582" lon="22.65268">
        <ele>34.5</ele>
      </trkpt>
      <trkpt lat="58.88561" lon="22.65171">
        <ele>35.0</ele>
      </trkpt>
      <trkpt lat="58.8854" lon="22.65074">
        <ele>35.5</ele>
      </trkpt>
      <trkpt lat="58.88509" lon="22.6494">
        <ele>35.0</ele>
      </trkpt>
      <trkpt lat="58.88479" lon="22.64807">
        <ele>35.5</ele>
      </trkpt>
      <trkpt lat="58.88448" lon="22.64673">
        <ele>35.8</ele>
      </trkpt>
      <trkpt lat="58.88444" lon="22.6465">
        <ele>35.4</ele>
      </trkpt>
      <trkpt lat="58.88438" lon="22.64574">
        <ele>34.0</ele>
      </trkpt>
      <trkpt lat="58.88436" lon="22.64506">
        <ele>33.5</ele>
      </trkpt>
      <trkpt lat="58.88427" lon="22.64441">
        <ele>31.7</ele>
      </trkpt>
      <trkpt lat="58.88416" lon="22.64344">
        <ele>29.2</ele>
      </trkpt>
      <trkpt lat="58.88415" lon="22.64253">
        <ele>28.1</ele>
      </trkpt>
      <trkpt lat="58.88411" lon="22.64139">
        <ele>29.0</ele>
      </trkpt>
      <trkpt lat="58.88409" lon="22.64073">
        <ele>31.0</ele>
      </trkpt>
      <trkpt lat="58.88404" lon="22.6397">
        <ele>31.7</ele>
      </trkpt>
      <trkpt lat="58.88405" lon="22.63915">
        <ele>30.6</ele>
      </trkpt>
      <trkpt lat="58.88419" lon="22.63789">
        <ele>30.5</ele>
      </trkpt>
      <trkpt lat="58.88433" lon="22.63662">
        <ele>30.6</ele>
      </trkpt>
      <trkpt lat="58.88442" lon="22.63608">
        <ele>30.7</ele>
      </trkpt>
      <trkpt lat="58.88482" lon="22.63521">
        <ele>29.0</ele>
      </trkpt>
      <trkpt lat="58.88538" lon="22.63418">
        <ele>28.5</ele>
      </trkpt>
      <trkpt lat="58.88595" lon="22.63316">
        <ele>28.3</ele>
      </trkpt>
      <trkpt lat="58.88651" lon="22.63213">
        <ele>27.8</ele>
      </trkpt>
      <trkpt lat="58.88708" lon="22.6311">
        <ele>26.9</ele>
      </trkpt>
      <trkpt lat="58.88764" lon="22.63007">
        <ele>25.2</ele>
      </trkpt>
      <trkpt lat="58.88821" lon="22.62904">
        <ele>28.3</ele>
      </trkpt>
      <trkpt lat="58.88877" lon="22.62802">
        <ele>32.2</ele>
      </trkpt>
      <trkpt lat="58.88894" lon="22.62768">
        <ele>33.6</ele>
      </trkpt>
      <trkpt lat="58.88905" lon="22.62736">
        <ele>34.5</ele>
      </trkpt>
      <trkpt lat="58.88914" lon="22.62683">
        <ele>34.9</ele>
      </trkpt>
      <trkpt lat="58.88932" lon="22.62521">
        <ele>33.6</ele>
      </trkpt>
      <trkpt lat="58.88951" lon="22.62359">
        <ele>33.4</ele>
      </trkpt>
      <trkpt lat="58.88969" lon="22.62197">
        <ele>32.6</ele>
      </trkpt>
      <trkpt lat="58.88986" lon="22.62088">
        <ele>31.3</ele>
      </trkpt>
      <trkpt lat="58.89" lon="22.62031">
        <ele>30.4</ele>
      </trkpt>
      <trkpt lat="58.89005" lon="22.61943">
        <ele>30.1</ele>
      </trkpt>
      <trkpt lat="58.89009" lon="22.61856">
        <ele>30.1</ele>
      </trkpt>
      <trkpt lat="58.89017" lon="22.61732">
        <ele>29.2</ele>
      </trkpt>
      <trkpt lat="58.89025" lon="22.61607">
        <ele>30.1</ele>
      </trkpt>
      <trkpt lat="58.89029" lon="22.61519">
        <ele>30.5</ele>
      </trkpt>
      <trkpt lat="58.89044" lon="22.61355">
        <ele>33.5</ele>
      </trkpt>
      <trkpt lat="58.89058" lon="22.6119">
        <ele>34.8</ele>
      </trkpt>
      <trkpt lat="58.89053" lon="22.61102">
        <ele>35.5</ele>
      </trkpt>
      <trkpt lat="58.89054" lon="22.60981">
        <ele>35.4</ele>
      </trkpt>
      <trkpt lat="58.89047" lon="22.60919">
        <ele>34.3</ele>
      </trkpt>
      <trkpt lat="58.89052" lon="22.60823">
        <ele>33.6</ele>
      </trkpt>
      <trkpt lat="58.89057" lon="22.60726">
        <ele>33.1</ele>
      </trkpt>
      <trkpt lat="58.89054" lon="22.60698">
        <ele>32.9</ele>
      </trkpt>
      <trkpt lat="58.89041" lon="22.60658">
        <ele>32.1</ele>
      </trkpt>
      <trkpt lat="58.89002" lon="22.60551">
        <ele>31.9</ele>
      </trkpt>
      <trkpt lat="58.88964" lon="22.60444">
        <ele>30.3</ele>
      </trkpt>
      <trkpt lat="58.88925" lon="22.60337">
        <ele>28.5</ele>
      </trkpt>
      <trkpt lat="58.88884" lon="22.60227">
        <ele>30.6</ele>
      </trkpt>
      <trkpt lat="58.88843" lon="22.60117">
        <ele>31.6</ele>
      </trkpt>
      <trkpt lat="58.88792" lon="22.59976">
        <ele>31.5</ele>
      </trkpt>
      <trkpt lat="58.8875" lon="22.5987">
        <ele>34.0</ele>
      </trkpt>
      <trkpt lat="58.88708" lon="22.59765">
        <ele>36.3</ele>
      </trkpt>
      <trkpt lat="58.88666" lon="22.59659">
        <ele>37.0</ele>
      </trkpt>
      <trkpt lat="58.88625" lon="22.59554">
        <ele>34.0</ele>
      </trkpt>
      <trkpt lat="58.88574" lon="22.5942">
        <ele>32.0</ele>
      </trkpt>
      <trkpt lat="58.88524" lon="22.59287">
        <ele>32.1</ele>
      </trkpt>
      <trkpt lat="58.88473" lon="22.59154">
        <ele>32.9</ele>
      </trkpt>
      <trkpt lat="58.88423" lon="22.59021">
        <ele>36.8</ele>
      </trkpt>
      <trkpt lat="58.88381" lon="22.58898">
        <ele>35.5</ele>
      </trkpt>
      <trkpt lat="58.88339" lon="22.58776">
        <ele>32.9</ele>
      </trkpt>
      <trkpt lat="58.88296" lon="22.58654">
        <ele>33.0</ele>
      </trkpt>
      <trkpt lat="58.88254" lon="22.58531">
        <ele>31.5</ele>
      </trkpt>
      <trkpt lat="58.88222" lon="22.58458">
        <ele>30.8</ele>
      </trkpt>
      <trkpt lat="58.88191" lon="22.58385">
        <ele>29.0</ele>
      </trkpt>
      <trkpt lat="58.88156" lon="22.58325">
        <ele>27.6</ele>
      </trkpt>
      <trkpt lat="58.88185" lon="22.58253">
        <ele>25.2</ele>
      </trkpt>
      <trkpt lat="58.88213" lon="22.58182">
        <ele>25.1</ele>
      </trkpt>
      <trkpt lat="58.88249" lon="22.58081">
        <ele>24.9</ele>
      </trkpt>
      <trkpt lat="58.88285" lon="22.5798">
        <ele>25.1</ele>
      </trkpt>
      <trkpt lat="58.882855" lon="22.579808">
        <ele>25.1</ele>
      </trkpt>
      <trkpt lat="58.88305" lon="22.57927">
        <ele>24.3</ele>
      </trkpt>
      <trkpt lat="58.8835" lon="22.57787">
        <ele>23.3</ele>
      </trkpt>
      <trkpt lat="58.88396" lon="22.57647">
        <ele>23.8</ele>
      </trkpt>
      <trkpt lat="58.88441" lon="22.57507">
        <ele>24.5</ele>
      </trkpt>
      <trkpt lat="58.88487" lon="22.57367">
        <ele>24.8</ele>
      </trkpt>
      <trkpt lat="58.88532" lon="22.57227">
        <ele>25.1</ele>
      </trkpt>
      <trkpt lat="58.88578" lon="22.57087">
        <ele>26.7</ele>
      </trkpt>
      <trkpt lat="58.88623" lon="22.56947">
        <ele>28.2</ele>
      </trkpt>
      <trkpt lat="58.88665" lon="22.56881">
        <ele>30.0</ele>
      </trkpt>
      <trkpt lat="58.88707" lon="22.56815">
        <ele>31.3</ele>
      </trkpt>
      <trkpt lat="58.88768" lon="22.567">
        <ele>33.9</ele>
      </trkpt>
      <trkpt lat="58.88829" lon="22.56584">
        <ele>35.9</ele>
      </trkpt>
      <trkpt lat="58.8889" lon="22.56468">
        <ele>36.1</ele>
      </trkpt>
      <trkpt lat="58.8895" lon="22.56345">
        <ele>37.4</ele>
      </trkpt>
      <trkpt lat="58.89009" lon="22.56221">
        <ele>37.7</ele>
      </trkpt>
      <trkpt lat="58.89069" lon="22.56098">
        <ele>36.2</ele>
      </trkpt>
      <trkpt lat="58.8911" lon="22.55971">
        <ele>35.0</ele>
      </trkpt>
      <trkpt lat="58.8915" lon="22.55844">
        <ele>36.7</ele>
      </trkpt>
      <trkpt lat="58.89191" lon="22.55717">
        <ele>35.8</ele>
      </trkpt>
      <trkpt lat="58.89231" lon="22.5559">
        <ele>35.2</ele>
      </trkpt>
      <trkpt lat="58.89279" lon="22.55469">
        <ele>38.0</ele>
      </trkpt>
      <trkpt lat="58.89327" lon="22.55348">
        <ele>38.7</ele>
      </trkpt>
      <trkpt lat="58.89375" lon="22.55227">
        <ele>38.4</ele>
      </trkpt>
      <trkpt lat="58.89423" lon="22.55106">
        <ele>37.5</ele>
      </trkpt>
      <trkpt lat="58.8947" lon="22.54985">
        <ele>36.3</ele>
      </trkpt>
      <trkpt lat="58.89518" lon="22.54864">
        <ele>34.7</ele>
      </trkpt>
      <trkpt lat="58.89552" lon="22.54738">
        <ele>36.3</ele>
      </trkpt>
      <trkpt lat="58.89585" lon="22.54612">
        <ele>37.3</ele>
      </trkpt>
      <trkpt lat="58.89619" lon="22.54486">
        <ele>36.3</ele>
      </trkpt>
      <trkpt lat="58.89652" lon="22.5436">
        <ele>36.5</ele>
      </trkpt>
      <trkpt lat="58.89683" lon="22.54226">
        <ele>35.9</ele>
      </trkpt>
      <trkpt lat="58.89714" lon="22.54091">
        <ele>35.6</ele>
      </trkpt>
      <trkpt lat="58.89761" lon="22.53966">
        <ele>36.5</ele>
      </trkpt>
      <trkpt lat="58.89788" lon="22.53852">
        <ele>37.8</ele>
      </trkpt>
      <trkpt lat="58.89815" lon="22.53737">
        <ele>38.3</ele>
      </trkpt>
      <trkpt lat="58.89837" lon="22.53624">
        <ele>38.4</ele>
      </trkpt>
      <trkpt lat="58.89859" lon="22.53511">
        <ele>38.0</ele>
      </trkpt>
      <trkpt lat="58.89881" lon="22.53398">
        <ele>37.5</ele>
      </trkpt>
      <trkpt lat="58.89899" lon="22.53279">
        <ele>35.2</ele>
      </trkpt>
      <trkpt lat="58.89909" lon="22.53114">
        <ele>30.4</ele>
      </trkpt>
      <trkpt lat="58.89928" lon="22.52957">
        <ele>28.5</ele>
      </trkpt>
      <trkpt lat="58.89947" lon="22.52801">
        <ele>29.9</ele>
      </trkpt>
      <trkpt lat="58.89966" lon="22.52645">
        <ele>31.3</ele>
      </trkpt>
      <trkpt lat="58.89985" lon="22.52489">
        <ele>32.8</ele>
      </trkpt>
      <trkpt lat="58.89975" lon="22.52395">
        <ele>31.0</ele>
      </trkpt>
      <trkpt lat="58.89948" lon="22.52291">
        <ele>28.7</ele>
      </trkpt>
      <trkpt lat="58.89921" lon="22.52187">
        <ele>27.2</ele>
      </trkpt>
      <trkpt lat="58.89898" lon="22.5206">
        <ele>26.1</ele>
      </trkpt>
      <trkpt lat="58.89883" lon="22.51992">
        <ele>25.4</ele>
      </trkpt>
      <trkpt lat="58.89858" lon="22.5189">
        <ele>25.7</ele>
      </trkpt>
      <trkpt lat="58.89852" lon="22.51852">
        <ele>26.3</ele>
      </trkpt>
      <trkpt lat="58.89847" lon="22.51775">
        <ele>27.4</ele>
      </trkpt>
      <trkpt lat="58.89848" lon="22.51688">
        <ele>28.3</ele>
      </trkpt>
      <trkpt lat="58.89872" lon="22.51534">
        <ele>28.6</ele>
      </trkpt>
      <trkpt lat="58.89889" lon="22.51494">
        <ele>28.1</ele>
      </trkpt>
      <trkpt lat="58.89951" lon="22.51411">
        <ele>28.2</ele>
      </trkpt>
      <trkpt lat="58.90014" lon="22.51328">
        <ele>28.5</ele>
      </trkpt>
      <trkpt lat="58.90077" lon="22.51246">
        <ele>30.9</ele>
      </trkpt>
      <trkpt lat="58.90139" lon="22.51163">
        <ele>32.4</ele>
      </trkpt>
      <trkpt lat="58.90202" lon="22.5108">
        <ele>33.2</ele>
      </trkpt>
      <trkpt lat="58.90249" lon="22.51047">
        <ele>32.0</ele>
      </trkpt>
      <trkpt lat="58.90323" lon="22.51009">
        <ele>34.6</ele>
      </trkpt>
      <trkpt lat="58.90358" lon="22.50979">
        <ele>35.2</ele>
      </trkpt>
      <trkpt lat="58.90398" lon="22.50958">
        <ele>35.4</ele>
      </trkpt>
      <trkpt lat="58.90443" lon="22.50951">
        <ele>34.8</ele>
      </trkpt>
      <trkpt lat="58.90461" lon="22.50946">
        <ele>34.3</ele>
      </trkpt>
      <trkpt lat="58.90495" lon="22.50905">
        <ele>33.0</ele>
      </trkpt>
      <trkpt lat="58.90515" lon="22.50844">
        <ele>32.1</ele>
      </trkpt>
      <trkpt lat="58.90548" lon="22.50684">
        <ele>31.6</ele>
      </trkpt>
      <trkpt lat="58.90587" lon="22.50596">
        <ele>32.8</ele>
      </trkpt>
      <trkpt lat="58.90625" lon="22.50509">
        <ele>33.4</ele>
      </trkpt>
      <trkpt lat="58.90656" lon="22.50412">
        <ele>32.1</ele>
      </trkpt>
      <trkpt lat="58.90701" lon="22.5031">
        <ele>29.8</ele>
      </trkpt>
      <trkpt lat="58.90747" lon="22.50208">
        <ele>26.2</ele>
      </trkpt>
      <trkpt lat="58.90762" lon="22.50152">
        <ele>25.4</ele>
      </trkpt>
      <trkpt lat="58.90766" lon="22.50105">
        <ele>25.4</ele>
      </trkpt>
      <trkpt lat="58.90761" lon="22.49942">
        <ele>26.3</ele>
      </trkpt>
      <trkpt lat="58.90751" lon="22.49771">
        <ele>26.2</ele>
      </trkpt>
      <trkpt lat="58.90748" lon="22.49732">
        <ele>26.0</ele>
      </trkpt>
      <trkpt lat="58.90734" lon="22.49657">
        <ele>26.1</ele>
      </trkpt>
      <trkpt lat="58.90695" lon="22.49533">
        <ele>26.3</ele>
      </trkpt>
      <trkpt lat="58.90656" lon="22.4941">
        <ele>28.1</ele>
      </trkpt>
      <trkpt lat="58.90617" lon="22.49286">
        <ele>28.7</ele>
      </trkpt>
      <trkpt lat="58.90578" lon="22.49162">
        <ele>29.9</ele>
      </trkpt>
      <trkpt lat="58.90539" lon="22.49038">
        <ele>29.5</ele>
      </trkpt>
      <trkpt lat="58.905" lon="22.48914">
        <ele>30.0</ele>
      </trkpt>
      <trkpt lat="58.90477" lon="22.488">
        <ele>31.0</ele>
      </trkpt>
      <trkpt lat="58.9046" lon="22.48633">
        <ele>32.0</ele>
      </trkpt>
      <trkpt lat="58.90456" lon="22.48506">
        <ele>31.9</ele>
      </trkpt>
      <trkpt lat="58.90452" lon="22.48379">
        <ele>32.7</ele>
      </trkpt>
      <trkpt lat="58.90447" lon="22.48253">
        <ele>33.1</ele>
      </trkpt>
      <trkpt lat="58.9046" lon="22.48124">
        <ele>34.0</ele>
      </trkpt>
      <trkpt lat="58.90477" lon="22.48039">
        <ele>34.1</ele>
      </trkpt>
      <trkpt lat="58.90486" lon="22.47904">
        <ele>35.2</ele>
      </trkpt>
      <trkpt lat="58.90496" lon="22.47768">
        <ele>34.2</ele>
      </trkpt>
      <trkpt lat="58.90505" lon="22.47633">
        <ele>32.8</ele>
      </trkpt>
      <trkpt lat="58.90507" lon="22.47506">
        <ele>32.3</ele>
      </trkpt>
      <trkpt lat="58.90494" lon="22.4737">
        <ele>29.2</ele>
      </trkpt>
      <trkpt lat="58.90482" lon="22.47233">
        <ele>31.0</ele>
      </trkpt>
      <trkpt lat="58.9048" lon="22.47139">
        <ele>32.4</ele>
      </trkpt>
      <trkpt lat="58.90478" lon="22.47044">
        <ele>32.9</ele>
      </trkpt>
      <trkpt lat="58.90499" lon="22.46903">
        <ele>34.2</ele>
      </trkpt>
      <trkpt lat="58.9052" lon="22.46763">
        <ele>33.8</ele>
      </trkpt>
      <trkpt lat="58.90541" lon="22.46622">
        <ele>32.1</ele>
      </trkpt>
      <trkpt lat="58.90577" lon="22.46502">
        <ele>30.7</ele>
      </trkpt>
      <trkpt lat="58.90618" lon="22.46415">
        <ele>31.1</ele>
      </trkpt>
      <trkpt lat="58.90659" lon="22.46328">
        <ele>31.5</ele>
      </trkpt>
      <trkpt lat="58.907" lon="22.4624">
        <ele>31.4</ele>
      </trkpt>
      <trkpt lat="58.9076" lon="22.46115">
        <ele>32.2</ele>
      </trkpt>
      <trkpt lat="58.9082" lon="22.4599">
        <ele>32.2</ele>
      </trkpt>
      <trkpt lat="58.90841" lon="22.45937">
        <ele>30.6</ele>
      </trkpt>
      <trkpt lat="58.90869" lon="22.45854">
        <ele>29.0</ele>
      </trkpt>
      <trkpt lat="58.90898" lon="22.4577">
        <ele>29.1</ele>
      </trkpt>
      <trkpt lat="58.90932" lon="22.45633">
        <ele>27.9</ele>
      </trkpt>
      <trkpt lat="58.90959" lon="22.45506">
        <ele>27.5</ele>
      </trkpt>
      <trkpt lat="58.90985" lon="22.45379">
        <ele>24.9</ele>
      </trkpt>
      <trkpt lat="58.91015" lon="22.45233">
        <ele>24.9</ele>
      </trkpt>
      <trkpt lat="58.91045" lon="22.45086">
        <ele>26.0</ele>
      </trkpt>
      <trkpt lat="58.91075" lon="22.4494">
        <ele>26.5</ele>
      </trkpt>
      <trkpt lat="58.91105" lon="22.44793">
        <ele>25.8</ele>
      </trkpt>
      <trkpt lat="58.91135" lon="22.44647">
        <ele>27.1</ele>
      </trkpt>
      <trkpt lat="58.91165" lon="22.44501">
        <ele>28.0</ele>
      </trkpt>
      <trkpt lat="58.91178" lon="22.44363">
        <ele>27.1</ele>
      </trkpt>
      <trkpt lat="58.91177" lon="22.44231">
        <ele>26.2</ele>
      </trkpt>
      <trkpt lat="58.9117" lon="22.44093">
        <ele>27.8</ele>
      </trkpt>
      <trkpt lat="58.91163" lon="22.43954">
        <ele>30.1</ele>
      </trkpt>
      <trkpt lat="58.91155" lon="22.43815">
        <ele>31.8</ele>
      </trkpt>
      <trkpt lat="58.91148" lon="22.43676">
        <ele>31.6</ele>
      </trkpt>
      <trkpt lat="58.91137" lon="22.43579">
        <ele>31.4</ele>
      </trkpt>
      <trkpt lat="58.91127" lon="22.43483">
        <ele>31.4</ele>
      </trkpt>
      <trkpt lat="58.91101" lon="22.43334">
        <ele>32.6</ele>
      </trkpt>
      <trkpt lat="58.91074" lon="22.43184">
        <ele>34.1</ele>
      </trkpt>
      <trkpt lat="58.91047" lon="22.43035">
        <ele>34.6</ele>
      </trkpt>
      <trkpt lat="58.91019" lon="22.4293">
        <ele>33.6</ele>
      </trkpt>
      <trkpt lat="58.91058" lon="22.42898">
        <ele>34.4</ele>
      </trkpt>
      <trkpt lat="58.91095" lon="22.42855">
        <ele>34.3</ele>
      </trkpt>
      <trkpt lat="58.91115" lon="22.42841">
        <ele>33.1</ele>
      </trkpt>
      <trkpt lat="58.91135" lon="22.42843">
        <ele>31.9</ele>
      </trkpt>
      <trkpt lat="58.91157" lon="22.42854">
        <ele>30.6</ele>
      </trkpt>
      <trkpt lat="58.91187" lon="22.42849">
        <ele>28.8</ele>
      </trkpt>
      <trkpt lat="58.91218" lon="22.42839">
        <ele>26.9</ele>
      </trkpt>
      <trkpt lat="58.9125" lon="22.42821">
        <ele>25.0</ele>
      </trkpt>
      <trkpt lat="58.9127" lon="22.42823">
        <ele>24.1</ele>
      </trkpt>
      <trkpt lat="58.91297" lon="22.42837">
        <ele>22.7</ele>
      </trkpt>
      <trkpt lat="58.91313" lon="22.42841">
        <ele>22.0</ele>
      </trkpt>
      <trkpt lat="58.91333" lon="22.42834">
        <ele>21.0</ele>
      </trkpt>
      <trkpt lat="58.91378" lon="22.42827">
        <ele>21.1</ele>
      </trkpt>
      <trkpt lat="58.91432" lon="22.42829">
        <ele>21.2</ele>
      </trkpt>
      <trkpt lat="58.91486" lon="22.4283">
        <ele>21.8</ele>
      </trkpt>
      <trkpt lat="58.91553" lon="22.4284">
        <ele>22.0</ele>
      </trkpt>
      <trkpt lat="58.91601" lon="22.42833">
        <ele>21.4</ele>
      </trkpt>
      <trkpt lat="58.91657" lon="22.42805">
        <ele>19.4</ele>
      </trkpt>
      <trkpt lat="58.91708" lon="22.42775">
        <ele>17.5</ele>
      </trkpt>
      <trkpt lat="58.91719" lon="22.42763">
        <ele>17.1</ele>
      </trkpt>
      <trkpt lat="58.91728" lon="22.42739">
        <ele>16.8</ele>
      </trkpt>
      <trkpt lat="58.91752" lon="22.42663">
        <ele>16.0</ele>
      </trkpt>
      <trkpt lat="58.91776" lon="22.42586">
        <ele>15.7</ele>
      </trkpt>
      <trkpt lat="58.91783" lon="22.42537">
        <ele>15.8</ele>
      </trkpt>
      <trkpt lat="58.91794" lon="22.42435">
        <ele>16.0</ele>
      </trkpt>
      <trkpt lat="58.91804" lon="22.42332">
        <ele>16.1</ele>
      </trkpt>
      <trkpt lat="58.91812" lon="22.42268">
        <ele>16.6</ele>
      </trkpt>
      <trkpt lat="58.91817" lon="22.42233">
        <ele>16.6</ele>
      </trkpt>
      <trkpt lat="58.91822" lon="22.42126">
        <ele>17.4</ele>
      </trkpt>
      <trkpt lat="58.9183" lon="22.42062">
        <ele>18.4</ele>
      </trkpt>
      <trkpt lat="58.91837" lon="22.41996">
        <ele>19.0</ele>
      </trkpt>
      <trkpt lat="58.91847" lon="22.41919">
        <ele>18.8</ele>
      </trkpt>
      <trkpt lat="58.91847" lon="22.41893">
        <ele>18.8</ele>
      </trkpt>
      <trkpt lat="58.91849" lon="22.41872">
        <ele>18.7</ele>
      </trkpt>
      <trkpt lat="58.91852" lon="22.41845">
        <ele>18.6</ele>
      </trkpt>
      <trkpt lat="58.91856" lon="22.41822">
        <ele>18.8</ele>
      </trkpt>
      <trkpt lat="58.91866" lon="22.41781">
        <ele>19.6</ele>
      </trkpt>
      <trkpt lat="58.91875" lon="22.41726">
        <ele>20.6</ele>
      </trkpt>
      <trkpt lat="58.91877" lon="22.41692">
        <ele>21.3</ele>
      </trkpt>
      <trkpt lat="58.91877" lon="22.4166">
        <ele>21.7</ele>
      </trkpt>
      <trkpt lat="58.91876" lon="22.41613">
        <ele>21.0</ele>
      </trkpt>
      <trkpt lat="58.91877" lon="22.4159">
        <ele>20.5</ele>
      </trkpt>
      <trkpt lat="58.91898" lon="22.41524">
        <ele>19.0</ele>
      </trkpt>
      <trkpt lat="58.91905" lon="22.4149">
        <ele>18.4</ele>
      </trkpt>
      <trkpt lat="58.91911" lon="22.41439">
        <ele>16.9</ele>
      </trkpt>
      <trkpt lat="58.91915" lon="22.41382">
        <ele>15.7</ele>
      </trkpt>
      <trkpt lat="58.91919" lon="22.41336">
        <ele>15.0</ele>
      </trkpt>
      <trkpt lat="58.91925" lon="22.41312">
        <ele>14.9</ele>
      </trkpt>
      <trkpt lat="58.91946" lon="22.4126">
        <ele>14.3</ele>
      </trkpt>
      <trkpt lat="58.91956" lon="22.4123">
        <ele>14.1</ele>
      </trkpt>
      <trkpt lat="58.91957" lon="22.41181">
        <ele>14.0</ele>
      </trkpt>
      <trkpt lat="58.91956" lon="22.41084">
        <ele>15.0</ele>
      </trkpt>
      <trkpt lat="58.91959" lon="22.41057">
        <ele>15.3</ele>
      </trkpt>
      <trkpt lat="58.91978" lon="22.40979">
        <ele>16.7</ele>
      </trkpt>
      <trkpt lat="58.91983" lon="22.40915">
        <ele>17.6</ele>
      </trkpt>
      <trkpt lat="58.91984" lon="22.40827">
        <ele>18.6</ele>
      </trkpt>
      <trkpt lat="58.91995" lon="22.40717">
        <ele>19.0</ele>
      </trkpt>
      <trkpt lat="58.92012" lon="22.40631">
        <ele>18.4</ele>
      </trkpt>
      <trkpt lat="58.92028" lon="22.40544">
        <ele>16.7</ele>
      </trkpt>
      <trkpt lat="58.92054" lon="22.40474">
        <ele>14.7</ele>
      </trkpt>
      <trkpt lat="58.92059" lon="22.40398">
        <ele>13.7</ele>
      </trkpt>
      <trkpt lat="58.92062" lon="22.40328">
        <ele>13.0</ele>
      </trkpt>
      <trkpt lat="58.9207" lon="22.40236">
        <ele>12.6</ele>
      </trkpt>
      <trkpt lat="58.92085" lon="22.40114">
        <ele>12.6</ele>
      </trkpt>
      <trkpt lat="58.92096" lon="22.40041">
        <ele>13.3</ele>
      </trkpt>
      <trkpt lat="58.92118" lon="22.39933">
        <ele>13.2</ele>
      </trkpt>
      <trkpt lat="58.92118" lon="22.39858">
        <ele>13.2</ele>
      </trkpt>
      <trkpt lat="58.92122" lon="22.39809">
        <ele>13.2</ele>
      </trkpt>
      <trkpt lat="58.92133" lon="22.39742">
        <ele>13.4</ele>
      </trkpt>
      <trkpt lat="58.92138" lon="22.3964">
        <ele>13.2</ele>
      </trkpt>
      <trkpt lat="58.92144" lon="22.39552">
        <ele>12.8</ele>
      </trkpt>
      <trkpt lat="58.9215" lon="22.39463">
        <ele>12.9</ele>
      </trkpt>
      <trkpt lat="58.92158" lon="22.39401">
        <ele>13.1</ele>
      </trkpt>
      <trkpt lat="58.9218" lon="22.39251">
        <ele>13.8</ele>
      </trkpt>
      <trkpt lat="58.92195" lon="22.39176">
        <ele>13.7</ele>
      </trkpt>
      <trkpt lat="58.92208" lon="22.39177">
        <ele>13.5</ele>
      </trkpt>
      <trkpt lat="58.92225" lon="22.39175">
        <ele>13.3</ele>
      </trkpt>
      <trkpt lat="58.92242" lon="22.39168">
        <ele>13.1</ele>
      </trkpt>
      <trkpt lat="58.92287" lon="22.39134">
        <ele>12.4</ele>
      </trkpt>
      <trkpt lat="58.92333" lon="22.391">
        <ele>12.4</ele>
      </trkpt>
      <trkpt lat="58.92404" lon="22.39066">
        <ele>13.4</ele>
      </trkpt>
      <trkpt lat="58.92476" lon="22.39031">
        <ele>14.3</ele>
      </trkpt>
      <trkpt lat="58.92521" lon="22.39033">
        <ele>14.1</ele>
      </trkpt>
      <trkpt lat="58.92585" lon="22.39071">
        <ele>13.8</ele>
      </trkpt>
      <trkpt lat="58.9265" lon="22.39109">
        <ele>12.0</ele>
      </trkpt>
      <trkpt lat="58.92664" lon="22.39112">
        <ele>11.5</ele>
      </trkpt>
      <trkpt lat="58.92695" lon="22.39118">
        <ele>12.2</ele>
      </trkpt>
      <trkpt lat="58.92754" lon="22.39112">
        <ele>13.7</ele>
      </trkpt>
      <trkpt lat="58.92804" lon="22.39112">
        <ele>14.7</ele>
      </trkpt>
      <trkpt lat="58.92853" lon="22.39112">
        <ele>15.4</ele>
      </trkpt>
      <trkpt lat="58.92915" lon="22.3911">
        <ele>15.7</ele>
      </trkpt>
      <trkpt lat="58.92958" lon="22.39077">
        <ele>15.0</ele>
      </trkpt>
      <trkpt lat="58.92996" lon="22.39024">
        <ele>14.1</ele>
      </trkpt>
      <trkpt lat="58.93033" lon="22.38972">
        <ele>12.3</ele>
      </trkpt>
      <trkpt lat="58.93084" lon="22.38932">
        <ele>9.2</ele>
      </trkpt>
      <trkpt lat="58.93142" lon="22.38895">
        <ele>10.6</ele>
      </trkpt>
      <trkpt lat="58.93174" lon="22.38879">
        <ele>11.5</ele>
      </trkpt>
      <trkpt lat="58.93152" lon="22.38748">
        <ele>12.5</ele>
      </trkpt>
      <trkpt lat="58.93131" lon="22.38617">
        <ele>12.3</ele>
      </trkpt>
      <trkpt lat="58.93128" lon="22.38595">
        <ele>12.5</ele>
      </trkpt>
      <trkpt lat="58.93125" lon="22.38557">
        <ele>12.8</ele>
      </trkpt>
      <trkpt lat="58.93123" lon="22.38529">
        <ele>13.1</ele>
      </trkpt>
      <trkpt lat="58.93123" lon="22.38504">
        <ele>13.4</ele>
      </trkpt>
      <trkpt lat="58.93124" lon="22.38459">
        <ele>13.2</ele>
      </trkpt>
      <trkpt lat="58.93134" lon="22.38326">
        <ele>13.3</ele>
      </trkpt>
      <trkpt lat="58.93143" lon="22.38194">
        <ele>15.1</ele>
      </trkpt>
      <trkpt lat="58.93153" lon="22.38061">
        <ele>16.3</ele>
      </trkpt>
      <trkpt lat="58.93162" lon="22.37929">
        <ele>15.9</ele>
      </trkpt>
      <trkpt lat="58.93155" lon="22.37862">
        <ele>14.7</ele>
      </trkpt>
      <trkpt lat="58.9311" lon="22.3777">
        <ele>12.6</ele>
      </trkpt>
      <trkpt lat="58.93121" lon="22.37738">
        <ele>12.9</ele>
      </trkpt>
      <trkpt lat="58.93156" lon="22.37608">
        <ele>14.5</ele>
      </trkpt>
      <trkpt lat="58.93191" lon="22.37477">
        <ele>15.3</ele>
      </trkpt>
      <trkpt lat="58.93218" lon="22.37332">
        <ele>15.6</ele>
      </trkpt>
      <trkpt lat="58.93236" lon="22.3728">
        <ele>15.2</ele>
      </trkpt>
      <trkpt lat="58.9325" lon="22.3722">
        <ele>15.0</ele>
      </trkpt>
      <trkpt lat="58.93262" lon="22.37135">
        <ele>14.1</ele>
      </trkpt>
      <trkpt lat="58.93274" lon="22.37049">
        <ele>13.4</ele>
      </trkpt>
      <trkpt lat="58.93278" lon="22.36984">
        <ele>13.2</ele>
      </trkpt>
      <trkpt lat="58.9328" lon="22.3685">
        <ele>12.7</ele>
      </trkpt>
      <trkpt lat="58.93286" lon="22.36792">
        <ele>13.9</ele>
      </trkpt>
      <trkpt lat="58.93314" lon="22.3664">
        <ele>17.1</ele>
      </trkpt>
      <trkpt lat="58.93324" lon="22.36484">
        <ele>15.5</ele>
      </trkpt>
      <trkpt lat="58.93337" lon="22.36393">
        <ele>13.6</ele>
      </trkpt>
      <trkpt lat="58.9335" lon="22.36302">
        <ele>13.3</ele>
      </trkpt>
      <trkpt lat="58.93368" lon="22.36195">
        <ele>14.4</ele>
      </trkpt>
      <trkpt lat="58.93386" lon="22.36087">
        <ele>14.2</ele>
      </trkpt>
      <trkpt lat="58.93396" lon="22.35996">
        <ele>14.1</ele>
      </trkpt>
      <trkpt lat="58.93392" lon="22.35866">
        <ele>16.7</ele>
      </trkpt>
      <trkpt lat="58.93388" lon="22.35736">
        <ele>18.5</ele>
      </trkpt>
      <trkpt lat="58.93382" lon="22.356">
        <ele>18.6</ele>
      </trkpt>
      <trkpt lat="58.93376" lon="22.35464">
        <ele>17.8</ele>
      </trkpt>
      <trkpt lat="58.93379" lon="22.35361">
        <ele>17.2</ele>
      </trkpt>
      <trkpt lat="58.93382" lon="22.35257">
        <ele>16.3</ele>
      </trkpt>
      <trkpt lat="58.93383" lon="22.35159">
        <ele>16.1</ele>
      </trkpt>
      <trkpt lat="58.93388" lon="22.3504">
        <ele>15.7</ele>
      </trkpt>
      <trkpt lat="58.93387" lon="22.34985">
        <ele>15.9</ele>
      </trkpt>
      <trkpt lat="58.93376" lon="22.34847">
        <ele>17.4</ele>
      </trkpt>
      <trkpt lat="58.93375" lon="22.3478">
        <ele>17.8</ele>
      </trkpt>
      <trkpt lat="58.93383" lon="22.34679">
        <ele>17.5</ele>
      </trkpt>
      <trkpt lat="58.93391" lon="22.34629">
        <ele>17.6</ele>
      </trkpt>
      <trkpt lat="58.93408" lon="22.34555">
        <ele>18.1</ele>
      </trkpt>
      <trkpt lat="58.93464" lon="22.34429">
        <ele>15.3</ele>
      </trkpt>
      <trkpt lat="58.93482" lon="22.34365">
        <ele>15.3</ele>
      </trkpt>
      <trkpt lat="58.93497" lon="22.34278">
        <ele>16.4</ele>
      </trkpt>
      <trkpt lat="58.93512" lon="22.3419">
        <ele>17.4</ele>
      </trkpt>
      <trkpt lat="58.93523" lon="22.3414">
        <ele>17.6</ele>
      </trkpt>
      <trkpt lat="58.93545" lon="22.34084">
        <ele>16.8</ele>
      </trkpt>
      <trkpt lat="58.93566" lon="22.34001">
        <ele>15.8</ele>
      </trkpt>
      <trkpt lat="58.93573" lon="22.3395">
        <ele>15.3</ele>
      </trkpt>
      <trkpt lat="58.93584" lon="22.33826">
        <ele>14.9</ele>
      </trkpt>
      <trkpt lat="58.9359" lon="22.33694">
        <ele>14.1</ele>
      </trkpt>
      <trkpt lat="58.93598" lon="22.33644">
        <ele>14.7</ele>
      </trkpt>
      <trkpt lat="58.93618" lon="22.33554">
        <ele>16.6</ele>
      </trkpt>
      <trkpt lat="58.93628" lon="22.33496">
        <ele>17.6</ele>
      </trkpt>
      <trkpt lat="58.93642" lon="22.33391">
        <ele>17.5</ele>
      </trkpt>
      <trkpt lat="58.93647" lon="22.33284">
        <ele>17.7</ele>
      </trkpt>
      <trkpt lat="58.93653" lon="22.33178">
        <ele>18.4</ele>
      </trkpt>
      <trkpt lat="58.93646" lon="22.33092">
        <ele>19.9</ele>
      </trkpt>
      <trkpt lat="58.93647" lon="22.33042">
        <ele>20.6</ele>
      </trkpt>
      <trkpt lat="58.93647" lon="22.33042">
        <ele>20.6</ele>
      </trkpt>
      <trkpt lat="58.93654" lon="22.32953">
        <ele>20.5</ele>
      </trkpt>
      <trkpt lat="58.93655" lon="22.32847">
        <ele>18.9</ele>
      </trkpt>
      <trkpt lat="58.93662" lon="22.3274">
        <ele>15.8</ele>
      </trkpt>
      <trkpt lat="58.93681" lon="22.32642">
        <ele>14.2</ele>
      </trkpt>
      <trkpt lat="58.93703" lon="22.32569">
        <ele>15.1</ele>
      </trkpt>
      <trkpt lat="58.93713" lon="22.32521">
        <ele>15.8</ele>
      </trkpt>
      <trkpt lat="58.93711" lon="22.32493">
        <ele>16.0</ele>
      </trkpt>
      <trkpt lat="58.93717" lon="22.3244">
        <ele>15.5</ele>
      </trkpt>
      <trkpt lat="58.93727" lon="22.32383">
        <ele>15.3</ele>
      </trkpt>
      <trkpt lat="58.93765" lon="22.32252">
        <ele>17.7</ele>
      </trkpt>
      <trkpt lat="58.93777" lon="22.32216">
        <ele>18.6</ele>
      </trkpt>
      <trkpt lat="58.93805" lon="22.32188">
        <ele>19.9</ele>
      </trkpt>
      <trkpt lat="58.93835" lon="22.32171">
        <ele>21.0</ele>
      </trkpt>
      <trkpt lat="58.93863" lon="22.32137">
        <ele>19.7</ele>
      </trkpt>
      <trkpt lat="58.93886" lon="22.32088">
        <ele>18.4</ele>
      </trkpt>
      <trkpt lat="58.9391" lon="22.3203">
        <ele>17.4</ele>
      </trkpt>
      <trkpt lat="58.93923" lon="22.31963">
        <ele>16.2</ele>
      </trkpt>
      <trkpt lat="58.93931" lon="22.31937">
        <ele>15.4</ele>
      </trkpt>
      <trkpt lat="58.93951" lon="22.31912">
        <ele>13.9</ele>
      </trkpt>
      <trkpt lat="58.93963" lon="22.31898">
        <ele>13.0</ele>
      </trkpt>
      <trkpt lat="58.93986" lon="22.31865">
        <ele>11.2</ele>
      </trkpt>
      <trkpt lat="58.94016" lon="22.31793">
        <ele>10.9</ele>
      </trkpt>
      <trkpt lat="58.94035" lon="22.31723">
        <ele>12.7</ele>
      </trkpt>
      <trkpt lat="58.9404" lon="22.31683">
        <ele>13.6</ele>
      </trkpt>
      <trkpt lat="58.94034" lon="22.31629">
        <ele>13.8</ele>
      </trkpt>
      <trkpt lat="58.94029" lon="22.31575">
        <ele>13.7</ele>
      </trkpt>
      <trkpt lat="58.94043" lon="22.31498">
        <ele>14.6</ele>
      </trkpt>
      <trkpt lat="58.94051" lon="22.314">
        <ele>16.1</ele>
      </trkpt>
      <trkpt lat="58.94062" lon="22.31369">
        <ele>16.7</ele>
      </trkpt>
      <trkpt lat="58.94086" lon="22.31316">
        <ele>18.3</ele>
      </trkpt>
      <trkpt lat="58.94093" lon="22.31281">
        <ele>18.7</ele>
      </trkpt>
      <trkpt lat="58.94085" lon="22.31218">
        <ele>19.4</ele>
      </trkpt>
      <trkpt lat="58.9408" lon="22.31157">
        <ele>19.6</ele>
      </trkpt>
      <trkpt lat="58.94065" lon="22.31093">
        <ele>17.9</ele>
      </trkpt>
      <trkpt lat="58.94067" lon="22.31047">
        <ele>17.2</ele>
      </trkpt>
      <trkpt lat="58.94048" lon="22.30908">
        <ele>15.3</ele>
      </trkpt>
      <trkpt lat="58.94041" lon="22.30887">
        <ele>15.2</ele>
      </trkpt>
      <trkpt lat="58.94013" lon="22.30799">
        <ele>14.1</ele>
      </trkpt>
      <trkpt lat="58.94" lon="22.3068">
        <ele>12.2</ele>
      </trkpt>
      <trkpt lat="58.93997" lon="22.30613">
        <ele>12.2</ele>
      </trkpt>
      <trkpt lat="58.93991" lon="22.30578">
        <ele>12.4</ele>
      </trkpt>
      <trkpt lat="58.9397" lon="22.30506">
        <ele>12.1</ele>
      </trkpt>
      <trkpt lat="58.93958" lon="22.30426">
        <ele>12.4</ele>
      </trkpt>
      <trkpt lat="58.93949" lon="22.30337">
        <ele>12.8</ele>
      </trkpt>
      <trkpt lat="58.9394" lon="22.30248">
        <ele>15.9</ele>
      </trkpt>
      <trkpt lat="58.9392" lon="22.3016">
        <ele>18.2</ele>
      </trkpt>
      <trkpt lat="58.93914" lon="22.30084">
        <ele>19.0</ele>
      </trkpt>
      <trkpt lat="58.93923" lon="22.30045">
        <ele>19.6</ele>
      </trkpt>
      <trkpt lat="58.93919" lon="22.30002">
        <ele>20.0</ele>
      </trkpt>
      <trkpt lat="58.93931" lon="22.2986">
        <ele>21.0</ele>
      </trkpt>
      <trkpt lat="58.93918" lon="22.2972">
        <ele>20.0</ele>
      </trkpt>
      <trkpt lat="58.93926" lon="22.29626">
        <ele>19.5</ele>
      </trkpt>
      <trkpt lat="58.93935" lon="22.29532">
        <ele>18.6</ele>
      </trkpt>
      <trkpt lat="58.93951" lon="22.29431">
        <ele>18.2</ele>
      </trkpt>
      <trkpt lat="58.93968" lon="22.2933">
        <ele>17.8</ele>
      </trkpt>
      <trkpt lat="58.94012" lon="22.29187">
        <ele>16.9</ele>
      </trkpt>
      <trkpt lat="58.94056" lon="22.29044">
        <ele>18.5</ele>
      </trkpt>
      <trkpt lat="58.94089" lon="22.28935">
        <ele>19.8</ele>
      </trkpt>
      <trkpt lat="58.94121" lon="22.28825">
        <ele>21.4</ele>
      </trkpt>
      <trkpt lat="58.94122" lon="22.28764">
        <ele>21.1</ele>
      </trkpt>
      <trkpt lat="58.94134" lon="22.287">
        <ele>21.0</ele>
      </trkpt>
      <trkpt lat="58.94161" lon="22.28607">
        <ele>21.7</ele>
      </trkpt>
      <trkpt lat="58.94188" lon="22.28514">
        <ele>21.7</ele>
      </trkpt>
      <trkpt lat="58.94186" lon="22.28456">
        <ele>21.4</ele>
      </trkpt>
      <trkpt lat="58.94162" lon="22.284">
        <ele>21.0</ele>
      </trkpt>
      <trkpt lat="58.94125" lon="22.28275">
        <ele>21.5</ele>
      </trkpt>
      <trkpt lat="58.94089" lon="22.28206">
        <ele>22.5</ele>
      </trkpt>
      <trkpt lat="58.94054" lon="22.28137">
        <ele>23.0</ele>
      </trkpt>
      <trkpt lat="58.94014" lon="22.28092">
        <ele>22.9</ele>
      </trkpt>
      <trkpt lat="58.93974" lon="22.28048">
        <ele>23.0</ele>
      </trkpt>
      <trkpt lat="58.93911" lon="22.27965">
        <ele>23.5</ele>
      </trkpt>
      <trkpt lat="58.93862" lon="22.27906">
        <ele>24.0</ele>
      </trkpt>
      <trkpt lat="58.93814" lon="22.27846">
        <ele>24.0</ele>
      </trkpt>
      <trkpt lat="58.93769" lon="22.27771">
        <ele>24.2</ele>
      </trkpt>
      <trkpt lat="58.93724" lon="22.27695">
        <ele>24.0</ele>
      </trkpt>
      <trkpt lat="58.93677" lon="22.27622">
        <ele>24.0</ele>
      </trkpt>
      <trkpt lat="58.9363" lon="22.27548">
        <ele>24.4</ele>
      </trkpt>
      <trkpt lat="58.93589" lon="22.27443">
        <ele>22.9</ele>
      </trkpt>
      <trkpt lat="58.93528" lon="22.27334">
        <ele>20.7</ele>
      </trkpt>
      <trkpt lat="58.93488" lon="22.27254">
        <ele>20.0</ele>
      </trkpt>
      <trkpt lat="58.93447" lon="22.27174">
        <ele>19.1</ele>
      </trkpt>
      <trkpt lat="58.934" lon="22.27047">
        <ele>19.1</ele>
      </trkpt>
      <trkpt lat="58.93374" lon="22.26943">
        <ele>20.5</ele>
      </trkpt>
      <trkpt lat="58.93344" lon="22.26848">
        <ele>22.5</ele>
      </trkpt>
      <trkpt lat="58.93315" lon="22.26754">
        <ele>21.8</ele>
      </trkpt>
      <trkpt lat="58.93279" lon="22.2666">
        <ele>21.1</ele>
      </trkpt>
      <trkpt lat="58.9324" lon="22.266">
        <ele>21.6</ele>
      </trkpt>
      <trkpt lat="58.93202" lon="22.26536">
        <ele>20.8</ele>
      </trkpt>
      <trkpt lat="58.9317" lon="22.26446">
        <ele>18.8</ele>
      </trkpt>
      <trkpt lat="58.9317" lon="22.2636">
        <ele>17.3</ele>
      </trkpt>
      <trkpt lat="58.93166" lon="22.26249">
        <ele>15.0</ele>
      </trkpt>
      <trkpt lat="58.93145" lon="22.26169">
        <ele>16.9</ele>
      </trkpt>
      <trkpt lat="58.93109" lon="22.261">
        <ele>22.4</ele>
      </trkpt>
      <trkpt lat="58.93062" lon="22.25988">
        <ele>26.1</ele>
      </trkpt>
      <trkpt lat="58.93023" lon="22.25869">
        <ele>25.7</ele>
      </trkpt>
      <trkpt lat="58.92995" lon="22.2574">
        <ele>26.0</ele>
      </trkpt>
      <trkpt lat="58.92957" lon="22.2561">
        <ele>25.7</ele>
      </trkpt>
      <trkpt lat="58.92933" lon="22.2545">
        <ele>24.8</ele>
      </trkpt>
      <trkpt lat="58.92911" lon="22.2529">
        <ele>24.6</ele>
      </trkpt>
      <trkpt lat="58.92889" lon="22.25158">
        <ele>26.0</ele>
      </trkpt>
      <trkpt lat="58.92868" lon="22.25027">
        <ele>26.0</ele>
      </trkpt>
      <trkpt lat="58.92857" lon="22.24918">
        <ele>26.7</ele>
      </trkpt>
      <trkpt lat="58.92845" lon="22.24809">
        <ele>26.6</ele>
      </trkpt>
      <trkpt lat="58.92854" lon="22.24694">
        <ele>25.5</ele>
      </trkpt>
      <trkpt lat="58.92863" lon="22.24578">
        <ele>24.4</ele>
      </trkpt>
      <trkpt lat="58.928613" lon="22.244656">
        <ele>24.2</ele>
      </trkpt>
      <trkpt lat="58.92861" lon="22.24466">
        <ele>24.2</ele>
      </trkpt>
      <trkpt lat="58.92858" lon="22.24324">
        <ele>24.1</ele>
      </trkpt>
      <trkpt lat="58.928568" lon="22.242379">
        <ele>25.0</ele>
      </trkpt>
      <trkpt lat="58.928852" lon="22.24207">
        <ele>25.0</ele>
      </trkpt>
      <trkpt lat="58.929243" lon="22.241585">
        <ele>24.9</ele>
      </trkpt>
      <trkpt lat="58.929634" lon="22.240827">
        <ele>24.4</ele>
      </trkpt>
      <trkpt lat="58.929854" lon="22.240673">
        <ele>24.2</ele>
      </trkpt>
      <trkpt lat="58.93043" lon="22.240615">
        <ele>23.0</ele>
      </trkpt>
      <trkpt lat="58.931073" lon="22.240301">
        <ele>21.5</ele>
      </trkpt>
      <trkpt lat="58.931664" lon="22.239442">
        <ele>20.7</ele>
      </trkpt>
      <trkpt lat="58.932135" lon="22.238712">
        <ele>20.7</ele>
      </trkpt>
      <trkpt lat="58.932772" lon="22.238694">
        <ele>20.0</ele>
      </trkpt>
      <trkpt lat="58.933292" lon="22.238381">
        <ele>20.0</ele>
      </trkpt>
      <trkpt lat="58.933747" lon="22.237856">
        <ele>17.6</ele>
      </trkpt>
      <trkpt lat="58.934554" lon="22.238083">
        <ele>9.4</ele>
      </trkpt>
      <trkpt lat="58.934696" lon="22.238061">
        <ele>7.5</ele>
      </trkpt>
      <trkpt lat="58.934888" lon="22.237122">
        <ele>2.2</ele>
      </trkpt>
      <trkpt lat="58.934939" lon="22.236323">
        <ele>1.3</ele>
      </trkpt>
      <trkpt lat="58.935006" lon="22.235478">
        <ele>0.0</ele>
      </trkpt>
      <trkpt lat="58.93501" lon="22.235168">
        <ele>0.0</ele>
      </trkpt>
      <trkpt lat="58.93505" lon="22.23466">
        <ele>0.0</ele>
      </trkpt>
      <trkpt lat="58.93496" lon="22.23363">
        <ele>0.9</ele>
      </trkpt>
      <trkpt lat="58.93495" lon="22.23292">
        <ele>1.0</ele>
      </trkpt>
      <trkpt lat="58.9349" lon="22.23246">
        <ele>1.9</ele>
      </trkpt>
      <trkpt lat="58.93465" lon="22.23128">
        <ele>5.5</ele>
      </trkpt>
      <trkpt lat="58.93439" lon="22.2297">
        <ele>7.3</ele>
      </trkpt>
      <trkpt lat="58.93433" lon="22.22869">
        <ele>8.0</ele>
      </trkpt>
      <trkpt lat="58.93432" lon="22.22756">
        <ele>9.7</ele>
      </trkpt>
      <trkpt lat="58.93437" lon="22.22703">
        <ele>9.5</ele>
      </trkpt>
      <trkpt lat="58.93437" lon="22.22703">
        <ele>9.5</ele>
      </trkpt>
      <trkpt lat="58.934482" lon="22.225201">
        <ele>8.7</ele>
      </trkpt>
      <trkpt lat="58.934593" lon="22.223373">
        <ele>6.3</ele>
      </trkpt>
      <trkpt lat="58.934705" lon="22.221544">
        <ele>5.8</ele>
      </trkpt>
      <trkpt lat="58.934886" lon="22.220712">
        <ele>4.0</ele>
      </trkpt>
      <trkpt lat="58.93496" lon="22.22031">
        <ele>8.1</ele>
      </trkpt>
      <trkpt lat="58.93501" lon="22.22022">
        <ele>8.7</ele>
      </trkpt>
      <trkpt lat="58.93521" lon="22.21942">
        <ele>10.7</ele>
      </trkpt>
      <trkpt lat="58.93534" lon="22.21897">
        <ele>10.6</ele>
      </trkpt>
      <trkpt lat="58.93545" lon="22.21817">
        <ele>10.7</ele>
      </trkpt>
      <trkpt lat="58.9352" lon="22.21798">
        <ele>12.6</ele>
      </trkpt>
      <trkpt lat="58.93507" lon="22.21796">
        <ele>14.2</ele>
      </trkpt>
      <trkpt lat="58.93485" lon="22.21819">
        <ele>16.4</ele>
      </trkpt>
      <trkpt lat="58.93447" lon="22.21867">
        <ele>18.2</ele>
      </trkpt>
      <trkpt lat="58.93409" lon="22.21916">
        <ele>20.3</ele>
      </trkpt>
      <trkpt lat="58.93376" lon="22.21949">
        <ele>21.3</ele>
      </trkpt>
      <trkpt lat="58.93345" lon="22.21996">
        <ele>21.8</ele>
      </trkpt>
      <trkpt lat="58.93303" lon="22.22028">
        <ele>21.5</ele>
      </trkpt>
      <trkpt lat="58.93262" lon="22.22007">
        <ele>21.1</ele>
      </trkpt>
      <trkpt lat="58.93195" lon="22.22018">
        <ele>22.5</ele>
      </trkpt>
      <trkpt lat="58.93123" lon="22.22051">
        <ele>24.2</ele>
      </trkpt>
      <trkpt lat="58.93092" lon="22.22058">
        <ele>25.6</ele>
      </trkpt>
      <trkpt lat="58.93052" lon="22.22043">
        <ele>26.2</ele>
      </trkpt>
      <trkpt lat="58.92988" lon="22.22023">
        <ele>26.4</ele>
      </trkpt>
      <trkpt lat="58.92926" lon="22.22037">
        <ele>26.9</ele>
      </trkpt>
      <trkpt lat="58.92875" lon="22.22041">
        <ele>28.7</ele>
      </trkpt>
      <trkpt lat="58.92844" lon="22.22061">
        <ele>30.3</ele>
      </trkpt>
      <trkpt lat="58.92794" lon="22.22125">
        <ele>32.2</ele>
      </trkpt>
      <trkpt lat="58.92723" lon="22.2216">
        <ele>34.3</ele>
      </trkpt>
      <trkpt lat="58.92653" lon="22.22196">
        <ele>38.1</ele>
      </trkpt>
      <trkpt lat="58.92582" lon="22.22231">
        <ele>43.3</ele>
      </trkpt>
      <trkpt lat="58.92557" lon="22.22266">
        <ele>43.6</ele>
      </trkpt>
      <trkpt lat="58.92543" lon="22.22293">
        <ele>44.0</ele>
      </trkpt>
      <trkpt lat="58.92531" lon="22.22307">
        <ele>44.4</ele>
      </trkpt>
      <trkpt lat="58.92501" lon="22.22319">
        <ele>45.8</ele>
      </trkpt>
      <trkpt lat="58.92421" lon="22.22388">
        <ele>51.4</ele>
      </trkpt>
      <trkpt lat="58.92385" lon="22.22401">
        <ele>53.4</ele>
      </trkpt>
      <trkpt lat="58.92385" lon="22.22401">
        <ele>53.4</ele>
      </trkpt>
      <trkpt lat="58.92348" lon="22.22443">
        <ele>55.6</ele>
      </trkpt>
      <trkpt lat="58.92325" lon="22.22452">
        <ele>56.6</ele>
      </trkpt>
      <trkpt lat="58.92298" lon="22.22451">
        <ele>57.3</ele>
      </trkpt>
      <trkpt lat="58.9224" lon="22.22432">
        <ele>58.9</ele>
      </trkpt>
      <trkpt lat="58.92182" lon="22.22414">
        <ele>59.8</ele>
      </trkpt>
      <trkpt lat="58.92133" lon="22.22389">
        <ele>59.3</ele>
      </trkpt>
      <trkpt lat="58.92062" lon="22.22373">
        <ele>56.7</ele>
      </trkpt>
      <trkpt lat="58.9199" lon="22.22358">
        <ele>54.4</ele>
      </trkpt>
      <trkpt lat="58.91939" lon="22.22275">
        <ele>54.9</ele>
      </trkpt>
      <trkpt lat="58.91918" lon="22.22241">
        <ele>54.6</ele>
      </trkpt>
      <trkpt lat="58.91888" lon="22.22199">
        <ele>54.5</ele>
      </trkpt>
      <trkpt lat="58.91854" lon="22.22149">
        <ele>55.9</ele>
      </trkpt>
      <trkpt lat="58.91816" lon="22.22086">
        <ele>57.8</ele>
      </trkpt>
      <trkpt lat="58.91783" lon="22.22051">
        <ele>57.5</ele>
      </trkpt>
      <trkpt lat="58.91713" lon="22.22024">
        <ele>54.8</ele>
      </trkpt>
      <trkpt lat="58.91643" lon="22.21998">
        <ele>51.5</ele>
      </trkpt>
      <trkpt lat="58.91586" lon="22.2194">
        <ele>50.8</ele>
      </trkpt>
      <trkpt lat="58.91528" lon="22.21855">
        <ele>49.0</ele>
      </trkpt>
      <trkpt lat="58.9147" lon="22.21769">
        <ele>48.0</ele>
      </trkpt>
      <trkpt lat="58.91453" lon="22.21752">
        <ele>47.2</ele>
      </trkpt>
      <trkpt lat="58.91449" lon="22.21664">
        <ele>46.7</ele>
      </trkpt>
      <trkpt lat="58.91445" lon="22.21575">
        <ele>46.4</ele>
      </trkpt>
      <trkpt lat="58.91437" lon="22.21407">
        <ele>48.7</ele>
      </trkpt>
      <trkpt lat="58.9143" lon="22.21239">
        <ele>50.7</ele>
      </trkpt>
      <trkpt lat="58.91422" lon="22.2112">
        <ele>52.2</ele>
      </trkpt>
      <trkpt lat="58.9143" lon="22.21107">
        <ele>53.4</ele>
      </trkpt>
      <trkpt lat="58.91445" lon="22.21061">
        <ele>55.7</ele>
      </trkpt>
      <trkpt lat="58.91454" lon="22.2101">
        <ele>57.1</ele>
      </trkpt>
      <trkpt lat="58.91464" lon="22.20902">
        <ele>61.4</ele>
      </trkpt>
      <trkpt lat="58.91475" lon="22.20811">
        <ele>64.6</ele>
      </trkpt>
      <trkpt lat="58.91486" lon="22.2072">
        <ele>65.4</ele>
      </trkpt>
      <trkpt lat="58.91503" lon="22.20601">
        <ele>66.9</ele>
      </trkpt>
      <trkpt lat="58.91527" lon="22.20467">
        <ele>67.3</ele>
      </trkpt>
      <trkpt lat="58.91551" lon="22.20356">
        <ele>67.2</ele>
      </trkpt>
      <trkpt lat="58.91575" lon="22.20244">
        <ele>68.9</ele>
      </trkpt>
      <trkpt lat="58.91588" lon="22.20163">
        <ele>70.3</ele>
      </trkpt>
      <trkpt lat="58.91598" lon="22.20091">
        <ele>72.6</ele>
      </trkpt>
      <trkpt lat="58.91603" lon="22.20062">
        <ele>73.1</ele>
      </trkpt>
      <trkpt lat="58.91608" lon="22.20039">
        <ele>73.3</ele>
      </trkpt>
      <trkpt lat="58.91628" lon="22.19969">
        <ele>71.6</ele>
      </trkpt>
      <trkpt lat="58.9164" lon="22.19927">
        <ele>69.7</ele>
      </trkpt>
      <trkpt lat="58.91663" lon="22.19812">
        <ele>67.6</ele>
      </trkpt>
      <trkpt lat="58.91686" lon="22.19697">
        <ele>67.5</ele>
      </trkpt>
      <trkpt lat="58.91695" lon="22.1967">
        <ele>67.7</ele>
      </trkpt>
      <trkpt lat="58.91728" lon="22.19602">
        <ele>67.7</ele>
      </trkpt>
      <trkpt lat="58.91746" lon="22.19559">
        <ele>67.6</ele>
      </trkpt>
      <trkpt lat="58.91769" lon="22.19526">
        <ele>67.5</ele>
      </trkpt>
      <trkpt lat="58.91782" lon="22.19484">
        <ele>67.1</ele>
      </trkpt>
      <trkpt lat="58.91815" lon="22.1937">
        <ele>66.0</ele>
      </trkpt>
      <trkpt lat="58.91834" lon="22.19329">
        <ele>66.0</ele>
      </trkpt>
      <trkpt lat="58.91859" lon="22.19248">
        <ele>66.0</ele>
      </trkpt>
      <trkpt lat="58.91873" lon="22.19215">
        <ele>65.8</ele>
      </trkpt>
      <trkpt lat="58.91931" lon="22.19123">
        <ele>63.3</ele>
      </trkpt>
      <trkpt lat="58.91943" lon="22.19104">
        <ele>62.2</ele>
      </trkpt>
      <trkpt lat="58.91954" lon="22.19043">
        <ele>60.2</ele>
      </trkpt>
      <trkpt lat="58.9197" lon="22.18984">
        <ele>57.6</ele>
      </trkpt>
      <trkpt lat="58.91986" lon="22.18943">
        <ele>54.8</ele>
      </trkpt>
      <trkpt lat="58.9199" lon="22.18925">
        <ele>53.8</ele>
      </trkpt>
      <trkpt lat="58.91991" lon="22.18872">
        <ele>51.1</ele>
      </trkpt>
      <trkpt lat="58.9198" lon="22.18773">
        <ele>46.8</ele>
      </trkpt>
      <trkpt lat="58.9198" lon="22.18726">
        <ele>45.0</ele>
      </trkpt>
      <trkpt lat="58.92011" lon="22.186">
        <ele>43.2</ele>
      </trkpt>
      <trkpt lat="58.92018" lon="22.18516">
        <ele>42.7</ele>
      </trkpt>
      <trkpt lat="58.92022" lon="22.18439">
        <ele>42.8</ele>
      </trkpt>
      <trkpt lat="58.92025" lon="22.18372">
        <ele>43.1</ele>
      </trkpt>
      <trkpt lat="58.92025" lon="22.18331">
        <ele>43.1</ele>
      </trkpt>
      <trkpt lat="58.9202" lon="22.18275">
        <ele>43.6</ele>
      </trkpt>
      <trkpt lat="58.92027" lon="22.18243">
        <ele>44.4</ele>
      </trkpt>
      <trkpt lat="58.92038" lon="22.18208">
        <ele>45.4</ele>
      </trkpt>
      <trkpt lat="58.92045" lon="22.18147">
        <ele>46.4</ele>
      </trkpt>
      <trkpt lat="58.92025" lon="22.18085">
        <ele>47.3</ele>
      </trkpt>
      <trkpt lat="58.92001" lon="22.17987">
        <ele>48.0</ele>
      </trkpt>
      <trkpt lat="58.91995" lon="22.17957">
        <ele>48.1</ele>
      </trkpt>
      <trkpt lat="58.91995" lon="22.17916">
        <ele>48.1</ele>
      </trkpt>
      <trkpt lat="58.91999" lon="22.17882">
        <ele>48.0</ele>
      </trkpt>
      <trkpt lat="58.92008" lon="22.17815">
        <ele>47.4</ele>
      </trkpt>
      <trkpt lat="58.9201" lon="22.17783">
        <ele>46.9</ele>
      </trkpt>
      <trkpt lat="58.92007" lon="22.17748">
        <ele>46.7</ele>
      </trkpt>
      <trkpt lat="58.92001" lon="22.1772">
        <ele>46.9</ele>
      </trkpt>
      <trkpt lat="58.91994" lon="22.17678">
        <ele>47.1</ele>
      </trkpt>
      <trkpt lat="58.91991" lon="22.17587">
        <ele>47.0</ele>
      </trkpt>
      <trkpt lat="58.91991" lon="22.17534">
        <ele>46.9</ele>
      </trkpt>
      <trkpt lat="58.91995" lon="22.175">
        <ele>46.9</ele>
      </trkpt>
      <trkpt lat="58.92004" lon="22.17473">
        <ele>45.9</ele>
      </trkpt>
      <trkpt lat="58.92018" lon="22.1745">
        <ele>44.8</ele>
      </trkpt>
      <trkpt lat="58.92064" lon="22.17408">
        <ele>43.2</ele>
      </trkpt>
      <trkpt lat="58.92101" lon="22.17359">
        <ele>43.4</ele>
      </trkpt>
      <trkpt lat="58.92136" lon="22.17325">
        <ele>44.1</ele>
      </trkpt>
      <trkpt lat="58.92182" lon="22.17233">
        <ele>43.2</ele>
      </trkpt>
      <trkpt lat="58.92228" lon="22.17159">
        <ele>43.2</ele>
      </trkpt>
      <trkpt lat="58.9227" lon="22.17097">
        <ele>41.9</ele>
      </trkpt>
      <trkpt lat="58.92305" lon="22.1703">
        <ele>41.0</ele>
      </trkpt>
      <trkpt lat="58.92332" lon="22.1697">
        <ele>41.3</ele>
      </trkpt>
      <trkpt lat="58.92339" lon="22.16928">
        <ele>41.8</ele>
      </trkpt>
      <trkpt lat="58.92348" lon="22.16864">
        <ele>42.9</ele>
      </trkpt>
      <trkpt lat="58.92356" lon="22.16829">
        <ele>43.6</ele>
      </trkpt>
      <trkpt lat="58.92368" lon="22.16796">
        <ele>43.9</ele>
      </trkpt>
      <trkpt lat="58.92394" lon="22.16742">
        <ele>44.0</ele>
      </trkpt>
      <trkpt lat="58.92406" lon="22.16704">
        <ele>44.0</ele>
      </trkpt>
      <trkpt lat="58.92426" lon="22.16664">
        <ele>43.6</ele>
      </trkpt>
      <trkpt lat="58.92441" lon="22.1663">
        <ele>42.4</ele>
      </trkpt>
      <trkpt lat="58.9245" lon="22.16586">
        <ele>41.3</ele>
      </trkpt>
      <trkpt lat="58.92482" lon="22.16443">
        <ele>39.3</ele>
      </trkpt>
      <trkpt lat="58.92494" lon="22.16401">
        <ele>39.1</ele>
      </trkpt>
      <trkpt lat="58.92515" lon="22.16342">
        <ele>38.6</ele>
      </trkpt>
      <trkpt lat="58.9254" lon="22.16227">
        <ele>36.9</ele>
      </trkpt>
      <trkpt lat="58.92557" lon="22.16134">
        <ele>36.2</ele>
      </trkpt>
      <trkpt lat="58.92578" lon="22.15981">
        <ele>35.5</ele>
      </trkpt>
      <trkpt lat="58.92591" lon="22.15917">
        <ele>34.2</ele>
      </trkpt>
      <trkpt lat="58.92609" lon="22.15861">
        <ele>34.2</ele>
      </trkpt>
      <trkpt lat="58.92645" lon="22.15761">
        <ele>36.1</ele>
      </trkpt>
      <trkpt lat="58.92666" lon="22.15707">
        <ele>37.0</ele>
      </trkpt>
      <trkpt lat="58.92693" lon="22.1566">
        <ele>37.0</ele>
      </trkpt>
      <trkpt lat="58.92708" lon="22.15618">
        <ele>37.0</ele>
      </trkpt>
      <trkpt lat="58.92715" lon="22.1559">
        <ele>36.9</ele>
      </trkpt>
      <trkpt lat="58.92727" lon="22.15519">
        <ele>36.6</ele>
      </trkpt>
      <trkpt lat="58.92739" lon="22.15484">
        <ele>36.2</ele>
      </trkpt>
      <trkpt lat="58.92767" lon="22.1542">
        <ele>35.4</ele>
      </trkpt>
      <trkpt lat="58.92794" lon="22.15373">
        <ele>34.4</ele>
      </trkpt>
      <trkpt lat="58.9282" lon="22.15311">
        <ele>32.9</ele>
      </trkpt>
      <trkpt lat="58.92832" lon="22.15293">
        <ele>32.1</ele>
      </trkpt>
      <trkpt lat="58.92852" lon="22.15279">
        <ele>30.7</ele>
      </trkpt>
      <trkpt lat="58.92923" lon="22.15222">
        <ele>27.2</ele>
      </trkpt>
      <trkpt lat="58.92965" lon="22.15175">
        <ele>28.7</ele>
      </trkpt>
      <trkpt lat="58.93007" lon="22.15129">
        <ele>29.5</ele>
      </trkpt>
      <trkpt lat="58.93049" lon="22.15098">
        <ele>28.6</ele>
      </trkpt>
      <trkpt lat="58.9309" lon="22.15048">
        <ele>28.0</ele>
      </trkpt>
      <trkpt lat="58.93132" lon="22.14997">
        <ele>27.9</ele>
      </trkpt>
      <trkpt lat="58.9318" lon="22.1493">
        <ele>24.2</ele>
      </trkpt>
      <trkpt lat="58.93229" lon="22.14863">
        <ele>19.8</ele>
      </trkpt>
      <trkpt lat="58.93251" lon="22.14814">
        <ele>18.0</ele>
      </trkpt>
      <trkpt lat="58.93259" lon="22.14782">
        <ele>18.0</ele>
      </trkpt>
      <trkpt lat="58.93267" lon="22.14691">
        <ele>18.0</ele>
      </trkpt>
      <trkpt lat="58.93287" lon="22.14565">
        <ele>21.8</ele>
      </trkpt>
      <trkpt lat="58.93298" lon="22.14516">
        <ele>23.9</ele>
      </trkpt>
      <trkpt lat="58.93358" lon="22.1439">
        <ele>23.9</ele>
      </trkpt>
      <trkpt lat="58.93369" lon="22.14341">
        <ele>22.7</ele>
      </trkpt>
      <trkpt lat="58.93377" lon="22.14222">
        <ele>20.0</ele>
      </trkpt>
      <trkpt lat="58.9338" lon="22.14065">
        <ele>20.1</ele>
      </trkpt>
      <trkpt lat="58.93381" lon="22.13981">
        <ele>20.5</ele>
      </trkpt>
      <trkpt lat="58.93384" lon="22.13929">
        <ele>20.5</ele>
      </trkpt>
      <trkpt lat="58.93383" lon="22.13845">
        <ele>20.6</ele>
      </trkpt>
      <trkpt lat="58.93385" lon="22.13737">
        <ele>19.4</ele>
      </trkpt>
      <trkpt lat="58.93391" lon="22.13708">
        <ele>19.4</ele>
      </trkpt>
      <trkpt lat="58.9342" lon="22.13608">
        <ele>21.5</ele>
      </trkpt>
      <trkpt lat="58.93441" lon="22.13526">
        <ele>23.3</ele>
      </trkpt>
      <trkpt lat="58.93468" lon="22.13445">
        <ele>24.6</ele>
      </trkpt>
      <trkpt lat="58.9349" lon="22.13392">
        <ele>25.9</ele>
      </trkpt>
      <trkpt lat="58.9351" lon="22.13307">
        <ele>26.5</ele>
      </trkpt>
      <trkpt lat="58.93525" lon="22.13248">
        <ele>26.0</ele>
      </trkpt>
      <trkpt lat="58.93538" lon="22.13137">
        <ele>24.9</ele>
      </trkpt>
      <trkpt lat="58.9355" lon="22.12988">
        <ele>23.5</ele>
      </trkpt>
      <trkpt lat="58.93557" lon="22.12894">
        <ele>21.4</ele>
      </trkpt>
      <trkpt lat="58.93563" lon="22.12801">
        <ele>21.2</ele>
      </trkpt>
      <trkpt lat="58.93568" lon="22.12651">
        <ele>22.3</ele>
      </trkpt>
      <trkpt lat="58.93572" lon="22.12583">
        <ele>22.6</ele>
      </trkpt>
      <trkpt lat="58.93585" lon="22.1248">
        <ele>23.1</ele>
      </trkpt>
      <trkpt lat="58.93598" lon="22.12426">
        <ele>22.7</ele>
      </trkpt>
      <trkpt lat="58.93624" lon="22.12321">
        <ele>21.2</ele>
      </trkpt>
      <trkpt lat="58.93651" lon="22.12215">
        <ele>20.8</ele>
      </trkpt>
      <trkpt lat="58.93659" lon="22.12159">
        <ele>21.4</ele>
      </trkpt>
      <trkpt lat="58.93662" lon="22.12023">
        <ele>22.1</ele>
      </trkpt>
      <trkpt lat="58.93659" lon="22.1186">
        <ele>24.9</ele>
      </trkpt>
      <trkpt lat="58.93656" lon="22.11697">
        <ele>24.2</ele>
      </trkpt>
      <trkpt lat="58.93654" lon="22.11534">
        <ele>22.6</ele>
      </trkpt>
      <trkpt lat="58.93656" lon="22.11445">
        <ele>20.6</ele>
      </trkpt>
      <trkpt lat="58.93662" lon="22.11363">
        <ele>18.6</ele>
      </trkpt>
      <trkpt lat="58.93681" lon="22.11232">
        <ele>17.3</ele>
      </trkpt>
      <trkpt lat="58.93701" lon="22.111">
        <ele>17.4</ele>
      </trkpt>
      <trkpt lat="58.93711" lon="22.11035">
        <ele>17.7</ele>
      </trkpt>
      <trkpt lat="58.93726" lon="22.10933">
        <ele>18.6</ele>
      </trkpt>
      <trkpt lat="58.93741" lon="22.10832">
        <ele>19.3</ele>
      </trkpt>
      <trkpt lat="58.9375" lon="22.107">
        <ele>20.0</ele>
      </trkpt>
      <trkpt lat="58.93747" lon="22.10607">
        <ele>22.9</ele>
      </trkpt>
      <trkpt lat="58.93729" lon="22.10509">
        <ele>26.9</ele>
      </trkpt>
      <trkpt lat="58.93692" lon="22.10392">
        <ele>29.1</ele>
      </trkpt>
      <trkpt lat="58.93681" lon="22.1034">
        <ele>29.2</ele>
      </trkpt>
      <trkpt lat="58.93676" lon="22.10284">
        <ele>30.2</ele>
      </trkpt>
      <trkpt lat="58.93675" lon="22.10129">
        <ele>31.9</ele>
      </trkpt>
      <trkpt lat="58.93674" lon="22.09974">
        <ele>28.3</ele>
      </trkpt>
      <trkpt lat="58.93677" lon="22.09867">
        <ele>26.2</ele>
      </trkpt>
      <trkpt lat="58.9368" lon="22.09761">
        <ele>24.4</ele>
      </trkpt>
      <trkpt lat="58.93668" lon="22.09623">
        <ele>22.5</ele>
      </trkpt>
      <trkpt lat="58.93656" lon="22.09485">
        <ele>21.7</ele>
      </trkpt>
      <trkpt lat="58.93643" lon="22.09393">
        <ele>20.5</ele>
      </trkpt>
      <trkpt lat="58.93616" lon="22.09253">
        <ele>22.5</ele>
      </trkpt>
      <trkpt lat="58.93588" lon="22.09113">
        <ele>25.9</ele>
      </trkpt>
      <trkpt lat="58.93561" lon="22.08973">
        <ele>26.5</ele>
      </trkpt>
      <trkpt lat="58.93541" lon="22.08841">
        <ele>26.1</ele>
      </trkpt>
      <trkpt lat="58.93529" lon="22.08688">
        <ele>25.7</ele>
      </trkpt>
      <trkpt lat="58.93514" lon="22.08551">
        <ele>25.3</ele>
      </trkpt>
      <trkpt lat="58.93507" lon="22.0844">
        <ele>24.0</ele>
      </trkpt>
      <trkpt lat="58.93507" lon="22.08289">
        <ele>22.9</ele>
      </trkpt>
      <trkpt lat="58.93507" lon="22.08248">
        <ele>24.0</ele>
      </trkpt>
      <trkpt lat="58.93515" lon="22.08134">
        <ele>26.5</ele>
      </trkpt>
      <trkpt lat="58.93541" lon="22.07972">
        <ele>26.3</ele>
      </trkpt>
      <trkpt lat="58.93546" lon="22.07864">
        <ele>24.0</ele>
      </trkpt>
      <trkpt lat="58.93537" lon="22.0773">
        <ele>23.1</ele>
      </trkpt>
      <trkpt lat="58.93519" lon="22.07561">
        <ele>22.5</ele>
      </trkpt>
      <trkpt lat="58.935" lon="22.07393">
        <ele>21.7</ele>
      </trkpt>
      <trkpt lat="58.93481" lon="22.07224">
        <ele>23.9</ele>
      </trkpt>
      <trkpt lat="58.93463" lon="22.07055">
        <ele>24.8</ele>
      </trkpt>
      <trkpt lat="58.93454" lon="22.07012">
        <ele>25.0</ele>
      </trkpt>
      <trkpt lat="58.93422" lon="22.0693">
        <ele>26.9</ele>
      </trkpt>
      <trkpt lat="58.93391" lon="22.06859">
        <ele>26.8</ele>
      </trkpt>
      <trkpt lat="58.9336" lon="22.06788">
        <ele>26.3</ele>
      </trkpt>
      <trkpt lat="58.93336" lon="22.06746">
        <ele>26.9</ele>
      </trkpt>
      <trkpt lat="58.93359" lon="22.06717">
        <ele>26.3</ele>
      </trkpt>
      <trkpt lat="58.93388" lon="22.06695">
        <ele>25.3</ele>
      </trkpt>
      <trkpt lat="58.93455" lon="22.06659">
        <ele>23.9</ele>
      </trkpt>
      <trkpt lat="58.93466" lon="22.06649">
        <ele>23.6</ele>
      </trkpt>
      <trkpt lat="58.93477" lon="22.06637">
        <ele>23.2</ele>
      </trkpt>
      <trkpt lat="58.93488" lon="22.06615">
        <ele>22.4</ele>
      </trkpt>
      <trkpt lat="58.93507" lon="22.06567">
        <ele>20.7</ele>
      </trkpt>
      <trkpt lat="58.93527" lon="22.06524">
        <ele>19.9</ele>
      </trkpt>
      <trkpt lat="58.93568" lon="22.06462">
        <ele>20.4</ele>
      </trkpt>
      <trkpt lat="58.93599" lon="22.06409">
        <ele>21.3</ele>
      </trkpt>
      <trkpt lat="58.93644" lon="22.06346">
        <ele>22.0</ele>
      </trkpt>
      <trkpt lat="58.93701" lon="22.06288">
        <ele>21.6</ele>
      </trkpt>
      <trkpt lat="58.93781" lon="22.06223">
        <ele>20.6</ele>
      </trkpt>
      <trkpt lat="58.9383" lon="22.06196">
        <ele>20.0</ele>
      </trkpt>
      <trkpt lat="58.93879" lon="22.06169">
        <ele>20.6</ele>
      </trkpt>
      <trkpt lat="58.93956" lon="22.06155">
        <ele>20.9</ele>
      </trkpt>
      <trkpt lat="58.93985" lon="22.06137">
        <ele>20.6</ele>
      </trkpt>
      <trkpt lat="58.94037" lon="22.06097">
        <ele>17.7</ele>
      </trkpt>
      <trkpt lat="58.94061" lon="22.06068">
        <ele>16.6</ele>
      </trkpt>
      <trkpt lat="58.94081" lon="22.06041">
        <ele>16.1</ele>
      </trkpt>
      <trkpt lat="58.94102" lon="22.06008">
        <ele>14.7</ele>
      </trkpt>
      <trkpt lat="58.94111" lon="22.05982">
        <ele>14.3</ele>
      </trkpt>
      <trkpt lat="58.94115" lon="22.05955">
        <ele>14.3</ele>
      </trkpt>
      <trkpt lat="58.94115" lon="22.05928">
        <ele>14.8</ele>
      </trkpt>
      <trkpt lat="58.94105" lon="22.0583">
        <ele>17.2</ele>
      </trkpt>
      <trkpt lat="58.94095" lon="22.05732">
        <ele>17.3</ele>
      </trkpt>
      <trkpt lat="58.94088" lon="22.05689">
        <ele>17.1</ele>
      </trkpt>
      <trkpt lat="58.94068" lon="22.05643">
        <ele>16.5</ele>
      </trkpt>
      <trkpt lat="58.94061" lon="22.05629">
        <ele>16.2</ele>
      </trkpt>
      <trkpt lat="58.94047" lon="22.05614">
        <ele>16.0</ele>
      </trkpt>
      <trkpt lat="58.94011" lon="22.05582">
        <ele>15.9</ele>
      </trkpt>
      <trkpt lat="58.93996" lon="22.05579">
        <ele>15.8</ele>
      </trkpt>
      <trkpt lat="58.93984" lon="22.05572">
        <ele>15.3</ele>
      </trkpt>
      <trkpt lat="58.93964" lon="22.05544">
        <ele>14.2</ele>
      </trkpt>
      <trkpt lat="58.9393" lon="22.05498">
        <ele>12.4</ele>
      </trkpt>
      <trkpt lat="58.93912" lon="22.05456">
        <ele>10.9</ele>
      </trkpt>
      <trkpt lat="58.93905" lon="22.05428">
        <ele>10.3</ele>
      </trkpt>
      <trkpt lat="58.93899" lon="22.05391">
        <ele>9.4</ele>
      </trkpt>
      <trkpt lat="58.93899" lon="22.05338">
        <ele>8.3</ele>
      </trkpt>
      <trkpt lat="58.93884" lon="22.05313">
        <ele>8.1</ele>
      </trkpt>
      <trkpt lat="58.93877" lon="22.05293">
        <ele>7.8</ele>
      </trkpt>
      <trkpt lat="58.93868" lon="22.05281">
        <ele>7.6</ele>
      </trkpt>
      <trkpt lat="58.93852" lon="22.05283">
        <ele>7.7</ele>
      </trkpt>
      <trkpt lat="58.93808" lon="22.05276">
        <ele>7.6</ele>
      </trkpt>
      <trkpt lat="58.93768" lon="22.05275">
        <ele>7.6</ele>
      </trkpt>
      <trkpt lat="58.93722" lon="22.05293">
        <ele>7.9</ele>
      </trkpt>
      <trkpt lat="58.93699" lon="22.05283">
        <ele>7.5</ele>
      </trkpt>
      <trkpt lat="58.9368" lon="22.05282">
        <ele>7.4</ele>
      </trkpt>
      <trkpt lat="58.93621" lon="22.05245">
        <ele>7.0</ele>
      </trkpt>
      <trkpt lat="58.93597" lon="22.0522">
        <ele>7.0</ele>
      </trkpt>
      <trkpt lat="58.93583" lon="22.05213">
        <ele>7.0</ele>
      </trkpt>
      <trkpt lat="58.93542" lon="22.05205">
        <ele>9.7</ele>
      </trkpt>
      <trkpt lat="58.93523" lon="22.05192">
        <ele>10.8</ele>
      </trkpt>
      <trkpt lat="58.93512" lon="22.05174">
        <ele>11.4</ele>
      </trkpt>
      <trkpt lat="58.93476" lon="22.0516">
        <ele>13.9</ele>
      </trkpt>
      <trkpt lat="58.93465" lon="22.05145">
        <ele>14.1</ele>
      </trkpt>
      <trkpt lat="58.93447" lon="22.05106">
        <ele>13.2</ele>
      </trkpt>
      <trkpt lat="58.93425" lon="22.05074">
        <ele>12.9</ele>
      </trkpt>
      <trkpt lat="58.93398" lon="22.05043">
        <ele>12.5</ele>
      </trkpt>
      <trkpt lat="58.93367" lon="22.04999">
        <ele>11.9</ele>
      </trkpt>
      <trkpt lat="58.93344" lon="22.04971">
        <ele>11.7</ele>
      </trkpt>
      <trkpt lat="58.93325" lon="22.04957">
        <ele>11.5</ele>
      </trkpt>
      <trkpt lat="58.93282" lon="22.04965">
        <ele>12.5</ele>
      </trkpt>
      <trkpt lat="58.93261" lon="22.04962">
        <ele>12.6</ele>
      </trkpt>
      <trkpt lat="58.93207" lon="22.04997">
        <ele>14.3</ele>
      </trkpt>
      <trkpt lat="58.9317" lon="22.04999">
        <ele>14.0</ele>
      </trkpt>
      <trkpt lat="58.93139" lon="22.05007">
        <ele>15.0</ele>
      </trkpt>
      <trkpt lat="58.93101" lon="22.05013">
        <ele>16.2</ele>
      </trkpt>
      <trkpt lat="58.93092" lon="22.05004">
        <ele>16.0</ele>
      </trkpt>
      <trkpt lat="58.93065" lon="22.04913">
        <ele>10.5</ele>
      </trkpt>
      <trkpt lat="58.93042" lon="22.04893">
        <ele>10.3</ele>
      </trkpt>
      <trkpt lat="58.93024" lon="22.04857">
        <ele>9.6</ele>
      </trkpt>
      <trkpt lat="58.92992" lon="22.04827">
        <ele>10.0</ele>
      </trkpt>
      <trkpt lat="58.92972" lon="22.04797">
        <ele>9.7</ele>
      </trkpt>
      <trkpt lat="58.92958" lon="22.0476">
        <ele>9.3</ele>
      </trkpt>
      <trkpt lat="58.92949" lon="22.04745">
        <ele>9.4</ele>
      </trkpt>
      <trkpt lat="58.92943" lon="22.04743">
        <ele>9.7</ele>
      </trkpt>
      <trkpt lat="58.92939" lon="22.04744">
        <ele>9.9</ele>
      </trkpt>
      <trkpt lat="58.92934" lon="22.04752">
        <ele>10.2</ele>
      </trkpt>
      <trkpt lat="58.9292" lon="22.04784">
        <ele>11.3</ele>
      </trkpt>
      <trkpt lat="58.92915" lon="22.04788">
        <ele>11.5</ele>
      </trkpt>
      <trkpt lat="58.92909" lon="22.04791">
        <ele>11.7</ele>
      </trkpt>
      <trkpt lat="58.92904" lon="22.04789">
        <ele>11.8</ele>
      </trkpt>
      <trkpt lat="58.9289" lon="22.04742">
        <ele>11.6</ele>
      </trkpt>
      <trkpt lat="58.92883" lon="22.04698">
        <ele>11.6</ele>
      </trkpt>
      <trkpt lat="58.92879" lon="22.04677">
        <ele>11.5</ele>
      </trkpt>
      <trkpt lat="58.92841" lon="22.04536">
        <ele>10.2</ele>
      </trkpt>
      <trkpt lat="58.92832" lon="22.04515">
        <ele>10.2</ele>
      </trkpt>
      <trkpt lat="58.92816" lon="22.04493">
        <ele>10.3</ele>
      </trkpt>
      <trkpt lat="58.92806" lon="22.04476">
        <ele>10.3</ele>
      </trkpt>
      <trkpt lat="58.92812" lon="22.04545">
        <ele>11.3</ele>
      </trkpt>
      <trkpt lat="58.9281" lon="22.04575">
        <ele>12.0</ele>
      </trkpt>
      <trkpt lat="58.92801" lon="22.0463">
        <ele>13.5</ele>
      </trkpt>
      <trkpt lat="58.928" lon="22.04666">
        <ele>14.4</ele>
      </trkpt>
      <trkpt lat="58.92811" lon="22.04724">
        <ele>14.1</ele>
      </trkpt>
      <trkpt lat="58.92813" lon="22.04788">
        <ele>14.5</ele>
      </trkpt>
      <trkpt lat="58.92785" lon="22.04837">
        <ele>15.7</ele>
      </trkpt>
      <trkpt lat="58.92756" lon="22.04854">
        <ele>16.8</ele>
      </trkpt>
      <trkpt lat="58.92732" lon="22.04859">
        <ele>17.6</ele>
      </trkpt>
      <trkpt lat="58.9271" lon="22.04883">
        <ele>18.4</ele>
      </trkpt>
      <trkpt lat="58.92695" lon="22.04868">
        <ele>19.0</ele>
      </trkpt>
      <trkpt lat="58.92685" lon="22.04864">
        <ele>19.3</ele>
      </trkpt>
      <trkpt lat="58.92677" lon="22.04868">
        <ele>19.6</ele>
      </trkpt>
      <trkpt lat="58.92658" lon="22.04857">
        <ele>20.3</ele>
      </trkpt>
      <trkpt lat="58.92643" lon="22.04856">
        <ele>20.9</ele>
      </trkpt>
      <trkpt lat="58.92628" lon="22.04858">
        <ele>21.4</ele>
      </trkpt>
      <trkpt lat="58.92616" lon="22.04852">
        <ele>21.8</ele>
      </trkpt>
      <trkpt lat="58.92603" lon="22.04841">
        <ele>22.3</ele>
      </trkpt>
      <trkpt lat="58.92586" lon="22.04832">
        <ele>22.8</ele>
      </trkpt>
      <trkpt lat="58.9258" lon="22.04818">
        <ele>22.3</ele>
      </trkpt>
      <trkpt lat="58.92573" lon="22.04784">
        <ele>20.5</ele>
      </trkpt>
      <trkpt lat="58.92556" lon="22.04781">
        <ele>20.2</ele>
      </trkpt>
      <trkpt lat="58.9249" lon="22.04763">
        <ele>17.7</ele>
      </trkpt>
      <trkpt lat="58.92453" lon="22.04747">
        <ele>15.1</ele>
      </trkpt>
      <trkpt lat="58.92429" lon="22.0474">
        <ele>13.7</ele>
      </trkpt>
      <trkpt lat="58.92411" lon="22.04755">
        <ele>14.0</ele>
      </trkpt>
      <trkpt lat="58.92394" lon="22.0478">
        <ele>14.6</ele>
      </trkpt>
      <trkpt lat="58.92386" lon="22.04796">
        <ele>15.1</ele>
      </trkpt>
      <trkpt lat="58.92386" lon="22.04796">
        <ele>15.1</ele>
      </trkpt>
      <trkpt lat="58.92383" lon="22.048">
        <ele>15.1</ele>
      </trkpt>
      <trkpt lat="58.92371" lon="22.04811">
        <ele>14.9</ele>
      </trkpt>
      <trkpt lat="58.92362" lon="22.04815">
        <ele>14.4</ele>
      </trkpt>
      <trkpt lat="58.92347" lon="22.04835">
        <ele>14.2</ele>
      </trkpt>
      <trkpt lat="58.9234" lon="22.04842">
        <ele>13.8</ele>
      </trkpt>
      <trkpt lat="58.92335" lon="22.04842">
        <ele>13.3</ele>
      </trkpt>
      <trkpt lat="58.92329" lon="22.04839">
        <ele>12.9</ele>
      </trkpt>
      <trkpt lat="58.92323" lon="22.04822">
        <ele>11.9</ele>
      </trkpt>
      <trkpt lat="58.92315" lon="22.04808">
        <ele>10.8</ele>
      </trkpt>
      <trkpt lat="58.92307" lon="22.04807">
        <ele>10.3</ele>
      </trkpt>
      <trkpt lat="58.92299" lon="22.04809">
        <ele>9.9</ele>
      </trkpt>
      <trkpt lat="58.92276" lon="22.04816">
        <ele>8.9</ele>
      </trkpt>
      <trkpt lat="58.92268" lon="22.04824">
        <ele>8.7</ele>
      </trkpt>
      <trkpt lat="58.92263" lon="22.04831">
        <ele>8.7</ele>
      </trkpt>
      <trkpt lat="58.92265" lon="22.04842">
        <ele>8.9</ele>
      </trkpt>
      <trkpt lat="58.92265" lon="22.04857">
        <ele>9.0</ele>
      </trkpt>
      <trkpt lat="58.92257" lon="22.04888">
        <ele>8.5</ele>
      </trkpt>
      <trkpt lat="58.92247" lon="22.04918">
        <ele>7.9</ele>
      </trkpt>
      <trkpt lat="58.92239" lon="22.04935">
        <ele>7.7</ele>
      </trkpt>
      <trkpt lat="58.92231" lon="22.04945">
        <ele>7.4</ele>
      </trkpt>
      <trkpt lat="58.92224" lon="22.04949">
        <ele>7.1</ele>
      </trkpt>
      <trkpt lat="58.92193" lon="22.04931">
        <ele>5.4</ele>
      </trkpt>
      <trkpt lat="58.9217" lon="22.04953">
        <ele>4.6</ele>
      </trkpt>
      <trkpt lat="58.92157" lon="22.04975">
        <ele>4.2</ele>
      </trkpt>
      <trkpt lat="58.92153" lon="22.04997">
        <ele>4.3</ele>
      </trkpt>
      <trkpt lat="58.92152" lon="22.05013">
        <ele>4.3</ele>
      </trkpt>
      <trkpt lat="58.92152" lon="22.05067">
        <ele>4.4</ele>
      </trkpt>
      <trkpt lat="58.92136" lon="22.05161">
        <ele>4.8</ele>
      </trkpt>
      <trkpt lat="58.92136" lon="22.05193">
        <ele>5.1</ele>
      </trkpt>
      <trkpt lat="58.92141" lon="22.05267">
        <ele>6.0</ele>
      </trkpt>
      <trkpt lat="58.9214" lon="22.05304">
        <ele>6.4</ele>
      </trkpt>
      <trkpt lat="58.92145" lon="22.05378">
        <ele>7.4</ele>
      </trkpt>
      <trkpt lat="58.92145" lon="22.05415">
        <ele>7.7</ele>
      </trkpt>
      <trkpt lat="58.92142" lon="22.05438">
        <ele>7.8</ele>
      </trkpt>
      <trkpt lat="58.92136" lon="22.05465">
        <ele>7.7</ele>
      </trkpt>
      <trkpt lat="58.921217" lon="22.055621">
        <ele>7.0</ele>
      </trkpt>
      <trkpt lat="58.92121" lon="22.05567">
        <ele>6.9</ele>
      </trkpt>
      <trkpt lat="58.92124" lon="22.05585">
        <ele>6.9</ele>
      </trkpt>
      <trkpt lat="58.9213" lon="22.05581">
        <ele>7.3</ele>
      </trkpt>
      <trkpt lat="58.92131" lon="22.05581">
        <ele>7.3</ele>
      </trkpt>
      <trkpt lat="58.92137" lon="22.05583">
        <ele>7.6</ele>
      </trkpt>
      <trkpt lat="58.92145" lon="22.05598">
        <ele>7.7</ele>
      </trkpt>
      <trkpt lat="58.92159" lon="22.05636">
        <ele>7.4</ele>
      </trkpt>
      <trkpt lat="58.92167" lon="22.0566">
        <ele>7.2</ele>
      </trkpt>
      <trkpt lat="58.92185" lon="22.05746">
        <ele>7.4</ele>
      </trkpt>
      <trkpt lat="58.92192" lon="22.05766">
        <ele>7.5</ele>
      </trkpt>
      <trkpt lat="58.92193" lon="22.0578">
        <ele>7.3</ele>
      </trkpt>
      <trkpt lat="58.922" lon="22.05801">
        <ele>7.3</ele>
      </trkpt>
      <trkpt lat="58.92206" lon="22.05831">
        <ele>6.9</ele>
      </trkpt>
      <trkpt lat="58.92213" lon="22.05875">
        <ele>6.8</ele>
      </trkpt>
      <trkpt lat="58.92217" lon="22.05916">
        <ele>6.6</ele>
      </trkpt>
      <trkpt lat="58.92217" lon="22.05933">
        <ele>6.5</ele>
      </trkpt>
      <trkpt lat="58.92218" lon="22.05969">
        <ele>6.4</ele>
      </trkpt>
      <trkpt lat="58.92216" lon="22.05987">
        <ele>6.0</ele>
      </trkpt>
      <trkpt lat="58.92212" lon="22.0601">
        <ele>5.4</ele>
      </trkpt>
      <trkpt lat="58.9221" lon="22.06029">
        <ele>5.2</ele>
      </trkpt>
      <trkpt lat="58.92209" lon="22.06047">
        <ele>5.1</ele>
      </trkpt>
      <trkpt lat="58.92215" lon="22.06129">
        <ele>6.1</ele>
      </trkpt>
      <trkpt lat="58.9222" lon="22.06187">
        <ele>7.3</ele>
      </trkpt>
      <trkpt lat="58.92223" lon="22.06247">
        <ele>8.4</ele>
      </trkpt>
      <trkpt lat="58.92223" lon="22.06272">
        <ele>8.8</ele>
      </trkpt>
      <trkpt lat="58.92218" lon="22.06282">
        <ele>8.6</ele>
      </trkpt>
      <trkpt lat="58.92203" lon="22.06323">
        <ele>8.4</ele>
      </trkpt>
      <trkpt lat="58.92191" lon="22.0633">
        <ele>7.7</ele>
      </trkpt>
      <trkpt lat="58.9218" lon="22.06337">
        <ele>7.1</ele>
      </trkpt>
      <trkpt lat="58.92141" lon="22.06383">
        <ele>7.0</ele>
      </trkpt>
      <trkpt lat="58.92117" lon="22.06404">
        <ele>6.8</ele>
      </trkpt>
      <trkpt lat="58.92099" lon="22.06417">
        <ele>6.6</ele>
      </trkpt>
      <trkpt lat="58.92088" lon="22.06434">
        <ele>6.8</ele>
      </trkpt>
      <trkpt lat="58.92089" lon="22.06459">
        <ele>7.7</ele>
      </trkpt>
      <trkpt lat="58.92086" lon="22.06484">
        <ele>8.5</ele>
      </trkpt>
      <trkpt lat="58.92079" lon="22.0651">
        <ele>9.1</ele>
      </trkpt>
      <trkpt lat="58.92059" lon="22.06602">
        <ele>10.4</ele>
      </trkpt>
      <trkpt lat="58.9204" lon="22.06651">
        <ele>11.7</ele>
      </trkpt>
      <trkpt lat="58.92032" lon="22.06678">
        <ele>12.6</ele>
      </trkpt>
      <trkpt lat="58.92024" lon="22.06714">
        <ele>13.7</ele>
      </trkpt>
      <trkpt lat="58.92018" lon="22.06776">
        <ele>15.5</ele>
      </trkpt>
      <trkpt lat="58.92011" lon="22.06897">
        <ele>17.2</ele>
      </trkpt>
      <trkpt lat="58.92004" lon="22.07019">
        <ele>16.9</ele>
      </trkpt>
      <trkpt lat="58.91998" lon="22.07071">
        <ele>16.2</ele>
      </trkpt>
      <trkpt lat="58.91993" lon="22.07092">
        <ele>15.9</ele>
      </trkpt>
      <trkpt lat="58.9198" lon="22.07196">
        <ele>14.5</ele>
      </trkpt>
      <trkpt lat="58.91968" lon="22.07301">
        <ele>14.2</ele>
      </trkpt>
      <trkpt lat="58.91953" lon="22.07416">
        <ele>14.7</ele>
      </trkpt>
      <trkpt lat="58.91938" lon="22.0753">
        <ele>16.3</ele>
      </trkpt>
      <trkpt lat="58.91919" lon="22.07693">
        <ele>17.9</ele>
      </trkpt>
      <trkpt lat="58.91896" lon="22.07754">
        <ele>18.5</ele>
      </trkpt>
      <trkpt lat="58.91886" lon="22.07793">
        <ele>18.8</ele>
      </trkpt>
      <trkpt lat="58.91878" lon="22.07843">
        <ele>19.4</ele>
      </trkpt>
      <trkpt lat="58.91874" lon="22.07888">
        <ele>20.2</ele>
      </trkpt>
      <trkpt lat="58.9188" lon="22.07959">
        <ele>20.9</ele>
      </trkpt>
      <trkpt lat="58.9189" lon="22.08049">
        <ele>21.1</ele>
      </trkpt>
      <trkpt lat="58.91901" lon="22.08141">
        <ele>21.7</ele>
      </trkpt>
      <trkpt lat="58.91932" lon="22.08294">
        <ele>20.0</ele>
      </trkpt>
      <trkpt lat="58.91947" lon="22.08358">
        <ele>19.6</ele>
      </trkpt>
      <trkpt lat="58.91963" lon="22.08443">
        <ele>19.5</ele>
      </trkpt>
      <trkpt lat="58.91984" lon="22.0857">
        <ele>18.8</ele>
      </trkpt>
      <trkpt lat="58.92001" lon="22.08648">
        <ele>18.2</ele>
      </trkpt>
      <trkpt lat="58.92032" lon="22.08808">
        <ele>18.9</ele>
      </trkpt>
      <trkpt lat="58.92017" lon="22.08871">
        <ele>19.3</ele>
      </trkpt>
      <trkpt lat="58.92003" lon="22.08922">
        <ele>20.2</ele>
      </trkpt>
      <trkpt lat="58.91992" lon="22.08945">
        <ele>20.8</ele>
      </trkpt>
      <trkpt lat="58.91987" lon="22.08975">
        <ele>21.7</ele>
      </trkpt>
      <trkpt lat="58.91957" lon="22.09067">
        <ele>21.8</ele>
      </trkpt>
      <trkpt lat="58.91933" lon="22.09151">
        <ele>21.6</ele>
      </trkpt>
      <trkpt lat="58.91926" lon="22.09169">
        <ele>21.5</ele>
      </trkpt>
      <trkpt lat="58.9192" lon="22.09174">
        <ele>21.3</ele>
      </trkpt>
      <trkpt lat="58.9191" lon="22.09254">
        <ele>22.8</ele>
      </trkpt>
      <trkpt lat="58.91903" lon="22.0927">
        <ele>22.8</ele>
      </trkpt>
      <trkpt lat="58.91896" lon="22.09295">
        <ele>23.1</ele>
      </trkpt>
      <trkpt lat="58.91891" lon="22.09325">
        <ele>23.6</ele>
      </trkpt>
      <trkpt lat="58.91891" lon="22.0936">
        <ele>24.2</ele>
      </trkpt>
      <trkpt lat="58.91895" lon="22.09387">
        <ele>24.8</ele>
      </trkpt>
      <trkpt lat="58.91896" lon="22.09425">
        <ele>25.5</ele>
      </trkpt>
      <trkpt lat="58.91891" lon="22.09492">
        <ele>26.9</ele>
      </trkpt>
      <trkpt lat="58.91887" lon="22.09519">
        <ele>26.9</ele>
      </trkpt>
      <trkpt lat="58.91873" lon="22.09549">
        <ele>26.4</ele>
      </trkpt>
      <trkpt lat="58.91856" lon="22.09575">
        <ele>25.8</ele>
      </trkpt>
      <trkpt lat="58.91854" lon="22.09591">
        <ele>25.8</ele>
      </trkpt>
      <trkpt lat="58.91845" lon="22.09613">
        <ele>25.8</ele>
      </trkpt>
      <trkpt lat="58.91844" lon="22.0963">
        <ele>25.9</ele>
      </trkpt>
      <trkpt lat="58.91851" lon="22.09668">
        <ele>26.6</ele>
      </trkpt>
      <trkpt lat="58.91832" lon="22.09723">
        <ele>26.6</ele>
      </trkpt>
      <trkpt lat="58.91837" lon="22.09774">
        <ele>27.4</ele>
      </trkpt>
      <trkpt lat="58.91838" lon="22.0981">
        <ele>27.8</ele>
      </trkpt>
      <trkpt lat="58.91834" lon="22.09825">
        <ele>27.9</ele>
      </trkpt>
      <trkpt lat="58.91835" lon="22.09849">
        <ele>28.0</ele>
      </trkpt>
      <trkpt lat="58.91827" lon="22.09872">
        <ele>27.8</ele>
      </trkpt>
      <trkpt lat="58.91822" lon="22.099">
        <ele>27.6</ele>
      </trkpt>
      <trkpt lat="58.91824" lon="22.09929">
        <ele>27.7</ele>
      </trkpt>
      <trkpt lat="58.91818" lon="22.09949">
        <ele>27.5</ele>
      </trkpt>
      <trkpt lat="58.91824" lon="22.09995">
        <ele>27.8</ele>
      </trkpt>
      <trkpt lat="58.91823" lon="22.10024">
        <ele>27.8</ele>
      </trkpt>
      <trkpt lat="58.91825" lon="22.10037">
        <ele>27.8</ele>
      </trkpt>
      <trkpt lat="58.91822" lon="22.10052">
        <ele>27.7</ele>
      </trkpt>
      <trkpt lat="58.91814" lon="22.10065">
        <ele>27.5</ele>
      </trkpt>
      <trkpt lat="58.91813" lon="22.10076">
        <ele>27.5</ele>
      </trkpt>
      <trkpt lat="58.91817" lon="22.10144">
        <ele>28.2</ele>
      </trkpt>
      <trkpt lat="58.91827" lon="22.10184">
        <ele>28.8</ele>
      </trkpt>
      <trkpt lat="58.91822" lon="22.10197">
        <ele>28.6</ele>
      </trkpt>
      <trkpt lat="58.91822" lon="22.10211">
        <ele>28.6</ele>
      </trkpt>
      <trkpt lat="58.91836" lon="22.10266">
        <ele>29.1</ele>
      </trkpt>
      <trkpt lat="58.91835" lon="22.10315">
        <ele>29.1</ele>
      </trkpt>
      <trkpt lat="58.91849" lon="22.10385">
        <ele>29.6</ele>
      </trkpt>
      <trkpt lat="58.91832" lon="22.10427">
        <ele>28.9</ele>
      </trkpt>
      <trkpt lat="58.91837" lon="22.10467">
        <ele>29.1</ele>
      </trkpt>
      <trkpt lat="58.91831" lon="22.10492">
        <ele>28.9</ele>
      </trkpt>
      <trkpt lat="58.91832" lon="22.10508">
        <ele>29.0</ele>
      </trkpt>
      <trkpt lat="58.91827" lon="22.10546">
        <ele>28.8</ele>
      </trkpt>
      <trkpt lat="58.91828" lon="22.106">
        <ele>28.7</ele>
      </trkpt>
      <trkpt lat="58.91825" lon="22.1066">
        <ele>28.1</ele>
      </trkpt>
      <trkpt lat="58.9181" lon="22.10718">
        <ele>28.2</ele>
      </trkpt>
      <trkpt lat="58.91801" lon="22.10806">
        <ele>28.6</ele>
      </trkpt>
      <trkpt lat="58.91799" lon="22.10849">
        <ele>29.0</ele>
      </trkpt>
      <trkpt lat="58.91793" lon="22.10862">
        <ele>29.3</ele>
      </trkpt>
      <trkpt lat="58.91791" lon="22.10879">
        <ele>29.6</ele>
      </trkpt>
      <trkpt lat="58.91777" lon="22.10902">
        <ele>29.9</ele>
      </trkpt>
      <trkpt lat="58.91772" lon="22.10948">
        <ele>30.5</ele>
      </trkpt>
      <trkpt lat="58.91773" lon="22.10959">
        <ele>30.6</ele>
      </trkpt>
      <trkpt lat="58.91754" lon="22.10993">
        <ele>31.0</ele>
      </trkpt>
      <trkpt lat="58.91754" lon="22.11036">
        <ele>31.1</ele>
      </trkpt>
      <trkpt lat="58.91745" lon="22.11051">
        <ele>31.0</ele>
      </trkpt>
      <trkpt lat="58.91727" lon="22.1111">
        <ele>30.6</ele>
      </trkpt>
      <trkpt lat="58.91722" lon="22.11118">
        <ele>30.5</ele>
      </trkpt>
      <trkpt lat="58.91718" lon="22.11139">
        <ele>30.4</ele>
      </trkpt>
      <trkpt lat="58.917115" lon="22.111488">
        <ele>30.2</ele>
      </trkpt>
      <trkpt lat="58.916775" lon="22.112582">
        <ele>28.1</ele>
      </trkpt>
      <trkpt lat="58.916775" lon="22.112582">
        <ele>28.1</ele>
      </trkpt>
      <trkpt lat="58.916118" lon="22.113923">
        <ele>27.2</ele>
      </trkpt>
      <trkpt lat="58.916118" lon="22.113923">
        <ele>27.2</ele>
      </trkpt>
      <trkpt lat="58.916017" lon="22.116292">
        <ele>31.9</ele>
      </trkpt>
      <trkpt lat="58.915915" lon="22.118661">
        <ele>31.3</ele>
      </trkpt>
      <trkpt lat="58.915915" lon="22.118661">
        <ele>31.3</ele>
      </trkpt>
      <trkpt lat="58.91562" lon="22.12122">
        <ele>30.7</ele>
      </trkpt>
      <trkpt lat="58.91511" lon="22.12209">
        <ele>30.0</ele>
      </trkpt>
      <trkpt lat="58.91493" lon="22.12246">
        <ele>29.3</ele>
      </trkpt>
      <trkpt lat="58.91487" lon="22.12266">
        <ele>29.1</ele>
      </trkpt>
      <trkpt lat="58.91482" lon="22.12294">
        <ele>28.7</ele>
      </trkpt>
      <trkpt lat="58.91473" lon="22.12341">
        <ele>28.4</ele>
      </trkpt>
      <trkpt lat="58.91482" lon="22.12438">
        <ele>29.2</ele>
      </trkpt>
      <trkpt lat="58.91482" lon="22.12459">
        <ele>29.5</ele>
      </trkpt>
      <trkpt lat="58.91465" lon="22.12521">
        <ele>28.9</ele>
      </trkpt>
      <trkpt lat="58.9146" lon="22.12551">
        <ele>28.6</ele>
      </trkpt>
      <trkpt lat="58.91454" lon="22.12612">
        <ele>28.2</ele>
      </trkpt>
      <trkpt lat="58.91442" lon="22.12684">
        <ele>27.6</ele>
      </trkpt>
      <trkpt lat="58.91421" lon="22.12774">
        <ele>29.0</ele>
      </trkpt>
      <trkpt lat="58.914" lon="22.12818">
        <ele>28.7</ele>
      </trkpt>
      <trkpt lat="58.91394" lon="22.12848">
        <ele>28.6</ele>
      </trkpt>
      <trkpt lat="58.91387" lon="22.12865">
        <ele>27.9</ele>
      </trkpt>
      <trkpt lat="58.91384" lon="22.12878">
        <ele>27.7</ele>
      </trkpt>
      <trkpt lat="58.91372" lon="22.12914">
        <ele>26.7</ele>
      </trkpt>
      <trkpt lat="58.91359" lon="22.12937">
        <ele>25.6</ele>
      </trkpt>
      <trkpt lat="58.91351" lon="22.12972">
        <ele>25.1</ele>
      </trkpt>
      <trkpt lat="58.91348" lon="22.13">
        <ele>25.1</ele>
      </trkpt>
      <trkpt lat="58.91338" lon="22.13031">
        <ele>23.6</ele>
      </trkpt>
      <trkpt lat="58.91319" lon="22.13159">
        <ele>18.6</ele>
      </trkpt>
      <trkpt lat="58.9131" lon="22.13207">
        <ele>17.4</ele>
      </trkpt>
      <trkpt lat="58.91322" lon="22.13219">
        <ele>17.8</ele>
      </trkpt>
      <trkpt lat="58.91331" lon="22.13234">
        <ele>18.1</ele>
      </trkpt>
      <trkpt lat="58.91383" lon="22.13355">
        <ele>22.2</ele>
      </trkpt>
      <trkpt lat="58.91389" lon="22.13376">
        <ele>22.5</ele>
      </trkpt>
      <trkpt lat="58.91396" lon="22.13405">
        <ele>22.7</ele>
      </trkpt>
      <trkpt lat="58.91399" lon="22.1343">
        <ele>22.4</ele>
      </trkpt>
      <trkpt lat="58.91405" lon="22.1354">
        <ele>21.7</ele>
      </trkpt>
      <trkpt lat="58.91412" lon="22.13583">
        <ele>22.9</ele>
      </trkpt>
      <trkpt lat="58.91456" lon="22.13695">
        <ele>29.4</ele>
      </trkpt>
      <trkpt lat="58.91476" lon="22.13778">
        <ele>32.2</ele>
      </trkpt>
      <trkpt lat="58.91496" lon="22.13861">
        <ele>34.8</ele>
      </trkpt>
      <trkpt lat="58.91509" lon="22.13944">
        <ele>34.9</ele>
      </trkpt>
      <trkpt lat="58.91513" lon="22.14033">
        <ele>34.7</ele>
      </trkpt>
      <trkpt lat="58.91518" lon="22.14121">
        <ele>34.9</ele>
      </trkpt>
      <trkpt lat="58.91543" lon="22.14266">
        <ele>34.6</ele>
      </trkpt>
      <trkpt lat="58.91554" lon="22.14347">
        <ele>34.9</ele>
      </trkpt>
      <trkpt lat="58.91559" lon="22.14397">
        <ele>34.3</ele>
      </trkpt>
      <trkpt lat="58.91562" lon="22.14408">
        <ele>34.1</ele>
      </trkpt>
      <trkpt lat="58.91573" lon="22.14418">
        <ele>33.5</ele>
      </trkpt>
      <trkpt lat="58.91571" lon="22.14465">
        <ele>32.6</ele>
      </trkpt>
      <trkpt lat="58.915711" lon="22.144645">
        <ele>32.6</ele>
      </trkpt>
      <trkpt lat="58.91572" lon="22.14512">
        <ele>31.7</ele>
      </trkpt>
      <trkpt lat="58.91576" lon="22.14608">
        <ele>31.3</ele>
      </trkpt>
      <trkpt lat="58.91581" lon="22.14704">
        <ele>32.4</ele>
      </trkpt>
      <trkpt lat="58.91591" lon="22.14864">
        <ele>34.0</ele>
      </trkpt>
      <trkpt lat="58.91601" lon="22.15023">
        <ele>35.0</ele>
      </trkpt>
      <trkpt lat="58.91608" lon="22.15109">
        <ele>35.6</ele>
      </trkpt>
      <trkpt lat="58.91615" lon="22.15195">
        <ele>36.1</ele>
      </trkpt>
      <trkpt lat="58.91622" lon="22.15248">
        <ele>36.1</ele>
      </trkpt>
      <trkpt lat="58.91639" lon="22.15361">
        <ele>35.9</ele>
      </trkpt>
      <trkpt lat="58.91656" lon="22.15473">
        <ele>36.0</ele>
      </trkpt>
      <trkpt lat="58.91686" lon="22.15635">
        <ele>36.3</ele>
      </trkpt>
      <trkpt lat="58.91717" lon="22.15797">
        <ele>35.7</ele>
      </trkpt>
      <trkpt lat="58.91747" lon="22.15959">
        <ele>35.6</ele>
      </trkpt>
      <trkpt lat="58.91753" lon="22.15999">
        <ele>36.1</ele>
      </trkpt>
      <trkpt lat="58.91752" lon="22.161">
        <ele>35.9</ele>
      </trkpt>
      <trkpt lat="58.91746" lon="22.16163">
        <ele>35.1</ele>
      </trkpt>
      <trkpt lat="58.91726" lon="22.16312">
        <ele>35.6</ele>
      </trkpt>
      <trkpt lat="58.91706" lon="22.16462">
        <ele>35.2</ele>
      </trkpt>
      <trkpt lat="58.91686" lon="22.16611">
        <ele>34.9</ele>
      </trkpt>
      <trkpt lat="58.91667" lon="22.1676">
        <ele>33.6</ele>
      </trkpt>
      <trkpt lat="58.91647" lon="22.1691">
        <ele>31.5</ele>
      </trkpt>
      <trkpt lat="58.91627" lon="22.17059">
        <ele>33.6</ele>
      </trkpt>
      <trkpt lat="58.91619" lon="22.17165">
        <ele>38.5</ele>
      </trkpt>
      <trkpt lat="58.91614" lon="22.17258">
        <ele>40.2</ele>
      </trkpt>
      <trkpt lat="58.91611" lon="22.17326">
        <ele>41.5</ele>
      </trkpt>
      <trkpt lat="58.91608" lon="22.17468">
        <ele>42.3</ele>
      </trkpt>
      <trkpt lat="58.91605" lon="22.17609">
        <ele>42.6</ele>
      </trkpt>
      <trkpt lat="58.91602" lon="22.17751">
        <ele>42.3</ele>
      </trkpt>
      <trkpt lat="58.91599" lon="22.17893">
        <ele>42.1</ele>
      </trkpt>
      <trkpt lat="58.91562" lon="22.1796">
        <ele>41.8</ele>
      </trkpt>
      <trkpt lat="58.91515" lon="22.18067">
        <ele>43.1</ele>
      </trkpt>
      <trkpt lat="58.91468" lon="22.18174">
        <ele>44.0</ele>
      </trkpt>
      <trkpt lat="58.91423" lon="22.1826">
        <ele>43.9</ele>
      </trkpt>
      <trkpt lat="58.91344" lon="22.18337">
        <ele>40.4</ele>
      </trkpt>
      <trkpt lat="58.91266" lon="22.18413">
        <ele>38.5</ele>
      </trkpt>
      <trkpt lat="58.91185" lon="22.18448">
        <ele>38.1</ele>
      </trkpt>
      <trkpt lat="58.91104" lon="22.18484">
        <ele>39.2</ele>
      </trkpt>
      <trkpt lat="58.91023" lon="22.18519">
        <ele>40.0</ele>
      </trkpt>
      <trkpt lat="58.90937" lon="22.18534">
        <ele>41.3</ele>
      </trkpt>
      <trkpt lat="58.9085" lon="22.18549">
        <ele>40.9</ele>
      </trkpt>
      <trkpt lat="58.90764" lon="22.18564">
        <ele>38.2</ele>
      </trkpt>
      <trkpt lat="58.90705" lon="22.18582">
        <ele>37.0</ele>
      </trkpt>
      <trkpt lat="58.90631" lon="22.18648">
        <ele>36.9</ele>
      </trkpt>
      <trkpt lat="58.90563" lon="22.18727">
        <ele>37.9</ele>
      </trkpt>
      <trkpt lat="58.90494" lon="22.18806">
        <ele>39.1</ele>
      </trkpt>
      <trkpt lat="58.90425" lon="22.18885">
        <ele>37.3</ele>
      </trkpt>
      <trkpt lat="58.90356" lon="22.18963">
        <ele>34.4</ele>
      </trkpt>
      <trkpt lat="58.9032" lon="22.19025">
        <ele>32.7</ele>
      </trkpt>
      <trkpt lat="58.90294" lon="22.19112">
        <ele>31.9</ele>
      </trkpt>
      <trkpt lat="58.90268" lon="22.19175">
        <ele>31.2</ele>
      </trkpt>
      <trkpt lat="58.90243" lon="22.19251">
        <ele>30.8</ele>
      </trkpt>
      <trkpt lat="58.90234" lon="22.19298">
        <ele>30.2</ele>
      </trkpt>
      <trkpt lat="58.90224" lon="22.19368">
        <ele>30.0</ele>
      </trkpt>
      <trkpt lat="58.90215" lon="22.19427">
        <ele>30.3</ele>
      </trkpt>
      <trkpt lat="58.90211" lon="22.19471">
        <ele>30.7</ele>
      </trkpt>
      <trkpt lat="58.90189" lon="22.19576">
        <ele>30.5</ele>
      </trkpt>
      <trkpt lat="58.90167" lon="22.19681">
        <ele>31.0</ele>
      </trkpt>
      <trkpt lat="58.90149" lon="22.19728">
        <ele>31.8</ele>
      </trkpt>
      <trkpt lat="58.90125" lon="22.19777">
        <ele>33.3</ele>
      </trkpt>
      <trkpt lat="58.90108" lon="22.19805">
        <ele>34.5</ele>
      </trkpt>
      <trkpt lat="58.90093" lon="22.19822">
        <ele>35.4</ele>
      </trkpt>
      <trkpt lat="58.90072" lon="22.19843">
        <ele>36.2</ele>
      </trkpt>
      <trkpt lat="58.90007" lon="22.19936">
        <ele>37.7</ele>
      </trkpt>
      <trkpt lat="58.89943" lon="22.20029">
        <ele>40.3</ele>
      </trkpt>
      <trkpt lat="58.89932" lon="22.20053">
        <ele>40.7</ele>
      </trkpt>
      <trkpt lat="58.89923" lon="22.20167">
        <ele>42.2</ele>
      </trkpt>
      <trkpt lat="58.89893" lon="22.20271">
        <ele>41.5</ele>
      </trkpt>
      <trkpt lat="58.89849" lon="22.20382">
        <ele>40.1</ele>
      </trkpt>
      <trkpt lat="58.89844" lon="22.20411">
        <ele>40.0</ele>
      </trkpt>
      <trkpt lat="58.89847" lon="22.20465">
        <ele>39.4</ele>
      </trkpt>
      <trkpt lat="58.89867" lon="22.20556">
        <ele>39.1</ele>
      </trkpt>
      <trkpt lat="58.89887" lon="22.20647">
        <ele>38.5</ele>
      </trkpt>
      <trkpt lat="58.89891" lon="22.20671">
        <ele>38.2</ele>
      </trkpt>
      <trkpt lat="58.89892" lon="22.20695">
        <ele>38.1</ele>
      </trkpt>
      <trkpt lat="58.89891" lon="22.20726">
        <ele>38.0</ele>
      </trkpt>
      <trkpt lat="58.89885" lon="22.20762">
        <ele>38.1</ele>
      </trkpt>
      <trkpt lat="58.89874" lon="22.20808">
        <ele>38.2</ele>
      </trkpt>
      <trkpt lat="58.89864" lon="22.20839">
        <ele>38.0</ele>
      </trkpt>
      <trkpt lat="58.89849" lon="22.20876">
        <ele>37.6</ele>
      </trkpt>
      <trkpt lat="58.89843" lon="22.20902">
        <ele>37.3</ele>
      </trkpt>
      <trkpt lat="58.89843" lon="22.2092">
        <ele>37.1</ele>
      </trkpt>
      <trkpt lat="58.8985" lon="22.20961">
        <ele>36.8</ele>
      </trkpt>
      <trkpt lat="58.89849" lon="22.20998">
        <ele>36.4</ele>
      </trkpt>
      <trkpt lat="58.89773" lon="22.20988">
        <ele>35.5</ele>
      </trkpt>
      <trkpt lat="58.89696" lon="22.20978">
        <ele>36.0</ele>
      </trkpt>
      <trkpt lat="58.8962" lon="22.20968">
        <ele>36.9</ele>
      </trkpt>
      <trkpt lat="58.89586" lon="22.20966">
        <ele>37.4</ele>
      </trkpt>
      <trkpt lat="58.89558" lon="22.2097">
        <ele>37.4</ele>
      </trkpt>
      <trkpt lat="58.89511" lon="22.20998">
        <ele>37.0</ele>
      </trkpt>
      <trkpt lat="58.89481" lon="22.21027">
        <ele>37.0</ele>
      </trkpt>
      <trkpt lat="58.8946" lon="22.21056">
        <ele>37.0</ele>
      </trkpt>
      <trkpt lat="58.89422" lon="22.21125">
        <ele>36.6</ele>
      </trkpt>
      <trkpt lat="58.89371" lon="22.21251">
        <ele>37.0</ele>
      </trkpt>
      <trkpt lat="58.89319" lon="22.21378">
        <ele>37.0</ele>
      </trkpt>
      <trkpt lat="58.89267" lon="22.21504">
        <ele>36.2</ele>
      </trkpt>
      <trkpt lat="58.89238" lon="22.21585">
        <ele>35.9</ele>
      </trkpt>
      <trkpt lat="58.8922" lon="22.21637">
        <ele>36.3</ele>
      </trkpt>
      <trkpt lat="58.89197" lon="22.21734">
        <ele>36.1</ele>
      </trkpt>
      <trkpt lat="58.89172" lon="22.21853">
        <ele>35.6</ele>
      </trkpt>
      <trkpt lat="58.89157" lon="22.21941">
        <ele>34.6</ele>
      </trkpt>
      <trkpt lat="58.8914" lon="22.22005">
        <ele>33.7</ele>
      </trkpt>
      <trkpt lat="58.89102" lon="22.22094">
        <ele>33.4</ele>
      </trkpt>
      <trkpt lat="58.89086" lon="22.22121">
        <ele>32.6</ele>
      </trkpt>
      <trkpt lat="58.89017" lon="22.22223">
        <ele>28.9</ele>
      </trkpt>
      <trkpt lat="58.88949" lon="22.22323">
        <ele>26.8</ele>
      </trkpt>
      <trkpt lat="58.88897" lon="22.22401">
        <ele>27.2</ele>
      </trkpt>
      <trkpt lat="58.88846" lon="22.2248">
        <ele>27.2</ele>
      </trkpt>
      <trkpt lat="58.88834" lon="22.22507">
        <ele>26.8</ele>
      </trkpt>
      <trkpt lat="58.88823" lon="22.22566">
        <ele>25.0</ele>
      </trkpt>
      <trkpt lat="58.88811" lon="22.22653">
        <ele>21.9</ele>
      </trkpt>
      <trkpt lat="58.88799" lon="22.2274">
        <ele>19.6</ele>
      </trkpt>
      <trkpt lat="58.88798" lon="22.22796">
        <ele>18.3</ele>
      </trkpt>
      <trkpt lat="58.888" lon="22.22851">
        <ele>17.1</ele>
      </trkpt>
      <trkpt lat="58.88793" lon="22.22937">
        <ele>14.6</ele>
      </trkpt>
      <trkpt lat="58.88778" lon="22.23027">
        <ele>12.9</ele>
      </trkpt>
      <trkpt lat="58.88753" lon="22.23153">
        <ele>13.8</ele>
      </trkpt>
      <trkpt lat="58.88728" lon="22.2328">
        <ele>14.0</ele>
      </trkpt>
      <trkpt lat="58.88704" lon="22.23407">
        <ele>13.9</ele>
      </trkpt>
      <trkpt lat="58.88681" lon="22.23504">
        <ele>14.1</ele>
      </trkpt>
      <trkpt lat="58.88647" lon="22.23591">
        <ele>12.7</ele>
      </trkpt>
      <trkpt lat="58.88597" lon="22.23706">
        <ele>12.5</ele>
      </trkpt>
      <trkpt lat="58.88576" lon="22.23765">
        <ele>13.0</ele>
      </trkpt>
      <trkpt lat="58.88574" lon="22.23781">
        <ele>13.1</ele>
      </trkpt>
      <trkpt lat="58.88574" lon="22.23798">
        <ele>13.4</ele>
      </trkpt>
      <trkpt lat="58.88574" lon="22.23816">
        <ele>13.6</ele>
      </trkpt>
      <trkpt lat="58.8858" lon="22.23847">
        <ele>13.9</ele>
      </trkpt>
      <trkpt lat="58.88587" lon="22.23871">
        <ele>14.0</ele>
      </trkpt>
      <trkpt lat="58.88647" lon="22.23984">
        <ele>15.4</ele>
      </trkpt>
      <trkpt lat="58.88708" lon="22.24096">
        <ele>15.4</ele>
      </trkpt>
      <trkpt lat="58.88722" lon="22.24152">
        <ele>14.2</ele>
      </trkpt>
      <trkpt lat="58.88738" lon="22.24281">
        <ele>11.9</ele>
      </trkpt>
      <trkpt lat="58.88755" lon="22.24411">
        <ele>11.1</ele>
      </trkpt>
      <trkpt lat="58.88772" lon="22.2454">
        <ele>10.4</ele>
      </trkpt>
      <trkpt lat="58.88775" lon="22.2458">
        <ele>10.6</ele>
      </trkpt>
      <trkpt lat="58.88777" lon="22.24627">
        <ele>11.2</ele>
      </trkpt>
      <trkpt lat="58.88776" lon="22.24707">
        <ele>11.6</ele>
      </trkpt>
      <trkpt lat="58.88777" lon="22.24767">
        <ele>11.4</ele>
      </trkpt>
      <trkpt lat="58.88784" lon="22.24848">
        <ele>10.7</ele>
      </trkpt>
      <trkpt lat="58.88797" lon="22.2498">
        <ele>10.1</ele>
      </trkpt>
      <trkpt lat="58.88811" lon="22.25111">
        <ele>10.2</ele>
      </trkpt>
      <trkpt lat="58.88817" lon="22.25188">
        <ele>10.9</ele>
      </trkpt>
      <trkpt lat="58.88825" lon="22.25336">
        <ele>11.1</ele>
      </trkpt>
      <trkpt lat="58.88833" lon="22.25484">
        <ele>11.0</ele>
      </trkpt>
      <trkpt lat="58.88842" lon="22.25632">
        <ele>10.3</ele>
      </trkpt>
      <trkpt lat="58.8885" lon="22.2578">
        <ele>10.9</ele>
      </trkpt>
      <trkpt lat="58.88858" lon="22.25928">
        <ele>13.4</ele>
      </trkpt>
      <trkpt lat="58.88867" lon="22.26018">
        <ele>14.8</ele>
      </trkpt>
      <trkpt lat="58.88881" lon="22.26098">
        <ele>14.5</ele>
      </trkpt>
      <trkpt lat="58.88928" lon="22.2621">
        <ele>13.9</ele>
      </trkpt>
      <trkpt lat="58.88976" lon="22.26322">
        <ele>13.3</ele>
      </trkpt>
      <trkpt lat="58.89014" lon="22.26425">
        <ele>10.6</ele>
      </trkpt>
      <trkpt lat="58.89042" lon="22.26562">
        <ele>9.2</ele>
      </trkpt>
      <trkpt lat="58.8907" lon="22.26698">
        <ele>11.4</ele>
      </trkpt>
      <trkpt lat="58.891" lon="22.26807">
        <ele>14.5</ele>
      </trkpt>
      <trkpt lat="58.89131" lon="22.26915">
        <ele>15.7</ele>
      </trkpt>
      <trkpt lat="58.89161" lon="22.27023">
        <ele>16.3</ele>
      </trkpt>
      <trkpt lat="58.89176" lon="22.27065">
        <ele>15.4</ele>
      </trkpt>
      <trkpt lat="58.89187" lon="22.27089">
        <ele>14.9</ele>
      </trkpt>
      <trkpt lat="58.89211" lon="22.27121">
        <ele>14.0</ele>
      </trkpt>
      <trkpt lat="58.89228" lon="22.27139">
        <ele>13.5</ele>
      </trkpt>
      <trkpt lat="58.89297" lon="22.27193">
        <ele>13.0</ele>
      </trkpt>
      <trkpt lat="58.89352" lon="22.2725">
        <ele>14.8</ele>
      </trkpt>
      <trkpt lat="58.89407" lon="22.27307">
        <ele>15.6</ele>
      </trkpt>
      <trkpt lat="58.89461" lon="22.27364">
        <ele>15.5</ele>
      </trkpt>
      <trkpt lat="58.89531" lon="22.27471">
        <ele>14.9</ele>
      </trkpt>
      <trkpt lat="58.89601" lon="22.27578">
        <ele>15.4</ele>
      </trkpt>
      <trkpt lat="58.8967" lon="22.27685">
        <ele>16.0</ele>
      </trkpt>
      <trkpt lat="58.8974" lon="22.27792">
        <ele>15.1</ele>
      </trkpt>
      <trkpt lat="58.8981" lon="22.27899">
        <ele>12.1</ele>
      </trkpt>
      <trkpt lat="58.89826" lon="22.27918">
        <ele>11.4</ele>
      </trkpt>
      <trkpt lat="58.89838" lon="22.27928">
        <ele>11.2</ele>
      </trkpt>
      <trkpt lat="58.89853" lon="22.27934">
        <ele>11.4</ele>
      </trkpt>
      <trkpt lat="58.8985" lon="22.2798">
        <ele>12.0</ele>
      </trkpt>
      <trkpt lat="58.89851" lon="22.28098">
        <ele>11.8</ele>
      </trkpt>
      <trkpt lat="58.8985" lon="22.28154">
        <ele>11.2</ele>
      </trkpt>
      <trkpt lat="58.89845" lon="22.28226">
        <ele>11.0</ele>
      </trkpt>
      <trkpt lat="58.89834" lon="22.2832">
        <ele>11.0</ele>
      </trkpt>
      <trkpt lat="58.89829" lon="22.2835">
        <ele>11.0</ele>
      </trkpt>
      <trkpt lat="58.89823" lon="22.28381">
        <ele>11.1</ele>
      </trkpt>
      <trkpt lat="58.89798" lon="22.28487">
        <ele>11.1</ele>
      </trkpt>
      <trkpt lat="58.89776" lon="22.28594">
        <ele>10.2</ele>
      </trkpt>
      <trkpt lat="58.89765" lon="22.28721">
        <ele>10.8</ele>
      </trkpt>
      <trkpt lat="58.89753" lon="22.28849">
        <ele>13.0</ele>
      </trkpt>
      <trkpt lat="58.89739" lon="22.28962">
        <ele>13.3</ele>
      </trkpt>
      <trkpt lat="58.89724" lon="22.29075">
        <ele>12.5</ele>
      </trkpt>
      <trkpt lat="58.89709" lon="22.29188">
        <ele>11.0</ele>
      </trkpt>
      <trkpt lat="58.89683" lon="22.29353">
        <ele>9.6</ele>
      </trkpt>
      <trkpt lat="58.89656" lon="22.29518">
        <ele>10.3</ele>
      </trkpt>
      <trkpt lat="58.89637" lon="22.29614">
        <ele>11.1</ele>
      </trkpt>
      <trkpt lat="58.89617" lon="22.29709">
        <ele>10.8</ele>
      </trkpt>
      <trkpt lat="58.89585" lon="22.29797">
        <ele>10.6</ele>
      </trkpt>
      <trkpt lat="58.89554" lon="22.29885">
        <ele>10.8</ele>
      </trkpt>
      <trkpt lat="58.89538" lon="22.29918">
        <ele>10.4</ele>
      </trkpt>
      <trkpt lat="58.89503" lon="22.29972">
        <ele>9.4</ele>
      </trkpt>
      <trkpt lat="58.89469" lon="22.30019">
        <ele>8.5</ele>
      </trkpt>
      <trkpt lat="58.8946" lon="22.30034">
        <ele>8.3</ele>
      </trkpt>
      <trkpt lat="58.89455" lon="22.30052">
        <ele>8.2</ele>
      </trkpt>
      <trkpt lat="58.89455" lon="22.30065">
        <ele>8.1</ele>
      </trkpt>
      <trkpt lat="58.89457" lon="22.30076">
        <ele>8.0</ele>
      </trkpt>
      <trkpt lat="58.89469" lon="22.30106">
        <ele>7.7</ele>
      </trkpt>
      <trkpt lat="58.89467" lon="22.30119">
        <ele>7.6</ele>
      </trkpt>
      <trkpt lat="58.89464" lon="22.30128">
        <ele>7.5</ele>
      </trkpt>
      <trkpt lat="58.8946" lon="22.30135">
        <ele>7.4</ele>
      </trkpt>
      <trkpt lat="58.89436" lon="22.30129">
        <ele>7.5</ele>
      </trkpt>
      <trkpt lat="58.89415" lon="22.30118">
        <ele>7.6</ele>
      </trkpt>
      <trkpt lat="58.89397" lon="22.30116">
        <ele>7.8</ele>
      </trkpt>
      <trkpt lat="58.89361" lon="22.30123">
        <ele>8.2</ele>
      </trkpt>
      <trkpt lat="58.89352" lon="22.30124">
        <ele>8.3</ele>
      </trkpt>
      <trkpt lat="58.89338" lon="22.30128">
        <ele>8.4</ele>
      </trkpt>
      <trkpt lat="58.89327" lon="22.30138">
        <ele>8.4</ele>
      </trkpt>
      <trkpt lat="58.89321" lon="22.30159">
        <ele>8.2</ele>
      </trkpt>
      <trkpt lat="58.8931" lon="22.30188">
        <ele>8.0</ele>
      </trkpt>
      <trkpt lat="58.89291" lon="22.30202">
        <ele>8.1</ele>
      </trkpt>
      <trkpt lat="58.89283" lon="22.30226">
        <ele>7.9</ele>
      </trkpt>
      <trkpt lat="58.89284" lon="22.30245">
        <ele>7.7</ele>
      </trkpt>
      <trkpt lat="58.89282" lon="22.30274">
        <ele>7.0</ele>
      </trkpt>
      <trkpt lat="58.8928" lon="22.30341">
        <ele>5.6</ele>
      </trkpt>
      <trkpt lat="58.89281" lon="22.30373">
        <ele>5.6</ele>
      </trkpt>
      <trkpt lat="58.8928" lon="22.30415">
        <ele>5.6</ele>
      </trkpt>
      <trkpt lat="58.89276" lon="22.30537">
        <ele>4.7</ele>
      </trkpt>
      <trkpt lat="58.89272" lon="22.3066">
        <ele>5.0</ele>
      </trkpt>
      <trkpt lat="58.89269" lon="22.30782">
        <ele>6.2</ele>
      </trkpt>
      <trkpt lat="58.89265" lon="22.30932">
        <ele>7.1</ele>
      </trkpt>
      <trkpt lat="58.89262" lon="22.31081">
        <ele>7.4</ele>
      </trkpt>
      <trkpt lat="58.89259" lon="22.31231">
        <ele>7.6</ele>
      </trkpt>
      <trkpt lat="58.89255" lon="22.31325">
        <ele>6.4</ele>
      </trkpt>
      <trkpt lat="58.89253" lon="22.31412">
        <ele>6.2</ele>
      </trkpt>
      <trkpt lat="58.89252" lon="22.315">
        <ele>5.1</ele>
      </trkpt>
      <trkpt lat="58.89252" lon="22.315">
        <ele>5.1</ele>
      </trkpt>
      <trkpt lat="58.89251" lon="22.31524">
        <ele>5.1</ele>
      </trkpt>
      <trkpt lat="58.89252" lon="22.31547">
        <ele>5.1</ele>
      </trkpt>
      <trkpt lat="58.89268" lon="22.31654">
        <ele>4.8</ele>
      </trkpt>
      <trkpt lat="58.8928" lon="22.31741">
        <ele>5.1</ele>
      </trkpt>
      <trkpt lat="58.89292" lon="22.31828">
        <ele>5.5</ele>
      </trkpt>
      <trkpt lat="58.8931" lon="22.31946">
        <ele>7.2</ele>
      </trkpt>
      <trkpt lat="58.89321" lon="22.31997">
        <ele>8.0</ele>
      </trkpt>
      <trkpt lat="58.89348" lon="22.32105">
        <ele>8.9</ele>
      </trkpt>
      <trkpt lat="58.89376" lon="22.32214">
        <ele>8.2</ele>
      </trkpt>
      <trkpt lat="58.89403" lon="22.32323">
        <ele>7.4</ele>
      </trkpt>
      <trkpt lat="58.89427" lon="22.32433">
        <ele>7.9</ele>
      </trkpt>
      <trkpt lat="58.89452" lon="22.32543">
        <ele>8.7</ele>
      </trkpt>
      <trkpt lat="58.89473" lon="22.32605">
        <ele>9.1</ele>
      </trkpt>
      <trkpt lat="58.89492" lon="22.32687">
        <ele>10.1</ele>
      </trkpt>
      <trkpt lat="58.89517" lon="22.32784">
        <ele>9.6</ele>
      </trkpt>
      <trkpt lat="58.89518" lon="22.32817">
        <ele>9.6</ele>
      </trkpt>
      <trkpt lat="58.89514" lon="22.32867">
        <ele>9.7</ele>
      </trkpt>
      <trkpt lat="58.89513" lon="22.32915">
        <ele>9.7</ele>
      </trkpt>
      <trkpt lat="58.89517" lon="22.32952">
        <ele>9.8</ele>
      </trkpt>
      <trkpt lat="58.89531" lon="22.32986">
        <ele>9.5</ele>
      </trkpt>
      <trkpt lat="58.89563" lon="22.33047">
        <ele>8.3</ele>
      </trkpt>
      <trkpt lat="58.89619" lon="22.33126">
        <ele>8.8</ele>
      </trkpt>
      <trkpt lat="58.8966" lon="22.3317">
        <ele>9.1</ele>
      </trkpt>
      <trkpt lat="58.89702" lon="22.33213">
        <ele>9.0</ele>
      </trkpt>
      <trkpt lat="58.8972" lon="22.33226">
        <ele>9.0</ele>
      </trkpt>
      <trkpt lat="58.89734" lon="22.33229">
        <ele>9.0</ele>
      </trkpt>
      <trkpt lat="58.89755" lon="22.33241">
        <ele>9.1</ele>
      </trkpt>
      <trkpt lat="58.89769" lon="22.33263">
        <ele>9.3</ele>
      </trkpt>
      <trkpt lat="58.89814" lon="22.33377">
        <ele>8.3</ele>
      </trkpt>
      <trkpt lat="58.89845" lon="22.33481">
        <ele>7.6</ele>
      </trkpt>
      <trkpt lat="58.8986" lon="22.33535">
        <ele>7.5</ele>
      </trkpt>
      <trkpt lat="58.89879" lon="22.33675">
        <ele>6.6</ele>
      </trkpt>
      <trkpt lat="58.89897" lon="22.33815">
        <ele>7.1</ele>
      </trkpt>
      <trkpt lat="58.89916" lon="22.33955">
        <ele>9.9</ele>
      </trkpt>
      <trkpt lat="58.89922" lon="22.33977">
        <ele>10.5</ele>
      </trkpt>
      <trkpt lat="58.89932" lon="22.33983">
        <ele>10.9</ele>
      </trkpt>
      <trkpt lat="58.89952" lon="22.33977">
        <ele>11.1</ele>
      </trkpt>
      <trkpt lat="58.89967" lon="22.33978">
        <ele>11.4</ele>
      </trkpt>
      <trkpt lat="58.89987" lon="22.34005">
        <ele>11.9</ele>
      </trkpt>
      <trkpt lat="58.90007" lon="22.34033">
        <ele>12.0</ele>
      </trkpt>
      <trkpt lat="58.90033" lon="22.34049">
        <ele>12.0</ele>
      </trkpt>
      <trkpt lat="58.90093" lon="22.34075">
        <ele>12.0</ele>
      </trkpt>
      <trkpt lat="58.90121" lon="22.34091">
        <ele>12.0</ele>
      </trkpt>
      <trkpt lat="58.90143" lon="22.34124">
        <ele>11.7</ele>
      </trkpt>
      <trkpt lat="58.90147" lon="22.34157">
        <ele>11.3</ele>
      </trkpt>
      <trkpt lat="58.90145" lon="22.34205">
        <ele>11.7</ele>
      </trkpt>
      <trkpt lat="58.90148" lon="22.34233">
        <ele>12.0</ele>
      </trkpt>
      <trkpt lat="58.90155" lon="22.3426">
        <ele>12.3</ele>
      </trkpt>
      <trkpt lat="58.90171" lon="22.34284">
        <ele>12.4</ele>
      </trkpt>
      <trkpt lat="58.90185" lon="22.343">
        <ele>12.5</ele>
      </trkpt>
      <trkpt lat="58.902" lon="22.34307">
        <ele>12.4</ele>
      </trkpt>
      <trkpt lat="58.90241" lon="22.34302">
        <ele>12.1</ele>
      </trkpt>
      <trkpt lat="58.9029" lon="22.34304">
        <ele>11.7</ele>
      </trkpt>
      <trkpt lat="58.90325" lon="22.34296">
        <ele>11.5</ele>
      </trkpt>
      <trkpt lat="58.90348" lon="22.34269">
        <ele>11.8</ele>
      </trkpt>
      <trkpt lat="58.9037" lon="22.34245">
        <ele>12.0</ele>
      </trkpt>
      <trkpt lat="58.90398" lon="22.34234">
        <ele>12.0</ele>
      </trkpt>
      <trkpt lat="58.90487" lon="22.3424">
        <ele>11.2</ele>
      </trkpt>
      <trkpt lat="58.90504" lon="22.34261">
        <ele>11.1</ele>
      </trkpt>
      <trkpt lat="58.90547" lon="22.3435">
        <ele>12.1</ele>
      </trkpt>
      <trkpt lat="58.90567" lon="22.34408">
        <ele>12.6</ele>
      </trkpt>
      <trkpt lat="58.90593" lon="22.3447">
        <ele>13.5</ele>
      </trkpt>
      <trkpt lat="58.90607" lon="22.34523">
        <ele>13.5</ele>
      </trkpt>
      <trkpt lat="58.90623" lon="22.34565">
        <ele>13.4</ele>
      </trkpt>
      <trkpt lat="58.90651" lon="22.34594">
        <ele>13.3</ele>
      </trkpt>
      <trkpt lat="58.90694" lon="22.34633">
        <ele>13.6</ele>
      </trkpt>
      <trkpt lat="58.90765" lon="22.34674">
        <ele>14.1</ele>
      </trkpt>
      <trkpt lat="58.90836" lon="22.34709">
        <ele>15.2</ele>
      </trkpt>
      <trkpt lat="58.90907" lon="22.34744">
        <ele>20.5</ele>
      </trkpt>
      <trkpt lat="58.90937" lon="22.34779">
        <ele>21.0</ele>
      </trkpt>
      <trkpt lat="58.9096" lon="22.34797">
        <ele>20.9</ele>
      </trkpt>
      <trkpt lat="58.90989" lon="22.34804">
        <ele>21.0</ele>
      </trkpt>
      <trkpt lat="58.9104" lon="22.34836">
        <ele>21.0</ele>
      </trkpt>
      <trkpt lat="58.91089" lon="22.34871">
        <ele>22.8</ele>
      </trkpt>
      <trkpt lat="58.91112" lon="22.3489">
        <ele>24.2</ele>
      </trkpt>
      <trkpt lat="58.91129" lon="22.34895">
        <ele>25.1</ele>
      </trkpt>
      <trkpt lat="58.91128" lon="22.34922">
        <ele>25.2</ele>
      </trkpt>
      <trkpt lat="58.91128" lon="22.34936">
        <ele>25.4</ele>
      </trkpt>
      <trkpt lat="58.91132" lon="22.34955">
        <ele>25.8</ele>
      </trkpt>
      <trkpt lat="58.91139" lon="22.34983">
        <ele>26.5</ele>
      </trkpt>
      <trkpt lat="58.91108" lon="22.35091">
        <ele>27.5</ele>
      </trkpt>
      <trkpt lat="58.91082" lon="22.3517">
        <ele>29.9</ele>
      </trkpt>
      <trkpt lat="58.91079" lon="22.35188">
        <ele>29.7</ele>
      </trkpt>
      <trkpt lat="58.91076" lon="22.35204">
        <ele>29.5</ele>
      </trkpt>
      <trkpt lat="58.91074" lon="22.35239">
        <ele>29.4</ele>
      </trkpt>
      <trkpt lat="58.91073" lon="22.35256">
        <ele>29.5</ele>
      </trkpt>
      <trkpt lat="58.9107" lon="22.35273">
        <ele>29.5</ele>
      </trkpt>
      <trkpt lat="58.91065" lon="22.35295">
        <ele>29.6</ele>
      </trkpt>
      <trkpt lat="58.91045" lon="22.3536">
        <ele>29.3</ele>
      </trkpt>
      <trkpt lat="58.91039" lon="22.35388">
        <ele>29.2</ele>
      </trkpt>
      <trkpt lat="58.91032" lon="22.35428">
        <ele>29.2</ele>
      </trkpt>
      <trkpt lat="58.91026" lon="22.35457">
        <ele>29.1</ele>
      </trkpt>
      <trkpt lat="58.91018" lon="22.35479">
        <ele>29.1</ele>
      </trkpt>
      <trkpt lat="58.90995" lon="22.35525">
        <ele>28.9</ele>
      </trkpt>
      <trkpt lat="58.90988" lon="22.35551">
        <ele>28.6</ele>
      </trkpt>
      <trkpt lat="58.9098" lon="22.35595">
        <ele>28.8</ele>
      </trkpt>
      <trkpt lat="58.90978" lon="22.35669">
        <ele>30.0</ele>
      </trkpt>
      <trkpt lat="58.90976" lon="22.35688">
        <ele>29.9</ele>
      </trkpt>
      <trkpt lat="58.90972" lon="22.35708">
        <ele>29.8</ele>
      </trkpt>
      <trkpt lat="58.9096" lon="22.35759">
        <ele>29.7</ele>
      </trkpt>
      <trkpt lat="58.90942" lon="22.35833">
        <ele>30.6</ele>
      </trkpt>
      <trkpt lat="58.90915" lon="22.35917">
        <ele>29.9</ele>
      </trkpt>
      <trkpt lat="58.90885" lon="22.36">
        <ele>29.1</ele>
      </trkpt>
      <trkpt lat="58.90856" lon="22.36084">
        <ele>28.1</ele>
      </trkpt>
      <trkpt lat="58.90845" lon="22.36124">
        <ele>28.4</ele>
      </trkpt>
      <trkpt lat="58.90825" lon="22.36188">
        <ele>28.4</ele>
      </trkpt>
      <trkpt lat="58.90819" lon="22.36226">
        <ele>28.0</ele>
      </trkpt>
      <trkpt lat="58.90817" lon="22.36249">
        <ele>28.0</ele>
      </trkpt>
      <trkpt lat="58.90817" lon="22.36301">
        <ele>28.3</ele>
      </trkpt>
      <trkpt lat="58.90816" lon="22.36323">
        <ele>28.3</ele>
      </trkpt>
      <trkpt lat="58.90812" lon="22.36345">
        <ele>28.1</ele>
      </trkpt>
      <trkpt lat="58.90797" lon="22.36384">
        <ele>27.3</ele>
      </trkpt>
      <trkpt lat="58.90792" lon="22.36406">
        <ele>27.1</ele>
      </trkpt>
      <trkpt lat="58.90787" lon="22.36444">
        <ele>26.7</ele>
      </trkpt>
      <trkpt lat="58.90784" lon="22.36487">
        <ele>26.5</ele>
      </trkpt>
      <trkpt lat="58.9078" lon="22.36523">
        <ele>26.5</ele>
      </trkpt>
      <trkpt lat="58.90777" lon="22.3655">
        <ele>26.7</ele>
      </trkpt>
      <trkpt lat="58.90775" lon="22.36592">
        <ele>27.1</ele>
      </trkpt>
      <trkpt lat="58.90773" lon="22.3661">
        <ele>27.2</ele>
      </trkpt>
      <trkpt lat="58.90764" lon="22.36657">
        <ele>27.7</ele>
      </trkpt>
      <trkpt lat="58.90759" lon="22.36671">
        <ele>27.9</ele>
      </trkpt>
      <trkpt lat="58.90755" lon="22.36679">
        <ele>27.9</ele>
      </trkpt>
      <trkpt lat="58.90734" lon="22.36712">
        <ele>27.6</ele>
      </trkpt>
      <trkpt lat="58.90729" lon="22.36723">
        <ele>27.6</ele>
      </trkpt>
      <trkpt lat="58.90726" lon="22.36733">
        <ele>27.6</ele>
      </trkpt>
      <trkpt lat="58.90723" lon="22.36745">
        <ele>27.6</ele>
      </trkpt>
      <trkpt lat="58.90719" lon="22.36777">
        <ele>28.1</ele>
      </trkpt>
      <trkpt lat="58.90715" lon="22.36799">
        <ele>28.4</ele>
      </trkpt>
      <trkpt lat="58.90694" lon="22.36915">
        <ele>29.0</ele>
      </trkpt>
      <trkpt lat="58.90688" lon="22.36946">
        <ele>29.3</ele>
      </trkpt>
      <trkpt lat="58.90685" lon="22.36967">
        <ele>29.5</ele>
      </trkpt>
      <trkpt lat="58.90681" lon="22.37004">
        <ele>29.8</ele>
      </trkpt>
      <trkpt lat="58.90676" lon="22.37039">
        <ele>29.9</ele>
      </trkpt>
      <trkpt lat="58.90665" lon="22.37088">
        <ele>29.9</ele>
      </trkpt>
      <trkpt lat="58.90656" lon="22.3714">
        <ele>28.7</ele>
      </trkpt>
      <trkpt lat="58.90639" lon="22.37259">
        <ele>27.0</ele>
      </trkpt>
      <trkpt lat="58.90635" lon="22.3728">
        <ele>26.8</ele>
      </trkpt>
      <trkpt lat="58.90625" lon="22.37324">
        <ele>26.5</ele>
      </trkpt>
      <trkpt lat="58.9061" lon="22.37396">
        <ele>26.3</ele>
      </trkpt>
      <trkpt lat="58.90586" lon="22.37505">
        <ele>27.1</ele>
      </trkpt>
      <trkpt lat="58.90582" lon="22.37532">
        <ele>27.3</ele>
      </trkpt>
      <trkpt lat="58.90579" lon="22.37561">
        <ele>27.4</ele>
      </trkpt>
      <trkpt lat="58.90575" lon="22.37603">
        <ele>27.5</ele>
      </trkpt>
      <trkpt lat="58.90571" lon="22.37656">
        <ele>27.7</ele>
      </trkpt>
      <trkpt lat="58.90568" lon="22.37717">
        <ele>28.2</ele>
      </trkpt>
      <trkpt lat="58.90566" lon="22.37781">
        <ele>29.1</ele>
      </trkpt>
      <trkpt lat="58.90564" lon="22.37806">
        <ele>29.4</ele>
      </trkpt>
      <trkpt lat="58.90538" lon="22.37942">
        <ele>29.7</ele>
      </trkpt>
      <trkpt lat="58.90535" lon="22.37962">
        <ele>29.9</ele>
      </trkpt>
      <trkpt lat="58.90532" lon="22.37999">
        <ele>30.4</ele>
      </trkpt>
      <trkpt lat="58.90528" lon="22.38085">
        <ele>30.0</ele>
      </trkpt>
      <trkpt lat="58.90525" lon="22.38121">
        <ele>30.2</ele>
      </trkpt>
      <trkpt lat="58.90523" lon="22.38153">
        <ele>30.4</ele>
      </trkpt>
      <trkpt lat="58.90523" lon="22.38176">
        <ele>30.4</ele>
      </trkpt>
      <trkpt lat="58.90525" lon="22.38203">
        <ele>30.4</ele>
      </trkpt>
      <trkpt lat="58.90527" lon="22.38248">
        <ele>30.4</ele>
      </trkpt>
      <trkpt lat="58.90528" lon="22.38314">
        <ele>29.8</ele>
      </trkpt>
      <trkpt lat="58.90527" lon="22.38334">
        <ele>29.7</ele>
      </trkpt>
      <trkpt lat="58.90524" lon="22.3836">
        <ele>29.7</ele>
      </trkpt>
      <trkpt lat="58.90517" lon="22.38403">
        <ele>29.8</ele>
      </trkpt>
      <trkpt lat="58.90512" lon="22.38464">
        <ele>29.9</ele>
      </trkpt>
      <trkpt lat="58.90509" lon="22.38492">
        <ele>30.0</ele>
      </trkpt>
      <trkpt lat="58.90487" lon="22.3862">
        <ele>30.1</ele>
      </trkpt>
      <trkpt lat="58.90477" lon="22.38695">
        <ele>30.3</ele>
      </trkpt>
      <trkpt lat="58.90463" lon="22.3878">
        <ele>30.1</ele>
      </trkpt>
      <trkpt lat="58.90452" lon="22.38866">
        <ele>29.6</ele>
      </trkpt>
      <trkpt lat="58.90438" lon="22.38967">
        <ele>30.3</ele>
      </trkpt>
      <trkpt lat="58.90427" lon="22.39076">
        <ele>30.9</ele>
      </trkpt>
      <trkpt lat="58.9041" lon="22.39215">
        <ele>30.6</ele>
      </trkpt>
      <trkpt lat="58.90381" lon="22.39345">
        <ele>29.2</ele>
      </trkpt>
      <trkpt lat="58.90368" lon="22.39427">
        <ele>29.5</ele>
      </trkpt>
      <trkpt lat="58.90351" lon="22.39511">
        <ele>30.0</ele>
      </trkpt>
      <trkpt lat="58.90336" lon="22.39565">
        <ele>30.0</ele>
      </trkpt>
      <trkpt lat="58.90325" lon="22.39622">
        <ele>30.0</ele>
      </trkpt>
      <trkpt lat="58.90317" lon="22.39697">
        <ele>30.3</ele>
      </trkpt>
      <trkpt lat="58.90313" lon="22.39793">
        <ele>30.4</ele>
      </trkpt>
      <trkpt lat="58.90283" lon="22.3992">
        <ele>30.4</ele>
      </trkpt>
      <trkpt lat="58.90254" lon="22.40015">
        <ele>31.8</ele>
      </trkpt>
      <trkpt lat="58.90228" lon="22.40091">
        <ele>30.4</ele>
      </trkpt>
      <trkpt lat="58.90202" lon="22.40167">
        <ele>29.4</ele>
      </trkpt>
      <trkpt lat="58.90169" lon="22.40267">
        <ele>29.0</ele>
      </trkpt>
      <trkpt lat="58.90152" lon="22.40327">
        <ele>27.9</ele>
      </trkpt>
      <trkpt lat="58.90124" lon="22.40408">
        <ele>26.8</ele>
      </trkpt>
      <trkpt lat="58.90097" lon="22.4048">
        <ele>27.6</ele>
      </trkpt>
      <trkpt lat="58.90068" lon="22.40532">
        <ele>28.1</ele>
      </trkpt>
      <trkpt lat="58.9005" lon="22.40597">
        <ele>28.9</ele>
      </trkpt>
      <trkpt lat="58.89998" lon="22.40718">
        <ele>31.0</ele>
      </trkpt>
      <trkpt lat="58.89947" lon="22.40839">
        <ele>30.0</ele>
      </trkpt>
      <trkpt lat="58.89934" lon="22.40883">
        <ele>29.5</ele>
      </trkpt>
      <trkpt lat="58.89901" lon="22.41009">
        <ele>26.5</ele>
      </trkpt>
      <trkpt lat="58.89885" lon="22.41062">
        <ele>26.6</ele>
      </trkpt>
      <trkpt lat="58.89855" lon="22.4115">
        <ele>27.2</ele>
      </trkpt>
      <trkpt lat="58.89825" lon="22.41238">
        <ele>26.7</ele>
      </trkpt>
      <trkpt lat="58.89814" lon="22.41274">
        <ele>26.7</ele>
      </trkpt>
      <trkpt lat="58.89796" lon="22.41319">
        <ele>26.9</ele>
      </trkpt>
      <trkpt lat="58.89789" lon="22.41339">
        <ele>27.0</ele>
      </trkpt>
      <trkpt lat="58.8978" lon="22.41367">
        <ele>27.1</ele>
      </trkpt>
      <trkpt lat="58.89748" lon="22.41431">
        <ele>27.2</ele>
      </trkpt>
      <trkpt lat="58.8974" lon="22.41431">
        <ele>26.9</ele>
      </trkpt>
      <trkpt lat="58.89731" lon="22.41433">
        <ele>26.5</ele>
      </trkpt>
      <trkpt lat="58.89724" lon="22.4144">
        <ele>26.3</ele>
      </trkpt>
      <trkpt lat="58.89709" lon="22.41462">
        <ele>26.1</ele>
      </trkpt>
      <trkpt lat="58.89703" lon="22.41466">
        <ele>25.9</ele>
      </trkpt>
      <trkpt lat="58.89674" lon="22.41472">
        <ele>24.7</ele>
      </trkpt>
      <trkpt lat="58.89666" lon="22.41485">
        <ele>24.6</ele>
      </trkpt>
      <trkpt lat="58.89655" lon="22.41509">
        <ele>24.7</ele>
      </trkpt>
      <trkpt lat="58.89647" lon="22.41521">
        <ele>24.6</ele>
      </trkpt>
      <trkpt lat="58.89626" lon="22.41543">
        <ele>24.3</ele>
      </trkpt>
      <trkpt lat="58.89575" lon="22.41621">
        <ele>25.2</ele>
      </trkpt>
      <trkpt lat="58.89543" lon="22.41663">
        <ele>25.9</ele>
      </trkpt>
      <trkpt lat="58.8952" lon="22.41726">
        <ele>26.7</ele>
      </trkpt>
      <trkpt lat="58.8951" lon="22.41744">
        <ele>27.0</ele>
      </trkpt>
      <trkpt lat="58.89486" lon="22.41783">
        <ele>27.8</ele>
      </trkpt>
      <trkpt lat="58.89465" lon="22.41813">
        <ele>28.5</ele>
      </trkpt>
      <trkpt lat="58.89453" lon="22.41833">
        <ele>29.0</ele>
      </trkpt>
      <trkpt lat="58.89442" lon="22.41858">
        <ele>29.0</ele>
      </trkpt>
      <trkpt lat="58.89392" lon="22.4196">
        <ele>28.1</ele>
      </trkpt>
      <trkpt lat="58.89381" lon="22.41978">
        <ele>27.9</ele>
      </trkpt>
      <trkpt lat="58.89358" lon="22.42004">
        <ele>28.0</ele>
      </trkpt>
      <trkpt lat="58.89351" lon="22.42016">
        <ele>28.2</ele>
      </trkpt>
      <trkpt lat="58.89335" lon="22.42037">
        <ele>28.4</ele>
      </trkpt>
      <trkpt lat="58.89277" lon="22.42086">
        <ele>29.1</ele>
      </trkpt>
      <trkpt lat="58.89246" lon="22.42118">
        <ele>29.8</ele>
      </trkpt>
      <trkpt lat="58.89206" lon="22.42184">
        <ele>30.4</ele>
      </trkpt>
      <trkpt lat="58.89183" lon="22.42218">
        <ele>30.1</ele>
      </trkpt>
      <trkpt lat="58.89171" lon="22.42233">
        <ele>30.0</ele>
      </trkpt>
      <trkpt lat="58.89143" lon="22.42263">
        <ele>29.5</ele>
      </trkpt>
      <trkpt lat="58.89115" lon="22.42312">
        <ele>29.7</ele>
      </trkpt>
      <trkpt lat="58.89102" lon="22.4232">
        <ele>29.8</ele>
      </trkpt>
      <trkpt lat="58.89078" lon="22.42329">
        <ele>29.9</ele>
      </trkpt>
      <trkpt lat="58.89067" lon="22.4233">
        <ele>29.9</ele>
      </trkpt>
      <trkpt lat="58.89046" lon="22.4232">
        <ele>29.6</ele>
      </trkpt>
      <trkpt lat="58.89022" lon="22.42316">
        <ele>29.4</ele>
      </trkpt>
      <trkpt lat="58.89009" lon="22.42317">
        <ele>29.4</ele>
      </trkpt>
      <trkpt lat="58.88987" lon="22.42324">
        <ele>29.3</ele>
      </trkpt>
      <trkpt lat="58.88976" lon="22.4233">
        <ele>29.3</ele>
      </trkpt>
      <trkpt lat="58.88967" lon="22.4234">
        <ele>29.2</ele>
      </trkpt>
      <trkpt lat="58.88947" lon="22.42381">
        <ele>29.1</ele>
      </trkpt>
      <trkpt lat="58.88929" lon="22.42414">
        <ele>29.1</ele>
      </trkpt>
      <trkpt lat="58.88911" lon="22.42438">
        <ele>29.3</ele>
      </trkpt>
      <trkpt lat="58.8889" lon="22.42468">
        <ele>29.8</ele>
      </trkpt>
      <trkpt lat="58.88871" lon="22.42491">
        <ele>30.4</ele>
      </trkpt>
      <trkpt lat="58.88832" lon="22.42556">
        <ele>31.0</ele>
      </trkpt>
      <trkpt lat="58.8882" lon="22.42566">
        <ele>30.8</ele>
      </trkpt>
      <trkpt lat="58.88795" lon="22.42593">
        <ele>30.5</ele>
      </trkpt>
      <trkpt lat="58.88774" lon="22.42619">
        <ele>30.5</ele>
      </trkpt>
      <trkpt lat="58.88756" lon="22.42644">
        <ele>30.7</ele>
      </trkpt>
      <trkpt lat="58.88748" lon="22.42654">
        <ele>30.8</ele>
      </trkpt>
      <trkpt lat="58.88715" lon="22.42673">
        <ele>31.0</ele>
      </trkpt>
      <trkpt lat="58.88687" lon="22.42709">
        <ele>31.0</ele>
      </trkpt>
      <trkpt lat="58.88636" lon="22.42812">
        <ele>30.3</ele>
      </trkpt>
      <trkpt lat="58.88607" lon="22.42835">
        <ele>29.6</ele>
      </trkpt>
      <trkpt lat="58.88601" lon="22.42862">
        <ele>29.4</ele>
      </trkpt>
      <trkpt lat="58.88597" lon="22.42935">
        <ele>28.9</ele>
      </trkpt>
      <trkpt lat="58.88592" lon="22.42949">
        <ele>28.7</ele>
      </trkpt>
      <trkpt lat="58.8857" lon="22.42998">
        <ele>27.7</ele>
      </trkpt>
      <trkpt lat="58.8857" lon="22.43007">
        <ele>27.7</ele>
      </trkpt>
      <trkpt lat="58.88571" lon="22.43013">
        <ele>27.7</ele>
      </trkpt>
      <trkpt lat="58.88574" lon="22.43029">
        <ele>27.8</ele>
      </trkpt>
      <trkpt lat="58.88575" lon="22.43064">
        <ele>27.9</ele>
      </trkpt>
      <trkpt lat="58.88578" lon="22.43104">
        <ele>27.7</ele>
      </trkpt>
      <trkpt lat="58.88583" lon="22.43126">
        <ele>27.5</ele>
      </trkpt>
      <trkpt lat="58.88588" lon="22.43135">
        <ele>27.4</ele>
      </trkpt>
      <trkpt lat="58.88589" lon="22.43151">
        <ele>27.3</ele>
      </trkpt>
      <trkpt lat="58.88587" lon="22.43194">
        <ele>27.0</ele>
      </trkpt>
      <trkpt lat="58.88589" lon="22.43208">
        <ele>27.1</ele>
      </trkpt>
      <trkpt lat="58.8859" lon="22.43228">
        <ele>27.1</ele>
      </trkpt>
      <trkpt lat="58.8859" lon="22.43239">
        <ele>27.1</ele>
      </trkpt>
      <trkpt lat="58.88593" lon="22.43253">
        <ele>27.1</ele>
      </trkpt>
      <trkpt lat="58.88595" lon="22.43296">
        <ele>27.1</ele>
      </trkpt>
      <trkpt lat="58.88597" lon="22.4331">
        <ele>27.2</ele>
      </trkpt>
      <trkpt lat="58.88596" lon="22.43331">
        <ele>27.2</ele>
      </trkpt>
      <trkpt lat="58.88595" lon="22.43338">
        <ele>27.1</ele>
      </trkpt>
      <trkpt lat="58.88592" lon="22.43349">
        <ele>27.1</ele>
      </trkpt>
      <trkpt lat="58.885845" lon="22.433641">
        <ele>27.1</ele>
      </trkpt>
      <trkpt lat="58.88583" lon="22.43367">
        <ele>27.1</ele>
      </trkpt>
      <trkpt lat="58.88581" lon="22.43378">
        <ele>27.1</ele>
      </trkpt>
      <trkpt lat="58.88582" lon="22.4339">
        <ele>27.1</ele>
      </trkpt>
      <trkpt lat="58.88584" lon="22.434">
        <ele>27.1</ele>
      </trkpt>
      <trkpt lat="58.88586" lon="22.43407">
        <ele>27.1</ele>
      </trkpt>
      <trkpt lat="58.88589" lon="22.43422">
        <ele>27.1</ele>
      </trkpt>
      <trkpt lat="58.88592" lon="22.43432">
        <ele>27.2</ele>
      </trkpt>
      <trkpt lat="58.88594" lon="22.4345">
        <ele>27.2</ele>
      </trkpt>
      <trkpt lat="58.88596" lon="22.43455">
        <ele>27.3</ele>
      </trkpt>
      <trkpt lat="58.88596" lon="22.43467">
        <ele>27.3</ele>
      </trkpt>
      <trkpt lat="58.88594" lon="22.43487">
        <ele>27.4</ele>
      </trkpt>
      <trkpt lat="58.88596" lon="22.4349">
        <ele>27.4</ele>
      </trkpt>
      <trkpt lat="58.88597" lon="22.43497">
        <ele>27.4</ele>
      </trkpt>
      <trkpt lat="58.88596" lon="22.43505">
        <ele>27.5</ele>
      </trkpt>
      <trkpt lat="58.88598" lon="22.4351">
        <ele>27.5</ele>
      </trkpt>
      <trkpt lat="58.88596" lon="22.43515">
        <ele>27.5</ele>
      </trkpt>
      <trkpt lat="58.88594" lon="22.43515">
        <ele>27.4</ele>
      </trkpt>
      <trkpt lat="58.88591" lon="22.43513">
        <ele>27.3</ele>
      </trkpt>
      <trkpt lat="58.88591" lon="22.43513">
        <ele>27.3</ele>
      </trkpt>
      <trkpt lat="58.88587" lon="22.43506">
        <ele>27.1</ele>
      </trkpt>
      <trkpt lat="58.88583" lon="22.43501">
        <ele>27.0</ele>
      </trkpt>
      <trkpt lat="58.88577" lon="22.43499">
        <ele>27.0</ele>
      </trkpt>
      <trkpt lat="58.88572" lon="22.43502">
        <ele>27.0</ele>
      </trkpt>
      <trkpt lat="58.88566" lon="22.43502">
        <ele>27.0</ele>
      </trkpt>
      <trkpt lat="58.8855" lon="22.43487">
        <ele>27.1</ele>
      </trkpt>
      <trkpt lat="58.88546" lon="22.43474">
        <ele>27.1</ele>
      </trkpt>
      <trkpt lat="58.8854" lon="22.43462">
        <ele>27.2</ele>
      </trkpt>
      <trkpt lat="58.88533" lon="22.43461">
        <ele>27.3</ele>
      </trkpt>
      <trkpt lat="58.8852" lon="22.43476">
        <ele>27.2</ele>
      </trkpt>
      <trkpt lat="58.8851" lon="22.43481">
        <ele>27.2</ele>
      </trkpt>
      <trkpt lat="58.88512" lon="22.43499">
        <ele>27.0</ele>
      </trkpt>
      <trkpt lat="58.88515" lon="22.43559">
        <ele>27.6</ele>
      </trkpt>
      <trkpt lat="58.88519" lon="22.43597">
        <ele>27.9</ele>
      </trkpt>
      <trkpt lat="58.88525" lon="22.4362">
        <ele>28.1</ele>
      </trkpt>
      <trkpt lat="58.88547" lon="22.43703">
        <ele>28.4</ele>
      </trkpt>
      <trkpt lat="58.88569" lon="22.43785">
        <ele>27.8</ele>
      </trkpt>
      <trkpt lat="58.88604" lon="22.43872">
        <ele>26.9</ele>
      </trkpt>
      <trkpt lat="58.88639" lon="22.43835">
        <ele>26.3</ele>
      </trkpt>
      <trkpt lat="58.88655" lon="22.43925">
        <ele>27.2</ele>
      </trkpt>
      <trkpt lat="58.88662" lon="22.43944">
        <ele>27.6</ele>
      </trkpt>
      <trkpt lat="58.88672" lon="22.43959">
        <ele>28.1</ele>
      </trkpt>
      <trkpt lat="58.88687" lon="22.43976">
        <ele>28.7</ele>
      </trkpt>
      <trkpt lat="58.88696" lon="22.4399">
        <ele>29.2</ele>
      </trkpt>
      <trkpt lat="58.88704" lon="22.44011">
        <ele>29.4</ele>
      </trkpt>
      <trkpt lat="58.88713" lon="22.44028">
        <ele>29.6</ele>
      </trkpt>
      <trkpt lat="58.88722" lon="22.44043">
        <ele>29.7</ele>
      </trkpt>
      <trkpt lat="58.88742" lon="22.44067">
        <ele>29.9</ele>
      </trkpt>
      <trkpt lat="58.88756" lon="22.44097">
        <ele>30.3</ele>
      </trkpt>
      <trkpt lat="58.88771" lon="22.44201">
        <ele>31.0</ele>
      </trkpt>
      <trkpt lat="58.88775" lon="22.44251">
        <ele>31.0</ele>
      </trkpt>
      <trkpt lat="58.88774" lon="22.4431">
        <ele>31.3</ele>
      </trkpt>
      <trkpt lat="58.88773" lon="22.44354">
        <ele>31.4</ele>
      </trkpt>
      <trkpt lat="58.88765" lon="22.44403">
        <ele>31.6</ele>
      </trkpt>
      <trkpt lat="58.8875" lon="22.44513">
        <ele>31.0</ele>
      </trkpt>
      <trkpt lat="58.88748" lon="22.44541">
        <ele>31.1</ele>
      </trkpt>
      <trkpt lat="58.88747" lon="22.44588">
        <ele>31.1</ele>
      </trkpt>
      <trkpt lat="58.88752" lon="22.44661">
        <ele>31.0</ele>
      </trkpt>
      <trkpt lat="58.88752" lon="22.447">
        <ele>31.0</ele>
      </trkpt>
      <trkpt lat="58.88748" lon="22.44771">
        <ele>30.8</ele>
      </trkpt>
      <trkpt lat="58.88742" lon="22.44811">
        <ele>30.5</ele>
      </trkpt>
      <trkpt lat="58.88742" lon="22.44861">
        <ele>30.2</ele>
      </trkpt>
      <trkpt lat="58.88748" lon="22.44923">
        <ele>30.0</ele>
      </trkpt>
      <trkpt lat="58.88755" lon="22.45067">
        <ele>29.9</ele>
      </trkpt>
      <trkpt lat="58.88754" lon="22.45128">
        <ele>30.4</ele>
      </trkpt>
      <trkpt lat="58.88746" lon="22.45194">
        <ele>31.1</ele>
      </trkpt>
      <trkpt lat="58.88743" lon="22.45256">
        <ele>31.1</ele>
      </trkpt>
      <trkpt lat="58.88738" lon="22.45309">
        <ele>30.6</ele>
      </trkpt>
      <trkpt lat="58.88731" lon="22.45345">
        <ele>30.6</ele>
      </trkpt>
      <trkpt lat="58.88708" lon="22.45392">
        <ele>31.4</ele>
      </trkpt>
      <trkpt lat="58.88693" lon="22.45471">
        <ele>32.3</ele>
      </trkpt>
      <trkpt lat="58.88682" lon="22.45497">
        <ele>32.8</ele>
      </trkpt>
      <trkpt lat="58.88663" lon="22.45531">
        <ele>32.9</ele>
      </trkpt>
      <trkpt lat="58.88646" lon="22.45579">
        <ele>32.5</ele>
      </trkpt>
      <trkpt lat="58.88623" lon="22.45629">
        <ele>31.7</ele>
      </trkpt>
      <trkpt lat="58.88612" lon="22.45671">
        <ele>31.0</ele>
      </trkpt>
      <trkpt lat="58.88597" lon="22.45718">
        <ele>30.5</ele>
      </trkpt>
      <trkpt lat="58.88571" lon="22.45763">
        <ele>29.6</ele>
      </trkpt>
      <trkpt lat="58.8855" lon="22.45797">
        <ele>29.2</ele>
      </trkpt>
      <trkpt lat="58.88532" lon="22.45853">
        <ele>29.2</ele>
      </trkpt>
      <trkpt lat="58.88516" lon="22.45929">
        <ele>28.9</ele>
      </trkpt>
      <trkpt lat="58.88505" lon="22.46006">
        <ele>29.2</ele>
      </trkpt>
      <trkpt lat="58.885" lon="22.46073">
        <ele>29.0</ele>
      </trkpt>
      <trkpt lat="58.88492" lon="22.46135">
        <ele>29.3</ele>
      </trkpt>
      <trkpt lat="58.88478" lon="22.46208">
        <ele>29.2</ele>
      </trkpt>
      <trkpt lat="58.88473" lon="22.46261">
        <ele>28.9</ele>
      </trkpt>
      <trkpt lat="58.88472" lon="22.46403">
        <ele>28.5</ele>
      </trkpt>
      <trkpt lat="58.88469" lon="22.46455">
        <ele>28.8</ele>
      </trkpt>
      <trkpt lat="58.88454" lon="22.46532">
        <ele>28.5</ele>
      </trkpt>
      <trkpt lat="58.88446" lon="22.46597">
        <ele>28.6</ele>
      </trkpt>
      <trkpt lat="58.88437" lon="22.4665">
        <ele>28.8</ele>
      </trkpt>
      <trkpt lat="58.88429" lon="22.46683">
        <ele>28.8</ele>
      </trkpt>
      <trkpt lat="58.88408" lon="22.46756">
        <ele>29.2</ele>
      </trkpt>
      <trkpt lat="58.88401" lon="22.46812">
        <ele>29.9</ele>
      </trkpt>
      <trkpt lat="58.88388" lon="22.46851">
        <ele>30.3</ele>
      </trkpt>
      <trkpt lat="58.88356" lon="22.46917">
        <ele>30.7</ele>
      </trkpt>
      <trkpt lat="58.88299" lon="22.47006">
        <ele>31.0</ele>
      </trkpt>
      <trkpt lat="58.88275" lon="22.47046">
        <ele>31.0</ele>
      </trkpt>
      <trkpt lat="58.88251" lon="22.47094">
        <ele>31.1</ele>
      </trkpt>
      <trkpt lat="58.88232" lon="22.47125">
        <ele>31.7</ele>
      </trkpt>
      <trkpt lat="58.8816" lon="22.47231">
        <ele>31.9</ele>
      </trkpt>
      <trkpt lat="58.8811" lon="22.47281">
        <ele>31.3</ele>
      </trkpt>
      <trkpt lat="58.88059" lon="22.47332">
        <ele>29.8</ele>
      </trkpt>
      <trkpt lat="58.8803" lon="22.47358">
        <ele>28.8</ele>
      </trkpt>
      <trkpt lat="58.88008" lon="22.47385">
        <ele>28.5</ele>
      </trkpt>
      <trkpt lat="58.87996" lon="22.47416">
        <ele>28.8</ele>
      </trkpt>
      <trkpt lat="58.87976" lon="22.47472">
        <ele>29.1</ele>
      </trkpt>
      <trkpt lat="58.8796" lon="22.47527">
        <ele>28.9</ele>
      </trkpt>
      <trkpt lat="58.87945" lon="22.47569">
        <ele>28.5</ele>
      </trkpt>
      <trkpt lat="58.87933" lon="22.47617">
        <ele>28.7</ele>
      </trkpt>
      <trkpt lat="58.87924" lon="22.47644">
        <ele>28.8</ele>
      </trkpt>
      <trkpt lat="58.87908" lon="22.47684">
        <ele>28.8</ele>
      </trkpt>
      <trkpt lat="58.87879" lon="22.478">
        <ele>28.7</ele>
      </trkpt>
      <trkpt lat="58.87865" lon="22.47833">
        <ele>28.8</ele>
      </trkpt>
      <trkpt lat="58.87844" lon="22.47889">
        <ele>28.1</ele>
      </trkpt>
      <trkpt lat="58.87818" lon="22.4794">
        <ele>28.3</ele>
      </trkpt>
      <trkpt lat="58.87797" lon="22.48002">
        <ele>29.4</ele>
      </trkpt>
      <trkpt lat="58.87778" lon="22.48042">
        <ele>29.7</ele>
      </trkpt>
      <trkpt lat="58.87723" lon="22.4814">
        <ele>27.8</ele>
      </trkpt>
      <trkpt lat="58.87685" lon="22.48207">
        <ele>25.9</ele>
      </trkpt>
      <trkpt lat="58.87647" lon="22.48273">
        <ele>25.6</ele>
      </trkpt>
      <trkpt lat="58.87614" lon="22.48334">
        <ele>25.5</ele>
      </trkpt>
      <trkpt lat="58.87593" lon="22.48397">
        <ele>25.1</ele>
      </trkpt>
      <trkpt lat="58.87573" lon="22.48431">
        <ele>24.9</ele>
      </trkpt>
      <trkpt lat="58.87558" lon="22.48449">
        <ele>24.9</ele>
      </trkpt>
      <trkpt lat="58.87533" lon="22.48485">
        <ele>25.1</ele>
      </trkpt>
      <trkpt lat="58.87507" lon="22.4852">
        <ele>25.8</ele>
      </trkpt>
      <trkpt lat="58.87491" lon="22.48542">
        <ele>26.0</ele>
      </trkpt>
      <trkpt lat="58.87481" lon="22.48569">
        <ele>26.4</ele>
      </trkpt>
      <trkpt lat="58.87468" lon="22.48637">
        <ele>28.0</ele>
      </trkpt>
      <trkpt lat="58.87459" lon="22.4867">
        <ele>28.5</ele>
      </trkpt>
      <trkpt lat="58.87438" lon="22.48713">
        <ele>27.1</ele>
      </trkpt>
      <trkpt lat="58.87414" lon="22.48755">
        <ele>25.8</ele>
      </trkpt>
      <trkpt lat="58.87397" lon="22.48774">
        <ele>24.5</ele>
      </trkpt>
      <trkpt lat="58.87383" lon="22.48805">
        <ele>23.3</ele>
      </trkpt>
      <trkpt lat="58.87342" lon="22.4891">
        <ele>20.5</ele>
      </trkpt>
      <trkpt lat="58.87301" lon="22.49015">
        <ele>20.1</ele>
      </trkpt>
      <trkpt lat="58.8729" lon="22.49054">
        <ele>20.3</ele>
      </trkpt>
      <trkpt lat="58.87279" lon="22.49096">
        <ele>20.4</ele>
      </trkpt>
      <trkpt lat="58.87266" lon="22.49128">
        <ele>20.3</ele>
      </trkpt>
      <trkpt lat="58.87258" lon="22.49159">
        <ele>20.2</ele>
      </trkpt>
      <trkpt lat="58.87245" lon="22.49243">
        <ele>22.8</ele>
      </trkpt>
      <trkpt lat="58.87211" lon="22.49313">
        <ele>25.0</ele>
      </trkpt>
      <trkpt lat="58.87157" lon="22.49433">
        <ele>27.6</ele>
      </trkpt>
      <trkpt lat="58.87103" lon="22.49552">
        <ele>26.6</ele>
      </trkpt>
      <trkpt lat="58.87049" lon="22.49672">
        <ele>27.5</ele>
      </trkpt>
      <trkpt lat="58.86995" lon="22.49792">
        <ele>30.9</ele>
      </trkpt>
      <trkpt lat="58.86995" lon="22.49861">
        <ele>31.8</ele>
      </trkpt>
      <trkpt lat="58.8699" lon="22.49923">
        <ele>31.8</ele>
      </trkpt>
      <trkpt lat="58.86948" lon="22.50021">
        <ele>31.9</ele>
      </trkpt>
      <trkpt lat="58.86926" lon="22.50103">
        <ele>32.3</ele>
      </trkpt>
      <trkpt lat="58.86886" lon="22.50191">
        <ele>32.6</ele>
      </trkpt>
      <trkpt lat="58.86867" lon="22.50312">
        <ele>32.7</ele>
      </trkpt>
      <trkpt lat="58.86854" lon="22.50372">
        <ele>32.4</ele>
      </trkpt>
      <trkpt lat="58.86841" lon="22.50393">
        <ele>32.4</ele>
      </trkpt>
      <trkpt lat="58.86829" lon="22.50398">
        <ele>32.4</ele>
      </trkpt>
      <trkpt lat="58.86785" lon="22.50407">
        <ele>32.1</ele>
      </trkpt>
      <trkpt lat="58.86754" lon="22.50415">
        <ele>32.0</ele>
      </trkpt>
      <trkpt lat="58.86729" lon="22.50436">
        <ele>31.2</ele>
      </trkpt>
      <trkpt lat="58.8671" lon="22.50474">
        <ele>30.6</ele>
      </trkpt>
      <trkpt lat="58.86677" lon="22.50558">
        <ele>29.3</ele>
      </trkpt>
      <trkpt lat="58.86672" lon="22.50566">
        <ele>29.1</ele>
      </trkpt>
      <trkpt lat="58.86647" lon="22.50602">
        <ele>28.9</ele>
      </trkpt>
      <trkpt lat="58.86632" lon="22.50636">
        <ele>28.7</ele>
      </trkpt>
      <trkpt lat="58.86589" lon="22.50717">
        <ele>28.6</ele>
      </trkpt>
      <trkpt lat="58.86546" lon="22.50798">
        <ele>30.3</ele>
      </trkpt>
      <trkpt lat="58.86512" lon="22.50867">
        <ele>31.0</ele>
      </trkpt>
      <trkpt lat="58.86477" lon="22.50936">
        <ele>30.7</ele>
      </trkpt>
      <trkpt lat="58.86458" lon="22.50981">
        <ele>30.5</ele>
      </trkpt>
      <trkpt lat="58.86445" lon="22.51022">
        <ele>30.5</ele>
      </trkpt>
      <trkpt lat="58.86388" lon="22.51117">
        <ele>31.4</ele>
      </trkpt>
      <trkpt lat="58.86361" lon="22.51155">
        <ele>31.9</ele>
      </trkpt>
      <trkpt lat="58.86348" lon="22.51191">
        <ele>32.0</ele>
      </trkpt>
      <trkpt lat="58.8634" lon="22.51244">
        <ele>32.0</ele>
      </trkpt>
      <trkpt lat="58.86326" lon="22.5128">
        <ele>32.1</ele>
      </trkpt>
      <trkpt lat="58.86282" lon="22.5134">
        <ele>32.0</ele>
      </trkpt>
      <trkpt lat="58.86237" lon="22.514">
        <ele>32.0</ele>
      </trkpt>
      <trkpt lat="58.86189" lon="22.51488">
        <ele>32.6</ele>
      </trkpt>
      <trkpt lat="58.86151" lon="22.51501">
        <ele>32.3</ele>
      </trkpt>
      <trkpt lat="58.86119" lon="22.51541">
        <ele>31.0</ele>
      </trkpt>
      <trkpt lat="58.86071" lon="22.51584">
        <ele>29.7</ele>
      </trkpt>
      <trkpt lat="58.86033" lon="22.51633">
        <ele>30.0</ele>
      </trkpt>
      <trkpt lat="58.86007" lon="22.51679">
        <ele>30.3</ele>
      </trkpt>
      <trkpt lat="58.85948" lon="22.51743">
        <ele>31.5</ele>
      </trkpt>
      <trkpt lat="58.8589" lon="22.51806">
        <ele>32.4</ele>
      </trkpt>
      <trkpt lat="58.85834" lon="22.51859">
        <ele>31.1</ele>
      </trkpt>
      <trkpt lat="58.85779" lon="22.51896">
        <ele>28.3</ele>
      </trkpt>
      <trkpt lat="58.85739" lon="22.51944">
        <ele>26.8</ele>
      </trkpt>
      <trkpt lat="58.85697" lon="22.52024">
        <ele>28.7</ele>
      </trkpt>
      <trkpt lat="58.85675" lon="22.52049">
        <ele>29.2</ele>
      </trkpt>
      <trkpt lat="58.85647" lon="22.52086">
        <ele>28.8</ele>
      </trkpt>
      <trkpt lat="58.85629" lon="22.52113">
        <ele>28.5</ele>
      </trkpt>
      <trkpt lat="58.85578" lon="22.52216">
        <ele>27.5</ele>
      </trkpt>
      <trkpt lat="58.85559" lon="22.52248">
        <ele>25.9</ele>
      </trkpt>
      <trkpt lat="58.85489" lon="22.52352">
        <ele>23.2</ele>
      </trkpt>
      <trkpt lat="58.85466" lon="22.52389">
        <ele>23.7</ele>
      </trkpt>
      <trkpt lat="58.85414" lon="22.52449">
        <ele>24.5</ele>
      </trkpt>
      <trkpt lat="58.85387" lon="22.52482">
        <ele>25.9</ele>
      </trkpt>
      <trkpt lat="58.85336" lon="22.52556">
        <ele>27.9</ele>
      </trkpt>
      <trkpt lat="58.85331" lon="22.52561">
        <ele>28.1</ele>
      </trkpt>
      <trkpt lat="58.85322" lon="22.52563">
        <ele>28.6</ele>
      </trkpt>
      <trkpt lat="58.85353" lon="22.5271">
        <ele>27.7</ele>
      </trkpt>
      <trkpt lat="58.85384" lon="22.52856">
        <ele>26.5</ele>
      </trkpt>
      <trkpt lat="58.85415" lon="22.53002">
        <ele>28.1</ele>
      </trkpt>
      <trkpt lat="58.85446" lon="22.53148">
        <ele>29.8</ele>
      </trkpt>
      <trkpt lat="58.85477" lon="22.53294">
        <ele>32.3</ele>
      </trkpt>
      <trkpt lat="58.855" lon="22.53411">
        <ele>32.1</ele>
      </trkpt>
      <trkpt lat="58.85526" lon="22.53534">
        <ele>29.2</ele>
      </trkpt>
      <trkpt lat="58.85552" lon="22.53657">
        <ele>28.8</ele>
      </trkpt>
      <trkpt lat="58.85578" lon="22.5378">
        <ele>28.1</ele>
      </trkpt>
      <trkpt lat="58.85601" lon="22.53889">
        <ele>27.6</ele>
      </trkpt>
      <trkpt lat="58.85624" lon="22.53998">
        <ele>26.5</ele>
      </trkpt>
      <trkpt lat="58.85646" lon="22.54108">
        <ele>26.4</ele>
      </trkpt>
      <trkpt lat="58.85671" lon="22.54229">
        <ele>26.3</ele>
      </trkpt>
      <trkpt lat="58.85696" lon="22.54351">
        <ele>23.4</ele>
      </trkpt>
      <trkpt lat="58.85708" lon="22.54397">
        <ele>22.4</ele>
      </trkpt>
      <trkpt lat="58.85749" lon="22.54423">
        <ele>20.9</ele>
      </trkpt>
      <trkpt lat="58.85802" lon="22.5445">
        <ele>20.8</ele>
      </trkpt>
      <trkpt lat="58.85855" lon="22.54477">
        <ele>21.3</ele>
      </trkpt>
      <trkpt lat="58.85899" lon="22.54509">
        <ele>22.4</ele>
      </trkpt>
      <trkpt lat="58.85935" lon="22.54551">
        <ele>24.6</ele>
      </trkpt>
      <trkpt lat="58.85986" lon="22.54625">
        <ele>29.2</ele>
      </trkpt>
      <trkpt lat="58.86016" lon="22.54694">
        <ele>30.9</ele>
      </trkpt>
      <trkpt lat="58.86057" lon="22.54775">
        <ele>29.8</ele>
      </trkpt>
      <trkpt lat="58.86099" lon="22.54856">
        <ele>27.4</ele>
      </trkpt>
      <trkpt lat="58.8616" lon="22.54953">
        <ele>24.7</ele>
      </trkpt>
      <trkpt lat="58.86222" lon="22.5505">
        <ele>25.3</ele>
      </trkpt>
      <trkpt lat="58.86225" lon="22.55093">
        <ele>25.3</ele>
      </trkpt>
      <trkpt lat="58.86246" lon="22.55131">
        <ele>25.3</ele>
      </trkpt>
      <trkpt lat="58.86224" lon="22.55209">
        <ele>24.4</ele>
      </trkpt>
      <trkpt lat="58.86196" lon="22.55257">
        <ele>23.7</ele>
      </trkpt>
      <trkpt lat="58.86174" lon="22.55334">
        <ele>23.1</ele>
      </trkpt>
      <trkpt lat="58.86158" lon="22.55392">
        <ele>24.5</ele>
      </trkpt>
      <trkpt lat="58.86137" lon="22.55453">
        <ele>26.4</ele>
      </trkpt>
      <trkpt lat="58.86095" lon="22.55536">
        <ele>29.6</ele>
      </trkpt>
      <trkpt lat="58.86079" lon="22.55574">
        <ele>30.7</ele>
      </trkpt>
      <trkpt lat="58.86075" lon="22.55645">
        <ele>32.9</ele>
      </trkpt>
      <trkpt lat="58.86066" lon="22.55674">
        <ele>33.4</ele>
      </trkpt>
      <trkpt lat="58.8603" lon="22.55747">
        <ele>32.7</ele>
      </trkpt>
      <trkpt lat="58.85986" lon="22.55836">
        <ele>32.8</ele>
      </trkpt>
      <trkpt lat="58.85941" lon="22.55924">
        <ele>33.1</ele>
      </trkpt>
      <trkpt lat="58.85886" lon="22.56024">
        <ele>33.3</ele>
      </trkpt>
      <trkpt lat="58.85868" lon="22.56075">
        <ele>32.8</ele>
      </trkpt>
      <trkpt lat="58.85858" lon="22.5615">
        <ele>32.9</ele>
      </trkpt>
      <trkpt lat="58.85817" lon="22.5628">
        <ele>31.7</ele>
      </trkpt>
      <trkpt lat="58.85771" lon="22.56376">
        <ele>31.7</ele>
      </trkpt>
      <trkpt lat="58.85725" lon="22.56473">
        <ele>31.5</ele>
      </trkpt>
      <trkpt lat="58.85694" lon="22.56508">
        <ele>31.6</ele>
      </trkpt>
      <trkpt lat="58.85667" lon="22.56544">
        <ele>31.5</ele>
      </trkpt>
      <trkpt lat="58.85645" lon="22.56591">
        <ele>30.9</ele>
      </trkpt>
      <trkpt lat="58.85613" lon="22.567">
        <ele>30.2</ele>
      </trkpt>
      <trkpt lat="58.85582" lon="22.5681">
        <ele>28.6</ele>
      </trkpt>
      <trkpt lat="58.85551" lon="22.56919">
        <ele>29.1</ele>
      </trkpt>
      <trkpt lat="58.85518" lon="22.57001">
        <ele>29.3</ele>
      </trkpt>
      <trkpt lat="58.85485" lon="22.57084">
        <ele>27.9</ele>
      </trkpt>
      <trkpt lat="58.85444" lon="22.57173">
        <ele>28.0</ele>
      </trkpt>
      <trkpt lat="58.85404" lon="22.57263">
        <ele>29.2</ele>
      </trkpt>
      <trkpt lat="58.85371" lon="22.57325">
        <ele>29.3</ele>
      </trkpt>
      <trkpt lat="58.85339" lon="22.57387">
        <ele>30.7</ele>
      </trkpt>
      <trkpt lat="58.85317" lon="22.57462">
        <ele>31.5</ele>
      </trkpt>
      <trkpt lat="58.85295" lon="22.57538">
        <ele>31.8</ele>
      </trkpt>
      <trkpt lat="58.8526" lon="22.57685">
        <ele>32.6</ele>
      </trkpt>
      <trkpt lat="58.85224" lon="22.57801">
        <ele>32.6</ele>
      </trkpt>
      <trkpt lat="58.85199" lon="22.57928">
        <ele>33.3</ele>
      </trkpt>
      <trkpt lat="58.8517" lon="22.57999">
        <ele>34.8</ele>
      </trkpt>
      <trkpt lat="58.85155" lon="22.58146">
        <ele>32.7</ele>
      </trkpt>
      <trkpt lat="58.85125" lon="22.5828">
        <ele>32.8</ele>
      </trkpt>
      <trkpt lat="58.851" lon="22.58322">
        <ele>32.9</ele>
      </trkpt>
      <trkpt lat="58.85081" lon="22.58331">
        <ele>33.0</ele>
      </trkpt>
      <trkpt lat="58.85044" lon="22.58417">
        <ele>31.5</ele>
      </trkpt>
      <trkpt lat="58.85019" lon="22.58486">
        <ele>30.4</ele>
      </trkpt>
      <trkpt lat="58.84987" lon="22.58603">
        <ele>27.8</ele>
      </trkpt>
      <trkpt lat="58.84963" lon="22.58671">
        <ele>26.8</ele>
      </trkpt>
      <trkpt lat="58.84963" lon="22.58671">
        <ele>26.8</ele>
      </trkpt>
      <trkpt lat="58.84963" lon="22.58671">
        <ele>26.8</ele>
      </trkpt>
      <trkpt lat="58.84936" lon="22.58746">
        <ele>26.1</ele>
      </trkpt>
      <trkpt lat="58.84913" lon="22.58768">
        <ele>25.4</ele>
      </trkpt>
      <trkpt lat="58.84828" lon="22.58736">
        <ele>23.4</ele>
      </trkpt>
      <trkpt lat="58.84744" lon="22.58703">
        <ele>22.1</ele>
      </trkpt>
      <trkpt lat="58.84723" lon="22.58725">
        <ele>21.3</ele>
      </trkpt>
      <trkpt lat="58.84715" lon="22.58756">
        <ele>20.4</ele>
      </trkpt>
      <trkpt lat="58.84672" lon="22.58901">
        <ele>17.1</ele>
      </trkpt>
      <trkpt lat="58.84629" lon="22.59047">
        <ele>17.5</ele>
      </trkpt>
      <trkpt lat="58.84586" lon="22.59192">
        <ele>17.0</ele>
      </trkpt>
      <trkpt lat="58.84543" lon="22.59337">
        <ele>16.5</ele>
      </trkpt>
      <trkpt lat="58.845" lon="22.59483">
        <ele>16.8</ele>
      </trkpt>
      <trkpt lat="58.84457" lon="22.59628">
        <ele>17.0</ele>
      </trkpt>
      <trkpt lat="58.84427" lon="22.59723">
        <ele>17.0</ele>
      </trkpt>
      <trkpt lat="58.8442" lon="22.59753">
        <ele>17.0</ele>
      </trkpt>
      <trkpt lat="58.84402" lon="22.59876">
        <ele>18.4</ele>
      </trkpt>
      <trkpt lat="58.84383" lon="22.59998">
        <ele>18.6</ele>
      </trkpt>
      <trkpt lat="58.84364" lon="22.60115">
        <ele>18.7</ele>
      </trkpt>
      <trkpt lat="58.84346" lon="22.60231">
        <ele>18.7</ele>
      </trkpt>
      <trkpt lat="58.84327" lon="22.60347">
        <ele>18.6</ele>
      </trkpt>
      <trkpt lat="58.84299" lon="22.60511">
        <ele>23.6</ele>
      </trkpt>
      <trkpt lat="58.84271" lon="22.60675">
        <ele>26.3</ele>
      </trkpt>
      <trkpt lat="58.84243" lon="22.6084">
        <ele>25.7</ele>
      </trkpt>
      <trkpt lat="58.84215" lon="22.61004">
        <ele>24.9</ele>
      </trkpt>
      <trkpt lat="58.84186" lon="22.61168">
        <ele>23.2</ele>
      </trkpt>
      <trkpt lat="58.84158" lon="22.61332">
        <ele>21.8</ele>
      </trkpt>
      <trkpt lat="58.84135" lon="22.61428">
        <ele>22.0</ele>
      </trkpt>
      <trkpt lat="58.8409" lon="22.61503">
        <ele>21.3</ele>
      </trkpt>
      <trkpt lat="58.8405" lon="22.61574">
        <ele>20.7</ele>
      </trkpt>
      <trkpt lat="58.84011" lon="22.61645">
        <ele>20.1</ele>
      </trkpt>
      <trkpt lat="58.83981" lon="22.61731">
        <ele>19.5</ele>
      </trkpt>
      <trkpt lat="58.83956" lon="22.61853">
        <ele>19.9</ele>
      </trkpt>
      <trkpt lat="58.8393" lon="22.61974">
        <ele>19.9</ele>
      </trkpt>
      <trkpt lat="58.83905" lon="22.62096">
        <ele>20.0</ele>
      </trkpt>
      <trkpt lat="58.8388" lon="22.62217">
        <ele>20.6</ele>
      </trkpt>
      <trkpt lat="58.83854" lon="22.62338">
        <ele>19.2</ele>
      </trkpt>
      <trkpt lat="58.83828" lon="22.62459">
        <ele>18.9</ele>
      </trkpt>
      <trkpt lat="58.83803" lon="22.62581">
        <ele>19.0</ele>
      </trkpt>
      <trkpt lat="58.83777" lon="22.62702">
        <ele>20.0</ele>
      </trkpt>
      <trkpt lat="58.83766" lon="22.62747">
        <ele>20.6</ele>
      </trkpt>
      <trkpt lat="58.83767" lon="22.62844">
        <ele>21.6</ele>
      </trkpt>
      <trkpt lat="58.83731" lon="22.6298">
        <ele>21.1</ele>
      </trkpt>
      <trkpt lat="58.83711" lon="22.63049">
        <ele>20.7</ele>
      </trkpt>
      <trkpt lat="58.83703" lon="22.63065">
        <ele>20.6</ele>
      </trkpt>
      <trkpt lat="58.83666" lon="22.62997">
        <ele>20.9</ele>
      </trkpt>
      <trkpt lat="58.83634" lon="22.62931">
        <ele>20.0</ele>
      </trkpt>
      <trkpt lat="58.83602" lon="22.62865">
        <ele>20.0</ele>
      </trkpt>
      <trkpt lat="58.83569" lon="22.62804">
        <ele>19.6</ele>
      </trkpt>
      <trkpt lat="58.83512" lon="22.62736">
        <ele>19.9</ele>
      </trkpt>
      <trkpt lat="58.83455" lon="22.62668">
        <ele>20.0</ele>
      </trkpt>
      <trkpt lat="58.83427" lon="22.62638">
        <ele>20.3</ele>
      </trkpt>
      <trkpt lat="58.83368" lon="22.62588">
        <ele>20.4</ele>
      </trkpt>
      <trkpt lat="58.83346" lon="22.62576">
        <ele>20.2</ele>
      </trkpt>
      <trkpt lat="58.83298" lon="22.62567">
        <ele>19.6</ele>
      </trkpt>
      <trkpt lat="58.83299" lon="22.62551">
        <ele>19.6</ele>
      </trkpt>
      <trkpt lat="58.83306" lon="22.6252">
        <ele>19.7</ele>
      </trkpt>
      <trkpt lat="58.83314" lon="22.62491">
        <ele>19.7</ele>
      </trkpt>
      <trkpt lat="58.83314" lon="22.62491">
        <ele>19.7</ele>
      </trkpt>
      <trkpt lat="58.8333" lon="22.62451">
        <ele>19.4</ele>
      </trkpt>
      <trkpt lat="58.83379" lon="22.62364">
        <ele>19.5</ele>
      </trkpt>
      <trkpt lat="58.83383" lon="22.62353">
        <ele>19.6</ele>
      </trkpt>
      <trkpt lat="58.83385" lon="22.62337">
        <ele>19.6</ele>
      </trkpt>
      <trkpt lat="58.83383" lon="22.62324">
        <ele>19.6</ele>
      </trkpt>
      <trkpt lat="58.83379" lon="22.62314">
        <ele>19.5</ele>
      </trkpt>
      <trkpt lat="58.8337" lon="22.62295">
        <ele>19.4</ele>
      </trkpt>
      <trkpt lat="58.83321" lon="22.62173">
        <ele>19.2</ele>
      </trkpt>
      <trkpt lat="58.83273" lon="22.62052">
        <ele>18.7</ele>
      </trkpt>
      <trkpt lat="58.8323" lon="22.61954">
        <ele>19.4</ele>
      </trkpt>
      <trkpt lat="58.83187" lon="22.61856">
        <ele>18.4</ele>
      </trkpt>
      <trkpt lat="58.83145" lon="22.61757">
        <ele>16.8</ele>
      </trkpt>
      <trkpt lat="58.831" lon="22.61651">
        <ele>16.4</ele>
      </trkpt>
      <trkpt lat="58.83051" lon="22.61541">
        <ele>17.0</ele>
      </trkpt>
      <trkpt lat="58.83002" lon="22.61431">
        <ele>18.7</ele>
      </trkpt>
      <trkpt lat="58.82953" lon="22.61321">
        <ele>18.8</ele>
      </trkpt>
      <trkpt lat="58.82905" lon="22.61211">
        <ele>18.6</ele>
      </trkpt>
      <trkpt lat="58.82899" lon="22.61195">
        <ele>18.9</ele>
      </trkpt>
      <trkpt lat="58.82891" lon="22.61151">
        <ele>19.1</ele>
      </trkpt>
      <trkpt lat="58.82885" lon="22.61133">
        <ele>19.0</ele>
      </trkpt>
      <trkpt lat="58.82877" lon="22.61114">
        <ele>18.8</ele>
      </trkpt>
      <trkpt lat="58.82857" lon="22.61088">
        <ele>18.8</ele>
      </trkpt>
      <trkpt lat="58.82809" lon="22.61032">
        <ele>18.3</ele>
      </trkpt>
      <trkpt lat="58.82761" lon="22.60976">
        <ele>18.0</ele>
      </trkpt>
      <trkpt lat="58.82734" lon="22.6095">
        <ele>18.0</ele>
      </trkpt>
      <trkpt lat="58.8269" lon="22.6092">
        <ele>18.0</ele>
      </trkpt>
      <trkpt lat="58.82632" lon="22.60884">
        <ele>18.0</ele>
      </trkpt>
      <trkpt lat="58.82564" lon="22.60847">
        <ele>18.0</ele>
      </trkpt>
      <trkpt lat="58.82552" lon="22.60845">
        <ele>18.1</ele>
      </trkpt>
      <trkpt lat="58.82536" lon="22.60991">
        <ele>19.6</ele>
      </trkpt>
      <trkpt lat="58.82526" lon="22.61051">
        <ele>19.9</ele>
      </trkpt>
      <trkpt lat="58.82497" lon="22.61168">
        <ele>21.1</ele>
      </trkpt>
      <trkpt lat="58.82468" lon="22.61285">
        <ele>21.0</ele>
      </trkpt>
      <trkpt lat="58.82439" lon="22.61403">
        <ele>21.6</ele>
      </trkpt>
      <trkpt lat="58.82391" lon="22.61362">
        <ele>24.0</ele>
      </trkpt>
      <trkpt lat="58.82343" lon="22.61322">
        <ele>23.0</ele>
      </trkpt>
      <trkpt lat="58.82306" lon="22.61279">
        <ele>21.2</ele>
      </trkpt>
      <trkpt lat="58.82251" lon="22.61226">
        <ele>18.4</ele>
      </trkpt>
      <trkpt lat="58.82219" lon="22.61199">
        <ele>17.4</ele>
      </trkpt>
      <trkpt lat="58.82169" lon="22.61157">
        <ele>16.0</ele>
      </trkpt>
      <trkpt lat="58.82096" lon="22.61091">
        <ele>15.9</ele>
      </trkpt>
      <trkpt lat="58.82024" lon="22.61025">
        <ele>15.3</ele>
      </trkpt>
      <trkpt lat="58.81951" lon="22.60959">
        <ele>15.2</ele>
      </trkpt>
      <trkpt lat="58.81878" lon="22.60893">
        <ele>15.0</ele>
      </trkpt>
      <trkpt lat="58.81805" lon="22.60827">
        <ele>15.0</ele>
      </trkpt>
      <trkpt lat="58.81732" lon="22.60762">
        <ele>15.2</ele>
      </trkpt>
      <trkpt lat="58.81659" lon="22.60696">
        <ele>16.2</ele>
      </trkpt>
      <trkpt lat="58.81587" lon="22.6063">
        <ele>17.5</ele>
      </trkpt>
      <trkpt lat="58.81525" lon="22.60569">
        <ele>16.9</ele>
      </trkpt>
      <trkpt lat="58.81463" lon="22.60508">
        <ele>16.6</ele>
      </trkpt>
      <trkpt lat="58.81441" lon="22.60541">
        <ele>16.3</ele>
      </trkpt>
      <trkpt lat="58.8139" lon="22.60588">
        <ele>16.0</ele>
      </trkpt>
      <trkpt lat="58.81339" lon="22.60636">
        <ele>16.0</ele>
      </trkpt>
      <trkpt lat="58.813" lon="22.60651">
        <ele>16.0</ele>
      </trkpt>
      <trkpt lat="58.81256" lon="22.60661">
        <ele>16.0</ele>
      </trkpt>
      <trkpt lat="58.81181" lon="22.60648">
        <ele>15.8</ele>
      </trkpt>
      <trkpt lat="58.81167" lon="22.60648">
        <ele>15.8</ele>
      </trkpt>
      <trkpt lat="58.81149" lon="22.60654">
        <ele>15.8</ele>
      </trkpt>
      <trkpt lat="58.8113" lon="22.60668">
        <ele>16.0</ele>
      </trkpt>
      <trkpt lat="58.81077" lon="22.60737">
        <ele>16.0</ele>
      </trkpt>
      <trkpt lat="58.81046" lon="22.60768">
        <ele>16.0</ele>
      </trkpt>
      <trkpt lat="58.81028" lon="22.60779">
        <ele>16.0</ele>
      </trkpt>
      <trkpt lat="58.80979" lon="22.60792">
        <ele>16.0</ele>
      </trkpt>
      <trkpt lat="58.80929" lon="22.60805">
        <ele>16.0</ele>
      </trkpt>
      <trkpt lat="58.80903" lon="22.60815">
        <ele>16.0</ele>
      </trkpt>
      <trkpt lat="58.80872" lon="22.60837">
        <ele>16.0</ele>
      </trkpt>
      <trkpt lat="58.80848" lon="22.60858">
        <ele>16.0</ele>
      </trkpt>
      <trkpt lat="58.80803" lon="22.60904">
        <ele>16.0</ele>
      </trkpt>
      <trkpt lat="58.8078" lon="22.60929">
        <ele>16.1</ele>
      </trkpt>
      <trkpt lat="58.80742" lon="22.60981">
        <ele>16.0</ele>
      </trkpt>
      <trkpt lat="58.80687" lon="22.61068">
        <ele>16.0</ele>
      </trkpt>
      <trkpt lat="58.80646" lon="22.61137">
        <ele>15.5</ele>
      </trkpt>
      <trkpt lat="58.80604" lon="22.61206">
        <ele>15.8</ele>
      </trkpt>
      <trkpt lat="58.8056" lon="22.61262">
        <ele>16.0</ele>
      </trkpt>
      <trkpt lat="58.80498" lon="22.61298">
        <ele>16.0</ele>
      </trkpt>
      <trkpt lat="58.80437" lon="22.61335">
        <ele>16.8</ele>
      </trkpt>
      <trkpt lat="58.80428" lon="22.6132">
        <ele>16.9</ele>
      </trkpt>
      <trkpt lat="58.80416" lon="22.61253">
        <ele>17.0</ele>
      </trkpt>
      <trkpt lat="58.80401" lon="22.61146">
        <ele>17.5</ele>
      </trkpt>
      <trkpt lat="58.80391" lon="22.61043">
        <ele>17.1</ele>
      </trkpt>
      <trkpt lat="58.80379" lon="22.60935">
        <ele>16.7</ele>
      </trkpt>
      <trkpt lat="58.80368" lon="22.6084">
        <ele>16.0</ele>
      </trkpt>
      <trkpt lat="58.80361" lon="22.60807">
        <ele>15.9</ele>
      </trkpt>
      <trkpt lat="58.80349" lon="22.6078">
        <ele>15.9</ele>
      </trkpt>
      <trkpt lat="58.80312" lon="22.60711">
        <ele>17.5</ele>
      </trkpt>
      <trkpt lat="58.80276" lon="22.60642">
        <ele>19.4</ele>
      </trkpt>
      <trkpt lat="58.80232" lon="22.60551">
        <ele>19.2</ele>
      </trkpt>
      <trkpt lat="58.80197" lon="22.60482">
        <ele>19.7</ele>
      </trkpt>
      <trkpt lat="58.80162" lon="22.60414">
        <ele>18.7</ele>
      </trkpt>
      <trkpt lat="58.80149" lon="22.60399">
        <ele>17.9</ele>
      </trkpt>
      <trkpt lat="58.80118" lon="22.6038">
        <ele>16.7</ele>
      </trkpt>
      <trkpt lat="58.80132" lon="22.6026">
        <ele>16.1</ele>
      </trkpt>
      <trkpt lat="58.80145" lon="22.60141">
        <ele>16.9</ele>
      </trkpt>
      <trkpt lat="58.80158" lon="22.60021">
        <ele>16.7</ele>
      </trkpt>
      <trkpt lat="58.80157" lon="22.59917">
        <ele>15.9</ele>
      </trkpt>
      <trkpt lat="58.80144" lon="22.59763">
        <ele>14.4</ele>
      </trkpt>
      <trkpt lat="58.80131" lon="22.5961">
        <ele>14.5</ele>
      </trkpt>
      <trkpt lat="58.80118" lon="22.59456">
        <ele>14.7</ele>
      </trkpt>
      <trkpt lat="58.80105" lon="22.59302">
        <ele>15.6</ele>
      </trkpt>
      <trkpt lat="58.80092" lon="22.59148">
        <ele>17.9</ele>
      </trkpt>
      <trkpt lat="58.80079" lon="22.58995">
        <ele>19.2</ele>
      </trkpt>
      <trkpt lat="58.80066" lon="22.58841">
        <ele>19.0</ele>
      </trkpt>
      <trkpt lat="58.80053" lon="22.58687">
        <ele>20.9</ele>
      </trkpt>
      <trkpt lat="58.8004" lon="22.58533">
        <ele>21.8</ele>
      </trkpt>
      <trkpt lat="58.80025" lon="22.58392">
        <ele>22.3</ele>
      </trkpt>
      <trkpt lat="58.80011" lon="22.5825">
        <ele>22.7</ele>
      </trkpt>
      <trkpt lat="58.79996" lon="22.58108">
        <ele>23.0</ele>
      </trkpt>
      <trkpt lat="58.79982" lon="22.57967">
        <ele>23.1</ele>
      </trkpt>
      <trkpt lat="58.79955" lon="22.57842">
        <ele>22.5</ele>
      </trkpt>
      <trkpt lat="58.79929" lon="22.57717">
        <ele>22.1</ele>
      </trkpt>
      <trkpt lat="58.79902" lon="22.57592">
        <ele>22.1</ele>
      </trkpt>
      <trkpt lat="58.79897" lon="22.5746">
        <ele>22.6</ele>
      </trkpt>
      <trkpt lat="58.79903" lon="22.57369">
        <ele>22.6</ele>
      </trkpt>
      <trkpt lat="58.79915" lon="22.57286">
        <ele>22.1</ele>
      </trkpt>
      <trkpt lat="58.79925" lon="22.57192">
        <ele>22.1</ele>
      </trkpt>
      <trkpt lat="58.79927" lon="22.57094">
        <ele>19.5</ele>
      </trkpt>
      <trkpt lat="58.79914" lon="22.56923">
        <ele>16.1</ele>
      </trkpt>
      <trkpt lat="58.79902" lon="22.56752">
        <ele>15.8</ele>
      </trkpt>
      <trkpt lat="58.799017" lon="22.567518">
        <ele>15.8</ele>
      </trkpt>
      <trkpt lat="58.79896" lon="22.56672">
        <ele>15.8</ele>
      </trkpt>
      <trkpt lat="58.79888" lon="22.56545">
        <ele>15.0</ele>
      </trkpt>
      <trkpt lat="58.7988" lon="22.56418">
        <ele>15.0</ele>
      </trkpt>
      <trkpt lat="58.79884" lon="22.56291">
        <ele>15.0</ele>
      </trkpt>
      <trkpt lat="58.79887" lon="22.56163">
        <ele>15.0</ele>
      </trkpt>
      <trkpt lat="58.7989" lon="22.56035">
        <ele>15.0</ele>
      </trkpt>
      <trkpt lat="58.79896" lon="22.55954">
        <ele>15.8</ele>
      </trkpt>
      <trkpt lat="58.79917" lon="22.55824">
        <ele>17.2</ele>
      </trkpt>
      <trkpt lat="58.79922" lon="22.55757">
        <ele>18.6</ele>
      </trkpt>
      <trkpt lat="58.7992" lon="22.55628">
        <ele>19.4</ele>
      </trkpt>
      <trkpt lat="58.79906" lon="22.55492">
        <ele>19.8</ele>
      </trkpt>
      <trkpt lat="58.79891" lon="22.55356">
        <ele>20.8</ele>
      </trkpt>
      <trkpt lat="58.7987" lon="22.55236">
        <ele>23.4</ele>
      </trkpt>
      <trkpt lat="58.79853" lon="22.55187">
        <ele>24.4</ele>
      </trkpt>
      <trkpt lat="58.79832" lon="22.5514">
        <ele>25.3</ele>
      </trkpt>
      <trkpt lat="58.79773" lon="22.55052">
        <ele>24.7</ele>
      </trkpt>
      <trkpt lat="58.79713" lon="22.54964">
        <ele>20.7</ele>
      </trkpt>
      <trkpt lat="58.79685" lon="22.54903">
        <ele>19.4</ele>
      </trkpt>
      <trkpt lat="58.79648" lon="22.54956">
        <ele>19.1</ele>
      </trkpt>
      <trkpt lat="58.79611" lon="22.5501">
        <ele>18.4</ele>
      </trkpt>
      <trkpt lat="58.79539" lon="22.55069">
        <ele>19.3</ele>
      </trkpt>
      <trkpt lat="58.79466" lon="22.55129">
        <ele>18.4</ele>
      </trkpt>
      <trkpt lat="58.79394" lon="22.55188">
        <ele>17.7</ele>
      </trkpt>
      <trkpt lat="58.79322" lon="22.55248">
        <ele>16.9</ele>
      </trkpt>
      <trkpt lat="58.79249" lon="22.55308">
        <ele>15.4</ele>
      </trkpt>
      <trkpt lat="58.7918" lon="22.55367">
        <ele>17.7</ele>
      </trkpt>
      <trkpt lat="58.79111" lon="22.55426">
        <ele>18.7</ele>
      </trkpt>
      <trkpt lat="58.79042" lon="22.55485">
        <ele>18.5</ele>
      </trkpt>
      <trkpt lat="58.78973" lon="22.55544">
        <ele>18.8</ele>
      </trkpt>
      <trkpt lat="58.78903" lon="22.55587">
        <ele>18.2</ele>
      </trkpt>
      <trkpt lat="58.78834" lon="22.55631">
        <ele>17.7</ele>
      </trkpt>
      <trkpt lat="58.78765" lon="22.55674">
        <ele>18.5</ele>
      </trkpt>
      <trkpt lat="58.78724" lon="22.55706">
        <ele>19.8</ele>
      </trkpt>
      <trkpt lat="58.78714" lon="22.55706">
        <ele>20.1</ele>
      </trkpt>
      <trkpt lat="58.78706" lon="22.55694">
        <ele>20.2</ele>
      </trkpt>
      <trkpt lat="58.78654" lon="22.55565">
        <ele>22.0</ele>
      </trkpt>
      <trkpt lat="58.78601" lon="22.55436">
        <ele>21.4</ele>
      </trkpt>
      <trkpt lat="58.78548" lon="22.55307">
        <ele>21.2</ele>
      </trkpt>
      <trkpt lat="58.78515" lon="22.55229">
        <ele>21.2</ele>
      </trkpt>
      <trkpt lat="58.78482" lon="22.55151">
        <ele>21.9</ele>
      </trkpt>
      <trkpt lat="58.78433" lon="22.55032">
        <ele>23.1</ele>
      </trkpt>
      <trkpt lat="58.78384" lon="22.54913">
        <ele>23.6</ele>
      </trkpt>
      <trkpt lat="58.78336" lon="22.54794">
        <ele>21.6</ele>
      </trkpt>
      <trkpt lat="58.78287" lon="22.54675">
        <ele>20.5</ele>
      </trkpt>
      <trkpt lat="58.78244" lon="22.54577">
        <ele>19.9</ele>
      </trkpt>
      <trkpt lat="58.78183" lon="22.54473">
        <ele>19.6</ele>
      </trkpt>
      <trkpt lat="58.78123" lon="22.54369">
        <ele>19.2</ele>
      </trkpt>
      <trkpt lat="58.78062" lon="22.54266">
        <ele>20.2</ele>
      </trkpt>
      <trkpt lat="58.78002" lon="22.54162">
        <ele>21.9</ele>
      </trkpt>
      <trkpt lat="58.77942" lon="22.54058">
        <ele>22.5</ele>
      </trkpt>
      <trkpt lat="58.77899" lon="22.53991">
        <ele>21.4</ele>
      </trkpt>
      <trkpt lat="58.77857" lon="22.53924">
        <ele>20.7</ele>
      </trkpt>
      <trkpt lat="58.77832" lon="22.53879">
        <ele>19.2</ele>
      </trkpt>
      <trkpt lat="58.77809" lon="22.53826">
        <ele>19.1</ele>
      </trkpt>
      <trkpt lat="58.77784" lon="22.5372">
        <ele>18.2</ele>
      </trkpt>
      <trkpt lat="58.77772" lon="22.53646">
        <ele>16.8</ele>
      </trkpt>
      <trkpt lat="58.77762" lon="22.53549">
        <ele>14.9</ele>
      </trkpt>
      <trkpt lat="58.77746" lon="22.53416">
        <ele>13.1</ele>
      </trkpt>
      <trkpt lat="58.7773" lon="22.53282">
        <ele>13.3</ele>
      </trkpt>
      <trkpt lat="58.77716" lon="22.53244">
        <ele>13.4</ele>
      </trkpt>
      <trkpt lat="58.77694" lon="22.53209">
        <ele>13.7</ele>
      </trkpt>
      <trkpt lat="58.77654" lon="22.53156">
        <ele>13.9</ele>
      </trkpt>
      <trkpt lat="58.77615" lon="22.53104">
        <ele>13.2</ele>
      </trkpt>
      <trkpt lat="58.7757" lon="22.53047">
        <ele>13.0</ele>
      </trkpt>
      <trkpt lat="58.77525" lon="22.5299">
        <ele>13.0</ele>
      </trkpt>
      <trkpt lat="58.77525" lon="22.5299">
        <ele>13.0</ele>
      </trkpt>
      <trkpt lat="58.77525" lon="22.5299">
        <ele>13.0</ele>
      </trkpt>
      <trkpt lat="58.77473" lon="22.52924">
        <ele>12.7</ele>
      </trkpt>
      <trkpt lat="58.7744" lon="22.52874">
        <ele>12.3</ele>
      </trkpt>
      <trkpt lat="58.7737" lon="22.5278">
        <ele>12.1</ele>
      </trkpt>
      <trkpt lat="58.7734" lon="22.52747">
        <ele>12.1</ele>
      </trkpt>
      <trkpt lat="58.77319" lon="22.52836">
        <ele>11.0</ele>
      </trkpt>
      <trkpt lat="58.77299" lon="22.52926">
        <ele>11.5</ele>
      </trkpt>
      <trkpt lat="58.77287" lon="22.52964">
        <ele>12.2</ele>
      </trkpt>
      <trkpt lat="58.77269" lon="22.53008">
        <ele>13.3</ele>
      </trkpt>
      <trkpt lat="58.7722" lon="22.53085">
        <ele>14.0</ele>
      </trkpt>
      <trkpt lat="58.77206" lon="22.53109">
        <ele>14.3</ele>
      </trkpt>
      <trkpt lat="58.77193" lon="22.53144">
        <ele>14.7</ele>
      </trkpt>
      <trkpt lat="58.77181" lon="22.53185">
        <ele>15.0</ele>
      </trkpt>
      <trkpt lat="58.7716" lon="22.53272">
        <ele>14.7</ele>
      </trkpt>
      <trkpt lat="58.77125" lon="22.53411">
        <ele>13.5</ele>
      </trkpt>
      <trkpt lat="58.7709" lon="22.53549">
        <ele>13.2</ele>
      </trkpt>
      <trkpt lat="58.77077" lon="22.53596">
        <ele>12.9</ele>
      </trkpt>
      <trkpt lat="58.77029" lon="22.53711">
        <ele>12.3</ele>
      </trkpt>
      <trkpt lat="58.76981" lon="22.53826">
        <ele>11.6</ele>
      </trkpt>
      <trkpt lat="58.76936" lon="22.53942">
        <ele>11.5</ele>
      </trkpt>
      <trkpt lat="58.7689" lon="22.54058">
        <ele>11.3</ele>
      </trkpt>
      <trkpt lat="58.76845" lon="22.54173">
        <ele>11.3</ele>
      </trkpt>
      <trkpt lat="58.76835" lon="22.54209">
        <ele>11.0</ele>
      </trkpt>
      <trkpt lat="58.76815" lon="22.54291">
        <ele>11.3</ele>
      </trkpt>
      <trkpt lat="58.76795" lon="22.54373">
        <ele>11.5</ele>
      </trkpt>
      <trkpt lat="58.76762" lon="22.54485">
        <ele>11.7</ele>
      </trkpt>
      <trkpt lat="58.76753" lon="22.54522">
        <ele>11.7</ele>
      </trkpt>
      <trkpt lat="58.76732" lon="22.54654">
        <ele>10.3</ele>
      </trkpt>
      <trkpt lat="58.76728" lon="22.54674">
        <ele>10.3</ele>
      </trkpt>
      <trkpt lat="58.76721" lon="22.54692">
        <ele>10.5</ele>
      </trkpt>
      <trkpt lat="58.76707" lon="22.54719">
        <ele>10.8</ele>
      </trkpt>
      <trkpt lat="58.76668" lon="22.54758">
        <ele>12.2</ele>
      </trkpt>
      <trkpt lat="58.76596" lon="22.54796">
        <ele>13.0</ele>
      </trkpt>
      <trkpt lat="58.76523" lon="22.54834">
        <ele>13.0</ele>
      </trkpt>
      <trkpt lat="58.76451" lon="22.54872">
        <ele>13.2</ele>
      </trkpt>
      <trkpt lat="58.76378" lon="22.5491">
        <ele>13.5</ele>
      </trkpt>
      <trkpt lat="58.76306" lon="22.54948">
        <ele>13.3</ele>
      </trkpt>
      <trkpt lat="58.76274" lon="22.54968">
        <ele>12.7</ele>
      </trkpt>
      <trkpt lat="58.76255" lon="22.54998">
        <ele>12.1</ele>
      </trkpt>
      <trkpt lat="58.76232" lon="22.55041">
        <ele>11.6</ele>
      </trkpt>
      <trkpt lat="58.76175" lon="22.55163">
        <ele>10.3</ele>
      </trkpt>
      <trkpt lat="58.76117" lon="22.55286">
        <ele>11.2</ele>
      </trkpt>
      <trkpt lat="58.76103" lon="22.55308">
        <ele>10.8</ele>
      </trkpt>
      <trkpt lat="58.76081" lon="22.55331">
        <ele>10.0</ele>
      </trkpt>
      <trkpt lat="58.76016" lon="22.55392">
        <ele>10.7</ele>
      </trkpt>
      <trkpt lat="58.75965" lon="22.55451">
        <ele>13.1</ele>
      </trkpt>
      <trkpt lat="58.75919" lon="22.55525">
        <ele>15.9</ele>
      </trkpt>
      <trkpt lat="58.75892" lon="22.55574">
        <ele>16.3</ele>
      </trkpt>
      <trkpt lat="58.75847" lon="22.55694">
        <ele>17.4</ele>
      </trkpt>
      <trkpt lat="58.75802" lon="22.55815">
        <ele>16.8</ele>
      </trkpt>
      <trkpt lat="58.75758" lon="22.55935">
        <ele>17.8</ele>
      </trkpt>
      <trkpt lat="58.75713" lon="22.56055">
        <ele>19.5</ele>
      </trkpt>
      <trkpt lat="58.7565" lon="22.5617">
        <ele>20.4</ele>
      </trkpt>
      <trkpt lat="58.75587" lon="22.56284">
        <ele>20.1</ele>
      </trkpt>
      <trkpt lat="58.75523" lon="22.56399">
        <ele>18.4</ele>
      </trkpt>
      <trkpt lat="58.7546" lon="22.56513">
        <ele>17.0</ele>
      </trkpt>
      <trkpt lat="58.75397" lon="22.56627">
        <ele>17.0</ele>
      </trkpt>
      <trkpt lat="58.75333" lon="22.56742">
        <ele>17.0</ele>
      </trkpt>
      <trkpt lat="58.7527" lon="22.56856">
        <ele>17.8</ele>
      </trkpt>
      <trkpt lat="58.75245" lon="22.56907">
        <ele>18.0</ele>
      </trkpt>
      <trkpt lat="58.75175" lon="22.56841">
        <ele>18.0</ele>
      </trkpt>
      <trkpt lat="58.75104" lon="22.56775">
        <ele>18.0</ele>
      </trkpt>
      <trkpt lat="58.75034" lon="22.5671">
        <ele>16.8</ele>
      </trkpt>
      <trkpt lat="58.74955" lon="22.56635">
        <ele>15.6</ele>
      </trkpt>
      <trkpt lat="58.74876" lon="22.56561">
        <ele>14.9</ele>
      </trkpt>
      <trkpt lat="58.74797" lon="22.56487">
        <ele>13.5</ele>
      </trkpt>
      <trkpt lat="58.74718" lon="22.56412">
        <ele>14.4</ele>
      </trkpt>
      <trkpt lat="58.7464" lon="22.56338">
        <ele>15.0</ele>
      </trkpt>
      <trkpt lat="58.74561" lon="22.56263">
        <ele>14.8</ele>
      </trkpt>
      <trkpt lat="58.74481" lon="22.5619">
        <ele>13.3</ele>
      </trkpt>
      <trkpt lat="58.74401" lon="22.56116">
        <ele>13.8</ele>
      </trkpt>
      <trkpt lat="58.7432" lon="22.56043">
        <ele>15.2</ele>
      </trkpt>
      <trkpt lat="58.74287" lon="22.56008">
        <ele>14.8</ele>
      </trkpt>
      <trkpt lat="58.74263" lon="22.55999">
        <ele>14.3</ele>
      </trkpt>
      <trkpt lat="58.74182" lon="22.56003">
        <ele>10.7</ele>
      </trkpt>
      <trkpt lat="58.74102" lon="22.56008">
        <ele>9.1</ele>
      </trkpt>
      <trkpt lat="58.74018" lon="22.56007">
        <ele>8.2</ele>
      </trkpt>
      <trkpt lat="58.73934" lon="22.56007">
        <ele>8.0</ele>
      </trkpt>
      <trkpt lat="58.7385" lon="22.56007">
        <ele>7.2</ele>
      </trkpt>
      <trkpt lat="58.73782" lon="22.56005">
        <ele>7.0</ele>
      </trkpt>
      <trkpt lat="58.73714" lon="22.56002">
        <ele>7.4</ele>
      </trkpt>
      <trkpt lat="58.73645" lon="22.56">
        <ele>7.7</ele>
      </trkpt>
      <trkpt lat="58.73577" lon="22.55998">
        <ele>7.0</ele>
      </trkpt>
      <trkpt lat="58.73577" lon="22.55998">
        <ele>7.0</ele>
      </trkpt>
      <trkpt lat="58.73526" lon="22.55997">
        <ele>7.0</ele>
      </trkpt>
      <trkpt lat="58.73456" lon="22.55997">
        <ele>8.6</ele>
      </trkpt>
      <trkpt lat="58.73386" lon="22.55998">
        <ele>10.3</ele>
      </trkpt>
      <trkpt lat="58.73299" lon="22.56003">
        <ele>11.4</ele>
      </trkpt>
      <trkpt lat="58.73212" lon="22.56007">
        <ele>12.1</ele>
      </trkpt>
      <trkpt lat="58.73124" lon="22.56012">
        <ele>11.9</ele>
      </trkpt>
      <trkpt lat="58.73037" lon="22.56017">
        <ele>11.6</ele>
      </trkpt>
      <trkpt lat="58.72951" lon="22.56022">
        <ele>11.8</ele>
      </trkpt>
      <trkpt lat="58.72866" lon="22.56027">
        <ele>12.0</ele>
      </trkpt>
      <trkpt lat="58.7278" lon="22.56032">
        <ele>11.9</ele>
      </trkpt>
      <trkpt lat="58.72694" lon="22.56038">
        <ele>11.2</ele>
      </trkpt>
      <trkpt lat="58.72678" lon="22.56034">
        <ele>11.0</ele>
      </trkpt>
      <trkpt lat="58.72662" lon="22.56022">
        <ele>10.6</ele>
      </trkpt>
      <trkpt lat="58.7262" lon="22.55936">
        <ele>10.7</ele>
      </trkpt>
      <trkpt lat="58.72578" lon="22.55851">
        <ele>10.3</ele>
      </trkpt>
      <trkpt lat="58.72545" lon="22.55919">
        <ele>11.5</ele>
      </trkpt>
      <trkpt lat="58.72512" lon="22.55988">
        <ele>12.7</ele>
      </trkpt>
      <trkpt lat="58.72451" lon="22.56089">
        <ele>12.3</ele>
      </trkpt>
      <trkpt lat="58.72395" lon="22.56159">
        <ele>11.7</ele>
      </trkpt>
      <trkpt lat="58.72328" lon="22.56215">
        <ele>12.1</ele>
      </trkpt>
      <trkpt lat="58.72258" lon="22.56247">
        <ele>11.2</ele>
      </trkpt>
      <trkpt lat="58.72187" lon="22.56278">
        <ele>9.1</ele>
      </trkpt>
      <trkpt lat="58.72117" lon="22.5631">
        <ele>9.3</ele>
      </trkpt>
      <trkpt lat="58.72061" lon="22.5634">
        <ele>9.8</ele>
      </trkpt>
      <trkpt lat="58.720339" lon="22.563543">
        <ele>9.5</ele>
      </trkpt>
      <trkpt lat="58.72034" lon="22.56355">
        <ele>9.5</ele>
      </trkpt>
      <trkpt lat="58.72019" lon="22.56363">
        <ele>9.3</ele>
      </trkpt>
      <trkpt lat="58.71985" lon="22.56389">
        <ele>9.2</ele>
      </trkpt>
      <trkpt lat="58.71922" lon="22.56456">
        <ele>10.0</ele>
      </trkpt>
      <trkpt lat="58.71893" lon="22.56502">
        <ele>10.9</ele>
      </trkpt>
      <trkpt lat="58.71856" lon="22.56568">
        <ele>12.2</ele>
      </trkpt>
      <trkpt lat="58.71827" lon="22.56632">
        <ele>12.5</ele>
      </trkpt>
      <trkpt lat="58.7176" lon="22.56804">
        <ele>11.2</ele>
      </trkpt>
      <trkpt lat="58.71638" lon="22.57149">
        <ele>11.8</ele>
      </trkpt>
      <trkpt lat="58.71605" lon="22.5724">
        <ele>11.1</ele>
      </trkpt>
      <trkpt lat="58.71557" lon="22.5736">
        <ele>10.0</ele>
      </trkpt>
      <trkpt lat="58.71516" lon="22.57453">
        <ele>10.4</ele>
      </trkpt>
      <trkpt lat="58.7148" lon="22.57536">
        <ele>11.2</ele>
      </trkpt>
      <trkpt lat="58.71474" lon="22.57547">
        <ele>11.3</ele>
      </trkpt>
      <trkpt lat="58.71468" lon="22.57562">
        <ele>11.4</ele>
      </trkpt>
      <trkpt lat="58.71453" lon="22.57594">
        <ele>11.6</ele>
      </trkpt>
      <trkpt lat="58.7145" lon="22.57604">
        <ele>11.7</ele>
      </trkpt>
      <trkpt lat="58.71421" lon="22.57667">
        <ele>12.0</ele>
      </trkpt>
      <trkpt lat="58.7142" lon="22.5767">
        <ele>12.0</ele>
      </trkpt>
      <trkpt lat="58.71367" lon="22.57832">
        <ele>11.0</ele>
      </trkpt>
      <trkpt lat="58.71333" lon="22.57955">
        <ele>11.5</ele>
      </trkpt>
      <trkpt lat="58.7133" lon="22.57966">
        <ele>11.6</ele>
      </trkpt>
      <trkpt lat="58.71329" lon="22.57971">
        <ele>11.7</ele>
      </trkpt>
      <trkpt lat="58.71328" lon="22.57973">
        <ele>11.7</ele>
      </trkpt>
      <trkpt lat="58.71327" lon="22.57976">
        <ele>11.7</ele>
      </trkpt>
      <trkpt lat="58.71324" lon="22.57987">
        <ele>11.8</ele>
      </trkpt>
      <trkpt lat="58.71319" lon="22.58005">
        <ele>11.8</ele>
      </trkpt>
      <trkpt lat="58.71314" lon="22.58022">
        <ele>11.8</ele>
      </trkpt>
      <trkpt lat="58.71312" lon="22.58027">
        <ele>11.7</ele>
      </trkpt>
      <trkpt lat="58.71262" lon="22.58215">
        <ele>11.1</ele>
      </trkpt>
      <trkpt lat="58.71185" lon="22.58487">
        <ele>9.3</ele>
      </trkpt>
      <trkpt lat="58.71168" lon="22.58541">
        <ele>9.0</ele>
      </trkpt>
      <trkpt lat="58.71167" lon="22.58545">
        <ele>9.0</ele>
      </trkpt>
      <trkpt lat="58.71155" lon="22.58572">
        <ele>9.1</ele>
      </trkpt>
      <trkpt lat="58.71149" lon="22.58585">
        <ele>9.2</ele>
      </trkpt>
      <trkpt lat="58.71124" lon="22.58631">
        <ele>9.5</ele>
      </trkpt>
      <trkpt lat="58.71099" lon="22.58666">
        <ele>9.8</ele>
      </trkpt>
      <trkpt lat="58.71081" lon="22.58689">
        <ele>10.0</ele>
      </trkpt>
      <trkpt lat="58.71062" lon="22.58706">
        <ele>10.0</ele>
      </trkpt>
      <trkpt lat="58.71036" lon="22.58726">
        <ele>10.0</ele>
      </trkpt>
      <trkpt lat="58.71003" lon="22.58744">
        <ele>10.0</ele>
      </trkpt>
      <trkpt lat="58.70998" lon="22.58746">
        <ele>10.0</ele>
      </trkpt>
      <trkpt lat="58.70993" lon="22.58748">
        <ele>10.2</ele>
      </trkpt>
      <trkpt lat="58.70951" lon="22.58765">
        <ele>11.1</ele>
      </trkpt>
      <trkpt lat="58.70943" lon="22.58769">
        <ele>11.2</ele>
      </trkpt>
      <trkpt lat="58.70924" lon="22.58776">
        <ele>11.5</ele>
      </trkpt>
      <trkpt lat="58.70891" lon="22.58795">
        <ele>11.5</ele>
      </trkpt>
      <trkpt lat="58.70874" lon="22.58807">
        <ele>11.3</ele>
      </trkpt>
      <trkpt lat="58.70841" lon="22.58841">
        <ele>11.0</ele>
      </trkpt>
      <trkpt lat="58.70833" lon="22.58853">
        <ele>11.0</ele>
      </trkpt>
      <trkpt lat="58.70827" lon="22.58863">
        <ele>11.6</ele>
      </trkpt>
      <trkpt lat="58.70824" lon="22.58867">
        <ele>11.9</ele>
      </trkpt>
      <trkpt lat="58.70823" lon="22.58868">
        <ele>12.0</ele>
      </trkpt>
      <trkpt lat="58.70806" lon="22.58895">
        <ele>13.6</ele>
      </trkpt>
      <trkpt lat="58.70797" lon="22.58915">
        <ele>14.5</ele>
      </trkpt>
      <trkpt lat="58.70782" lon="22.58953">
        <ele>15.5</ele>
      </trkpt>
      <trkpt lat="58.70776" lon="22.58975">
        <ele>15.8</ele>
      </trkpt>
      <trkpt lat="58.70766" lon="22.59021">
        <ele>16.5</ele>
      </trkpt>
      <trkpt lat="58.70748" lon="22.59133">
        <ele>17.5</ele>
      </trkpt>
      <trkpt lat="58.70736" lon="22.5922">
        <ele>17.5</ele>
      </trkpt>
      <trkpt lat="58.70712" lon="22.59395">
        <ele>17.9</ele>
      </trkpt>
      <trkpt lat="58.70705" lon="22.5943">
        <ele>18.0</ele>
      </trkpt>
      <trkpt lat="58.70697" lon="22.59464">
        <ele>17.8</ele>
      </trkpt>
      <trkpt lat="58.70691" lon="22.59484">
        <ele>17.7</ele>
      </trkpt>
      <trkpt lat="58.70678" lon="22.59525">
        <ele>17.5</ele>
      </trkpt>
      <trkpt lat="58.70671" lon="22.59543">
        <ele>17.4</ele>
      </trkpt>
      <trkpt lat="58.70666" lon="22.59554">
        <ele>17.3</ele>
      </trkpt>
      <trkpt lat="58.7066" lon="22.59567">
        <ele>17.1</ele>
      </trkpt>
      <trkpt lat="58.70652" lon="22.59582">
        <ele>16.8</ele>
      </trkpt>
      <trkpt lat="58.70648" lon="22.59591">
        <ele>16.6</ele>
      </trkpt>
      <trkpt lat="58.70642" lon="22.59601">
        <ele>16.3</ele>
      </trkpt>
      <trkpt lat="58.70627" lon="22.59627">
        <ele>15.5</ele>
      </trkpt>
      <trkpt lat="58.7062" lon="22.5964">
        <ele>15.1</ele>
      </trkpt>
      <trkpt lat="58.70591" lon="22.5969">
        <ele>14.1</ele>
      </trkpt>
      <trkpt lat="58.70571" lon="22.59726">
        <ele>14.2</ele>
      </trkpt>
      <trkpt lat="58.70552" lon="22.59754">
        <ele>14.3</ele>
      </trkpt>
      <trkpt lat="58.70552" lon="22.59754">
        <ele>14.3</ele>
      </trkpt>
      <trkpt lat="58.70544" lon="22.59719">
        <ele>14.6</ele>
      </trkpt>
      <trkpt lat="58.70529" lon="22.59641">
        <ele>15.9</ele>
      </trkpt>
      <trkpt lat="58.70529" lon="22.59641">
        <ele>15.9</ele>
      </trkpt>
      <trkpt lat="58.70526" lon="22.59642">
        <ele>16.0</ele>
      </trkpt>
      <trkpt lat="58.70523" lon="22.59642">
        <ele>16.0</ele>
      </trkpt>
      <trkpt lat="58.7052" lon="22.59639">
        <ele>16.2</ele>
      </trkpt>
      <trkpt lat="58.70517" lon="22.59632">
        <ele>16.4</ele>
      </trkpt>
      <trkpt lat="58.70512" lon="22.59614">
        <ele>17.0</ele>
      </trkpt>
      <trkpt lat="58.70509" lon="22.59593">
        <ele>17.6</ele>
      </trkpt>
      <trkpt lat="58.70503" lon="22.5956">
        <ele>18.2</ele>
      </trkpt>
      <trkpt lat="58.70498" lon="22.59536">
        <ele>18.5</ele>
      </trkpt>
      <trkpt lat="58.70492" lon="22.59464">
        <ele>19.0</ele>
      </trkpt>
      <trkpt lat="58.7049" lon="22.59399">
        <ele>19.4</ele>
      </trkpt>
      <trkpt lat="58.70489" lon="22.59369">
        <ele>19.3</ele>
      </trkpt>
      <trkpt lat="58.70486" lon="22.59295">
        <ele>18.3</ele>
      </trkpt>
      <trkpt lat="58.70477" lon="22.59247">
        <ele>16.8</ele>
      </trkpt>
      <trkpt lat="58.70476" lon="22.59234">
        <ele>16.6</ele>
      </trkpt>
      <trkpt lat="58.70476" lon="22.59221">
        <ele>16.4</ele>
      </trkpt>
      <trkpt lat="58.70476" lon="22.59201">
        <ele>16.0</ele>
      </trkpt>
      <trkpt lat="58.70476" lon="22.59187">
        <ele>15.8</ele>
      </trkpt>
      <trkpt lat="58.70476" lon="22.59172">
        <ele>15.5</ele>
      </trkpt>
      <trkpt lat="58.70475" lon="22.59166">
        <ele>15.4</ele>
      </trkpt>
      <trkpt lat="58.70475" lon="22.59152">
        <ele>15.0</ele>
      </trkpt>
      <trkpt lat="58.70474" lon="22.59136">
        <ele>14.6</ele>
      </trkpt>
      <trkpt lat="58.70472" lon="22.59111">
        <ele>14.0</ele>
      </trkpt>
      <trkpt lat="58.7047" lon="22.59098">
        <ele>13.6</ele>
      </trkpt>
      <trkpt lat="58.70468" lon="22.5909">
        <ele>13.4</ele>
      </trkpt>
      <trkpt lat="58.70442" lon="22.58999">
        <ele>11.6</ele>
      </trkpt>
      <trkpt lat="58.70424" lon="22.58949">
        <ele>10.6</ele>
      </trkpt>
      <trkpt lat="58.7042" lon="22.58938">
        <ele>10.4</ele>
      </trkpt>
      <trkpt lat="58.70414" lon="22.58921">
        <ele>10.1</ele>
      </trkpt>
      <trkpt lat="58.7041" lon="22.58909">
        <ele>10.1</ele>
      </trkpt>
      <trkpt lat="58.70405" lon="22.58896">
        <ele>10.1</ele>
      </trkpt>
      <trkpt lat="58.70376" lon="22.58827">
        <ele>10.4</ele>
      </trkpt>
      <trkpt lat="58.70365" lon="22.58801">
        <ele>10.2</ele>
      </trkpt>
      <trkpt lat="58.70358" lon="22.58786">
        <ele>10.1</ele>
      </trkpt>
      <trkpt lat="58.70316" lon="22.58712">
        <ele>9.6</ele>
      </trkpt>
      <trkpt lat="58.7029" lon="22.58673">
        <ele>9.6</ele>
      </trkpt>
      <trkpt lat="58.7023" lon="22.58571">
        <ele>8.9</ele>
      </trkpt>
      <trkpt lat="58.70227" lon="22.58564">
        <ele>8.8</ele>
      </trkpt>
      <trkpt lat="58.70221" lon="22.58553">
        <ele>8.8</ele>
      </trkpt>
      <trkpt lat="58.70221" lon="22.58552">
        <ele>8.8</ele>
      </trkpt>
      <trkpt lat="58.7022" lon="22.58551">
        <ele>8.8</ele>
      </trkpt>
      <trkpt lat="58.7022" lon="22.5855">
        <ele>8.7</ele>
      </trkpt>
      <trkpt lat="58.70214" lon="22.58539">
        <ele>8.7</ele>
      </trkpt>
      <trkpt lat="58.70208" lon="22.58527">
        <ele>8.7</ele>
      </trkpt>
      <trkpt lat="58.70204" lon="22.58518">
        <ele>8.6</ele>
      </trkpt>
      <trkpt lat="58.70188" lon="22.58467">
        <ele>8.6</ele>
      </trkpt>
      <trkpt lat="58.70184" lon="22.58454">
        <ele>8.7</ele>
      </trkpt>
      <trkpt lat="58.70183" lon="22.58452">
        <ele>8.7</ele>
      </trkpt>
      <trkpt lat="58.70182" lon="22.5845">
        <ele>8.7</ele>
      </trkpt>
      <trkpt lat="58.70178" lon="22.58437">
        <ele>8.8</ele>
      </trkpt>
      <trkpt lat="58.70161" lon="22.5838">
        <ele>9.0</ele>
      </trkpt>
      <trkpt lat="58.70125" lon="22.58283">
        <ele>8.7</ele>
      </trkpt>
      <trkpt lat="58.70099" lon="22.58213">
        <ele>8.2</ele>
      </trkpt>
      <trkpt lat="58.70095" lon="22.58197">
        <ele>8.1</ele>
      </trkpt>
      <trkpt lat="58.70069" lon="22.58105">
        <ele>8.0</ele>
      </trkpt>
      <trkpt lat="58.70035" lon="22.57981">
        <ele>8.1</ele>
      </trkpt>
      <trkpt lat="58.70026" lon="22.57956">
        <ele>8.2</ele>
      </trkpt>
      <trkpt lat="58.70026" lon="22.57954">
        <ele>8.2</ele>
      </trkpt>
      <trkpt lat="58.7002" lon="22.57942">
        <ele>8.2</ele>
      </trkpt>
      <trkpt lat="58.70009" lon="22.57922">
        <ele>8.1</ele>
      </trkpt>
      <trkpt lat="58.69941" lon="22.57818">
        <ele>8.8</ele>
      </trkpt>
      <trkpt lat="58.69883" lon="22.57745">
        <ele>9.5</ele>
      </trkpt>
      <trkpt lat="58.69839" lon="22.57678">
        <ele>11.5</ele>
      </trkpt>
      <trkpt lat="58.69837" lon="22.57675">
        <ele>11.7</ele>
      </trkpt>
      <trkpt lat="58.69827" lon="22.57652">
        <ele>11.7</ele>
      </trkpt>
      <trkpt lat="58.69805" lon="22.57597">
        <ele>11.0</ele>
      </trkpt>
      <trkpt lat="58.69805" lon="22.57597">
        <ele>11.0</ele>
      </trkpt>
      <trkpt lat="58.69805" lon="22.57595">
        <ele>10.9</ele>
      </trkpt>
      <trkpt lat="58.69805" lon="22.57594">
        <ele>10.9</ele>
      </trkpt>
      <trkpt lat="58.69805" lon="22.57593">
        <ele>10.9</ele>
      </trkpt>
      <trkpt lat="58.69805" lon="22.57591">
        <ele>10.8</ele>
      </trkpt>
      <trkpt lat="58.69803" lon="22.57587">
        <ele>10.8</ele>
      </trkpt>
      <trkpt lat="58.69791" lon="22.57547">
        <ele>10.8</ele>
      </trkpt>
      <trkpt lat="58.69782" lon="22.57512">
        <ele>10.9</ele>
      </trkpt>
      <trkpt lat="58.69778" lon="22.57494">
        <ele>10.9</ele>
      </trkpt>
      <trkpt lat="58.69777" lon="22.57486">
        <ele>10.9</ele>
      </trkpt>
      <trkpt lat="58.69775" lon="22.57471">
        <ele>10.9</ele>
      </trkpt>
      <trkpt lat="58.69771" lon="22.57385">
        <ele>10.5</ele>
      </trkpt>
      <trkpt lat="58.6977" lon="22.57337">
        <ele>10.5</ele>
      </trkpt>
      <trkpt lat="58.69769" lon="22.5733">
        <ele>10.5</ele>
      </trkpt>
      <trkpt lat="58.69769" lon="22.5733">
        <ele>10.5</ele>
      </trkpt>
      <trkpt lat="58.69763" lon="22.57299">
        <ele>9.9</ele>
      </trkpt>
      <trkpt lat="58.69745" lon="22.57228">
        <ele>8.7</ele>
      </trkpt>
      <trkpt lat="58.69741" lon="22.57209">
        <ele>8.5</ele>
      </trkpt>
      <trkpt lat="58.6974" lon="22.57204">
        <ele>8.4</ele>
      </trkpt>
      <trkpt lat="58.69737" lon="22.57194">
        <ele>8.2</ele>
      </trkpt>
      <trkpt lat="58.69735" lon="22.5717">
        <ele>7.9</ele>
      </trkpt>
      <trkpt lat="58.69731" lon="22.57117">
        <ele>7.8</ele>
      </trkpt>
      <trkpt lat="58.6973" lon="22.57066">
        <ele>7.8</ele>
      </trkpt>
      <trkpt lat="58.69727" lon="22.5695">
        <ele>7.7</ele>
      </trkpt>
      <trkpt lat="58.69725" lon="22.5691">
        <ele>7.7</ele>
      </trkpt>
      <trkpt lat="58.6972" lon="22.56866">
        <ele>7.6</ele>
      </trkpt>
      <trkpt lat="58.69711" lon="22.56806">
        <ele>7.7</ele>
      </trkpt>
      <trkpt lat="58.69709" lon="22.56775">
        <ele>7.9</ele>
      </trkpt>
      <trkpt lat="58.69709" lon="22.56737">
        <ele>8.0</ele>
      </trkpt>
      <trkpt lat="58.69712" lon="22.5668">
        <ele>8.0</ele>
      </trkpt>
      <trkpt lat="58.69716" lon="22.5659">
        <ele>7.8</ele>
      </trkpt>
      <trkpt lat="58.69722" lon="22.56523">
        <ele>7.7</ele>
      </trkpt>
      <trkpt lat="58.69724" lon="22.56478">
        <ele>7.5</ele>
      </trkpt>
      <trkpt lat="58.69723" lon="22.56419">
        <ele>7.3</ele>
      </trkpt>
      <trkpt lat="58.69715" lon="22.56294">
        <ele>7.2</ele>
      </trkpt>
      <trkpt lat="58.69707" lon="22.56111">
        <ele>7.3</ele>
      </trkpt>
      <trkpt lat="58.69702" lon="22.55988">
        <ele>7.4</ele>
      </trkpt>
      <trkpt lat="58.6969" lon="22.55782">
        <ele>7.2</ele>
      </trkpt>
      <trkpt lat="58.69689" lon="22.55764">
        <ele>7.2</ele>
      </trkpt>
      <trkpt lat="58.69686" lon="22.55701">
        <ele>7.2</ele>
      </trkpt>
      <trkpt lat="58.69681" lon="22.55657">
        <ele>7.3</ele>
      </trkpt>
      <trkpt lat="58.69679" lon="22.55638">
        <ele>7.5</ele>
      </trkpt>
      <trkpt lat="58.69675" lon="22.55612">
        <ele>7.8</ele>
      </trkpt>
      <trkpt lat="58.69666" lon="22.55569">
        <ele>8.2</ele>
      </trkpt>
      <trkpt lat="58.69639" lon="22.55437">
        <ele>9.1</ele>
      </trkpt>
      <trkpt lat="58.69629" lon="22.55386">
        <ele>9.3</ele>
      </trkpt>
      <trkpt lat="58.69624" lon="22.5535">
        <ele>9.4</ele>
      </trkpt>
      <trkpt lat="58.69617" lon="22.55318">
        <ele>9.1</ele>
      </trkpt>
      <trkpt lat="58.69612" lon="22.55291">
        <ele>8.7</ele>
      </trkpt>
      <trkpt lat="58.6961" lon="22.55266">
        <ele>8.4</ele>
      </trkpt>
      <trkpt lat="58.69609" lon="22.55242">
        <ele>8.3</ele>
      </trkpt>
      <trkpt lat="58.69612" lon="22.55206">
        <ele>8.2</ele>
      </trkpt>
      <trkpt lat="58.69616" lon="22.55173">
        <ele>8.0</ele>
      </trkpt>
      <trkpt lat="58.69634" lon="22.5496">
        <ele>8.3</ele>
      </trkpt>
      <trkpt lat="58.69649" lon="22.54793">
        <ele>8.4</ele>
      </trkpt>
      <trkpt lat="58.69651" lon="22.54775">
        <ele>8.4</ele>
      </trkpt>
      <trkpt lat="58.69655" lon="22.54732">
        <ele>8.3</ele>
      </trkpt>
      <trkpt lat="58.69665" lon="22.54647">
        <ele>8.3</ele>
      </trkpt>
      <trkpt lat="58.69674" lon="22.54557">
        <ele>8.9</ele>
      </trkpt>
      <trkpt lat="58.6969" lon="22.54463">
        <ele>8.5</ele>
      </trkpt>
      <trkpt lat="58.69702" lon="22.54375">
        <ele>8.4</ele>
      </trkpt>
      <trkpt lat="58.69706" lon="22.54339">
        <ele>8.5</ele>
      </trkpt>
      <trkpt lat="58.69713" lon="22.54265">
        <ele>8.5</ele>
      </trkpt>
      <trkpt lat="58.69723" lon="22.54176">
        <ele>8.3</ele>
      </trkpt>
      <trkpt lat="58.69725" lon="22.5416">
        <ele>8.4</ele>
      </trkpt>
      <trkpt lat="58.69732" lon="22.54094">
        <ele>8.9</ele>
      </trkpt>
      <trkpt lat="58.69737" lon="22.54043">
        <ele>9.0</ele>
      </trkpt>
      <trkpt lat="58.69752" lon="22.5393">
        <ele>8.1</ele>
      </trkpt>
      <trkpt lat="58.69756" lon="22.53878">
        <ele>7.9</ele>
      </trkpt>
      <trkpt lat="58.6976" lon="22.5385">
        <ele>7.9</ele>
      </trkpt>
      <trkpt lat="58.69763" lon="22.53822">
        <ele>7.9</ele>
      </trkpt>
      <trkpt lat="58.69765" lon="22.53813">
        <ele>7.9</ele>
      </trkpt>
      <trkpt lat="58.69767" lon="22.53801">
        <ele>7.9</ele>
      </trkpt>
      <trkpt lat="58.69784" lon="22.53737">
        <ele>8.0</ele>
      </trkpt>
      <trkpt lat="58.6979" lon="22.53716">
        <ele>8.0</ele>
      </trkpt>
      <trkpt lat="58.69793" lon="22.53704">
        <ele>8.0</ele>
      </trkpt>
      <trkpt lat="58.69794" lon="22.53696">
        <ele>8.0</ele>
      </trkpt>
      <trkpt lat="58.69795" lon="22.53686">
        <ele>8.0</ele>
      </trkpt>
      <trkpt lat="58.69797" lon="22.53677">
        <ele>8.0</ele>
      </trkpt>
      <trkpt lat="58.69797" lon="22.5367">
        <ele>8.0</ele>
      </trkpt>
      <trkpt lat="58.69798" lon="22.53662">
        <ele>8.0</ele>
      </trkpt>
      <trkpt lat="58.69798" lon="22.53639">
        <ele>8.1</ele>
      </trkpt>
      <trkpt lat="58.69795" lon="22.53554">
        <ele>8.1</ele>
      </trkpt>
      <trkpt lat="58.69793" lon="22.53468">
        <ele>8.0</ele>
      </trkpt>
      <trkpt lat="58.69793" lon="22.53446">
        <ele>8.0</ele>
      </trkpt>
      <trkpt lat="58.6979" lon="22.53365">
        <ele>8.0</ele>
      </trkpt>
      <trkpt lat="58.69785" lon="22.53278">
        <ele>7.6</ele>
      </trkpt>
      <trkpt lat="58.69774" lon="22.53155">
        <ele>7.3</ele>
      </trkpt>
      <trkpt lat="58.69774" lon="22.53151">
        <ele>7.3</ele>
      </trkpt>
      <trkpt lat="58.69776" lon="22.5301">
        <ele>7.3</ele>
      </trkpt>
      <trkpt lat="58.69777" lon="22.52994">
        <ele>7.3</ele>
      </trkpt>
      <trkpt lat="58.69777" lon="22.52994">
        <ele>7.3</ele>
      </trkpt>
      <trkpt lat="58.69757" lon="22.52982">
        <ele>7.1</ele>
      </trkpt>
      <trkpt lat="58.69755" lon="22.52981">
        <ele>7.1</ele>
      </trkpt>
      <trkpt lat="58.69738" lon="22.52976">
        <ele>6.9</ele>
      </trkpt>
      <trkpt lat="58.6972" lon="22.52971">
        <ele>6.6</ele>
      </trkpt>
      <trkpt lat="58.69714" lon="22.52969">
        <ele>6.6</ele>
      </trkpt>
      <trkpt lat="58.69692" lon="22.52967">
        <ele>6.3</ele>
      </trkpt>
      <trkpt lat="58.69664" lon="22.52958">
        <ele>6.0</ele>
      </trkpt>
      <trkpt lat="58.69646" lon="22.52945">
        <ele>5.8</ele>
      </trkpt>
      <trkpt lat="58.69619" lon="22.52911">
        <ele>5.4</ele>
      </trkpt>
      <trkpt lat="58.69595" lon="22.52863">
        <ele>5.1</ele>
      </trkpt>
      <trkpt lat="58.69586" lon="22.52841">
        <ele>5.0</ele>
      </trkpt>
      <trkpt lat="58.69574" lon="22.52809">
        <ele>5.0</ele>
      </trkpt>
      <trkpt lat="58.69568" lon="22.52791">
        <ele>5.0</ele>
      </trkpt>
      <trkpt lat="58.69562" lon="22.52773">
        <ele>5.0</ele>
      </trkpt>
      <trkpt lat="58.69557" lon="22.52747">
        <ele>5.1</ele>
      </trkpt>
      <trkpt lat="58.69552" lon="22.52718">
        <ele>5.1</ele>
      </trkpt>
      <trkpt lat="58.69541" lon="22.52644">
        <ele>5.0</ele>
      </trkpt>
      <trkpt lat="58.69535" lon="22.52603">
        <ele>4.8</ele>
      </trkpt>
      <trkpt lat="58.69528" lon="22.52551">
        <ele>4.7</ele>
      </trkpt>
      <trkpt lat="58.69528" lon="22.52549">
        <ele>4.7</ele>
      </trkpt>
      <trkpt lat="58.6952" lon="22.52491">
        <ele>4.6</ele>
      </trkpt>
      <trkpt lat="58.69515" lon="22.52457">
        <ele>4.8</ele>
      </trkpt>
      <trkpt lat="58.69507" lon="22.52419">
        <ele>5.1</ele>
      </trkpt>
      <trkpt lat="58.695" lon="22.52392">
        <ele>5.0</ele>
      </trkpt>
      <trkpt lat="58.69499" lon="22.52389">
        <ele>5.0</ele>
      </trkpt>
      <trkpt lat="58.69494" lon="22.52369">
        <ele>4.9</ele>
      </trkpt>
      <trkpt lat="58.69484" lon="22.52325">
        <ele>4.8</ele>
      </trkpt>
      <trkpt lat="58.69481" lon="22.52309">
        <ele>4.8</ele>
      </trkpt>
      <trkpt lat="58.69481" lon="22.52304">
        <ele>4.8</ele>
      </trkpt>
      <trkpt lat="58.6948" lon="22.52296">
        <ele>4.8</ele>
      </trkpt>
      <trkpt lat="58.694785" lon="22.522787">
        <ele>4.7</ele>
      </trkpt>
      <trkpt lat="58.694535" lon="22.522704">
        <ele>4.4</ele>
      </trkpt>
      <trkpt lat="58.694535" lon="22.522704">
        <ele>4.4</ele>
      </trkpt>
      <trkpt lat="58.693718" lon="22.522467">
        <ele>3.5</ele>
      </trkpt>
      <trkpt lat="58.69314" lon="22.5223">
        <ele>3.0</ele>
      </trkpt>
      <trkpt lat="58.69314" lon="22.5223">
        <ele>3.0</ele>
      </trkpt>
      <trkpt lat="58.69246" lon="22.52212">
        <ele>3.0</ele>
      </trkpt>
      <trkpt lat="58.69177" lon="22.52195">
        <ele>3.0</ele>
      </trkpt>
      <trkpt lat="58.69119" lon="22.52177">
        <ele>1.3</ele>
      </trkpt>
      <trkpt lat="58.69036" lon="22.52139">
        <ele>0.0</ele>
      </trkpt>
      <trkpt lat="58.68954" lon="22.52102">
        <ele>0.0</ele>
      </trkpt>
      <trkpt lat="58.68871" lon="22.52064">
        <ele>0.0</ele>
      </trkpt>
      <trkpt lat="58.68812" lon="22.52183">
        <ele>0.0</ele>
      </trkpt>
      <trkpt lat="58.68754" lon="22.52301">
        <ele>0.0</ele>
      </trkpt>
      <trkpt lat="58.68695" lon="22.5242">
        <ele>0.0</ele>
      </trkpt>
      <trkpt lat="58.68636" lon="22.52538">
        <ele>0.0</ele>
      </trkpt>
      <trkpt lat="58.68577" lon="22.52657">
        <ele>0.0</ele>
      </trkpt>
      <trkpt lat="58.68518" lon="22.52776">
        <ele>0.0</ele>
      </trkpt>
      <trkpt lat="58.6846" lon="22.52894">
        <ele>0.0</ele>
      </trkpt>
      <trkpt lat="58.68401" lon="22.53013">
        <ele>0.0</ele>
      </trkpt>
      <trkpt lat="58.68342" lon="22.53132">
        <ele>0.0</ele>
      </trkpt>
      <trkpt lat="58.68283" lon="22.5325">
        <ele>0.0</ele>
      </trkpt>
      <trkpt lat="58.68224" lon="22.53369">
        <ele>0.0</ele>
      </trkpt>
      <trkpt lat="58.68166" lon="22.53487">
        <ele>0.0</ele>
      </trkpt>
      <trkpt lat="58.68107" lon="22.53606">
        <ele>0.0</ele>
      </trkpt>
      <trkpt lat="58.68049" lon="22.53737">
        <ele>0.0</ele>
      </trkpt>
      <trkpt lat="58.67991" lon="22.53868">
        <ele>0.0</ele>
      </trkpt>
      <trkpt lat="58.67934" lon="22.53999">
        <ele>0.0</ele>
      </trkpt>
      <trkpt lat="58.67876" lon="22.5413">
        <ele>0.0</ele>
      </trkpt>
      <trkpt lat="58.67818" lon="22.54261">
        <ele>0.0</ele>
      </trkpt>
      <trkpt lat="58.67761" lon="22.54392">
        <ele>0.0</ele>
      </trkpt>
      <trkpt lat="58.67703" lon="22.54523">
        <ele>0.0</ele>
      </trkpt>
      <trkpt lat="58.67645" lon="22.54654">
        <ele>0.0</ele>
      </trkpt>
      <trkpt lat="58.67588" lon="22.54785">
        <ele>0.0</ele>
      </trkpt>
      <trkpt lat="58.6753" lon="22.54916">
        <ele>0.0</ele>
      </trkpt>
      <trkpt lat="58.67472" lon="22.55047">
        <ele>0.0</ele>
      </trkpt>
      <trkpt lat="58.67414" lon="22.55177">
        <ele>0.0</ele>
      </trkpt>
      <trkpt lat="58.67357" lon="22.55308">
        <ele>0.0</ele>
      </trkpt>
      <trkpt lat="58.67299" lon="22.55439">
        <ele>0.0</ele>
      </trkpt>
      <trkpt lat="58.67241" lon="22.5557">
        <ele>0.0</ele>
      </trkpt>
      <trkpt lat="58.67184" lon="22.55701">
        <ele>0.0</ele>
      </trkpt>
      <trkpt lat="58.67126" lon="22.55832">
        <ele>0.0</ele>
      </trkpt>
      <trkpt lat="58.67068" lon="22.55963">
        <ele>0.0</ele>
      </trkpt>
      <trkpt lat="58.67011" lon="22.56094">
        <ele>0.0</ele>
      </trkpt>
      <trkpt lat="58.66955" lon="22.56217">
        <ele>0.0</ele>
      </trkpt>
      <trkpt lat="58.66899" lon="22.5634">
        <ele>0.0</ele>
      </trkpt>
      <trkpt lat="58.66843" lon="22.56463">
        <ele>0.0</ele>
      </trkpt>
      <trkpt lat="58.66787" lon="22.56586">
        <ele>0.0</ele>
      </trkpt>
      <trkpt lat="58.66731" lon="22.56709">
        <ele>0.0</ele>
      </trkpt>
      <trkpt lat="58.66675" lon="22.56832">
        <ele>0.0</ele>
      </trkpt>
      <trkpt lat="58.66619" lon="22.56954">
        <ele>0.0</ele>
      </trkpt>
      <trkpt lat="58.66563" lon="22.57077">
        <ele>0.0</ele>
      </trkpt>
      <trkpt lat="58.66507" lon="22.572">
        <ele>0.0</ele>
      </trkpt>
      <trkpt lat="58.66451" lon="22.57323">
        <ele>0.0</ele>
      </trkpt>
      <trkpt lat="58.66395" lon="22.57446">
        <ele>0.0</ele>
      </trkpt>
      <trkpt lat="58.66339" lon="22.57569">
        <ele>0.0</ele>
      </trkpt>
      <trkpt lat="58.66283" lon="22.57692">
        <ele>0.0</ele>
      </trkpt>
      <trkpt lat="58.66228" lon="22.57815">
        <ele>0.0</ele>
      </trkpt>
      <trkpt lat="58.66179" lon="22.57957">
        <ele>0.0</ele>
      </trkpt>
      <trkpt lat="58.6613" lon="22.58099">
        <ele>0.0</ele>
      </trkpt>
      <trkpt lat="58.66082" lon="22.58241">
        <ele>0.0</ele>
      </trkpt>
      <trkpt lat="58.66033" lon="22.58383">
        <ele>0.0</ele>
      </trkpt>
      <trkpt lat="58.65985" lon="22.58525">
        <ele>0.0</ele>
      </trkpt>
      <trkpt lat="58.65936" lon="22.58667">
        <ele>0.0</ele>
      </trkpt>
      <trkpt lat="58.65889" lon="22.58803">
        <ele>0.0</ele>
      </trkpt>
      <trkpt lat="58.65841" lon="22.58939">
        <ele>0.0</ele>
      </trkpt>
      <trkpt lat="58.65793" lon="22.59075">
        <ele>0.0</ele>
      </trkpt>
      <trkpt lat="58.65745" lon="22.59212">
        <ele>0.0</ele>
      </trkpt>
      <trkpt lat="58.65697" lon="22.59348">
        <ele>0.0</ele>
      </trkpt>
      <trkpt lat="58.65649" lon="22.59484">
        <ele>0.0</ele>
      </trkpt>
      <trkpt lat="58.65601" lon="22.5962">
        <ele>0.0</ele>
      </trkpt>
      <trkpt lat="58.65554" lon="22.59757">
        <ele>0.0</ele>
      </trkpt>
      <trkpt lat="58.65506" lon="22.59893">
        <ele>0.0</ele>
      </trkpt>
      <trkpt lat="58.65458" lon="22.60029">
        <ele>0.0</ele>
      </trkpt>
      <trkpt lat="58.6541" lon="22.60165">
        <ele>0.0</ele>
      </trkpt>
      <trkpt lat="58.65362" lon="22.60301">
        <ele>0.0</ele>
      </trkpt>
      <trkpt lat="58.65314" lon="22.60438">
        <ele>0.0</ele>
      </trkpt>
      <trkpt lat="58.65266" lon="22.60574">
        <ele>0.0</ele>
      </trkpt>
      <trkpt lat="58.65219" lon="22.6071">
        <ele>0.0</ele>
      </trkpt>
      <trkpt lat="58.65171" lon="22.60846">
        <ele>0.0</ele>
      </trkpt>
      <trkpt lat="58.65123" lon="22.60983">
        <ele>0.0</ele>
      </trkpt>
      <trkpt lat="58.65075" lon="22.61119">
        <ele>0.0</ele>
      </trkpt>
      <trkpt lat="58.65027" lon="22.61255">
        <ele>0.0</ele>
      </trkpt>
      <trkpt lat="58.64979" lon="22.61391">
        <ele>0.0</ele>
      </trkpt>
      <trkpt lat="58.6493" lon="22.61534">
        <ele>0.0</ele>
      </trkpt>
      <trkpt lat="58.64881" lon="22.61676">
        <ele>0.0</ele>
      </trkpt>
      <trkpt lat="58.64832" lon="22.61818">
        <ele>0.0</ele>
      </trkpt>
      <trkpt lat="58.64782" lon="22.61961">
        <ele>0.0</ele>
      </trkpt>
      <trkpt lat="58.64733" lon="22.62103">
        <ele>0.0</ele>
      </trkpt>
      <trkpt lat="58.64684" lon="22.62245">
        <ele>0.0</ele>
      </trkpt>
      <trkpt lat="58.64635" lon="22.62388">
        <ele>0.0</ele>
      </trkpt>
      <trkpt lat="58.64585" lon="22.6253">
        <ele>0.0</ele>
      </trkpt>
      <trkpt lat="58.64536" lon="22.62672">
        <ele>0.0</ele>
      </trkpt>
      <trkpt lat="58.64487" lon="22.62815">
        <ele>0.0</ele>
      </trkpt>
      <trkpt lat="58.64437" lon="22.62957">
        <ele>0.0</ele>
      </trkpt>
      <trkpt lat="58.64388" lon="22.63099">
        <ele>0.0</ele>
      </trkpt>
      <trkpt lat="58.64339" lon="22.63242">
        <ele>0.0</ele>
      </trkpt>
      <trkpt lat="58.6429" lon="22.63384">
        <ele>0.0</ele>
      </trkpt>
      <trkpt lat="58.6424" lon="22.63526">
        <ele>0.0</ele>
      </trkpt>
      <trkpt lat="58.64191" lon="22.63669">
        <ele>0.0</ele>
      </trkpt>
      <trkpt lat="58.64142" lon="22.63811">
        <ele>0.0</ele>
      </trkpt>
      <trkpt lat="58.64093" lon="22.63953">
        <ele>0.0</ele>
      </trkpt>
      <trkpt lat="58.64032" lon="22.64077">
        <ele>0.0</ele>
      </trkpt>
      <trkpt lat="58.63971" lon="22.64201">
        <ele>0.0</ele>
      </trkpt>
      <trkpt lat="58.6391" lon="22.64325">
        <ele>0.0</ele>
      </trkpt>
      <trkpt lat="58.63849" lon="22.64449">
        <ele>0.0</ele>
      </trkpt>
      <trkpt lat="58.63788" lon="22.64573">
        <ele>0.0</ele>
      </trkpt>
      <trkpt lat="58.63727" lon="22.64698">
        <ele>0.0</ele>
      </trkpt>
      <trkpt lat="58.63666" lon="22.64822">
        <ele>0.0</ele>
      </trkpt>
      <trkpt lat="58.63605" lon="22.64946">
        <ele>0.0</ele>
      </trkpt>
      <trkpt lat="58.63544" lon="22.6507">
        <ele>0.0</ele>
      </trkpt>
      <trkpt lat="58.63484" lon="22.65196">
        <ele>0.0</ele>
      </trkpt>
      <trkpt lat="58.63424" lon="22.65323">
        <ele>0.0</ele>
      </trkpt>
      <trkpt lat="58.63365" lon="22.6545">
        <ele>0.0</ele>
      </trkpt>
      <trkpt lat="58.63305" lon="22.65577">
        <ele>0.0</ele>
      </trkpt>
      <trkpt lat="58.63245" lon="22.65703">
        <ele>0.0</ele>
      </trkpt>
      <trkpt lat="58.63185" lon="22.6583">
        <ele>0.0</ele>
      </trkpt>
      <trkpt lat="58.63125" lon="22.65957">
        <ele>0.0</ele>
      </trkpt>
      <trkpt lat="58.63065" lon="22.66084">
        <ele>0.0</ele>
      </trkpt>
      <trkpt lat="58.63005" lon="22.6621">
        <ele>0.0</ele>
      </trkpt>
      <trkpt lat="58.62946" lon="22.66337">
        <ele>0.0</ele>
      </trkpt>
      <trkpt lat="58.62886" lon="22.66464">
        <ele>0.0</ele>
      </trkpt>
      <trkpt lat="58.62826" lon="22.66591">
        <ele>0.0</ele>
      </trkpt>
      <trkpt lat="58.62766" lon="22.66717">
        <ele>0.0</ele>
      </trkpt>
      <trkpt lat="58.62706" lon="22.66844">
        <ele>0.0</ele>
      </trkpt>
      <trkpt lat="58.62646" lon="22.66971">
        <ele>0.0</ele>
      </trkpt>
      <trkpt lat="58.62586" lon="22.67098">
        <ele>0.0</ele>
      </trkpt>
      <trkpt lat="58.62527" lon="22.67224">
        <ele>0.0</ele>
      </trkpt>
      <trkpt lat="58.62467" lon="22.67351">
        <ele>0.0</ele>
      </trkpt>
      <trkpt lat="58.62407" lon="22.67478">
        <ele>0.0</ele>
      </trkpt>
      <trkpt lat="58.62347" lon="22.67605">
        <ele>0.0</ele>
      </trkpt>
      <trkpt lat="58.62287" lon="22.67731">
        <ele>0.0</ele>
      </trkpt>
      <trkpt lat="58.62227" lon="22.67858">
        <ele>0.0</ele>
      </trkpt>
      <trkpt lat="58.62167" lon="22.67985">
        <ele>0.0</ele>
      </trkpt>
      <trkpt lat="58.62108" lon="22.68112">
        <ele>0.0</ele>
      </trkpt>
      <trkpt lat="58.62048" lon="22.68238">
        <ele>0.0</ele>
      </trkpt>
      <trkpt lat="58.61988" lon="22.68365">
        <ele>0.0</ele>
      </trkpt>
      <trkpt lat="58.61928" lon="22.68492">
        <ele>0.0</ele>
      </trkpt>
      <trkpt lat="58.61868" lon="22.68619">
        <ele>0.0</ele>
      </trkpt>
      <trkpt lat="58.61808" lon="22.68745">
        <ele>0.0</ele>
      </trkpt>
      <trkpt lat="58.61748" lon="22.68872">
        <ele>0.0</ele>
      </trkpt>
      <trkpt lat="58.61689" lon="22.68999">
        <ele>0.0</ele>
      </trkpt>
      <trkpt lat="58.61629" lon="22.69126">
        <ele>0.0</ele>
      </trkpt>
      <trkpt lat="58.61569" lon="22.69252">
        <ele>0.0</ele>
      </trkpt>
      <trkpt lat="58.61509" lon="22.69379">
        <ele>0.0</ele>
      </trkpt>
      <trkpt lat="58.61449" lon="22.69506">
        <ele>0.0</ele>
      </trkpt>
      <trkpt lat="58.61389" lon="22.69633">
        <ele>0.0</ele>
      </trkpt>
      <trkpt lat="58.61329" lon="22.69759">
        <ele>0.0</ele>
      </trkpt>
      <trkpt lat="58.6127" lon="22.69886">
        <ele>0.0</ele>
      </trkpt>
      <trkpt lat="58.6121" lon="22.70013">
        <ele>0.0</ele>
      </trkpt>
      <trkpt lat="58.6115" lon="22.7014">
        <ele>0.0</ele>
      </trkpt>
      <trkpt lat="58.6109" lon="22.70266">
        <ele>0.0</ele>
      </trkpt>
      <trkpt lat="58.6103" lon="22.70393">
        <ele>0.0</ele>
      </trkpt>
      <trkpt lat="58.6097" lon="22.7052">
        <ele>0.0</ele>
      </trkpt>
      <trkpt lat="58.60911" lon="22.70647">
        <ele>0.0</ele>
      </trkpt>
      <trkpt lat="58.60854" lon="22.70765">
        <ele>0.0</ele>
      </trkpt>
      <trkpt lat="58.60798" lon="22.70883">
        <ele>0.0</ele>
      </trkpt>
      <trkpt lat="58.60742" lon="22.71001">
        <ele>0.0</ele>
      </trkpt>
      <trkpt lat="58.60686" lon="22.71119">
        <ele>0.0</ele>
      </trkpt>
      <trkpt lat="58.60629" lon="22.71237">
        <ele>0.0</ele>
      </trkpt>
      <trkpt lat="58.60573" lon="22.71355">
        <ele>0.0</ele>
      </trkpt>
      <trkpt lat="58.60517" lon="22.71473">
        <ele>0.0</ele>
      </trkpt>
      <trkpt lat="58.60461" lon="22.71591">
        <ele>0.0</ele>
      </trkpt>
      <trkpt lat="58.60405" lon="22.7171">
        <ele>0.0</ele>
      </trkpt>
      <trkpt lat="58.60348" lon="22.71828">
        <ele>0.0</ele>
      </trkpt>
      <trkpt lat="58.60306" lon="22.71916">
        <ele>0.0</ele>
      </trkpt>
      <trkpt lat="58.60263" lon="22.72004">
        <ele>0.0</ele>
      </trkpt>
      <trkpt lat="58.60217" lon="22.72069">
        <ele>0.0</ele>
      </trkpt>
      <trkpt lat="58.60171" lon="22.72133">
        <ele>0.0</ele>
      </trkpt>
      <trkpt lat="58.60099" lon="22.72186">
        <ele>0.0</ele>
      </trkpt>
      <trkpt lat="58.60027" lon="22.72239">
        <ele>0.0</ele>
      </trkpt>
      <trkpt lat="58.59971" lon="22.72267">
        <ele>0.0</ele>
      </trkpt>
      <trkpt lat="58.59916" lon="22.72296">
        <ele>0.0</ele>
      </trkpt>
      <trkpt lat="58.59845" lon="22.72321">
        <ele>0.0</ele>
      </trkpt>
      <trkpt lat="58.59775" lon="22.72346">
        <ele>0.0</ele>
      </trkpt>
      <trkpt lat="58.59704" lon="22.72371">
        <ele>0.0</ele>
      </trkpt>
      <trkpt lat="58.59651" lon="22.72373">
        <ele>0.0</ele>
      </trkpt>
      <trkpt lat="58.59598" lon="22.72375">
        <ele>0.0</ele>
      </trkpt>
      <trkpt lat="58.59553" lon="22.72356">
        <ele>0.0</ele>
      </trkpt>
      <trkpt lat="58.59507" lon="22.72337">
        <ele>0.0</ele>
      </trkpt>
      <trkpt lat="58.59449" lon="22.72281">
        <ele>0.0</ele>
      </trkpt>
      <trkpt lat="58.59391" lon="22.72225">
        <ele>0.0</ele>
      </trkpt>
      <trkpt lat="58.59322" lon="22.72154">
        <ele>0.0</ele>
      </trkpt>
      <trkpt lat="58.59254" lon="22.72084">
        <ele>0.0</ele>
      </trkpt>
      <trkpt lat="58.59185" lon="22.71985">
        <ele>2.3</ele>
      </trkpt>
      <trkpt lat="58.59175" lon="22.71835">
        <ele>2.7</ele>
      </trkpt>
      <trkpt lat="58.59168" lon="22.71736">
        <ele>3.0</ele>
      </trkpt>
      <trkpt lat="58.59153" lon="22.71667">
        <ele>3.2</ele>
      </trkpt>
      <trkpt lat="58.5911" lon="22.71535">
        <ele>3.7</ele>
      </trkpt>
      <trkpt lat="58.5908" lon="22.71433">
        <ele>5.5</ele>
      </trkpt>
      <trkpt lat="58.59081" lon="22.71432">
        <ele>5.6</ele>
      </trkpt>
      <trkpt lat="58.59046" lon="22.71316">
        <ele>7.9</ele>
      </trkpt>
      <trkpt lat="58.59011" lon="22.71199">
        <ele>11.1</ele>
      </trkpt>
      <trkpt lat="58.58977" lon="22.71083">
        <ele>14.6</ele>
      </trkpt>
      <trkpt lat="58.58943" lon="22.70967">
        <ele>15.5</ele>
      </trkpt>
      <trkpt lat="58.58909" lon="22.70851">
        <ele>14.0</ele>
      </trkpt>
      <trkpt lat="58.58875" lon="22.70735">
        <ele>11.5</ele>
      </trkpt>
      <trkpt lat="58.58842" lon="22.70619">
        <ele>10.9</ele>
      </trkpt>
      <trkpt lat="58.58835" lon="22.706">
        <ele>10.9</ele>
      </trkpt>
      <trkpt lat="58.58829" lon="22.70586">
        <ele>10.8</ele>
      </trkpt>
      <trkpt lat="58.58822" lon="22.70576">
        <ele>10.6</ele>
      </trkpt>
      <trkpt lat="58.58807" lon="22.70559">
        <ele>10.1</ele>
      </trkpt>
      <trkpt lat="58.58788" lon="22.7055">
        <ele>9.6</ele>
      </trkpt>
      <trkpt lat="58.58774" lon="22.70551">
        <ele>9.1</ele>
      </trkpt>
      <trkpt lat="58.58752" lon="22.70557">
        <ele>8.4</ele>
      </trkpt>
      <trkpt lat="58.58693" lon="22.7058">
        <ele>8.0</ele>
      </trkpt>
      <trkpt lat="58.58634" lon="22.70603">
        <ele>7.9</ele>
      </trkpt>
      <trkpt lat="58.58575" lon="22.70626">
        <ele>7.9</ele>
      </trkpt>
      <trkpt lat="58.5851" lon="22.70636">
        <ele>7.1</ele>
      </trkpt>
      <trkpt lat="58.58432" lon="22.70628">
        <ele>6.2</ele>
      </trkpt>
      <trkpt lat="58.58354" lon="22.7062">
        <ele>6.8</ele>
      </trkpt>
      <trkpt lat="58.58276" lon="22.70612">
        <ele>7.0</ele>
      </trkpt>
      <trkpt lat="58.58198" lon="22.70604">
        <ele>8.1</ele>
      </trkpt>
      <trkpt lat="58.58122" lon="22.70599">
        <ele>9.3</ele>
      </trkpt>
      <trkpt lat="58.58046" lon="22.70595">
        <ele>8.6</ele>
      </trkpt>
      <trkpt lat="58.57963" lon="22.70599">
        <ele>7.0</ele>
      </trkpt>
      <trkpt lat="58.57881" lon="22.70603">
        <ele>6.8</ele>
      </trkpt>
      <trkpt lat="58.57903" lon="22.70439">
        <ele>7.2</ele>
      </trkpt>
      <trkpt lat="58.57925" lon="22.70275">
        <ele>9.0</ele>
      </trkpt>
      <trkpt lat="58.57947" lon="22.70111">
        <ele>12.6</ele>
      </trkpt>
      <trkpt lat="58.57969" lon="22.69947">
        <ele>11.0</ele>
      </trkpt>
      <trkpt lat="58.57992" lon="22.69784">
        <ele>10.9</ele>
      </trkpt>
      <trkpt lat="58.57998" lon="22.69684">
        <ele>13.5</ele>
      </trkpt>
      <trkpt lat="58.57991" lon="22.69529">
        <ele>13.9</ele>
      </trkpt>
      <trkpt lat="58.57979" lon="22.69409">
        <ele>10.7</ele>
      </trkpt>
      <trkpt lat="58.5797" lon="22.69296">
        <ele>8.5</ele>
      </trkpt>
      <trkpt lat="58.5796" lon="22.69136">
        <ele>9.0</ele>
      </trkpt>
      <trkpt lat="58.57956" lon="22.691">
        <ele>9.9</ele>
      </trkpt>
      <trkpt lat="58.57948" lon="22.69051">
        <ele>10.7</ele>
      </trkpt>
      <trkpt lat="58.57921" lon="22.6892">
        <ele>12.2</ele>
      </trkpt>
      <trkpt lat="58.57902" lon="22.68841">
        <ele>13.1</ele>
      </trkpt>
      <trkpt lat="58.57889" lon="22.68805">
        <ele>12.6</ele>
      </trkpt>
      <trkpt lat="58.57873" lon="22.68777">
        <ele>11.6</ele>
      </trkpt>
      <trkpt lat="58.57856" lon="22.68756">
        <ele>10.4</ele>
      </trkpt>
      <trkpt lat="58.57811" lon="22.68727">
        <ele>8.9</ele>
      </trkpt>
      <trkpt lat="58.57765" lon="22.68698">
        <ele>8.5</ele>
      </trkpt>
      <trkpt lat="58.57689" lon="22.68673">
        <ele>8.8</ele>
      </trkpt>
      <trkpt lat="58.57613" lon="22.68648">
        <ele>10.4</ele>
      </trkpt>
      <trkpt lat="58.57537" lon="22.68622">
        <ele>10.5</ele>
      </trkpt>
      <trkpt lat="58.57506" lon="22.68618">
        <ele>9.9</ele>
      </trkpt>
      <trkpt lat="58.5745" lon="22.6862">
        <ele>12.4</ele>
      </trkpt>
      <trkpt lat="58.57395" lon="22.68622">
        <ele>13.6</ele>
      </trkpt>
      <trkpt lat="58.57375" lon="22.68615">
        <ele>13.4</ele>
      </trkpt>
      <trkpt lat="58.57352" lon="22.68605">
        <ele>13.0</ele>
      </trkpt>
      <trkpt lat="58.57275" lon="22.68538">
        <ele>11.9</ele>
      </trkpt>
      <trkpt lat="58.57197" lon="22.6847">
        <ele>12.2</ele>
      </trkpt>
      <trkpt lat="58.57178" lon="22.68447">
        <ele>12.3</ele>
      </trkpt>
      <trkpt lat="58.57163" lon="22.68425">
        <ele>12.1</ele>
      </trkpt>
      <trkpt lat="58.57142" lon="22.68384">
        <ele>12.2</ele>
      </trkpt>
      <trkpt lat="58.57127" lon="22.6833">
        <ele>12.0</ele>
      </trkpt>
      <trkpt lat="58.57118" lon="22.68312">
        <ele>11.7</ele>
      </trkpt>
      <trkpt lat="58.57181" lon="22.68245">
        <ele>11.0</ele>
      </trkpt>
      <trkpt lat="58.57194" lon="22.68225">
        <ele>10.8</ele>
      </trkpt>
      <trkpt lat="58.57206" lon="22.682">
        <ele>10.7</ele>
      </trkpt>
      <trkpt lat="58.57216" lon="22.68162">
        <ele>10.5</ele>
      </trkpt>
      <trkpt lat="58.57225" lon="22.68126">
        <ele>10.2</ele>
      </trkpt>
      <trkpt lat="58.57235" lon="22.68079">
        <ele>9.8</ele>
      </trkpt>
      <trkpt lat="58.57249" lon="22.67993">
        <ele>10.0</ele>
      </trkpt>
      <trkpt lat="58.57254" lon="22.6796">
        <ele>10.0</ele>
      </trkpt>
      <trkpt lat="58.57259" lon="22.6791">
        <ele>10.1</ele>
      </trkpt>
      <trkpt lat="58.57258" lon="22.67865">
        <ele>10.2</ele>
      </trkpt>
      <trkpt lat="58.57255" lon="22.67839">
        <ele>10.1</ele>
      </trkpt>
      <trkpt lat="58.5724" lon="22.67768">
        <ele>10.6</ele>
      </trkpt>
      <trkpt lat="58.57206" lon="22.67613">
        <ele>11.4</ele>
      </trkpt>
      <trkpt lat="58.57182" lon="22.67516">
        <ele>10.6</ele>
      </trkpt>
      <trkpt lat="58.57159" lon="22.67419">
        <ele>9.9</ele>
      </trkpt>
      <trkpt lat="58.57137" lon="22.67319">
        <ele>10.1</ele>
      </trkpt>
      <trkpt lat="58.5713" lon="22.67286">
        <ele>10.6</ele>
      </trkpt>
      <trkpt lat="58.57127" lon="22.67262">
        <ele>10.9</ele>
      </trkpt>
      <trkpt lat="58.57123" lon="22.67229">
        <ele>11.4</ele>
      </trkpt>
      <trkpt lat="58.57121" lon="22.67199">
        <ele>11.8</ele>
      </trkpt>
      <trkpt lat="58.57077" lon="22.67124">
        <ele>13.5</ele>
      </trkpt>
      <trkpt lat="58.57003" lon="22.67051">
        <ele>15.2</ele>
      </trkpt>
      <trkpt lat="58.56929" lon="22.66979">
        <ele>19.6</ele>
      </trkpt>
      <trkpt lat="58.56856" lon="22.66906">
        <ele>19.3</ele>
      </trkpt>
      <trkpt lat="58.56821" lon="22.66882">
        <ele>19.0</ele>
      </trkpt>
      <trkpt lat="58.56757" lon="22.66818">
        <ele>18.6</ele>
      </trkpt>
      <trkpt lat="58.56745" lon="22.66776">
        <ele>17.4</ele>
      </trkpt>
      <trkpt lat="58.56726" lon="22.66665">
        <ele>15.1</ele>
      </trkpt>
      <trkpt lat="58.56696" lon="22.66588">
        <ele>13.1</ele>
      </trkpt>
      <trkpt lat="58.56643" lon="22.66495">
        <ele>12.3</ele>
      </trkpt>
      <trkpt lat="58.56608" lon="22.66444">
        <ele>12.9</ele>
      </trkpt>
      <trkpt lat="58.5657" lon="22.66406">
        <ele>12.8</ele>
      </trkpt>
      <trkpt lat="58.56504" lon="22.66372">
        <ele>12.0</ele>
      </trkpt>
      <trkpt lat="58.56471" lon="22.66297">
        <ele>11.8</ele>
      </trkpt>
      <trkpt lat="58.56439" lon="22.66222">
        <ele>11.0</ele>
      </trkpt>
      <trkpt lat="58.56398" lon="22.66159">
        <ele>10.4</ele>
      </trkpt>
      <trkpt lat="58.56366" lon="22.66102">
        <ele>10.4</ele>
      </trkpt>
      <trkpt lat="58.56329" lon="22.6605">
        <ele>10.7</ele>
      </trkpt>
      <trkpt lat="58.56245" lon="22.66038">
        <ele>13.1</ele>
      </trkpt>
      <trkpt lat="58.56204" lon="22.6602">
        <ele>13.6</ele>
      </trkpt>
      <trkpt lat="58.56171" lon="22.6598">
        <ele>13.5</ele>
      </trkpt>
      <trkpt lat="58.56133" lon="22.65863">
        <ele>10.8</ele>
      </trkpt>
      <trkpt lat="58.56106" lon="22.65705">
        <ele>9.3</ele>
      </trkpt>
      <trkpt lat="58.56078" lon="22.65547">
        <ele>8.7</ele>
      </trkpt>
      <trkpt lat="58.56051" lon="22.65388">
        <ele>8.8</ele>
      </trkpt>
      <trkpt lat="58.56017" lon="22.65292">
        <ele>9.1</ele>
      </trkpt>
      <trkpt lat="58.55983" lon="22.65195">
        <ele>9.2</ele>
      </trkpt>
      <trkpt lat="58.55972" lon="22.6511">
        <ele>11.1</ele>
      </trkpt>
      <trkpt lat="58.55979" lon="22.65079">
        <ele>12.1</ele>
      </trkpt>
      <trkpt lat="58.55972" lon="22.65043">
        <ele>12.8</ele>
      </trkpt>
      <trkpt lat="58.5591" lon="22.64929">
        <ele>15.5</ele>
      </trkpt>
      <trkpt lat="58.55848" lon="22.64814">
        <ele>16.4</ele>
      </trkpt>
      <trkpt lat="58.55786" lon="22.647">
        <ele>15.8</ele>
      </trkpt>
      <trkpt lat="58.55724" lon="22.64586">
        <ele>17.0</ele>
      </trkpt>
      <trkpt lat="58.55662" lon="22.64472">
        <ele>16.9</ele>
      </trkpt>
      <trkpt lat="58.556" lon="22.64358">
        <ele>16.2</ele>
      </trkpt>
      <trkpt lat="58.55538" lon="22.64244">
        <ele>16.0</ele>
      </trkpt>
      <trkpt lat="58.55501" lon="22.64111">
        <ele>16.0</ele>
      </trkpt>
      <trkpt lat="58.55464" lon="22.63977">
        <ele>15.4</ele>
      </trkpt>
      <trkpt lat="58.55427" lon="22.63844">
        <ele>15.0</ele>
      </trkpt>
      <trkpt lat="58.5539" lon="22.6371">
        <ele>15.0</ele>
      </trkpt>
      <trkpt lat="58.5539" lon="22.6371">
        <ele>15.0</ele>
      </trkpt>
      <trkpt lat="58.55354" lon="22.63579">
        <ele>14.2</ele>
      </trkpt>
      <trkpt lat="58.5532" lon="22.63461">
        <ele>12.6</ele>
      </trkpt>
      <trkpt lat="58.55286" lon="22.63342">
        <ele>12.6</ele>
      </trkpt>
      <trkpt lat="58.55252" lon="22.63224">
        <ele>14.0</ele>
      </trkpt>
      <trkpt lat="58.55218" lon="22.63105">
        <ele>14.7</ele>
      </trkpt>
      <trkpt lat="58.55187" lon="22.62949">
        <ele>14.5</ele>
      </trkpt>
      <trkpt lat="58.55157" lon="22.62792">
        <ele>13.7</ele>
      </trkpt>
      <trkpt lat="58.55127" lon="22.62636">
        <ele>13.1</ele>
      </trkpt>
      <trkpt lat="58.55097" lon="22.6248">
        <ele>13.3</ele>
      </trkpt>
      <trkpt lat="58.55067" lon="22.62323">
        <ele>13.6</ele>
      </trkpt>
      <trkpt lat="58.55037" lon="22.62167">
        <ele>14.7</ele>
      </trkpt>
      <trkpt lat="58.55014" lon="22.62044">
        <ele>14.5</ele>
      </trkpt>
      <trkpt lat="58.54991" lon="22.6192">
        <ele>14.4</ele>
      </trkpt>
      <trkpt lat="58.54968" lon="22.61797">
        <ele>14.6</ele>
      </trkpt>
      <trkpt lat="58.54945" lon="22.61674">
        <ele>14.7</ele>
      </trkpt>
      <trkpt lat="58.54913" lon="22.61522">
        <ele>15.1</ele>
      </trkpt>
      <trkpt lat="58.54892" lon="22.61414">
        <ele>16.9</ele>
      </trkpt>
      <trkpt lat="58.54867" lon="22.61259">
        <ele>17.6</ele>
      </trkpt>
      <trkpt lat="58.54856" lon="22.61127">
        <ele>17.4</ele>
      </trkpt>
      <trkpt lat="58.54845" lon="22.60994">
        <ele>17.0</ele>
      </trkpt>
      <trkpt lat="58.54836" lon="22.60881">
        <ele>17.0</ele>
      </trkpt>
      <trkpt lat="58.54828" lon="22.60767">
        <ele>17.9</ele>
      </trkpt>
      <trkpt lat="58.54814" lon="22.60626">
        <ele>17.7</ele>
      </trkpt>
      <trkpt lat="58.54801" lon="22.60533">
        <ele>17.2</ele>
      </trkpt>
      <trkpt lat="58.54789" lon="22.60439">
        <ele>17.0</ele>
      </trkpt>
      <trkpt lat="58.54772" lon="22.60341">
        <ele>17.0</ele>
      </trkpt>
      <trkpt lat="58.54755" lon="22.60242">
        <ele>18.0</ele>
      </trkpt>
      <trkpt lat="58.54751" lon="22.6021">
        <ele>18.0</ele>
      </trkpt>
      <trkpt lat="58.5475" lon="22.6019">
        <ele>18.0</ele>
      </trkpt>
      <trkpt lat="58.54751" lon="22.60171">
        <ele>18.0</ele>
      </trkpt>
      <trkpt lat="58.54753" lon="22.60147">
        <ele>17.8</ele>
      </trkpt>
      <trkpt lat="58.54776" lon="22.59997">
        <ele>17.3</ele>
      </trkpt>
      <trkpt lat="58.54799" lon="22.59847">
        <ele>17.4</ele>
      </trkpt>
      <trkpt lat="58.54821" lon="22.59697">
        <ele>20.4</ele>
      </trkpt>
      <trkpt lat="58.54844" lon="22.59547">
        <ele>25.0</ele>
      </trkpt>
      <trkpt lat="58.54866" lon="22.59397">
        <ele>25.4</ele>
      </trkpt>
      <trkpt lat="58.54889" lon="22.59247">
        <ele>28.4</ele>
      </trkpt>
      <trkpt lat="58.54898" lon="22.59213">
        <ele>29.4</ele>
      </trkpt>
      <trkpt lat="58.54923" lon="22.59183">
        <ele>30.7</ele>
      </trkpt>
      <trkpt lat="58.54957" lon="22.59163">
        <ele>31.5</ele>
      </trkpt>
      <trkpt lat="58.55003" lon="22.5915">
        <ele>32.0</ele>
      </trkpt>
      <trkpt lat="58.5505" lon="22.59136">
        <ele>32.0</ele>
      </trkpt>
      <trkpt lat="58.55101" lon="22.59113">
        <ele>31.9</ele>
      </trkpt>
      <trkpt lat="58.55127" lon="22.59113">
        <ele>31.7</ele>
      </trkpt>
      <trkpt lat="58.55153" lon="22.59105">
        <ele>31.4</ele>
      </trkpt>
      <trkpt lat="58.55178" lon="22.59056">
        <ele>30.6</ele>
      </trkpt>
      <trkpt lat="58.55222" lon="22.58951">
        <ele>30.2</ele>
      </trkpt>
      <trkpt lat="58.5527" lon="22.5881">
        <ele>30.3</ele>
      </trkpt>
      <trkpt lat="58.55305" lon="22.58702">
        <ele>31.2</ele>
      </trkpt>
      <trkpt lat="58.55339" lon="22.58594">
        <ele>31.7</ele>
      </trkpt>
      <trkpt lat="58.55352" lon="22.58541">
        <ele>31.9</ele>
      </trkpt>
      <trkpt lat="58.55363" lon="22.58489">
        <ele>31.6</ele>
      </trkpt>
      <trkpt lat="58.55373" lon="22.58425">
        <ele>29.3</ele>
      </trkpt>
      <trkpt lat="58.55388" lon="22.58262">
        <ele>24.5</ele>
      </trkpt>
      <trkpt lat="58.55401" lon="22.58143">
        <ele>21.6</ele>
      </trkpt>
      <trkpt lat="58.55412" lon="22.58084">
        <ele>23.9</ele>
      </trkpt>
      <trkpt lat="58.55435" lon="22.58004">
        <ele>25.1</ele>
      </trkpt>
      <trkpt lat="58.55458" lon="22.57924">
        <ele>26.8</ele>
      </trkpt>
      <trkpt lat="58.55484" lon="22.57794">
        <ele>26.7</ele>
      </trkpt>
      <trkpt lat="58.55504" lon="22.57704">
        <ele>24.5</ele>
      </trkpt>
      <trkpt lat="58.55523" lon="22.57614">
        <ele>25.9</ele>
      </trkpt>
      <trkpt lat="58.55529" lon="22.57522">
        <ele>27.6</ele>
      </trkpt>
      <trkpt lat="58.55527" lon="22.5742">
        <ele>26.8</ele>
      </trkpt>
      <trkpt lat="58.55525" lon="22.57318">
        <ele>25.5</ele>
      </trkpt>
      <trkpt lat="58.55546" lon="22.57257">
        <ele>23.5</ele>
      </trkpt>
      <trkpt lat="58.556" lon="22.57129">
        <ele>22.0</ele>
      </trkpt>
      <trkpt lat="58.5562" lon="22.57036">
        <ele>23.9</ele>
      </trkpt>
      <trkpt lat="58.55626" lon="22.56966">
        <ele>23.6</ele>
      </trkpt>
      <trkpt lat="58.55647" lon="22.56883">
        <ele>22.0</ele>
      </trkpt>
      <trkpt lat="58.55678" lon="22.56801">
        <ele>20.6</ele>
      </trkpt>
      <trkpt lat="58.55729" lon="22.56706">
        <ele>21.9</ele>
      </trkpt>
      <trkpt lat="58.55754" lon="22.56669">
        <ele>23.2</ele>
      </trkpt>
      <trkpt lat="58.55791" lon="22.56631">
        <ele>24.2</ele>
      </trkpt>
      <trkpt lat="58.5583" lon="22.56604">
        <ele>24.9</ele>
      </trkpt>
      <trkpt lat="58.55848" lon="22.56583">
        <ele>25.0</ele>
      </trkpt>
      <trkpt lat="58.55864" lon="22.56549">
        <ele>25.1</ele>
      </trkpt>
      <trkpt lat="58.55882" lon="22.5649">
        <ele>24.9</ele>
      </trkpt>
      <trkpt lat="58.5591" lon="22.56419">
        <ele>25.6</ele>
      </trkpt>
      <trkpt lat="58.55944" lon="22.56368">
        <ele>27.1</ele>
      </trkpt>
      <trkpt lat="58.55969" lon="22.56323">
        <ele>28.0</ele>
      </trkpt>
      <trkpt lat="58.55988" lon="22.56271">
        <ele>28.5</ele>
      </trkpt>
      <trkpt lat="58.56003" lon="22.56202">
        <ele>29.0</ele>
      </trkpt>
      <trkpt lat="58.56029" lon="22.56107">
        <ele>27.0</ele>
      </trkpt>
      <trkpt lat="58.56051" lon="22.56048">
        <ele>24.5</ele>
      </trkpt>
      <trkpt lat="58.56105" lon="22.55939">
        <ele>21.3</ele>
      </trkpt>
      <trkpt lat="58.56158" lon="22.5583">
        <ele>23.7</ele>
      </trkpt>
      <trkpt lat="58.56181" lon="22.55747">
        <ele>24.9</ele>
      </trkpt>
      <trkpt lat="58.56208" lon="22.55672">
        <ele>25.4</ele>
      </trkpt>
      <trkpt lat="58.56235" lon="22.55597">
        <ele>25.0</ele>
      </trkpt>
      <trkpt lat="58.56274" lon="22.55504">
        <ele>24.4</ele>
      </trkpt>
      <trkpt lat="58.56303" lon="22.55424">
        <ele>24.3</ele>
      </trkpt>
      <trkpt lat="58.56324" lon="22.55339">
        <ele>24.9</ele>
      </trkpt>
      <trkpt lat="58.56378" lon="22.55201">
        <ele>25.2</ele>
      </trkpt>
      <trkpt lat="58.56431" lon="22.55063">
        <ele>23.2</ele>
      </trkpt>
      <trkpt lat="58.56467" lon="22.54962">
        <ele>23.6</ele>
      </trkpt>
      <trkpt lat="58.56502" lon="22.54861">
        <ele>23.4</ele>
      </trkpt>
      <trkpt lat="58.56537" lon="22.5476">
        <ele>22.6</ele>
      </trkpt>
      <trkpt lat="58.56586" lon="22.54664">
        <ele>21.0</ele>
      </trkpt>
      <trkpt lat="58.56627" lon="22.54594">
        <ele>20.8</ele>
      </trkpt>
      <trkpt lat="58.56638" lon="22.54533">
        <ele>20.0</ele>
      </trkpt>
      <trkpt lat="58.56657" lon="22.54465">
        <ele>18.6</ele>
      </trkpt>
      <trkpt lat="58.56716" lon="22.54379">
        <ele>16.4</ele>
      </trkpt>
      <trkpt lat="58.56736" lon="22.54353">
        <ele>16.1</ele>
      </trkpt>
      <trkpt lat="58.56784" lon="22.5433">
        <ele>15.6</ele>
      </trkpt>
      <trkpt lat="58.56831" lon="22.54307">
        <ele>15.0</ele>
      </trkpt>
      <trkpt lat="58.5688" lon="22.54279">
        <ele>15.6</ele>
      </trkpt>
      <trkpt lat="58.56928" lon="22.54251">
        <ele>16.0</ele>
      </trkpt>
      <trkpt lat="58.56986" lon="22.54222">
        <ele>16.0</ele>
      </trkpt>
      <trkpt lat="58.57044" lon="22.54165">
        <ele>16.0</ele>
      </trkpt>
      <trkpt lat="58.57089" lon="22.54107">
        <ele>15.4</ele>
      </trkpt>
      <trkpt lat="58.57148" lon="22.54052">
        <ele>16.6</ele>
      </trkpt>
      <trkpt lat="58.57223" lon="22.54033">
        <ele>17.0</ele>
      </trkpt>
      <trkpt lat="58.57297" lon="22.54015">
        <ele>17.6</ele>
      </trkpt>
      <trkpt lat="58.57313" lon="22.54016">
        <ele>17.8</ele>
      </trkpt>
      <trkpt lat="58.57324" lon="22.54019">
        <ele>17.9</ele>
      </trkpt>
      <trkpt lat="58.57399" lon="22.54079">
        <ele>18.0</ele>
      </trkpt>
      <trkpt lat="58.57449" lon="22.54106">
        <ele>18.4</ele>
      </trkpt>
      <trkpt lat="58.57474" lon="22.54113">
        <ele>18.6</ele>
      </trkpt>
      <trkpt lat="58.57552" lon="22.5411">
        <ele>18.5</ele>
      </trkpt>
      <trkpt lat="58.57563" lon="22.54112">
        <ele>18.4</ele>
      </trkpt>
      <trkpt lat="58.57586" lon="22.54124">
        <ele>18.5</ele>
      </trkpt>
      <trkpt lat="58.57632" lon="22.54164">
        <ele>19.0</ele>
      </trkpt>
      <trkpt lat="58.57657" lon="22.54175">
        <ele>19.0</ele>
      </trkpt>
      <trkpt lat="58.57672" lon="22.5418">
        <ele>19.1</ele>
      </trkpt>
      <trkpt lat="58.57707" lon="22.54183">
        <ele>19.5</ele>
      </trkpt>
      <trkpt lat="58.57719" lon="22.54179">
        <ele>19.6</ele>
      </trkpt>
      <trkpt lat="58.57714" lon="22.54141">
        <ele>19.7</ele>
      </trkpt>
      <trkpt lat="58.57697" lon="22.54047">
        <ele>20.0</ele>
      </trkpt>
      <trkpt lat="58.57694" lon="22.54011">
        <ele>20.0</ele>
      </trkpt>
      <trkpt lat="58.57697" lon="22.53984">
        <ele>20.1</ele>
      </trkpt>
      <trkpt lat="58.57722" lon="22.53866">
        <ele>20.3</ele>
      </trkpt>
      <trkpt lat="58.5773" lon="22.53823">
        <ele>20.2</ele>
      </trkpt>
      <trkpt lat="58.57741" lon="22.53738">
        <ele>20.1</ele>
      </trkpt>
      <trkpt lat="58.57753" lon="22.5369">
        <ele>20.0</ele>
      </trkpt>
      <trkpt lat="58.57732" lon="22.53627">
        <ele>19.7</ele>
      </trkpt>
      <trkpt lat="58.57721" lon="22.53601">
        <ele>19.6</ele>
      </trkpt>
      <trkpt lat="58.57686" lon="22.53521">
        <ele>19.8</ele>
      </trkpt>
      <trkpt lat="58.57652" lon="22.53442">
        <ele>19.1</ele>
      </trkpt>
      <trkpt lat="58.57599" lon="22.53315">
        <ele>18.3</ele>
      </trkpt>
      <trkpt lat="58.57547" lon="22.53189">
        <ele>18.6</ele>
      </trkpt>
      <trkpt lat="58.57494" lon="22.53062">
        <ele>18.9</ele>
      </trkpt>
      <trkpt lat="58.57442" lon="22.52936">
        <ele>18.1</ele>
      </trkpt>
      <trkpt lat="58.57427" lon="22.52895">
        <ele>18.0</ele>
      </trkpt>
      <trkpt lat="58.57411" lon="22.52841">
        <ele>17.9</ele>
      </trkpt>
      <trkpt lat="58.57393" lon="22.52768">
        <ele>17.7</ele>
      </trkpt>
      <trkpt lat="58.57381" lon="22.52705">
        <ele>17.6</ele>
      </trkpt>
      <trkpt lat="58.57368" lon="22.52615">
        <ele>16.8</ele>
      </trkpt>
      <trkpt lat="58.57355" lon="22.52524">
        <ele>16.1</ele>
      </trkpt>
      <trkpt lat="58.57346" lon="22.52437">
        <ele>16.1</ele>
      </trkpt>
      <trkpt lat="58.57341" lon="22.52316">
        <ele>16.3</ele>
      </trkpt>
      <trkpt lat="58.5734" lon="22.52165">
        <ele>17.1</ele>
      </trkpt>
      <trkpt lat="58.57339" lon="22.52015">
        <ele>16.1</ele>
      </trkpt>
      <trkpt lat="58.57338" lon="22.51864">
        <ele>16.0</ele>
      </trkpt>
      <trkpt lat="58.57336" lon="22.51808">
        <ele>15.7</ele>
      </trkpt>
      <trkpt lat="58.57328" lon="22.51701">
        <ele>14.4</ele>
      </trkpt>
      <trkpt lat="58.57321" lon="22.51594">
        <ele>14.6</ele>
      </trkpt>
      <trkpt lat="58.57309" lon="22.5145">
        <ele>15.7</ele>
      </trkpt>
      <trkpt lat="58.57298" lon="22.51307">
        <ele>16.6</ele>
      </trkpt>
      <trkpt lat="58.57289" lon="22.51225">
        <ele>16.9</ele>
      </trkpt>
      <trkpt lat="58.5728" lon="22.51174">
        <ele>16.4</ele>
      </trkpt>
      <trkpt lat="58.57256" lon="22.51063">
        <ele>16.4</ele>
      </trkpt>
      <trkpt lat="58.57244" lon="22.51016">
        <ele>16.4</ele>
      </trkpt>
      <trkpt lat="58.57217" lon="22.50906">
        <ele>16.4</ele>
      </trkpt>
      <trkpt lat="58.57191" lon="22.50797">
        <ele>17.4</ele>
      </trkpt>
      <trkpt lat="58.57164" lon="22.50687">
        <ele>19.0</ele>
      </trkpt>
      <trkpt lat="58.57155" lon="22.50644">
        <ele>18.7</ele>
      </trkpt>
      <trkpt lat="58.5714" lon="22.50561">
        <ele>18.4</ele>
      </trkpt>
      <trkpt lat="58.57125" lon="22.50433">
        <ele>19.4</ele>
      </trkpt>
      <trkpt lat="58.57111" lon="22.50306">
        <ele>20.2</ele>
      </trkpt>
      <trkpt lat="58.57097" lon="22.50178">
        <ele>21.3</ele>
      </trkpt>
      <trkpt lat="58.57085" lon="22.50009">
        <ele>22.9</ele>
      </trkpt>
      <trkpt lat="58.57083" lon="22.49843">
        <ele>22.0</ele>
      </trkpt>
      <trkpt lat="58.57075" lon="22.49752">
        <ele>20.9</ele>
      </trkpt>
      <trkpt lat="58.57054" lon="22.49595">
        <ele>19.2</ele>
      </trkpt>
      <trkpt lat="58.57033" lon="22.49438">
        <ele>16.9</ele>
      </trkpt>
      <trkpt lat="58.57012" lon="22.49282">
        <ele>16.1</ele>
      </trkpt>
      <trkpt lat="58.56992" lon="22.49177">
        <ele>15.8</ele>
      </trkpt>
      <trkpt lat="58.56954" lon="22.49037">
        <ele>15.3</ele>
      </trkpt>
      <trkpt lat="58.56944" lon="22.48989">
        <ele>15.7</ele>
      </trkpt>
      <trkpt lat="58.56929" lon="22.48889">
        <ele>16.8</ele>
      </trkpt>
      <trkpt lat="58.56915" lon="22.48788">
        <ele>17.5</ele>
      </trkpt>
      <trkpt lat="58.56902" lon="22.48711">
        <ele>17.0</ele>
      </trkpt>
      <trkpt lat="58.56884" lon="22.48629">
        <ele>16.7</ele>
      </trkpt>
      <trkpt lat="58.56866" lon="22.48546">
        <ele>16.8</ele>
      </trkpt>
      <trkpt lat="58.56844" lon="22.48442">
        <ele>16.3</ele>
      </trkpt>
      <trkpt lat="58.56836" lon="22.48395">
        <ele>15.4</ele>
      </trkpt>
      <trkpt lat="58.56821" lon="22.48282">
        <ele>15.5</ele>
      </trkpt>
      <trkpt lat="58.56806" lon="22.48118">
        <ele>17.7</ele>
      </trkpt>
      <trkpt lat="58.56798" lon="22.48063">
        <ele>18.5</ele>
      </trkpt>
      <trkpt lat="58.56789" lon="22.48009">
        <ele>19.2</ele>
      </trkpt>
      <trkpt lat="58.56779" lon="22.47956">
        <ele>19.6</ele>
      </trkpt>
      <trkpt lat="58.56766" lon="22.47901">
        <ele>20.0</ele>
      </trkpt>
      <trkpt lat="58.56742" lon="22.47811">
        <ele>20.8</ele>
      </trkpt>
      <trkpt lat="58.56718" lon="22.47722">
        <ele>20.1</ele>
      </trkpt>
      <trkpt lat="58.56707" lon="22.47633">
        <ele>19.5</ele>
      </trkpt>
      <trkpt lat="58.56705" lon="22.47546">
        <ele>18.0</ele>
      </trkpt>
      <trkpt lat="58.56706" lon="22.47471">
        <ele>17.5</ele>
      </trkpt>
      <trkpt lat="58.56713" lon="22.47404">
        <ele>17.9</ele>
      </trkpt>
      <trkpt lat="58.56748" lon="22.47255">
        <ele>18.0</ele>
      </trkpt>
      <trkpt lat="58.56775" lon="22.47166">
        <ele>18.1</ele>
      </trkpt>
      <trkpt lat="58.56801" lon="22.47078">
        <ele>18.0</ele>
      </trkpt>
      <trkpt lat="58.56831" lon="22.46997">
        <ele>16.2</ele>
      </trkpt>
      <trkpt lat="58.5686" lon="22.46917">
        <ele>16.7</ele>
      </trkpt>
      <trkpt lat="58.56908" lon="22.46809">
        <ele>16.5</ele>
      </trkpt>
      <trkpt lat="58.56942" lon="22.46715">
        <ele>17.0</ele>
      </trkpt>
      <trkpt lat="58.56985" lon="22.46643">
        <ele>17.3</ele>
      </trkpt>
      <trkpt lat="58.57029" lon="22.46571">
        <ele>18.0</ele>
      </trkpt>
      <trkpt lat="58.57068" lon="22.46489">
        <ele>18.0</ele>
      </trkpt>
      <trkpt lat="58.57108" lon="22.46407">
        <ele>18.0</ele>
      </trkpt>
      <trkpt lat="58.57131" lon="22.46343">
        <ele>18.0</ele>
      </trkpt>
      <trkpt lat="58.57155" lon="22.4625">
        <ele>18.9</ele>
      </trkpt>
      <trkpt lat="58.5717" lon="22.46205">
        <ele>19.1</ele>
      </trkpt>
      <trkpt lat="58.57183" lon="22.46181">
        <ele>19.8</ele>
      </trkpt>
      <trkpt lat="58.57201" lon="22.4616">
        <ele>20.8</ele>
      </trkpt>
      <trkpt lat="58.57223" lon="22.4615">
        <ele>22.0</ele>
      </trkpt>
      <trkpt lat="58.57241" lon="22.46151">
        <ele>22.8</ele>
      </trkpt>
      <trkpt lat="58.57314" lon="22.46175">
        <ele>22.2</ele>
      </trkpt>
      <trkpt lat="58.57345" lon="22.46168">
        <ele>21.6</ele>
      </trkpt>
      <trkpt lat="58.5736" lon="22.46154">
        <ele>21.3</ele>
      </trkpt>
      <trkpt lat="58.57371" lon="22.46134">
        <ele>21.4</ele>
      </trkpt>
      <trkpt lat="58.57412" lon="22.46034">
        <ele>22.4</ele>
      </trkpt>
      <trkpt lat="58.57454" lon="22.45935">
        <ele>21.4</ele>
      </trkpt>
      <trkpt lat="58.57483" lon="22.45901">
        <ele>20.4</ele>
      </trkpt>
      <trkpt lat="58.57509" lon="22.45875">
        <ele>19.5</ele>
      </trkpt>
      <trkpt lat="58.57545" lon="22.4583">
        <ele>17.8</ele>
      </trkpt>
      <trkpt lat="58.57577" lon="22.45763">
        <ele>16.3</ele>
      </trkpt>
      <trkpt lat="58.57608" lon="22.45668">
        <ele>16.4</ele>
      </trkpt>
      <trkpt lat="58.57645" lon="22.45512">
        <ele>14.4</ele>
      </trkpt>
      <trkpt lat="58.57667" lon="22.454">
        <ele>11.8</ele>
      </trkpt>
      <trkpt lat="58.5767" lon="22.45368">
        <ele>11.1</ele>
      </trkpt>
      <trkpt lat="58.57672" lon="22.45345">
        <ele>10.6</ele>
      </trkpt>
      <trkpt lat="58.57671" lon="22.45345">
        <ele>10.7</ele>
      </trkpt>
      <trkpt lat="58.57673" lon="22.45323">
        <ele>10.3</ele>
      </trkpt>
      <trkpt lat="58.57666" lon="22.45163">
        <ele>9.1</ele>
      </trkpt>
      <trkpt lat="58.57666" lon="22.4508">
        <ele>10.1</ele>
      </trkpt>
      <trkpt lat="58.57673" lon="22.44938">
        <ele>8.8</ele>
      </trkpt>
      <trkpt lat="58.5768" lon="22.44796">
        <ele>7.7</ele>
      </trkpt>
      <trkpt lat="58.5768" lon="22.4476">
        <ele>7.3</ele>
      </trkpt>
      <trkpt lat="58.57678" lon="22.44675">
        <ele>6.5</ele>
      </trkpt>
      <trkpt lat="58.57671" lon="22.44583">
        <ele>5.7</ele>
      </trkpt>
      <trkpt lat="58.57654" lon="22.44468">
        <ele>5.7</ele>
      </trkpt>
      <trkpt lat="58.57638" lon="22.44353">
        <ele>6.2</ele>
      </trkpt>
      <trkpt lat="58.5762" lon="22.44206">
        <ele>6.7</ele>
      </trkpt>
      <trkpt lat="58.57602" lon="22.4406">
        <ele>8.3</ele>
      </trkpt>
      <trkpt lat="58.57583" lon="22.43913">
        <ele>10.0</ele>
      </trkpt>
      <trkpt lat="58.57565" lon="22.43767">
        <ele>12.4</ele>
      </trkpt>
      <trkpt lat="58.57558" lon="22.43614">
        <ele>12.6</ele>
      </trkpt>
      <trkpt lat="58.57551" lon="22.43462">
        <ele>10.8</ele>
      </trkpt>
      <trkpt lat="58.57542" lon="22.43401">
        <ele>10.9</ele>
      </trkpt>
      <trkpt lat="58.57529" lon="22.43346">
        <ele>11.1</ele>
      </trkpt>
      <trkpt lat="58.57496" lon="22.43249">
        <ele>13.2</ele>
      </trkpt>
      <trkpt lat="58.57463" lon="22.43151">
        <ele>15.6</ele>
      </trkpt>
      <trkpt lat="58.5743" lon="22.43053">
        <ele>19.0</ele>
      </trkpt>
      <trkpt lat="58.57404" lon="22.42926">
        <ele>20.5</ele>
      </trkpt>
      <trkpt lat="58.57378" lon="22.42799">
        <ele>21.2</ele>
      </trkpt>
      <trkpt lat="58.57352" lon="22.42671">
        <ele>22.1</ele>
      </trkpt>
      <trkpt lat="58.57326" lon="22.42544">
        <ele>20.7</ele>
      </trkpt>
      <trkpt lat="58.57319" lon="22.42486">
        <ele>20.3</ele>
      </trkpt>
      <trkpt lat="58.57312" lon="22.42398">
        <ele>20.5</ele>
      </trkpt>
      <trkpt lat="58.57308" lon="22.42366">
        <ele>20.6</ele>
      </trkpt>
      <trkpt lat="58.57298" lon="22.42318">
        <ele>21.1</ele>
      </trkpt>
      <trkpt lat="58.57264" lon="22.42222">
        <ele>22.9</ele>
      </trkpt>
      <trkpt lat="58.5724" lon="22.42179">
        <ele>23.0</ele>
      </trkpt>
      <trkpt lat="58.57222" lon="22.42165">
        <ele>23.0</ele>
      </trkpt>
      <trkpt lat="58.57203" lon="22.42162">
        <ele>22.9</ele>
      </trkpt>
      <trkpt lat="58.5712" lon="22.42168">
        <ele>24.1</ele>
      </trkpt>
      <trkpt lat="58.57089" lon="22.42177">
        <ele>24.7</ele>
      </trkpt>
      <trkpt lat="58.57025" lon="22.42205">
        <ele>23.8</ele>
      </trkpt>
      <trkpt lat="58.56991" lon="22.42195">
        <ele>23.9</ele>
      </trkpt>
      <trkpt lat="58.56961" lon="22.42143">
        <ele>25.7</ele>
      </trkpt>
      <trkpt lat="58.56955" lon="22.4211">
        <ele>26.3</ele>
      </trkpt>
      <trkpt lat="58.56942" lon="22.41975">
        <ele>26.8</ele>
      </trkpt>
      <trkpt lat="58.56928" lon="22.4184">
        <ele>23.9</ele>
      </trkpt>
      <trkpt lat="58.56915" lon="22.41706">
        <ele>22.5</ele>
      </trkpt>
      <trkpt lat="58.56902" lon="22.41571">
        <ele>23.6</ele>
      </trkpt>
      <trkpt lat="58.56896" lon="22.41447">
        <ele>25.0</ele>
      </trkpt>
      <trkpt lat="58.5689" lon="22.41324">
        <ele>25.1</ele>
      </trkpt>
      <trkpt lat="58.56896" lon="22.41212">
        <ele>22.7</ele>
      </trkpt>
      <trkpt lat="58.56891" lon="22.41185">
        <ele>22.3</ele>
      </trkpt>
      <trkpt lat="58.5688" lon="22.41144">
        <ele>21.5</ele>
      </trkpt>
      <trkpt lat="58.56857" lon="22.41094">
        <ele>20.3</ele>
      </trkpt>
      <trkpt lat="58.56887" lon="22.41052">
        <ele>19.2</ele>
      </trkpt>
      <trkpt lat="58.5692" lon="22.41017">
        <ele>18.3</ele>
      </trkpt>
      <trkpt lat="58.56943" lon="22.40976">
        <ele>17.2</ele>
      </trkpt>
      <trkpt lat="58.56964" lon="22.40944">
        <ele>16.6</ele>
      </trkpt>
      <trkpt lat="58.56988" lon="22.40922">
        <ele>16.2</ele>
      </trkpt>
      <trkpt lat="58.57025" lon="22.40894">
        <ele>15.4</ele>
      </trkpt>
      <trkpt lat="58.57079" lon="22.40829">
        <ele>14.1</ele>
      </trkpt>
      <trkpt lat="58.57117" lon="22.40778">
        <ele>13.7</ele>
      </trkpt>
      <trkpt lat="58.57154" lon="22.40728">
        <ele>12.9</ele>
      </trkpt>
      <trkpt lat="58.57197" lon="22.40654">
        <ele>11.6</ele>
      </trkpt>
      <trkpt lat="58.57226" lon="22.40616">
        <ele>10.9</ele>
      </trkpt>
      <trkpt lat="58.57242" lon="22.40586">
        <ele>10.2</ele>
      </trkpt>
      <trkpt lat="58.57251" lon="22.40547">
        <ele>9.5</ele>
      </trkpt>
      <trkpt lat="58.57257" lon="22.40507">
        <ele>8.9</ele>
      </trkpt>
      <trkpt lat="58.57265" lon="22.40423">
        <ele>9.4</ele>
      </trkpt>
      <trkpt lat="58.57271" lon="22.4039">
        <ele>9.2</ele>
      </trkpt>
      <trkpt lat="58.57276" lon="22.40374">
        <ele>9.1</ele>
      </trkpt>
      <trkpt lat="58.57294" lon="22.40334">
        <ele>8.4</ele>
      </trkpt>
      <trkpt lat="58.573" lon="22.40312">
        <ele>8.3</ele>
      </trkpt>
      <trkpt lat="58.57314" lon="22.40207">
        <ele>7.9</ele>
      </trkpt>
      <trkpt lat="58.57318" lon="22.40166">
        <ele>7.7</ele>
      </trkpt>
      <trkpt lat="58.57334" lon="22.40091">
        <ele>7.9</ele>
      </trkpt>
      <trkpt lat="58.57356" lon="22.39996">
        <ele>6.9</ele>
      </trkpt>
      <trkpt lat="58.57358" lon="22.39926">
        <ele>6.5</ele>
      </trkpt>
      <trkpt lat="58.57357" lon="22.39845">
        <ele>6.4</ele>
      </trkpt>
      <trkpt lat="58.573562" lon="22.398358">
        <ele>6.5</ele>
      </trkpt>
      <trkpt lat="58.57356" lon="22.39836">
        <ele>6.5</ele>
      </trkpt>
      <trkpt lat="58.57355" lon="22.39823">
        <ele>6.5</ele>
      </trkpt>
      <trkpt lat="58.57348" lon="22.39806">
        <ele>6.7</ele>
      </trkpt>
      <trkpt lat="58.57374" lon="22.39815">
        <ele>6.1</ele>
      </trkpt>
      <trkpt lat="58.57385" lon="22.39813">
        <ele>5.9</ele>
      </trkpt>
      <trkpt lat="58.57413" lon="22.39797">
        <ele>5.5</ele>
      </trkpt>
      <trkpt lat="58.57423" lon="22.39788">
        <ele>5.2</ele>
      </trkpt>
      <trkpt lat="58.57438" lon="22.3977">
        <ele>4.5</ele>
      </trkpt>
      <trkpt lat="58.57446" lon="22.39766">
        <ele>4.0</ele>
      </trkpt>
      <trkpt lat="58.57452" lon="22.39766">
        <ele>3.6</ele>
      </trkpt>
      <trkpt lat="58.57461" lon="22.3977">
        <ele>3.1</ele>
      </trkpt>
      <trkpt lat="58.57467" lon="22.39761">
        <ele>2.6</ele>
      </trkpt>
      <trkpt lat="58.57471" lon="22.39748">
        <ele>2.2</ele>
      </trkpt>
      <trkpt lat="58.57474" lon="22.39688">
        <ele>4.2</ele>
      </trkpt>
      <trkpt lat="58.57478" lon="22.39666">
        <ele>4.8</ele>
      </trkpt>
      <trkpt lat="58.57495" lon="22.39624">
        <ele>4.1</ele>
      </trkpt>
      <trkpt lat="58.57503" lon="22.39619">
        <ele>3.9</ele>
      </trkpt>
      <trkpt lat="58.5752" lon="22.39602">
        <ele>3.0</ele>
      </trkpt>
      <trkpt lat="58.57531" lon="22.39583">
        <ele>2.5</ele>
      </trkpt>
      <trkpt lat="58.57532" lon="22.39566">
        <ele>2.5</ele>
      </trkpt>
      <trkpt lat="58.57531" lon="22.3955">
        <ele>2.5</ele>
      </trkpt>
      <trkpt lat="58.57519" lon="22.39471">
        <ele>2.8</ele>
      </trkpt>
      <trkpt lat="58.57509" lon="22.39453">
        <ele>3.1</ele>
      </trkpt>
      <trkpt lat="58.57509" lon="22.3944">
        <ele>2.9</ele>
      </trkpt>
      <trkpt lat="58.57501" lon="22.393854">
        <ele>3.0</ele>
      </trkpt>
      <trkpt lat="58.574662" lon="22.393562">
        <ele>3.5</ele>
      </trkpt>
      <trkpt lat="58.574355" lon="22.393452">
        <ele>3.9</ele>
      </trkpt>
      <trkpt lat="58.574057" lon="22.393076">
        <ele>3.6</ele>
      </trkpt>
      <trkpt lat="58.573756" lon="22.392504">
        <ele>3.0</ele>
      </trkpt>
      <trkpt lat="58.573509" lon="22.392368">
        <ele>3.4</ele>
      </trkpt>
      <trkpt lat="58.573181" lon="22.39164">
        <ele>3.5</ele>
      </trkpt>
      <trkpt lat="58.573181" lon="22.39164">
        <ele>3.5</ele>
      </trkpt>
      <trkpt lat="58.572553" lon="22.38985">
        <ele>3.6</ele>
      </trkpt>
      <trkpt lat="58.572553" lon="22.38985">
        <ele>3.6</ele>
      </trkpt>
      <trkpt lat="58.572207" lon="22.388225">
        <ele>4.9</ele>
      </trkpt>
      <trkpt lat="58.572207" lon="22.388225">
        <ele>4.9</ele>
      </trkpt>
      <trkpt lat="58.57217" lon="22.38644">
        <ele>4.3</ele>
      </trkpt>
      <trkpt lat="58.57217" lon="22.38644">
        <ele>4.3</ele>
      </trkpt>
      <trkpt lat="58.5723" lon="22.38477">
        <ele>6.5</ele>
      </trkpt>
      <trkpt lat="58.57237" lon="22.38335">
        <ele>6.3</ele>
      </trkpt>
      <trkpt lat="58.57246" lon="22.38263">
        <ele>6.1</ele>
      </trkpt>
      <trkpt lat="58.57263" lon="22.38192">
        <ele>5.6</ele>
      </trkpt>
      <trkpt lat="58.57283" lon="22.38136">
        <ele>6.0</ele>
      </trkpt>
      <trkpt lat="58.5729" lon="22.38106">
        <ele>6.2</ele>
      </trkpt>
      <trkpt lat="58.57302" lon="22.37991">
        <ele>6.9</ele>
      </trkpt>
      <trkpt lat="58.57314" lon="22.37928">
        <ele>6.1</ele>
      </trkpt>
      <trkpt lat="58.57315" lon="22.37812">
        <ele>5.1</ele>
      </trkpt>
      <trkpt lat="58.57307" lon="22.37722">
        <ele>5.3</ele>
      </trkpt>
      <trkpt lat="58.57303" lon="22.3764">
        <ele>5.7</ele>
      </trkpt>
      <trkpt lat="58.57306" lon="22.37592">
        <ele>6.2</ele>
      </trkpt>
      <trkpt lat="58.57331" lon="22.37484">
        <ele>6.2</ele>
      </trkpt>
      <trkpt lat="58.5734" lon="22.37453">
        <ele>6.4</ele>
      </trkpt>
      <trkpt lat="58.57356" lon="22.37413">
        <ele>6.5</ele>
      </trkpt>
      <trkpt lat="58.57357" lon="22.37398">
        <ele>6.4</ele>
      </trkpt>
      <trkpt lat="58.57366" lon="22.37361">
        <ele>6.2</ele>
      </trkpt>
      <trkpt lat="58.5737" lon="22.37335">
        <ele>6.1</ele>
      </trkpt>
      <trkpt lat="58.5737" lon="22.37303">
        <ele>5.8</ele>
      </trkpt>
      <trkpt lat="58.57377" lon="22.37267">
        <ele>5.2</ele>
      </trkpt>
      <trkpt lat="58.57372" lon="22.37251">
        <ele>5.1</ele>
      </trkpt>
      <trkpt lat="58.57361" lon="22.37251">
        <ele>5.3</ele>
      </trkpt>
      <trkpt lat="58.5735" lon="22.37262">
        <ele>5.7</ele>
      </trkpt>
      <trkpt lat="58.57341" lon="22.37266">
        <ele>6.0</ele>
      </trkpt>
      <trkpt lat="58.57322" lon="22.3726">
        <ele>6.3</ele>
      </trkpt>
      <trkpt lat="58.57294" lon="22.37266">
        <ele>6.8</ele>
      </trkpt>
      <trkpt lat="58.57279" lon="22.37262">
        <ele>7.0</ele>
      </trkpt>
      <trkpt lat="58.57258" lon="22.3725">
        <ele>6.9</ele>
      </trkpt>
      <trkpt lat="58.57244" lon="22.37239">
        <ele>6.8</ele>
      </trkpt>
      <trkpt lat="58.57231" lon="22.37211">
        <ele>6.3</ele>
      </trkpt>
      <trkpt lat="58.57221" lon="22.37203">
        <ele>6.2</ele>
      </trkpt>
      <trkpt lat="58.57199" lon="22.37212">
        <ele>6.7</ele>
      </trkpt>
      <trkpt lat="58.57156" lon="22.37255">
        <ele>8.0</ele>
      </trkpt>
      <trkpt lat="58.57124" lon="22.37273">
        <ele>8.0</ele>
      </trkpt>
      <trkpt lat="58.57071" lon="22.37309">
        <ele>7.9</ele>
      </trkpt>
      <trkpt lat="58.57058" lon="22.37315">
        <ele>7.4</ele>
      </trkpt>
      <trkpt lat="58.57026" lon="22.37312">
        <ele>5.9</ele>
      </trkpt>
      <trkpt lat="58.57018" lon="22.37303">
        <ele>5.4</ele>
      </trkpt>
      <trkpt lat="58.57011" lon="22.37282">
        <ele>4.8</ele>
      </trkpt>
      <trkpt lat="58.57014" lon="22.37176">
        <ele>4.2</ele>
      </trkpt>
      <trkpt lat="58.57016" lon="22.3707">
        <ele>4.4</ele>
      </trkpt>
      <trkpt lat="58.57016" lon="22.37044">
        <ele>4.4</ele>
      </trkpt>
      <trkpt lat="58.57013" lon="22.37027">
        <ele>4.3</ele>
      </trkpt>
      <trkpt lat="58.56999" lon="22.37">
        <ele>4.0</ele>
      </trkpt>
      <trkpt lat="58.56948" lon="22.36948">
        <ele>4.6</ele>
      </trkpt>
      <trkpt lat="58.56897" lon="22.36896">
        <ele>5.7</ele>
      </trkpt>
      <trkpt lat="58.56852" lon="22.36892">
        <ele>6.6</ele>
      </trkpt>
      <trkpt lat="58.56852" lon="22.36892">
        <ele>6.6</ele>
      </trkpt>
      <trkpt lat="58.56843" lon="22.36891">
        <ele>6.8</ele>
      </trkpt>
      <trkpt lat="58.56816" lon="22.36883">
        <ele>7.0</ele>
      </trkpt>
      <trkpt lat="58.56792" lon="22.36867">
        <ele>7.0</ele>
      </trkpt>
      <trkpt lat="58.56729" lon="22.36805">
        <ele>7.4</ele>
      </trkpt>
      <trkpt lat="58.56705" lon="22.36787">
        <ele>7.8</ele>
      </trkpt>
      <trkpt lat="58.56682" lon="22.36787">
        <ele>8.2</ele>
      </trkpt>
      <trkpt lat="58.56657" lon="22.36795">
        <ele>8.6</ele>
      </trkpt>
      <trkpt lat="58.56636" lon="22.36792">
        <ele>8.7</ele>
      </trkpt>
      <trkpt lat="58.56586" lon="22.36768">
        <ele>9.0</ele>
      </trkpt>
      <trkpt lat="58.56555" lon="22.36728">
        <ele>10.6</ele>
      </trkpt>
      <trkpt lat="58.56522" lon="22.36667">
        <ele>11.9</ele>
      </trkpt>
      <trkpt lat="58.56506" lon="22.36642">
        <ele>13.0</ele>
      </trkpt>
      <trkpt lat="58.56489" lon="22.36627">
        <ele>13.5</ele>
      </trkpt>
      <trkpt lat="58.56467" lon="22.36619">
        <ele>13.7</ele>
      </trkpt>
      <trkpt lat="58.564" lon="22.36615">
        <ele>13.7</ele>
      </trkpt>
      <trkpt lat="58.56317" lon="22.36596">
        <ele>12.7</ele>
      </trkpt>
      <trkpt lat="58.56234" lon="22.36577">
        <ele>15.7</ele>
      </trkpt>
      <trkpt lat="58.56151" lon="22.36558">
        <ele>19.4</ele>
      </trkpt>
      <trkpt lat="58.56157" lon="22.36468">
        <ele>19.6</ele>
      </trkpt>
      <trkpt lat="58.56155" lon="22.36418">
        <ele>20.3</ele>
      </trkpt>
      <trkpt lat="58.56143" lon="22.36324">
        <ele>20.9</ele>
      </trkpt>
      <trkpt lat="58.56145" lon="22.36251">
        <ele>21.5</ele>
      </trkpt>
      <trkpt lat="58.56151" lon="22.36189">
        <ele>21.4</ele>
      </trkpt>
      <trkpt lat="58.56155" lon="22.36104">
        <ele>21.2</ele>
      </trkpt>
      <trkpt lat="58.56153" lon="22.35976">
        <ele>21.4</ele>
      </trkpt>
      <trkpt lat="58.56151" lon="22.35847">
        <ele>22.0</ele>
      </trkpt>
      <trkpt lat="58.56137" lon="22.35738">
        <ele>22.6</ele>
      </trkpt>
      <trkpt lat="58.56123" lon="22.35628">
        <ele>22.3</ele>
      </trkpt>
      <trkpt lat="58.56087" lon="22.35479">
        <ele>22.0</ele>
      </trkpt>
      <trkpt lat="58.56052" lon="22.35329">
        <ele>21.9</ele>
      </trkpt>
      <trkpt lat="58.56016" lon="22.3518">
        <ele>21.0</ele>
      </trkpt>
      <trkpt lat="58.56006" lon="22.35084">
        <ele>20.0</ele>
      </trkpt>
      <trkpt lat="58.56005" lon="22.34924">
        <ele>19.1</ele>
      </trkpt>
      <trkpt lat="58.55999" lon="22.34838">
        <ele>19.0</ele>
      </trkpt>
      <trkpt lat="58.55998" lon="22.34797">
        <ele>19.0</ele>
      </trkpt>
      <trkpt lat="58.56001" lon="22.34753">
        <ele>19.0</ele>
      </trkpt>
      <trkpt lat="58.56017" lon="22.34648">
        <ele>19.2</ele>
      </trkpt>
      <trkpt lat="58.56021" lon="22.34583">
        <ele>19.0</ele>
      </trkpt>
      <trkpt lat="58.56038" lon="22.34474">
        <ele>18.7</ele>
      </trkpt>
      <trkpt lat="58.5604" lon="22.3444">
        <ele>18.3</ele>
      </trkpt>
      <trkpt lat="58.56037" lon="22.34328">
        <ele>16.9</ele>
      </trkpt>
      <trkpt lat="58.56034" lon="22.34217">
        <ele>16.0</ele>
      </trkpt>
      <trkpt lat="58.56023" lon="22.34101">
        <ele>15.2</ele>
      </trkpt>
      <trkpt lat="58.56017" lon="22.34053">
        <ele>14.6</ele>
      </trkpt>
      <trkpt lat="58.55998" lon="22.33968">
        <ele>14.1</ele>
      </trkpt>
      <trkpt lat="58.55979" lon="22.33884">
        <ele>14.8</ele>
      </trkpt>
      <trkpt lat="58.55957" lon="22.33787">
        <ele>15.3</ele>
      </trkpt>
      <trkpt lat="58.55935" lon="22.33689">
        <ele>15.6</ele>
      </trkpt>
      <trkpt lat="58.55929" lon="22.33656">
        <ele>15.8</ele>
      </trkpt>
      <trkpt lat="58.55927" lon="22.33622">
        <ele>16.2</ele>
      </trkpt>
      <trkpt lat="58.55925" lon="22.33513">
        <ele>17.5</ele>
      </trkpt>
      <trkpt lat="58.55919" lon="22.33345">
        <ele>17.9</ele>
      </trkpt>
      <trkpt lat="58.5592" lon="22.33282">
        <ele>17.3</ele>
      </trkpt>
      <trkpt lat="58.55926" lon="22.33177">
        <ele>16.6</ele>
      </trkpt>
      <trkpt lat="58.55933" lon="22.33071">
        <ele>17.2</ele>
      </trkpt>
      <trkpt lat="58.55937" lon="22.33029">
        <ele>17.0</ele>
      </trkpt>
      <trkpt lat="58.55964" lon="22.32895">
        <ele>16.8</ele>
      </trkpt>
      <trkpt lat="58.55968" lon="22.32859">
        <ele>16.8</ele>
      </trkpt>
      <trkpt lat="58.55971" lon="22.32826">
        <ele>16.8</ele>
      </trkpt>
      <trkpt lat="58.55973" lon="22.3279">
        <ele>16.8</ele>
      </trkpt>
      <trkpt lat="58.55974" lon="22.3262">
        <ele>16.1</ele>
      </trkpt>
      <trkpt lat="58.55975" lon="22.3245">
        <ele>13.4</ele>
      </trkpt>
      <trkpt lat="58.55979" lon="22.32395">
        <ele>12.1</ele>
      </trkpt>
      <trkpt lat="58.55991" lon="22.32288">
        <ele>10.5</ele>
      </trkpt>
      <trkpt lat="58.55995" lon="22.32182">
        <ele>10.1</ele>
      </trkpt>
      <trkpt lat="58.56" lon="22.32076">
        <ele>10.0</ele>
      </trkpt>
      <trkpt lat="58.56005" lon="22.31958">
        <ele>9.4</ele>
      </trkpt>
      <trkpt lat="58.56008" lon="22.31924">
        <ele>9.0</ele>
      </trkpt>
      <trkpt lat="58.56012" lon="22.31874">
        <ele>8.9</ele>
      </trkpt>
      <trkpt lat="58.56024" lon="22.31755">
        <ele>9.7</ele>
      </trkpt>
      <trkpt lat="58.56034" lon="22.31612">
        <ele>9.2</ele>
      </trkpt>
      <trkpt lat="58.56038" lon="22.31584">
        <ele>9.0</ele>
      </trkpt>
      <trkpt lat="58.56056" lon="22.31499">
        <ele>9.0</ele>
      </trkpt>
      <trkpt lat="58.56073" lon="22.31415">
        <ele>10.1</ele>
      </trkpt>
      <trkpt lat="58.56085" lon="22.31367">
        <ele>10.6</ele>
      </trkpt>
      <trkpt lat="58.56125" lon="22.31361">
        <ele>10.2</ele>
      </trkpt>
      <trkpt lat="58.56208" lon="22.31376">
        <ele>9.0</ele>
      </trkpt>
      <trkpt lat="58.56225" lon="22.31377">
        <ele>8.8</ele>
      </trkpt>
      <trkpt lat="58.56248" lon="22.31375">
        <ele>8.5</ele>
      </trkpt>
      <trkpt lat="58.5626" lon="22.31372">
        <ele>8.5</ele>
      </trkpt>
      <trkpt lat="58.56314" lon="22.31328">
        <ele>8.2</ele>
      </trkpt>
      <trkpt lat="58.56358" lon="22.31289">
        <ele>7.4</ele>
      </trkpt>
      <trkpt lat="58.56378" lon="22.31278">
        <ele>6.9</ele>
      </trkpt>
      <trkpt lat="58.56436" lon="22.31259">
        <ele>4.6</ele>
      </trkpt>
      <trkpt lat="58.56453" lon="22.3125">
        <ele>3.4</ele>
      </trkpt>
      <trkpt lat="58.56465" lon="22.31235">
        <ele>2.8</ele>
      </trkpt>
      <trkpt lat="58.56469" lon="22.31218">
        <ele>3.0</ele>
      </trkpt>
      <trkpt lat="58.56489" lon="22.31101">
        <ele>4.9</ele>
      </trkpt>
      <trkpt lat="58.56495" lon="22.31077">
        <ele>5.2</ele>
      </trkpt>
      <trkpt lat="58.56501" lon="22.31059">
        <ele>5.2</ele>
      </trkpt>
      <trkpt lat="58.5651" lon="22.3104">
        <ele>5.0</ele>
      </trkpt>
      <trkpt lat="58.56536" lon="22.30994">
        <ele>4.8</ele>
      </trkpt>
      <trkpt lat="58.56551" lon="22.30965">
        <ele>4.8</ele>
      </trkpt>
      <trkpt lat="58.56562" lon="22.3094">
        <ele>5.0</ele>
      </trkpt>
      <trkpt lat="58.56586" lon="22.30885">
        <ele>5.2</ele>
      </trkpt>
      <trkpt lat="58.56601" lon="22.30839">
        <ele>5.3</ele>
      </trkpt>
      <trkpt lat="58.56609" lon="22.30808">
        <ele>5.5</ele>
      </trkpt>
      <trkpt lat="58.56624" lon="22.30727">
        <ele>6.3</ele>
      </trkpt>
      <trkpt lat="58.56634" lon="22.30681">
        <ele>6.6</ele>
      </trkpt>
      <trkpt lat="58.5664" lon="22.30653">
        <ele>6.9</ele>
      </trkpt>
      <trkpt lat="58.56651" lon="22.30625">
        <ele>7.3</ele>
      </trkpt>
      <trkpt lat="58.56682" lon="22.30559">
        <ele>7.0</ele>
      </trkpt>
      <trkpt lat="58.56693" lon="22.30529">
        <ele>6.7</ele>
      </trkpt>
      <trkpt lat="58.56721" lon="22.30433">
        <ele>7.1</ele>
      </trkpt>
      <trkpt lat="58.56731" lon="22.3039">
        <ele>7.4</ele>
      </trkpt>
      <trkpt lat="58.56736" lon="22.30362">
        <ele>7.8</ele>
      </trkpt>
      <trkpt lat="58.5674" lon="22.3033">
        <ele>8.3</ele>
      </trkpt>
      <trkpt lat="58.56743" lon="22.3029">
        <ele>8.7</ele>
      </trkpt>
      <trkpt lat="58.56743" lon="22.30266">
        <ele>9.0</ele>
      </trkpt>
      <trkpt lat="58.56745" lon="22.3025">
        <ele>9.1</ele>
      </trkpt>
      <trkpt lat="58.56748" lon="22.30224">
        <ele>9.4</ele>
      </trkpt>
      <trkpt lat="58.56752" lon="22.30203">
        <ele>9.5</ele>
      </trkpt>
      <trkpt lat="58.56783" lon="22.30114">
        <ele>8.9</ele>
      </trkpt>
      <trkpt lat="58.56813" lon="22.30025">
        <ele>9.0</ele>
      </trkpt>
      <trkpt lat="58.56855" lon="22.29914">
        <ele>10.3</ele>
      </trkpt>
      <trkpt lat="58.56906" lon="22.29795">
        <ele>12.9</ele>
      </trkpt>
      <trkpt lat="58.56925" lon="22.29753">
        <ele>13.2</ele>
      </trkpt>
      <trkpt lat="58.56931" lon="22.29735">
        <ele>13.2</ele>
      </trkpt>
      <trkpt lat="58.56937" lon="22.29716">
        <ele>13.2</ele>
      </trkpt>
      <trkpt lat="58.56956" lon="22.2963">
        <ele>14.0</ele>
      </trkpt>
      <trkpt lat="58.5698" lon="22.29531">
        <ele>15.4</ele>
      </trkpt>
      <trkpt lat="58.5698" lon="22.29531">
        <ele>15.4</ele>
      </trkpt>
      <trkpt lat="58.5699" lon="22.29492">
        <ele>16.0</ele>
      </trkpt>
      <trkpt lat="58.57026" lon="22.29378">
        <ele>11.6</ele>
      </trkpt>
      <trkpt lat="58.57038" lon="22.29325">
        <ele>12.4</ele>
      </trkpt>
      <trkpt lat="58.570414" lon="22.292999">
        <ele>12.4</ele>
      </trkpt>
      <trkpt lat="58.570432" lon="22.292239">
        <ele>13.1</ele>
      </trkpt>
      <trkpt lat="58.570177" lon="22.290941">
        <ele>16.5</ele>
      </trkpt>
      <trkpt lat="58.569881" lon="22.290105">
        <ele>20.6</ele>
      </trkpt>
      <trkpt lat="58.569781" lon="22.289663">
        <ele>22.0</ele>
      </trkpt>
      <trkpt lat="58.570006" lon="22.289499">
        <ele>20.5</ele>
      </trkpt>
      <trkpt lat="58.570272" lon="22.288115">
        <ele>12.2</ele>
      </trkpt>
      <trkpt lat="58.569629" lon="22.287083">
        <ele>11.5</ele>
      </trkpt>
      <trkpt lat="58.569184" lon="22.286641">
        <ele>16.1</ele>
      </trkpt>
      <trkpt lat="58.568936" lon="22.286654">
        <ele>19.0</ele>
      </trkpt>
      <trkpt lat="58.5688" lon="22.28663">
        <ele>19.8</ele>
      </trkpt>
      <trkpt lat="58.56856" lon="22.28652">
        <ele>20.3</ele>
      </trkpt>
      <trkpt lat="58.56856" lon="22.28652">
        <ele>20.3</ele>
      </trkpt>
      <trkpt lat="58.56794" lon="22.28627">
        <ele>21.4</ele>
      </trkpt>
      <trkpt lat="58.56752" lon="22.28593">
        <ele>20.7</ele>
      </trkpt>
      <trkpt lat="58.5671" lon="22.28559">
        <ele>18.7</ele>
      </trkpt>
      <trkpt lat="58.56682" lon="22.28542">
        <ele>18.2</ele>
      </trkpt>
      <trkpt lat="58.56634" lon="22.28501">
        <ele>16.5</ele>
      </trkpt>
      <trkpt lat="58.56582" lon="22.28485">
        <ele>15.8</ele>
      </trkpt>
      <trkpt lat="58.56529" lon="22.28468">
        <ele>14.9</ele>
      </trkpt>
      <trkpt lat="58.56498" lon="22.28461">
        <ele>14.3</ele>
      </trkpt>
      <trkpt lat="58.56411" lon="22.28432">
        <ele>11.8</ele>
      </trkpt>
      <trkpt lat="58.56376" lon="22.28417">
        <ele>10.0</ele>
      </trkpt>
      <trkpt lat="58.56344" lon="22.28403">
        <ele>8.4</ele>
      </trkpt>
      <trkpt lat="58.56279" lon="22.28391">
        <ele>9.5</ele>
      </trkpt>
      <trkpt lat="58.56213" lon="22.28379">
        <ele>10.7</ele>
      </trkpt>
      <trkpt lat="58.56148" lon="22.28367">
        <ele>11.3</ele>
      </trkpt>
      <trkpt lat="58.56077" lon="22.2837">
        <ele>13.2</ele>
      </trkpt>
      <trkpt lat="58.56006" lon="22.28373">
        <ele>15.2</ele>
      </trkpt>
      <trkpt lat="58.55934" lon="22.28375">
        <ele>15.9</ele>
      </trkpt>
      <trkpt lat="58.55863" lon="22.28378">
        <ele>14.6</ele>
      </trkpt>
      <trkpt lat="58.55781" lon="22.28379">
        <ele>11.9</ele>
      </trkpt>
      <trkpt lat="58.55735" lon="22.28377">
        <ele>10.3</ele>
      </trkpt>
      <trkpt lat="58.55688" lon="22.28375">
        <ele>9.4</ele>
      </trkpt>
      <trkpt lat="58.55641" lon="22.28375">
        <ele>8.5</ele>
      </trkpt>
      <trkpt lat="58.55573" lon="22.28415">
        <ele>9.7</ele>
      </trkpt>
      <trkpt lat="58.55528" lon="22.28457">
        <ele>11.1</ele>
      </trkpt>
      <trkpt lat="58.5545" lon="22.28511">
        <ele>10.4</ele>
      </trkpt>
      <trkpt lat="58.55371" lon="22.28566">
        <ele>9.4</ele>
      </trkpt>
      <trkpt lat="58.55301" lon="22.28617">
        <ele>9.1</ele>
      </trkpt>
      <trkpt lat="58.5523" lon="22.28669">
        <ele>8.1</ele>
      </trkpt>
      <trkpt lat="58.5516" lon="22.2872">
        <ele>7.2</ele>
      </trkpt>
      <trkpt lat="58.55101" lon="22.28759">
        <ele>5.6</ele>
      </trkpt>
      <trkpt lat="58.55043" lon="22.2879">
        <ele>4.9</ele>
      </trkpt>
      <trkpt lat="58.54985" lon="22.28821">
        <ele>5.8</ele>
      </trkpt>
      <trkpt lat="58.54962" lon="22.28829">
        <ele>6.2</ele>
      </trkpt>
      <trkpt lat="58.54947" lon="22.2884">
        <ele>6.6</ele>
      </trkpt>
      <trkpt lat="58.54941" lon="22.2886">
        <ele>7.3</ele>
      </trkpt>
      <trkpt lat="58.54943" lon="22.28871">
        <ele>7.7</ele>
      </trkpt>
      <trkpt lat="58.54944" lon="22.289">
        <ele>8.7</ele>
      </trkpt>
      <trkpt lat="58.54944" lon="22.289">
        <ele>8.7</ele>
      </trkpt>
      <trkpt lat="58.54942" lon="22.28959">
        <ele>11.3</ele>
      </trkpt>
      <trkpt lat="58.54943" lon="22.29005">
        <ele>13.3</ele>
      </trkpt>
      <trkpt lat="58.54955" lon="22.29056">
        <ele>13.5</ele>
      </trkpt>
      <trkpt lat="58.54986" lon="22.29125">
        <ele>13.9</ele>
      </trkpt>
      <trkpt lat="58.55027" lon="22.29178">
        <ele>13.7</ele>
      </trkpt>
      <trkpt lat="58.55057" lon="22.29207">
        <ele>13.3</ele>
      </trkpt>
      <trkpt lat="58.55081" lon="22.29234">
        <ele>13.0</ele>
      </trkpt>
      <trkpt lat="58.55091" lon="22.2926">
        <ele>13.0</ele>
      </trkpt>
      <trkpt lat="58.55097" lon="22.29282">
        <ele>12.8</ele>
      </trkpt>
      <trkpt lat="58.55109" lon="22.29292">
        <ele>13.0</ele>
      </trkpt>
      <trkpt lat="58.55126" lon="22.29314">
        <ele>13.1</ele>
      </trkpt>
      <trkpt lat="58.55145" lon="22.29334">
        <ele>13.5</ele>
      </trkpt>
      <trkpt lat="58.55173" lon="22.29368">
        <ele>13.2</ele>
      </trkpt>
      <trkpt lat="58.55225" lon="22.29451">
        <ele>12.2</ele>
      </trkpt>
      <trkpt lat="58.55264" lon="22.295">
        <ele>12.3</ele>
      </trkpt>
      <trkpt lat="58.55281" lon="22.29526">
        <ele>12.6</ele>
      </trkpt>
      <trkpt lat="58.55292" lon="22.2955">
        <ele>12.7</ele>
      </trkpt>
      <trkpt lat="58.55316" lon="22.29639">
        <ele>12.1</ele>
      </trkpt>
      <trkpt lat="58.55325" lon="22.29699">
        <ele>12.2</ele>
      </trkpt>
      <trkpt lat="58.55339" lon="22.29777">
        <ele>13.4</ele>
      </trkpt>
      <trkpt lat="58.55357" lon="22.29924">
        <ele>14.3</ele>
      </trkpt>
      <trkpt lat="58.55364" lon="22.29967">
        <ele>14.6</ele>
      </trkpt>
      <trkpt lat="58.55367" lon="22.30084">
        <ele>14.6</ele>
      </trkpt>
      <trkpt lat="58.55363" lon="22.3013">
        <ele>14.3</ele>
      </trkpt>
      <trkpt lat="58.55351" lon="22.30171">
        <ele>13.2</ele>
      </trkpt>
      <trkpt lat="58.55326" lon="22.30217">
        <ele>11.2</ele>
      </trkpt>
      <trkpt lat="58.553" lon="22.30248">
        <ele>10.2</ele>
      </trkpt>
      <trkpt lat="58.55286" lon="22.30281">
        <ele>9.3</ele>
      </trkpt>
      <trkpt lat="58.55252" lon="22.30378">
        <ele>8.0</ele>
      </trkpt>
      <trkpt lat="58.55236" lon="22.3043">
        <ele>7.8</ele>
      </trkpt>
      <trkpt lat="58.55222" lon="22.30495">
        <ele>7.7</ele>
      </trkpt>
      <trkpt lat="58.55213" lon="22.30579">
        <ele>7.6</ele>
      </trkpt>
      <trkpt lat="58.55208" lon="22.30703">
        <ele>9.6</ele>
      </trkpt>
      <trkpt lat="58.55193" lon="22.30807">
        <ele>12.4</ele>
      </trkpt>
      <trkpt lat="58.55177" lon="22.30901">
        <ele>14.0</ele>
      </trkpt>
      <trkpt lat="58.55161" lon="22.30995">
        <ele>16.9</ele>
      </trkpt>
      <trkpt lat="58.55126" lon="22.31107">
        <ele>18.3</ele>
      </trkpt>
      <trkpt lat="58.5512" lon="22.31141">
        <ele>18.7</ele>
      </trkpt>
      <trkpt lat="58.55113" lon="22.31197">
        <ele>19.0</ele>
      </trkpt>
      <trkpt lat="58.55121" lon="22.31309">
        <ele>19.7</ele>
      </trkpt>
      <trkpt lat="58.55117" lon="22.31326">
        <ele>19.9</ele>
      </trkpt>
      <trkpt lat="58.55067" lon="22.31435">
        <ele>20.0</ele>
      </trkpt>
      <trkpt lat="58.55017" lon="22.31545">
        <ele>19.2</ele>
      </trkpt>
      <trkpt lat="58.5498" lon="22.31615">
        <ele>18.4</ele>
      </trkpt>
      <trkpt lat="58.54938" lon="22.31714">
        <ele>17.3</ele>
      </trkpt>
      <trkpt lat="58.54896" lon="22.31812">
        <ele>17.4</ele>
      </trkpt>
      <trkpt lat="58.54853" lon="22.31893">
        <ele>18.7</ele>
      </trkpt>
      <trkpt lat="58.54808" lon="22.31962">
        <ele>19.8</ele>
      </trkpt>
      <trkpt lat="58.54746" lon="22.32009">
        <ele>21.1</ele>
      </trkpt>
      <trkpt lat="58.54704" lon="22.32034">
        <ele>20.9</ele>
      </trkpt>
      <trkpt lat="58.54654" lon="22.32033">
        <ele>20.4</ele>
      </trkpt>
      <trkpt lat="58.54571" lon="22.32009">
        <ele>19.8</ele>
      </trkpt>
      <trkpt lat="58.54511" lon="22.31989">
        <ele>18.5</ele>
      </trkpt>
      <trkpt lat="58.5445" lon="22.31969">
        <ele>18.1</ele>
      </trkpt>
      <trkpt lat="58.54367" lon="22.31952">
        <ele>19.0</ele>
      </trkpt>
      <trkpt lat="58.54319" lon="22.31944">
        <ele>19.6</ele>
      </trkpt>
      <trkpt lat="58.54271" lon="22.31936">
        <ele>19.4</ele>
      </trkpt>
      <trkpt lat="58.54201" lon="22.31945">
        <ele>18.2</ele>
      </trkpt>
      <trkpt lat="58.54144" lon="22.31967">
        <ele>17.0</ele>
      </trkpt>
      <trkpt lat="58.54101" lon="22.31992">
        <ele>15.7</ele>
      </trkpt>
      <trkpt lat="58.54057" lon="22.32017">
        <ele>15.3</ele>
      </trkpt>
      <trkpt lat="58.53983" lon="22.32069">
        <ele>14.8</ele>
      </trkpt>
      <trkpt lat="58.53909" lon="22.32121">
        <ele>14.4</ele>
      </trkpt>
      <trkpt lat="58.53827" lon="22.32186">
        <ele>14.9</ele>
      </trkpt>
      <trkpt lat="58.53771" lon="22.32225">
        <ele>14.0</ele>
      </trkpt>
      <trkpt lat="58.53694" lon="22.32284">
        <ele>13.1</ele>
      </trkpt>
      <trkpt lat="58.53656" lon="22.32301">
        <ele>12.6</ele>
      </trkpt>
      <trkpt lat="58.53645" lon="22.32315">
        <ele>12.8</ele>
      </trkpt>
      <trkpt lat="58.53614" lon="22.32345">
        <ele>12.9</ele>
      </trkpt>
      <trkpt lat="58.53581" lon="22.32395">
        <ele>12.3</ele>
      </trkpt>
      <trkpt lat="58.53537" lon="22.3241">
        <ele>12.0</ele>
      </trkpt>
      <trkpt lat="58.53471" lon="22.32443">
        <ele>11.4</ele>
      </trkpt>
      <trkpt lat="58.53395" lon="22.32502">
        <ele>10.7</ele>
      </trkpt>
      <trkpt lat="58.53342" lon="22.32539">
        <ele>10.5</ele>
      </trkpt>
      <trkpt lat="58.53342" lon="22.32539">
        <ele>10.5</ele>
      </trkpt>
      <trkpt lat="58.53285" lon="22.32579">
        <ele>10.4</ele>
      </trkpt>
      <trkpt lat="58.53228" lon="22.32619">
        <ele>10.4</ele>
      </trkpt>
      <trkpt lat="58.53171" lon="22.32659">
        <ele>10.9</ele>
      </trkpt>
      <trkpt lat="58.53124" lon="22.32689">
        <ele>11.6</ele>
      </trkpt>
      <trkpt lat="58.53077" lon="22.32719">
        <ele>12.6</ele>
      </trkpt>
      <trkpt lat="58.5303" lon="22.32754">
        <ele>13.0</ele>
      </trkpt>
      <trkpt lat="58.52986" lon="22.3279">
        <ele>13.5</ele>
      </trkpt>
      <trkpt lat="58.52942" lon="22.32826">
        <ele>13.9</ele>
      </trkpt>
      <trkpt lat="58.52897" lon="22.32856">
        <ele>14.3</ele>
      </trkpt>
      <trkpt lat="58.52852" lon="22.32887">
        <ele>15.3</ele>
      </trkpt>
      <trkpt lat="58.52791" lon="22.32934">
        <ele>15.6</ele>
      </trkpt>
      <trkpt lat="58.52764" lon="22.32966">
        <ele>15.3</ele>
      </trkpt>
      <trkpt lat="58.52743" lon="22.33016">
        <ele>15.3</ele>
      </trkpt>
      <trkpt lat="58.5273" lon="22.33108">
        <ele>16.2</ele>
      </trkpt>
      <trkpt lat="58.52723" lon="22.33138">
        <ele>16.2</ele>
      </trkpt>
      <trkpt lat="58.52723" lon="22.33224">
        <ele>16.6</ele>
      </trkpt>
      <trkpt lat="58.52718" lon="22.33249">
        <ele>16.6</ele>
      </trkpt>
      <trkpt lat="58.52702" lon="22.33314">
        <ele>16.9</ele>
      </trkpt>
      <trkpt lat="58.5269" lon="22.33341">
        <ele>17.0</ele>
      </trkpt>
      <trkpt lat="58.52676" lon="22.33374">
        <ele>17.0</ele>
      </trkpt>
      <trkpt lat="58.52669" lon="22.33396">
        <ele>17.0</ele>
      </trkpt>
      <trkpt lat="58.52652" lon="22.33463">
        <ele>17.5</ele>
      </trkpt>
      <trkpt lat="58.52633" lon="22.33533">
        <ele>17.6</ele>
      </trkpt>
      <trkpt lat="58.52619" lon="22.33573">
        <ele>17.4</ele>
      </trkpt>
      <trkpt lat="58.52613" lon="22.33589">
        <ele>17.4</ele>
      </trkpt>
      <trkpt lat="58.52609" lon="22.33604">
        <ele>17.3</ele>
      </trkpt>
      <trkpt lat="58.52608" lon="22.33623">
        <ele>17.3</ele>
      </trkpt>
      <trkpt lat="58.5261" lon="22.33643">
        <ele>17.3</ele>
      </trkpt>
      <trkpt lat="58.52611" lon="22.33686">
        <ele>17.5</ele>
      </trkpt>
      <trkpt lat="58.52605" lon="22.33678">
        <ele>17.4</ele>
      </trkpt>
      <trkpt lat="58.52605" lon="22.33678">
        <ele>17.4</ele>
      </trkpt>
      <trkpt lat="58.52611" lon="22.33686">
        <ele>17.5</ele>
      </trkpt>
      <trkpt lat="58.52617" lon="22.33741">
        <ele>17.9</ele>
      </trkpt>
      <trkpt lat="58.52622" lon="22.33812">
        <ele>18.4</ele>
      </trkpt>
      <trkpt lat="58.52627" lon="22.33847">
        <ele>18.6</ele>
      </trkpt>
      <trkpt lat="58.52642" lon="22.33922">
        <ele>19.1</ele>
      </trkpt>
      <trkpt lat="58.52663" lon="22.34015">
        <ele>20.0</ele>
      </trkpt>
      <trkpt lat="58.52676" lon="22.34102">
        <ele>19.7</ele>
      </trkpt>
      <trkpt lat="58.52683" lon="22.3413">
        <ele>19.5</ele>
      </trkpt>
      <trkpt lat="58.52691" lon="22.3415">
        <ele>19.4</ele>
      </trkpt>
      <trkpt lat="58.52699" lon="22.34163">
        <ele>19.4</ele>
      </trkpt>
      <trkpt lat="58.52726" lon="22.34193">
        <ele>19.7</ele>
      </trkpt>
      <trkpt lat="58.52762" lon="22.34254">
        <ele>20.0</ele>
      </trkpt>
      <trkpt lat="58.52778" lon="22.34274">
        <ele>20.3</ele>
      </trkpt>
      <trkpt lat="58.5279" lon="22.34285">
        <ele>20.4</ele>
      </trkpt>
      <trkpt lat="58.5277" lon="22.34328">
        <ele>20.9</ele>
      </trkpt>
      <trkpt lat="58.5273" lon="22.34387">
        <ele>20.8</ele>
      </trkpt>
      <trkpt lat="58.52689" lon="22.34448">
        <ele>20.3</ele>
      </trkpt>
      <trkpt lat="58.52647" lon="22.34369">
        <ele>19.8</ele>
      </trkpt>
      <trkpt lat="58.52606" lon="22.3429">
        <ele>19.1</ele>
      </trkpt>
      <trkpt lat="58.5256" lon="22.34218">
        <ele>18.9</ele>
      </trkpt>
      <trkpt lat="58.52514" lon="22.34145">
        <ele>18.4</ele>
      </trkpt>
      <trkpt lat="58.52447" lon="22.34054">
        <ele>17.9</ele>
      </trkpt>
      <trkpt lat="58.52379" lon="22.33963">
        <ele>16.8</ele>
      </trkpt>
      <trkpt lat="58.52312" lon="22.33871">
        <ele>15.0</ele>
      </trkpt>
      <trkpt lat="58.52245" lon="22.3378">
        <ele>13.7</ele>
      </trkpt>
      <trkpt lat="58.52177" lon="22.33688">
        <ele>11.6</ele>
      </trkpt>
      <trkpt lat="58.5211" lon="22.33597">
        <ele>10.4</ele>
      </trkpt>
      <trkpt lat="58.521097" lon="22.33597">
        <ele>10.4</ele>
      </trkpt>
      <trkpt lat="58.52066" lon="22.33538">
        <ele>10.0</ele>
      </trkpt>
      <trkpt lat="58.52008" lon="22.33461">
        <ele>11.8</ele>
      </trkpt>
      <trkpt lat="58.51951" lon="22.33385">
        <ele>12.0</ele>
      </trkpt>
      <trkpt lat="58.51902" lon="22.33327">
        <ele>12.2</ele>
      </trkpt>
      <trkpt lat="58.51872" lon="22.3328">
        <ele>13.6</ele>
      </trkpt>
      <trkpt lat="58.51853" lon="22.33234">
        <ele>14.6</ele>
      </trkpt>
      <trkpt lat="58.5182" lon="22.3313">
        <ele>15.8</ele>
      </trkpt>
      <trkpt lat="58.51788" lon="22.33027">
        <ele>16.1</ele>
      </trkpt>
      <trkpt lat="58.51755" lon="22.32923">
        <ele>13.2</ele>
      </trkpt>
      <trkpt lat="58.51734" lon="22.3282">
        <ele>10.0</ele>
      </trkpt>
      <trkpt lat="58.51712" lon="22.32717">
        <ele>10.5</ele>
      </trkpt>
      <trkpt lat="58.51684" lon="22.32596">
        <ele>10.1</ele>
      </trkpt>
      <trkpt lat="58.51658" lon="22.3249">
        <ele>10.5</ele>
      </trkpt>
      <trkpt lat="58.51631" lon="22.32384">
        <ele>12.2</ele>
      </trkpt>
      <trkpt lat="58.51618" lon="22.32349">
        <ele>12.3</ele>
      </trkpt>
      <trkpt lat="58.51597" lon="22.32304">
        <ele>12.2</ele>
      </trkpt>
      <trkpt lat="58.51565" lon="22.32241">
        <ele>12.4</ele>
      </trkpt>
      <trkpt lat="58.51534" lon="22.32177">
        <ele>12.7</ele>
      </trkpt>
      <trkpt lat="58.51518" lon="22.32153">
        <ele>12.7</ele>
      </trkpt>
      <trkpt lat="58.51465" lon="22.32089">
        <ele>12.5</ele>
      </trkpt>
      <trkpt lat="58.51413" lon="22.32026">
        <ele>12.4</ele>
      </trkpt>
      <trkpt lat="58.51396" lon="22.32001">
        <ele>12.3</ele>
      </trkpt>
      <trkpt lat="58.51373" lon="22.31946">
        <ele>12.5</ele>
      </trkpt>
      <trkpt lat="58.51352" lon="22.31863">
        <ele>12.4</ele>
      </trkpt>
      <trkpt lat="58.51334" lon="22.31778">
        <ele>10.7</ele>
      </trkpt>
      <trkpt lat="58.51313" lon="22.31663">
        <ele>9.3</ele>
      </trkpt>
      <trkpt lat="58.51305" lon="22.31637">
        <ele>9.7</ele>
      </trkpt>
      <trkpt lat="58.51299" lon="22.31619">
        <ele>10.0</ele>
      </trkpt>
      <trkpt lat="58.51287" lon="22.31598">
        <ele>10.4</ele>
      </trkpt>
      <trkpt lat="58.51271" lon="22.31574">
        <ele>10.8</ele>
      </trkpt>
      <trkpt lat="58.51203" lon="22.31519">
        <ele>11.6</ele>
      </trkpt>
      <trkpt lat="58.51135" lon="22.31464">
        <ele>11.5</ele>
      </trkpt>
      <trkpt lat="58.51095" lon="22.31418">
        <ele>10.3</ele>
      </trkpt>
      <trkpt lat="58.51079" lon="22.31387">
        <ele>9.9</ele>
      </trkpt>
      <trkpt lat="58.51059" lon="22.31358">
        <ele>9.4</ele>
      </trkpt>
      <trkpt lat="58.51043" lon="22.31346">
        <ele>9.0</ele>
      </trkpt>
      <trkpt lat="58.51023" lon="22.31341">
        <ele>8.6</ele>
      </trkpt>
      <trkpt lat="58.50976" lon="22.31344">
        <ele>8.6</ele>
      </trkpt>
      <trkpt lat="58.50976" lon="22.31344">
        <ele>8.6</ele>
      </trkpt>
      <trkpt lat="58.50941" lon="22.31346">
        <ele>9.4</ele>
      </trkpt>
      <trkpt lat="58.50885" lon="22.31339">
        <ele>9.2</ele>
      </trkpt>
      <trkpt lat="58.50829" lon="22.31332">
        <ele>7.8</ele>
      </trkpt>
      <trkpt lat="58.50786" lon="22.31338">
        <ele>6.4</ele>
      </trkpt>
      <trkpt lat="58.50712" lon="22.3136">
        <ele>4.7</ele>
      </trkpt>
      <trkpt lat="58.5069" lon="22.31357">
        <ele>4.1</ele>
      </trkpt>
      <trkpt lat="58.50668" lon="22.31342">
        <ele>3.2</ele>
      </trkpt>
      <trkpt lat="58.50647" lon="22.31321">
        <ele>3.1</ele>
      </trkpt>
      <trkpt lat="58.50603" lon="22.3127">
        <ele>4.2</ele>
      </trkpt>
      <trkpt lat="58.5056" lon="22.31219">
        <ele>6.2</ele>
      </trkpt>
      <trkpt lat="58.50517" lon="22.31183">
        <ele>8.2</ele>
      </trkpt>
      <trkpt lat="58.50475" lon="22.31146">
        <ele>9.1</ele>
      </trkpt>
      <trkpt lat="58.50454" lon="22.31112">
        <ele>8.9</ele>
      </trkpt>
      <trkpt lat="58.50439" lon="22.31073">
        <ele>8.7</ele>
      </trkpt>
      <trkpt lat="58.50412" lon="22.30965">
        <ele>8.7</ele>
      </trkpt>
      <trkpt lat="58.50385" lon="22.30857">
        <ele>8.9</ele>
      </trkpt>
      <trkpt lat="58.50355" lon="22.30788">
        <ele>8.9</ele>
      </trkpt>
      <trkpt lat="58.50325" lon="22.30719">
        <ele>9.1</ele>
      </trkpt>
      <trkpt lat="58.50278" lon="22.30619">
        <ele>7.7</ele>
      </trkpt>
      <trkpt lat="58.50228" lon="22.30541">
        <ele>6.8</ele>
      </trkpt>
      <trkpt lat="58.5017" lon="22.30476">
        <ele>6.4</ele>
      </trkpt>
      <trkpt lat="58.50118" lon="22.30434">
        <ele>7.0</ele>
      </trkpt>
      <trkpt lat="58.50066" lon="22.30392">
        <ele>7.8</ele>
      </trkpt>
      <trkpt lat="58.50021" lon="22.30375">
        <ele>7.9</ele>
      </trkpt>
      <trkpt lat="58.49934" lon="22.30353">
        <ele>8.2</ele>
      </trkpt>
      <trkpt lat="58.49847" lon="22.30332">
        <ele>8.8</ele>
      </trkpt>
      <trkpt lat="58.49764" lon="22.30356">
        <ele>8.9</ele>
      </trkpt>
      <trkpt lat="58.49699" lon="22.30353">
        <ele>9.3</ele>
      </trkpt>
      <trkpt lat="58.49634" lon="22.30349">
        <ele>9.2</ele>
      </trkpt>
      <trkpt lat="58.49569" lon="22.30346">
        <ele>8.3</ele>
      </trkpt>
      <trkpt lat="58.49483" lon="22.30328">
        <ele>7.0</ele>
      </trkpt>
      <trkpt lat="58.49433" lon="22.30341">
        <ele>8.0</ele>
      </trkpt>
      <trkpt lat="58.49366" lon="22.30375">
        <ele>8.7</ele>
      </trkpt>
      <trkpt lat="58.49298" lon="22.3041">
        <ele>8.5</ele>
      </trkpt>
      <trkpt lat="58.49247" lon="22.3043">
        <ele>8.1</ele>
      </trkpt>
      <trkpt lat="58.49195" lon="22.30451">
        <ele>8.0</ele>
      </trkpt>
      <trkpt lat="58.49149" lon="22.30439">
        <ele>7.7</ele>
      </trkpt>
      <trkpt lat="58.49085" lon="22.30386">
        <ele>8.0</ele>
      </trkpt>
      <trkpt lat="58.49022" lon="22.30333">
        <ele>8.7</ele>
      </trkpt>
      <trkpt lat="58.48959" lon="22.3028">
        <ele>9.0</ele>
      </trkpt>
      <trkpt lat="58.4889" lon="22.30199">
        <ele>10.1</ele>
      </trkpt>
      <trkpt lat="58.48821" lon="22.30117">
        <ele>10.4</ele>
      </trkpt>
      <trkpt lat="58.48759" lon="22.30037">
        <ele>9.2</ele>
      </trkpt>
      <trkpt lat="58.48697" lon="22.29956">
        <ele>8.2</ele>
      </trkpt>
      <trkpt lat="58.48635" lon="22.29836">
        <ele>8.4</ele>
      </trkpt>
      <trkpt lat="58.48596" lon="22.29718">
        <ele>7.8</ele>
      </trkpt>
      <trkpt lat="58.48572" lon="22.29626">
        <ele>7.9</ele>
      </trkpt>
      <trkpt lat="58.48563" lon="22.29555">
        <ele>7.7</ele>
      </trkpt>
      <trkpt lat="58.48556" lon="22.29467">
        <ele>7.9</ele>
      </trkpt>
      <trkpt lat="58.48542" lon="22.29389">
        <ele>8.0</ele>
      </trkpt>
      <trkpt lat="58.48526" lon="22.29335">
        <ele>8.4</ele>
      </trkpt>
      <trkpt lat="58.48501" lon="22.29275">
        <ele>8.3</ele>
      </trkpt>
      <trkpt lat="58.48461" lon="22.29204">
        <ele>8.2</ele>
      </trkpt>
      <trkpt lat="58.48446" lon="22.29171">
        <ele>8.0</ele>
      </trkpt>
      <trkpt lat="58.48438" lon="22.29148">
        <ele>7.9</ele>
      </trkpt>
      <trkpt lat="58.48429" lon="22.29106">
        <ele>7.9</ele>
      </trkpt>
      <trkpt lat="58.48424" lon="22.29066">
        <ele>7.9</ele>
      </trkpt>
      <trkpt lat="58.48419" lon="22.28945">
        <ele>7.3</ele>
      </trkpt>
      <trkpt lat="58.48414" lon="22.28823">
        <ele>7.1</ele>
      </trkpt>
      <trkpt lat="58.48416" lon="22.28735">
        <ele>7.0</ele>
      </trkpt>
      <trkpt lat="58.48419" lon="22.28647">
        <ele>6.9</ele>
      </trkpt>
      <trkpt lat="58.48424" lon="22.28573">
        <ele>6.6</ele>
      </trkpt>
      <trkpt lat="58.48436" lon="22.28459">
        <ele>6.3</ele>
      </trkpt>
      <trkpt lat="58.48446" lon="22.28374">
        <ele>6.8</ele>
      </trkpt>
      <trkpt lat="58.48467" lon="22.28253">
        <ele>7.5</ele>
      </trkpt>
      <trkpt lat="58.48488" lon="22.28132">
        <ele>8.7</ele>
      </trkpt>
      <trkpt lat="58.48508" lon="22.28011">
        <ele>9.2</ele>
      </trkpt>
      <trkpt lat="58.48529" lon="22.27872">
        <ele>8.9</ele>
      </trkpt>
      <trkpt lat="58.4855" lon="22.27734">
        <ele>8.4</ele>
      </trkpt>
      <trkpt lat="58.48571" lon="22.27596">
        <ele>7.1</ele>
      </trkpt>
      <trkpt lat="58.48576" lon="22.27545">
        <ele>6.6</ele>
      </trkpt>
      <trkpt lat="58.48576" lon="22.2751">
        <ele>6.5</ele>
      </trkpt>
      <trkpt lat="58.48571" lon="22.27444">
        <ele>6.1</ele>
      </trkpt>
      <trkpt lat="58.48557" lon="22.27299">
        <ele>6.5</ele>
      </trkpt>
      <trkpt lat="58.48543" lon="22.27154">
        <ele>7.5</ele>
      </trkpt>
      <trkpt lat="58.48529" lon="22.2701">
        <ele>8.6</ele>
      </trkpt>
      <trkpt lat="58.48515" lon="22.26928">
        <ele>8.1</ele>
      </trkpt>
      <trkpt lat="58.48503" lon="22.26879">
        <ele>8.0</ele>
      </trkpt>
      <trkpt lat="58.48478" lon="22.26798">
        <ele>8.4</ele>
      </trkpt>
      <trkpt lat="58.48418" lon="22.2667">
        <ele>9.0</ele>
      </trkpt>
      <trkpt lat="58.48358" lon="22.26542">
        <ele>9.3</ele>
      </trkpt>
      <trkpt lat="58.48339" lon="22.2651">
        <ele>9.1</ele>
      </trkpt>
      <trkpt lat="58.4829" lon="22.26441">
        <ele>8.5</ele>
      </trkpt>
      <trkpt lat="58.48242" lon="22.26372">
        <ele>9.1</ele>
      </trkpt>
      <trkpt lat="58.48198" lon="22.26319">
        <ele>9.1</ele>
      </trkpt>
      <trkpt lat="58.48154" lon="22.26265">
        <ele>8.3</ele>
      </trkpt>
      <trkpt lat="58.48114" lon="22.26207">
        <ele>8.6</ele>
      </trkpt>
      <trkpt lat="58.48099" lon="22.26175">
        <ele>8.8</ele>
      </trkpt>
      <trkpt lat="58.4805" lon="22.26044">
        <ele>9.4</ele>
      </trkpt>
      <trkpt lat="58.48001" lon="22.25912">
        <ele>9.0</ele>
      </trkpt>
      <trkpt lat="58.47951" lon="22.25781">
        <ele>9.6</ele>
      </trkpt>
      <trkpt lat="58.47907" lon="22.25666">
        <ele>11.3</ele>
      </trkpt>
      <trkpt lat="58.47864" lon="22.25551">
        <ele>12.0</ele>
      </trkpt>
      <trkpt lat="58.4782" lon="22.25436">
        <ele>10.6</ele>
      </trkpt>
      <trkpt lat="58.47814" lon="22.25422">
        <ele>10.5</ele>
      </trkpt>
      <trkpt lat="58.47787" lon="22.25353">
        <ele>9.7</ele>
      </trkpt>
      <trkpt lat="58.4776" lon="22.25284">
        <ele>11.1</ele>
      </trkpt>
      <trkpt lat="58.47768" lon="22.25279">
        <ele>11.1</ele>
      </trkpt>
      <trkpt lat="58.47796" lon="22.25251">
        <ele>11.4</ele>
      </trkpt>
      <trkpt lat="58.47814" lon="22.25226">
        <ele>11.5</ele>
      </trkpt>
      <trkpt lat="58.4784" lon="22.25177">
        <ele>11.7</ele>
      </trkpt>
      <trkpt lat="58.47854" lon="22.25154">
        <ele>11.8</ele>
      </trkpt>
      <trkpt lat="58.47876" lon="22.25125">
        <ele>12.2</ele>
      </trkpt>
      <trkpt lat="58.47927" lon="22.25069">
        <ele>13.1</ele>
      </trkpt>
      <trkpt lat="58.47987" lon="22.25006">
        <ele>14.0</ele>
      </trkpt>
      <trkpt lat="58.48047" lon="22.24944">
        <ele>14.7</ele>
      </trkpt>
      <trkpt lat="58.48106" lon="22.24882">
        <ele>15.0</ele>
      </trkpt>
      <trkpt lat="58.48138" lon="22.24842">
        <ele>15.0</ele>
      </trkpt>
      <trkpt lat="58.48173" lon="22.24788">
        <ele>14.4</ele>
      </trkpt>
      <trkpt lat="58.48205" lon="22.24725">
        <ele>13.8</ele>
      </trkpt>
      <trkpt lat="58.48246" lon="22.24629">
        <ele>14.4</ele>
      </trkpt>
      <trkpt lat="58.48276" lon="22.24537">
        <ele>13.3</ele>
      </trkpt>
      <trkpt lat="58.48309" lon="22.24434">
        <ele>13.1</ele>
      </trkpt>
      <trkpt lat="58.48342" lon="22.24331">
        <ele>14.6</ele>
      </trkpt>
      <trkpt lat="58.48364" lon="22.24298">
        <ele>14.0</ele>
      </trkpt>
      <trkpt lat="58.48426" lon="22.24234">
        <ele>14.0</ele>
      </trkpt>
      <trkpt lat="58.48488" lon="22.24169">
        <ele>13.4</ele>
      </trkpt>
      <trkpt lat="58.48549" lon="22.24104">
        <ele>14.1</ele>
      </trkpt>
      <trkpt lat="58.48615" lon="22.24026">
        <ele>15.3</ele>
      </trkpt>
      <trkpt lat="58.48636" lon="22.24006">
        <ele>15.5</ele>
      </trkpt>
      <trkpt lat="58.48689" lon="22.23967">
        <ele>14.5</ele>
      </trkpt>
      <trkpt lat="58.48743" lon="22.23928">
        <ele>12.1</ele>
      </trkpt>
      <trkpt lat="58.48777" lon="22.23914">
        <ele>10.7</ele>
      </trkpt>
      <trkpt lat="58.48796" lon="22.23911">
        <ele>9.9</ele>
      </trkpt>
      <trkpt lat="58.48817" lon="22.23896">
        <ele>9.2</ele>
      </trkpt>
      <trkpt lat="58.48848" lon="22.23859">
        <ele>9.2</ele>
      </trkpt>
      <trkpt lat="58.48887" lon="22.23781">
        <ele>10.8</ele>
      </trkpt>
      <trkpt lat="58.48926" lon="22.23703">
        <ele>11.8</ele>
      </trkpt>
      <trkpt lat="58.48966" lon="22.23612">
        <ele>11.9</ele>
      </trkpt>
      <trkpt lat="58.49005" lon="22.23629">
        <ele>10.5</ele>
      </trkpt>
      <trkpt lat="58.49078" lon="22.23651">
        <ele>10.2</ele>
      </trkpt>
      <trkpt lat="58.4914" lon="22.23663">
        <ele>8.7</ele>
      </trkpt>
      <trkpt lat="58.49206" lon="22.23666">
        <ele>7.5</ele>
      </trkpt>
      <trkpt lat="58.49285" lon="22.23661">
        <ele>6.3</ele>
      </trkpt>
      <trkpt lat="58.49364" lon="22.23656">
        <ele>4.9</ele>
      </trkpt>
      <trkpt lat="58.4945" lon="22.23645">
        <ele>4.4</ele>
      </trkpt>
      <trkpt lat="58.49536" lon="22.23635">
        <ele>4.1</ele>
      </trkpt>
      <trkpt lat="58.49622" lon="22.23625">
        <ele>4.0</ele>
      </trkpt>
      <trkpt lat="58.49708" lon="22.23615">
        <ele>4.4</ele>
      </trkpt>
      <trkpt lat="58.49794" lon="22.23605">
        <ele>5.3</ele>
      </trkpt>
      <trkpt lat="58.4988" lon="22.23594">
        <ele>5.9</ele>
      </trkpt>
      <trkpt lat="58.49966" lon="22.23584">
        <ele>4.8</ele>
      </trkpt>
      <trkpt lat="58.50052" lon="22.23574">
        <ele>4.7</ele>
      </trkpt>
      <trkpt lat="58.50138" lon="22.23564">
        <ele>5.5</ele>
      </trkpt>
      <trkpt lat="58.50187" lon="22.23555">
        <ele>5.9</ele>
      </trkpt>
      <trkpt lat="58.50187" lon="22.23555">
        <ele>5.9</ele>
      </trkpt>
      <trkpt lat="58.50265" lon="22.23542">
        <ele>6.8</ele>
      </trkpt>
      <trkpt lat="58.50343" lon="22.23528">
        <ele>8.1</ele>
      </trkpt>
      <trkpt lat="58.5042" lon="22.23515">
        <ele>9.1</ele>
      </trkpt>
      <trkpt lat="58.50498" lon="22.23501">
        <ele>11.9</ele>
      </trkpt>
      <trkpt lat="58.50581" lon="22.23507">
        <ele>13.0</ele>
      </trkpt>
      <trkpt lat="58.50664" lon="22.23512">
        <ele>14.0</ele>
      </trkpt>
      <trkpt lat="58.50747" lon="22.23517">
        <ele>13.2</ele>
      </trkpt>
      <trkpt lat="58.5082" lon="22.23506">
        <ele>13.9</ele>
      </trkpt>
      <trkpt lat="58.509" lon="22.2348">
        <ele>14.0</ele>
      </trkpt>
      <trkpt lat="58.5098" lon="22.23455">
        <ele>13.9</ele>
      </trkpt>
      <trkpt lat="58.51061" lon="22.23429">
        <ele>13.3</ele>
      </trkpt>
      <trkpt lat="58.51141" lon="22.23404">
        <ele>12.0</ele>
      </trkpt>
      <trkpt lat="58.51216" lon="22.23375">
        <ele>11.0</ele>
      </trkpt>
      <trkpt lat="58.5129" lon="22.23346">
        <ele>10.7</ele>
      </trkpt>
      <trkpt lat="58.51369" lon="22.23326">
        <ele>10.8</ele>
      </trkpt>
      <trkpt lat="58.51448" lon="22.23306">
        <ele>9.6</ele>
      </trkpt>
      <trkpt lat="58.51527" lon="22.23286">
        <ele>8.1</ele>
      </trkpt>
      <trkpt lat="58.51602" lon="22.23263">
        <ele>7.7</ele>
      </trkpt>
      <trkpt lat="58.51677" lon="22.2324">
        <ele>8.1</ele>
      </trkpt>
      <trkpt lat="58.51752" lon="22.23217">
        <ele>8.2</ele>
      </trkpt>
      <trkpt lat="58.51828" lon="22.23194">
        <ele>10.3</ele>
      </trkpt>
      <trkpt lat="58.51903" lon="22.23171">
        <ele>10.9</ele>
      </trkpt>
      <trkpt lat="58.51978" lon="22.23148">
        <ele>10.0</ele>
      </trkpt>
      <trkpt lat="58.52039" lon="22.23131">
        <ele>10.1</ele>
      </trkpt>
      <trkpt lat="58.52101" lon="22.23114">
        <ele>10.5</ele>
      </trkpt>
      <trkpt lat="58.52179" lon="22.23113">
        <ele>10.1</ele>
      </trkpt>
      <trkpt lat="58.52258" lon="22.23112">
        <ele>10.5</ele>
      </trkpt>
      <trkpt lat="58.52333" lon="22.23146">
        <ele>9.8</ele>
      </trkpt>
      <trkpt lat="58.52408" lon="22.2318">
        <ele>10.9</ele>
      </trkpt>
      <trkpt lat="58.52466" lon="22.23209">
        <ele>12.8</ele>
      </trkpt>
      <trkpt lat="58.52525" lon="22.23239">
        <ele>14.0</ele>
      </trkpt>
      <trkpt lat="58.526" lon="22.23286">
        <ele>14.1</ele>
      </trkpt>
      <trkpt lat="58.52642" lon="22.2333">
        <ele>14.2</ele>
      </trkpt>
      <trkpt lat="58.52685" lon="22.23375">
        <ele>13.8</ele>
      </trkpt>
      <trkpt lat="58.52746" lon="22.23417">
        <ele>13.9</ele>
      </trkpt>
      <trkpt lat="58.52812" lon="22.23452">
        <ele>13.9</ele>
      </trkpt>
      <trkpt lat="58.52879" lon="22.23486">
        <ele>13.2</ele>
      </trkpt>
      <trkpt lat="58.52945" lon="22.23521">
        <ele>11.9</ele>
      </trkpt>
      <trkpt lat="58.53013" lon="22.23524">
        <ele>10.9</ele>
      </trkpt>
      <trkpt lat="58.5307" lon="22.23519">
        <ele>10.1</ele>
      </trkpt>
      <trkpt lat="58.53156" lon="22.23484">
        <ele>12.4</ele>
      </trkpt>
      <trkpt lat="58.53227" lon="22.23428">
        <ele>13.4</ele>
      </trkpt>
      <trkpt lat="58.53298" lon="22.23372">
        <ele>14.0</ele>
      </trkpt>
      <trkpt lat="58.53365" lon="22.23313">
        <ele>14.4</ele>
      </trkpt>
      <trkpt lat="58.53404" lon="22.23272">
        <ele>14.3</ele>
      </trkpt>
      <trkpt lat="58.53427" lon="22.23223">
        <ele>14.1</ele>
      </trkpt>
      <trkpt lat="58.53461" lon="22.23119">
        <ele>14.3</ele>
      </trkpt>
      <trkpt lat="58.53496" lon="22.23014">
        <ele>13.3</ele>
      </trkpt>
      <trkpt lat="58.53507" lon="22.22965">
        <ele>12.8</ele>
      </trkpt>
      <trkpt lat="58.53512" lon="22.22923">
        <ele>12.7</ele>
      </trkpt>
      <trkpt lat="58.53511" lon="22.2287">
        <ele>12.7</ele>
      </trkpt>
      <trkpt lat="58.535" lon="22.22756">
        <ele>14.9</ele>
      </trkpt>
      <trkpt lat="58.53501" lon="22.22705">
        <ele>15.5</ele>
      </trkpt>
      <trkpt lat="58.53521" lon="22.22661">
        <ele>15.4</ele>
      </trkpt>
      <trkpt lat="58.53572" lon="22.22599">
        <ele>15.0</ele>
      </trkpt>
      <trkpt lat="58.53619" lon="22.22563">
        <ele>14.1</ele>
      </trkpt>
      <trkpt lat="58.53667" lon="22.22585">
        <ele>12.0</ele>
      </trkpt>
      <trkpt lat="58.53716" lon="22.22607">
        <ele>11.6</ele>
      </trkpt>
      <trkpt lat="58.5376" lon="22.22594">
        <ele>11.8</ele>
      </trkpt>
      <trkpt lat="58.53811" lon="22.22545">
        <ele>11.7</ele>
      </trkpt>
      <trkpt lat="58.53851" lon="22.22494">
        <ele>11.9</ele>
      </trkpt>
      <trkpt lat="58.5391" lon="22.22455">
        <ele>12.2</ele>
      </trkpt>
      <trkpt lat="58.53968" lon="22.22417">
        <ele>11.8</ele>
      </trkpt>
      <trkpt lat="58.54024" lon="22.22374">
        <ele>10.6</ele>
      </trkpt>
      <trkpt lat="58.54089" lon="22.22331">
        <ele>9.0</ele>
      </trkpt>
      <trkpt lat="58.54154" lon="22.22288">
        <ele>8.5</ele>
      </trkpt>
      <trkpt lat="58.54171" lon="22.22265">
        <ele>8.1</ele>
      </trkpt>
      <trkpt lat="58.54178" lon="22.2225">
        <ele>7.7</ele>
      </trkpt>
      <trkpt lat="58.54178" lon="22.2225">
        <ele>7.7</ele>
      </trkpt>
      <trkpt lat="58.54201" lon="22.222">
        <ele>7.4</ele>
      </trkpt>
      <trkpt lat="58.54227" lon="22.2215">
        <ele>7.5</ele>
      </trkpt>
      <trkpt lat="58.54285" lon="22.22049">
        <ele>6.9</ele>
      </trkpt>
      <trkpt lat="58.54322" lon="22.2195">
        <ele>6.9</ele>
      </trkpt>
      <trkpt lat="58.54349" lon="22.21854">
        <ele>7.4</ele>
      </trkpt>
      <trkpt lat="58.54371" lon="22.21818">
        <ele>7.3</ele>
      </trkpt>
      <trkpt lat="58.54391" lon="22.21798">
        <ele>7.0</ele>
      </trkpt>
      <trkpt lat="58.54442" lon="22.2176">
        <ele>6.2</ele>
      </trkpt>
      <trkpt lat="58.54472" lon="22.21714">
        <ele>6.1</ele>
      </trkpt>
      <trkpt lat="58.54489" lon="22.21693">
        <ele>5.9</ele>
      </trkpt>
      <trkpt lat="58.54552" lon="22.21618">
        <ele>5.3</ele>
      </trkpt>
      <trkpt lat="58.54576" lon="22.21584">
        <ele>5.2</ele>
      </trkpt>
      <trkpt lat="58.5459" lon="22.21554">
        <ele>5.0</ele>
      </trkpt>
      <trkpt lat="58.54607" lon="22.21512">
        <ele>4.9</ele>
      </trkpt>
      <trkpt lat="58.54625" lon="22.21455">
        <ele>5.0</ele>
      </trkpt>
      <trkpt lat="58.54637" lon="22.21406">
        <ele>5.1</ele>
      </trkpt>
      <trkpt lat="58.54655" lon="22.21325">
        <ele>4.7</ele>
      </trkpt>
      <trkpt lat="58.54657" lon="22.21302">
        <ele>4.8</ele>
      </trkpt>
      <trkpt lat="58.54654" lon="22.21283">
        <ele>5.2</ele>
      </trkpt>
      <trkpt lat="58.54636" lon="22.21213">
        <ele>6.8</ele>
      </trkpt>
      <trkpt lat="58.54635" lon="22.21203">
        <ele>6.9</ele>
      </trkpt>
      <trkpt lat="58.54644" lon="22.21143">
        <ele>6.9</ele>
      </trkpt>
      <trkpt lat="58.54643" lon="22.21116">
        <ele>7.0</ele>
      </trkpt>
      <trkpt lat="58.54633" lon="22.2104">
        <ele>7.6</ele>
      </trkpt>
      <trkpt lat="58.54634" lon="22.21015">
        <ele>7.6</ele>
      </trkpt>
      <trkpt lat="58.54633" lon="22.20953">
        <ele>8.1</ele>
      </trkpt>
      <trkpt lat="58.54627" lon="22.20788">
        <ele>8.8</ele>
      </trkpt>
      <trkpt lat="58.54622" lon="22.20622">
        <ele>7.2</ele>
      </trkpt>
      <trkpt lat="58.54625" lon="22.2051">
        <ele>5.1</ele>
      </trkpt>
      <trkpt lat="58.54624" lon="22.20488">
        <ele>5.0</ele>
      </trkpt>
      <trkpt lat="58.54614" lon="22.20448">
        <ele>5.5</ele>
      </trkpt>
      <trkpt lat="58.54585" lon="22.20379">
        <ele>7.0</ele>
      </trkpt>
      <trkpt lat="58.54564" lon="22.20341">
        <ele>7.3</ele>
      </trkpt>
      <trkpt lat="58.54526" lon="22.20288">
        <ele>6.9</ele>
      </trkpt>
      <trkpt lat="58.54502" lon="22.2026">
        <ele>7.3</ele>
      </trkpt>
      <trkpt lat="58.54463" lon="22.20227">
        <ele>7.4</ele>
      </trkpt>
      <trkpt lat="58.54437" lon="22.20212">
        <ele>7.6</ele>
      </trkpt>
      <trkpt lat="58.54378" lon="22.20187">
        <ele>8.4</ele>
      </trkpt>
      <trkpt lat="58.54361" lon="22.20175">
        <ele>8.4</ele>
      </trkpt>
      <trkpt lat="58.54296" lon="22.20138">
        <ele>9.3</ele>
      </trkpt>
      <trkpt lat="58.54287" lon="22.20131">
        <ele>9.3</ele>
      </trkpt>
      <trkpt lat="58.54261" lon="22.2012">
        <ele>9.7</ele>
      </trkpt>
      <trkpt lat="58.54209" lon="22.20083">
        <ele>9.9</ele>
      </trkpt>
      <trkpt lat="58.54193" lon="22.20081">
        <ele>10.6</ele>
      </trkpt>
      <trkpt lat="58.54179" lon="22.20084">
        <ele>11.5</ele>
      </trkpt>
      <trkpt lat="58.54155" lon="22.20075">
        <ele>11.5</ele>
      </trkpt>
      <trkpt lat="58.54128" lon="22.20059">
        <ele>10.5</ele>
      </trkpt>
      <trkpt lat="58.54092" lon="22.20032">
        <ele>8.9</ele>
      </trkpt>
      <trkpt lat="58.54075" lon="22.20034">
        <ele>9.0</ele>
      </trkpt>
      <trkpt lat="58.54042" lon="22.20045">
        <ele>9.7</ele>
      </trkpt>
      <trkpt lat="58.54002" lon="22.20049">
        <ele>9.9</ele>
      </trkpt>
      <trkpt lat="58.53943" lon="22.20059">
        <ele>8.7</ele>
      </trkpt>
      <trkpt lat="58.53884" lon="22.20069">
        <ele>7.9</ele>
      </trkpt>
      <trkpt lat="58.53816" lon="22.20059">
        <ele>7.0</ele>
      </trkpt>
      <trkpt lat="58.53791" lon="22.20043">
        <ele>6.6</ele>
      </trkpt>
      <trkpt lat="58.53782" lon="22.2004">
        <ele>6.5</ele>
      </trkpt>
      <trkpt lat="58.53782" lon="22.2004">
        <ele>6.5</ele>
      </trkpt>
      <trkpt lat="58.53764" lon="22.20035">
        <ele>6.5</ele>
      </trkpt>
      <trkpt lat="58.53715" lon="22.20015">
        <ele>6.5</ele>
      </trkpt>
      <trkpt lat="58.53656" lon="22.19987">
        <ele>6.8</ele>
      </trkpt>
      <trkpt lat="58.53602" lon="22.19946">
        <ele>6.7</ele>
      </trkpt>
      <trkpt lat="58.53558" lon="22.19905">
        <ele>6.4</ele>
      </trkpt>
      <trkpt lat="58.53514" lon="22.19864">
        <ele>6.0</ele>
      </trkpt>
      <trkpt lat="58.5349" lon="22.19837">
        <ele>5.5</ele>
      </trkpt>
      <trkpt lat="58.53462" lon="22.19799">
        <ele>5.4</ele>
      </trkpt>
      <trkpt lat="58.53442" lon="22.19776">
        <ele>5.2</ele>
      </trkpt>
      <trkpt lat="58.53424" lon="22.19762">
        <ele>5.2</ele>
      </trkpt>
      <trkpt lat="58.534" lon="22.19755">
        <ele>5.2</ele>
      </trkpt>
      <trkpt lat="58.53386" lon="22.19754">
        <ele>5.2</ele>
      </trkpt>
      <trkpt lat="58.53375" lon="22.1974">
        <ele>4.6</ele>
      </trkpt>
      <trkpt lat="58.53367" lon="22.19724">
        <ele>4.1</ele>
      </trkpt>
      <trkpt lat="58.53353" lon="22.1972">
        <ele>3.9</ele>
      </trkpt>
      <trkpt lat="58.53335" lon="22.19728">
        <ele>4.2</ele>
      </trkpt>
      <trkpt lat="58.53304" lon="22.19753">
        <ele>4.8</ele>
      </trkpt>
      <trkpt lat="58.5327" lon="22.19763">
        <ele>4.9</ele>
      </trkpt>
      <trkpt lat="58.53192" lon="22.19806">
        <ele>6.2</ele>
      </trkpt>
      <trkpt lat="58.53168" lon="22.19814">
        <ele>6.3</ele>
      </trkpt>
      <trkpt lat="58.53145" lon="22.19815">
        <ele>5.8</ele>
      </trkpt>
      <trkpt lat="58.53118" lon="22.19822">
        <ele>5.4</ele>
      </trkpt>
      <trkpt lat="58.53076" lon="22.19837">
        <ele>4.8</ele>
      </trkpt>
      <trkpt lat="58.53042" lon="22.19859">
        <ele>4.1</ele>
      </trkpt>
      <trkpt lat="58.53031" lon="22.19875">
        <ele>4.1</ele>
      </trkpt>
      <trkpt lat="58.52971" lon="22.19982">
        <ele>4.5</ele>
      </trkpt>
      <trkpt lat="58.52962" lon="22.20002">
        <ele>4.7</ele>
      </trkpt>
      <trkpt lat="58.52953" lon="22.20032">
        <ele>5.1</ele>
      </trkpt>
      <trkpt lat="58.52904" lon="22.20115">
        <ele>5.2</ele>
      </trkpt>
      <trkpt lat="58.52889" lon="22.2015">
        <ele>5.3</ele>
      </trkpt>
      <trkpt lat="58.52878" lon="22.2017">
        <ele>5.2</ele>
      </trkpt>
      <trkpt lat="58.52849" lon="22.20201">
        <ele>4.6</ele>
      </trkpt>
      <trkpt lat="58.52831" lon="22.20229">
        <ele>4.4</ele>
      </trkpt>
      <trkpt lat="58.5282" lon="22.20258">
        <ele>4.7</ele>
      </trkpt>
      <trkpt lat="58.52814" lon="22.20277">
        <ele>5.0</ele>
      </trkpt>
      <trkpt lat="58.52808" lon="22.20315">
        <ele>5.6</ele>
      </trkpt>
      <trkpt lat="58.528" lon="22.20332">
        <ele>5.8</ele>
      </trkpt>
      <trkpt lat="58.52787" lon="22.2035">
        <ele>5.8</ele>
      </trkpt>
      <trkpt lat="58.52781" lon="22.20353">
        <ele>5.7</ele>
      </trkpt>
      <trkpt lat="58.52761" lon="22.20344">
        <ele>4.8</ele>
      </trkpt>
      <trkpt lat="58.52713" lon="22.20364">
        <ele>4.2</ele>
      </trkpt>
      <trkpt lat="58.52697" lon="22.20382">
        <ele>4.5</ele>
      </trkpt>
      <trkpt lat="58.52675" lon="22.20391">
        <ele>4.3</ele>
      </trkpt>
      <trkpt lat="58.5266" lon="22.20395">
        <ele>4.2</ele>
      </trkpt>
      <trkpt lat="58.5262" lon="22.20394">
        <ele>3.8</ele>
      </trkpt>
      <trkpt lat="58.5259" lon="22.20426">
        <ele>4.4</ele>
      </trkpt>
      <trkpt lat="58.52564" lon="22.20438">
        <ele>4.5</ele>
      </trkpt>
      <trkpt lat="58.52487" lon="22.20495">
        <ele>4.9</ele>
      </trkpt>
      <trkpt lat="58.52474" lon="22.20499">
        <ele>5.0</ele>
      </trkpt>
      <trkpt lat="58.52454" lon="22.20494">
        <ele>4.8</ele>
      </trkpt>
      <trkpt lat="58.52441" lon="22.20494">
        <ele>4.8</ele>
      </trkpt>
      <trkpt lat="58.52429" lon="22.20508">
        <ele>5.1</ele>
      </trkpt>
      <trkpt lat="58.52429" lon="22.20524">
        <ele>5.3</ele>
      </trkpt>
      <trkpt lat="58.52431" lon="22.2054">
        <ele>5.6</ele>
      </trkpt>
      <trkpt lat="58.52437" lon="22.20559">
        <ele>5.9</ele>
      </trkpt>
      <trkpt lat="58.52443" lon="22.20583">
        <ele>6.3</ele>
      </trkpt>
      <trkpt lat="58.52451" lon="22.20667">
        <ele>8.4</ele>
      </trkpt>
      <trkpt lat="58.52438" lon="22.20673">
        <ele>8.2</ele>
      </trkpt>
      <trkpt lat="58.52404" lon="22.207">
        <ele>7.4</ele>
      </trkpt>
      <trkpt lat="58.52345" lon="22.20724">
        <ele>6.2</ele>
      </trkpt>
      <trkpt lat="58.52304" lon="22.20755">
        <ele>5.7</ele>
      </trkpt>
      <trkpt lat="58.52238" lon="22.20773">
        <ele>5.1</ele>
      </trkpt>
      <trkpt lat="58.52162" lon="22.2081">
        <ele>4.7</ele>
      </trkpt>
      <trkpt lat="58.52112" lon="22.20848">
        <ele>4.3</ele>
      </trkpt>
      <trkpt lat="58.52062" lon="22.20921">
        <ele>3.8</ele>
      </trkpt>
      <trkpt lat="58.52022" lon="22.20972">
        <ele>3.9</ele>
      </trkpt>
      <trkpt lat="58.51981" lon="22.20998">
        <ele>4.0</ele>
      </trkpt>
      <trkpt lat="58.51939" lon="22.21006">
        <ele>4.0</ele>
      </trkpt>
      <trkpt lat="58.51905" lon="22.21">
        <ele>4.0</ele>
      </trkpt>
      <trkpt lat="58.51829" lon="22.20963">
        <ele>3.1</ele>
      </trkpt>
      <trkpt lat="58.51786" lon="22.20947">
        <ele>2.3</ele>
      </trkpt>
      <trkpt lat="58.51751" lon="22.20931">
        <ele>2.0</ele>
      </trkpt>
      <trkpt lat="58.51729" lon="22.20909">
        <ele>2.3</ele>
      </trkpt>
      <trkpt lat="58.5171" lon="22.20896">
        <ele>2.5</ele>
      </trkpt>
      <trkpt lat="58.51693" lon="22.20874">
        <ele>2.7</ele>
      </trkpt>
      <trkpt lat="58.51654" lon="22.20868">
        <ele>3.2</ele>
      </trkpt>
      <trkpt lat="58.51644" lon="22.20867">
        <ele>3.3</ele>
      </trkpt>
      <trkpt lat="58.51631" lon="22.20858">
        <ele>3.4</ele>
      </trkpt>
      <trkpt lat="58.51617" lon="22.20839">
        <ele>3.6</ele>
      </trkpt>
      <trkpt lat="58.51608" lon="22.20818">
        <ele>3.5</ele>
      </trkpt>
      <trkpt lat="58.51593" lon="22.20771">
        <ele>3.1</ele>
      </trkpt>
      <trkpt lat="58.51583" lon="22.20735">
        <ele>3.0</ele>
      </trkpt>
      <trkpt lat="58.51567" lon="22.20682">
        <ele>3.6</ele>
      </trkpt>
      <trkpt lat="58.51558" lon="22.20658">
        <ele>3.8</ele>
      </trkpt>
      <trkpt lat="58.51534" lon="22.20639">
        <ele>4.2</ele>
      </trkpt>
      <trkpt lat="58.51523" lon="22.20635">
        <ele>4.5</ele>
      </trkpt>
      <trkpt lat="58.51517" lon="22.20637">
        <ele>4.7</ele>
      </trkpt>
      <trkpt lat="58.51511" lon="22.20635">
        <ele>4.9</ele>
      </trkpt>
      <trkpt lat="58.51499" lon="22.20625">
        <ele>5.0</ele>
      </trkpt>
      <trkpt lat="58.51438" lon="22.20561">
        <ele>4.5</ele>
      </trkpt>
      <trkpt lat="58.51376" lon="22.20496">
        <ele>5.0</ele>
      </trkpt>
      <trkpt lat="58.51348" lon="22.2045">
        <ele>5.8</ele>
      </trkpt>
      <trkpt lat="58.51349" lon="22.20448">
        <ele>5.7</ele>
      </trkpt>
      <trkpt lat="58.5132" lon="22.20402">
        <ele>6.0</ele>
      </trkpt>
      <trkpt lat="58.51278" lon="22.20319">
        <ele>5.8</ele>
      </trkpt>
      <trkpt lat="58.51252" lon="22.20265">
        <ele>5.2</ele>
      </trkpt>
      <trkpt lat="58.51235" lon="22.20226">
        <ele>5.5</ele>
      </trkpt>
      <trkpt lat="58.51202" lon="22.20173">
        <ele>6.7</ele>
      </trkpt>
      <trkpt lat="58.5117" lon="22.20073">
        <ele>6.9</ele>
      </trkpt>
      <trkpt lat="58.5116" lon="22.20044">
        <ele>7.3</ele>
      </trkpt>
      <trkpt lat="58.51153" lon="22.20017">
        <ele>7.7</ele>
      </trkpt>
      <trkpt lat="58.51147" lon="22.1998">
        <ele>7.5</ele>
      </trkpt>
      <trkpt lat="58.51141" lon="22.19938">
        <ele>7.0</ele>
      </trkpt>
      <trkpt lat="58.51133" lon="22.19902">
        <ele>6.8</ele>
      </trkpt>
      <trkpt lat="58.51119" lon="22.198482">
        <ele>7.0</ele>
      </trkpt>
      <trkpt lat="58.5112" lon="22.19848">
        <ele>7.0</ele>
      </trkpt>
      <trkpt lat="58.51114" lon="22.19826">
        <ele>7.0</ele>
      </trkpt>
      <trkpt lat="58.51137" lon="22.19787">
        <ele>4.3</ele>
      </trkpt>
      <trkpt lat="58.51129" lon="22.19752">
        <ele>4.1</ele>
      </trkpt>
      <trkpt lat="58.51126" lon="22.19728">
        <ele>4.4</ele>
      </trkpt>
      <trkpt lat="58.51123" lon="22.19696">
        <ele>4.7</ele>
      </trkpt>
      <trkpt lat="58.51113" lon="22.19565">
        <ele>5.2</ele>
      </trkpt>
      <trkpt lat="58.51111" lon="22.19506">
        <ele>5.3</ele>
      </trkpt>
      <trkpt lat="58.51109" lon="22.19456">
        <ele>5.5</ele>
      </trkpt>
      <trkpt lat="58.5111" lon="22.19422">
        <ele>5.4</ele>
      </trkpt>
      <trkpt lat="58.51117" lon="22.19383">
        <ele>4.8</ele>
      </trkpt>
      <trkpt lat="58.51123" lon="22.19313">
        <ele>4.3</ele>
      </trkpt>
      <trkpt lat="58.51131" lon="22.19262">
        <ele>3.8</ele>
      </trkpt>
      <trkpt lat="58.5114" lon="22.19208">
        <ele>4.4</ele>
      </trkpt>
      <trkpt lat="58.51147" lon="22.19161">
        <ele>5.4</ele>
      </trkpt>
      <trkpt lat="58.51159" lon="22.19129">
        <ele>4.6</ele>
      </trkpt>
      <trkpt lat="58.51172" lon="22.19082">
        <ele>3.7</ele>
      </trkpt>
      <trkpt lat="58.51177" lon="22.19056">
        <ele>3.5</ele>
      </trkpt>
      <trkpt lat="58.51179" lon="22.19029">
        <ele>3.4</ele>
      </trkpt>
      <trkpt lat="58.5118" lon="22.1897">
        <ele>3.4</ele>
      </trkpt>
      <trkpt lat="58.51177" lon="22.18861">
        <ele>3.5</ele>
      </trkpt>
      <trkpt lat="58.51175" lon="22.18752">
        <ele>3.6</ele>
      </trkpt>
      <trkpt lat="58.51175" lon="22.18725">
        <ele>3.6</ele>
      </trkpt>
      <trkpt lat="58.51178" lon="22.18668">
        <ele>3.5</ele>
      </trkpt>
      <trkpt lat="58.51178" lon="22.18648">
        <ele>3.5</ele>
      </trkpt>
      <trkpt lat="58.51177" lon="22.18616">
        <ele>3.5</ele>
      </trkpt>
      <trkpt lat="58.51179" lon="22.18564">
        <ele>3.4</ele>
      </trkpt>
      <trkpt lat="58.51179" lon="22.18551">
        <ele>3.4</ele>
      </trkpt>
      <trkpt lat="58.51174" lon="22.18452">
        <ele>3.1</ele>
      </trkpt>
      <trkpt lat="58.5117" lon="22.18397">
        <ele>2.9</ele>
      </trkpt>
      <trkpt lat="58.51169" lon="22.18388">
        <ele>2.9</ele>
      </trkpt>
      <trkpt lat="58.51168" lon="22.18356">
        <ele>3.0</ele>
      </trkpt>
      <trkpt lat="58.51169" lon="22.18319">
        <ele>2.7</ele>
      </trkpt>
      <trkpt lat="58.51169" lon="22.18284">
        <ele>2.3</ele>
      </trkpt>
      <trkpt lat="58.5117" lon="22.18259">
        <ele>2.0</ele>
      </trkpt>
      <trkpt lat="58.51169" lon="22.18221">
        <ele>1.9</ele>
      </trkpt>
      <trkpt lat="58.51168" lon="22.18207">
        <ele>2.0</ele>
      </trkpt>
      <trkpt lat="58.51164" lon="22.18157">
        <ele>2.3</ele>
      </trkpt>
      <trkpt lat="58.51166" lon="22.18083">
        <ele>3.0</ele>
      </trkpt>
      <trkpt lat="58.51165" lon="22.18056">
        <ele>3.1</ele>
      </trkpt>
      <trkpt lat="58.5116" lon="22.18007">
        <ele>3.2</ele>
      </trkpt>
      <trkpt lat="58.51159" lon="22.17979">
        <ele>3.3</ele>
      </trkpt>
      <trkpt lat="58.5116" lon="22.17931">
        <ele>3.2</ele>
      </trkpt>
      <trkpt lat="58.5116" lon="22.17881">
        <ele>3.2</ele>
      </trkpt>
      <trkpt lat="58.51153" lon="22.17802">
        <ele>2.6</ele>
      </trkpt>
      <trkpt lat="58.51144" lon="22.17737">
        <ele>1.7</ele>
      </trkpt>
      <trkpt lat="58.51135" lon="22.17699">
        <ele>1.8</ele>
      </trkpt>
      <trkpt lat="58.51133" lon="22.17679">
        <ele>1.7</ele>
      </trkpt>
      <trkpt lat="58.51127" lon="22.17648">
        <ele>1.8</ele>
      </trkpt>
      <trkpt lat="58.51117" lon="22.17603">
        <ele>1.9</ele>
      </trkpt>
      <trkpt lat="58.51093" lon="22.1754">
        <ele>2.7</ele>
      </trkpt>
      <trkpt lat="58.51083" lon="22.17517">
        <ele>3.0</ele>
      </trkpt>
      <trkpt lat="58.51046" lon="22.17456">
        <ele>2.3</ele>
      </trkpt>
      <trkpt lat="58.50971" lon="22.17368">
        <ele>3.3</ele>
      </trkpt>
      <trkpt lat="58.50946" lon="22.17342">
        <ele>3.5</ele>
      </trkpt>
      <trkpt lat="58.50887" lon="22.17257">
        <ele>2.9</ele>
      </trkpt>
      <trkpt lat="58.50887" lon="22.17257">
        <ele>2.9</ele>
      </trkpt>
      <trkpt lat="58.50849" lon="22.17218">
        <ele>3.2</ele>
      </trkpt>
      <trkpt lat="58.50827" lon="22.1718">
        <ele>3.3</ele>
      </trkpt>
      <trkpt lat="58.50801" lon="22.1715">
        <ele>3.5</ele>
      </trkpt>
      <trkpt lat="58.50782" lon="22.1714">
        <ele>3.7</ele>
      </trkpt>
      <trkpt lat="58.5075" lon="22.1713">
        <ele>4.1</ele>
      </trkpt>
      <trkpt lat="58.50726" lon="22.17117">
        <ele>4.6</ele>
      </trkpt>
      <trkpt lat="58.50721" lon="22.17122">
        <ele>4.8</ele>
      </trkpt>
      <trkpt lat="58.50718" lon="22.17127">
        <ele>5.0</ele>
      </trkpt>
      <trkpt lat="58.50714" lon="22.17139">
        <ele>5.3</ele>
      </trkpt>
      <trkpt lat="58.50707" lon="22.17169">
        <ele>6.0</ele>
      </trkpt>
      <trkpt lat="58.50704" lon="22.17192">
        <ele>6.2</ele>
      </trkpt>
      <trkpt lat="58.50687" lon="22.17257">
        <ele>6.8</ele>
      </trkpt>
      <trkpt lat="58.5068" lon="22.17278">
        <ele>6.9</ele>
      </trkpt>
      <trkpt lat="58.5066" lon="22.17315">
        <ele>6.9</ele>
      </trkpt>
      <trkpt lat="58.50648" lon="22.17336">
        <ele>6.9</ele>
      </trkpt>
      <trkpt lat="58.50632" lon="22.17372">
        <ele>7.6</ele>
      </trkpt>
      <trkpt lat="58.50626" lon="22.17395">
        <ele>8.0</ele>
      </trkpt>
      <trkpt lat="58.50616" lon="22.17449">
        <ele>8.9</ele>
      </trkpt>
      <trkpt lat="58.50597" lon="22.17474">
        <ele>8.4</ele>
      </trkpt>
      <trkpt lat="58.50573" lon="22.17497">
        <ele>7.8</ele>
      </trkpt>
      <trkpt lat="58.50544" lon="22.17514">
        <ele>7.6</ele>
      </trkpt>
      <trkpt lat="58.50509" lon="22.17518">
        <ele>7.1</ele>
      </trkpt>
      <trkpt lat="58.5044" lon="22.17511">
        <ele>9.1</ele>
      </trkpt>
      <trkpt lat="58.50423" lon="22.1752">
        <ele>9.5</ele>
      </trkpt>
      <trkpt lat="58.504" lon="22.17556">
        <ele>9.7</ele>
      </trkpt>
      <trkpt lat="58.50358" lon="22.1763">
        <ele>9.8</ele>
      </trkpt>
      <trkpt lat="58.50344" lon="22.1768">
        <ele>9.7</ele>
      </trkpt>
      <trkpt lat="58.50338" lon="22.17741">
        <ele>9.9</ele>
      </trkpt>
      <trkpt lat="58.50311" lon="22.17856">
        <ele>8.8</ele>
      </trkpt>
      <trkpt lat="58.50286" lon="22.17928">
        <ele>9.2</ele>
      </trkpt>
      <trkpt lat="58.5026" lon="22.18">
        <ele>10.8</ele>
      </trkpt>
      <trkpt lat="58.50224" lon="22.18043">
        <ele>11.5</ele>
      </trkpt>
      <trkpt lat="58.50169" lon="22.18084">
        <ele>12.0</ele>
      </trkpt>
      <trkpt lat="58.50115" lon="22.18126">
        <ele>13.0</ele>
      </trkpt>
      <trkpt lat="58.50039" lon="22.18178">
        <ele>13.7</ele>
      </trkpt>
      <trkpt lat="58.49995" lon="22.18228">
        <ele>14.4</ele>
      </trkpt>
      <trkpt lat="58.49973" lon="22.18236">
        <ele>14.3</ele>
      </trkpt>
      <trkpt lat="58.49947" lon="22.18257">
        <ele>14.6</ele>
      </trkpt>
      <trkpt lat="58.49931" lon="22.18282">
        <ele>15.3</ele>
      </trkpt>
      <trkpt lat="58.49915" lon="22.18311">
        <ele>16.1</ele>
      </trkpt>
      <trkpt lat="58.49897" lon="22.18325">
        <ele>16.0</ele>
      </trkpt>
      <trkpt lat="58.49882" lon="22.18334">
        <ele>15.8</ele>
      </trkpt>
      <trkpt lat="58.49866" lon="22.18334">
        <ele>15.2</ele>
      </trkpt>
      <trkpt lat="58.49854" lon="22.18343">
        <ele>14.8</ele>
      </trkpt>
      <trkpt lat="58.49844" lon="22.18362">
        <ele>14.7</ele>
      </trkpt>
      <trkpt lat="58.49767" lon="22.18294">
        <ele>13.9</ele>
      </trkpt>
      <trkpt lat="58.49721" lon="22.18239">
        <ele>12.8</ele>
      </trkpt>
      <trkpt lat="58.49663" lon="22.18187">
        <ele>13.0</ele>
      </trkpt>
      <trkpt lat="58.49646" lon="22.18157">
        <ele>13.2</ele>
      </trkpt>
      <trkpt lat="58.49632" lon="22.1812">
        <ele>13.4</ele>
      </trkpt>
      <trkpt lat="58.49622" lon="22.18075">
        <ele>13.5</ele>
      </trkpt>
      <trkpt lat="58.49615" lon="22.18024">
        <ele>13.6</ele>
      </trkpt>
      <trkpt lat="58.49613" lon="22.17978">
        <ele>13.9</ele>
      </trkpt>
      <trkpt lat="58.49607" lon="22.17931">
        <ele>14.5</ele>
      </trkpt>
      <trkpt lat="58.49601" lon="22.1786">
        <ele>14.9</ele>
      </trkpt>
      <trkpt lat="58.49604" lon="22.17802">
        <ele>15.1</ele>
      </trkpt>
      <trkpt lat="58.4961" lon="22.17754">
        <ele>15.3</ele>
      </trkpt>
      <trkpt lat="58.49613" lon="22.17663">
        <ele>15.4</ele>
      </trkpt>
      <trkpt lat="58.49619" lon="22.17588">
        <ele>15.4</ele>
      </trkpt>
      <trkpt lat="58.49614" lon="22.17558">
        <ele>15.4</ele>
      </trkpt>
      <trkpt lat="58.49595" lon="22.17482">
        <ele>15.1</ele>
      </trkpt>
      <trkpt lat="58.49584" lon="22.17452">
        <ele>15.0</ele>
      </trkpt>
      <trkpt lat="58.49534" lon="22.17359">
        <ele>14.4</ele>
      </trkpt>
      <trkpt lat="58.49528" lon="22.1734">
        <ele>14.3</ele>
      </trkpt>
      <trkpt lat="58.49525" lon="22.17324">
        <ele>14.2</ele>
      </trkpt>
      <trkpt lat="58.49519" lon="22.17283">
        <ele>13.6</ele>
      </trkpt>
      <trkpt lat="58.49516" lon="22.17273">
        <ele>13.5</ele>
      </trkpt>
      <trkpt lat="58.49512" lon="22.17264">
        <ele>13.3</ele>
      </trkpt>
      <trkpt lat="58.49494" lon="22.17247">
        <ele>13.0</ele>
      </trkpt>
      <trkpt lat="58.49473" lon="22.17238">
        <ele>13.0</ele>
      </trkpt>
      <trkpt lat="58.49431" lon="22.17229">
        <ele>12.8</ele>
      </trkpt>
      <trkpt lat="58.49406" lon="22.17229">
        <ele>12.8</ele>
      </trkpt>
      <trkpt lat="58.49358" lon="22.17237">
        <ele>13.0</ele>
      </trkpt>
      <trkpt lat="58.4931" lon="22.17245">
        <ele>13.0</ele>
      </trkpt>
      <trkpt lat="58.49293" lon="22.1725">
        <ele>13.0</ele>
      </trkpt>
      <trkpt lat="58.49286" lon="22.17245">
        <ele>13.0</ele>
      </trkpt>
      <trkpt lat="58.49274" lon="22.17225">
        <ele>13.0</ele>
      </trkpt>
      <trkpt lat="58.49263" lon="22.17199">
        <ele>13.0</ele>
      </trkpt>
      <trkpt lat="58.49257" lon="22.17175">
        <ele>13.0</ele>
      </trkpt>
      <trkpt lat="58.49251" lon="22.17136">
        <ele>12.6</ele>
      </trkpt>
      <trkpt lat="58.49231" lon="22.17035">
        <ele>11.8</ele>
      </trkpt>
      <trkpt lat="58.49211" lon="22.16934">
        <ele>11.9</ele>
      </trkpt>
      <trkpt lat="58.492" lon="22.16861">
        <ele>12.2</ele>
      </trkpt>
      <trkpt lat="58.49194" lon="22.16781">
        <ele>12.5</ele>
      </trkpt>
      <trkpt lat="58.49192" lon="22.16724">
        <ele>12.7</ele>
      </trkpt>
      <trkpt lat="58.49196" lon="22.167">
        <ele>12.6</ele>
      </trkpt>
      <trkpt lat="58.49206" lon="22.1668">
        <ele>12.5</ele>
      </trkpt>
      <trkpt lat="58.49229" lon="22.16645">
        <ele>12.0</ele>
      </trkpt>
      <trkpt lat="58.49243" lon="22.16599">
        <ele>11.3</ele>
      </trkpt>
      <trkpt lat="58.49252" lon="22.16544">
        <ele>10.9</ele>
      </trkpt>
      <trkpt lat="58.49253" lon="22.1652">
        <ele>10.9</ele>
      </trkpt>
      <trkpt lat="58.49247" lon="22.16453">
        <ele>10.4</ele>
      </trkpt>
      <trkpt lat="58.49246" lon="22.16442">
        <ele>10.3</ele>
      </trkpt>
      <trkpt lat="58.49249" lon="22.16414">
        <ele>10.0</ele>
      </trkpt>
      <trkpt lat="58.49261" lon="22.16361">
        <ele>9.2</ele>
      </trkpt>
      <trkpt lat="58.49259" lon="22.1632">
        <ele>9.0</ele>
      </trkpt>
      <trkpt lat="58.49259" lon="22.16272">
        <ele>9.5</ele>
      </trkpt>
      <trkpt lat="58.49271" lon="22.16201">
        <ele>9.1</ele>
      </trkpt>
      <trkpt lat="58.49273" lon="22.16178">
        <ele>8.9</ele>
      </trkpt>
      <trkpt lat="58.49277" lon="22.161">
        <ele>8.4</ele>
      </trkpt>
      <trkpt lat="58.49283" lon="22.16059">
        <ele>8.0</ele>
      </trkpt>
      <trkpt lat="58.49288" lon="22.16007">
        <ele>7.7</ele>
      </trkpt>
      <trkpt lat="58.49285" lon="22.15992">
        <ele>8.1</ele>
      </trkpt>
      <trkpt lat="58.49279" lon="22.159">
        <ele>10.9</ele>
      </trkpt>
      <trkpt lat="58.49272" lon="22.15809">
        <ele>12.6</ele>
      </trkpt>
      <trkpt lat="58.49275" lon="22.15714">
        <ele>13.5</ele>
      </trkpt>
      <trkpt lat="58.49279" lon="22.15618">
        <ele>14.2</ele>
      </trkpt>
      <trkpt lat="58.49287" lon="22.15532">
        <ele>14.9</ele>
      </trkpt>
      <trkpt lat="58.49296" lon="22.15447">
        <ele>15.2</ele>
      </trkpt>
      <trkpt lat="58.4929" lon="22.15337">
        <ele>15.5</ele>
      </trkpt>
      <trkpt lat="58.4929" lon="22.15247">
        <ele>15.5</ele>
      </trkpt>
      <trkpt lat="58.4929" lon="22.15157">
        <ele>15.4</ele>
      </trkpt>
      <trkpt lat="58.49302" lon="22.15013">
        <ele>15.2</ele>
      </trkpt>
      <trkpt lat="58.49302" lon="22.14907">
        <ele>15.2</ele>
      </trkpt>
      <trkpt lat="58.49302" lon="22.14907">
        <ele>15.2</ele>
      </trkpt>
      <trkpt lat="58.49302" lon="22.14907">
        <ele>15.2</ele>
      </trkpt>
      <trkpt lat="58.49308" lon="22.14803">
        <ele>15.0</ele>
      </trkpt>
      <trkpt lat="58.49318" lon="22.14675">
        <ele>13.9</ele>
      </trkpt>
      <trkpt lat="58.49328" lon="22.14547">
        <ele>15.3</ele>
      </trkpt>
      <trkpt lat="58.49313" lon="22.14465">
        <ele>15.9</ele>
      </trkpt>
      <trkpt lat="58.49307" lon="22.14408">
        <ele>16.4</ele>
      </trkpt>
      <trkpt lat="58.49293" lon="22.14336">
        <ele>16.0</ele>
      </trkpt>
      <trkpt lat="58.49279" lon="22.1427">
        <ele>15.9</ele>
      </trkpt>
      <trkpt lat="58.49266" lon="22.1419">
        <ele>16.0</ele>
      </trkpt>
      <trkpt lat="58.49253" lon="22.14145">
        <ele>15.7</ele>
      </trkpt>
      <trkpt lat="58.49217" lon="22.14079">
        <ele>15.0</ele>
      </trkpt>
      <trkpt lat="58.49171" lon="22.14042">
        <ele>15.0</ele>
      </trkpt>
      <trkpt lat="58.49133" lon="22.14006">
        <ele>15.0</ele>
      </trkpt>
      <trkpt lat="58.49103" lon="22.13954">
        <ele>14.0</ele>
      </trkpt>
      <trkpt lat="58.49074" lon="22.13925">
        <ele>13.2</ele>
      </trkpt>
      <trkpt lat="58.49051" lon="22.1391">
        <ele>12.9</ele>
      </trkpt>
      <trkpt lat="58.48991" lon="22.13889">
        <ele>12.7</ele>
      </trkpt>
      <trkpt lat="58.48955" lon="22.13862">
        <ele>12.7</ele>
      </trkpt>
      <trkpt lat="58.48905" lon="22.13818">
        <ele>12.0</ele>
      </trkpt>
      <trkpt lat="58.48856" lon="22.13769">
        <ele>9.6</ele>
      </trkpt>
      <trkpt lat="58.48808" lon="22.13721">
        <ele>9.2</ele>
      </trkpt>
      <trkpt lat="58.48782" lon="22.1369">
        <ele>9.8</ele>
      </trkpt>
      <trkpt lat="58.48749" lon="22.13625">
        <ele>10.5</ele>
      </trkpt>
      <trkpt lat="58.48718" lon="22.13545">
        <ele>10.2</ele>
      </trkpt>
      <trkpt lat="58.48699" lon="22.13487">
        <ele>10.6</ele>
      </trkpt>
      <trkpt lat="58.48683" lon="22.13452">
        <ele>11.0</ele>
      </trkpt>
      <trkpt lat="58.48673" lon="22.13396">
        <ele>11.9</ele>
      </trkpt>
      <trkpt lat="58.48651" lon="22.13355">
        <ele>12.7</ele>
      </trkpt>
      <trkpt lat="58.48631" lon="22.13321">
        <ele>13.0</ele>
      </trkpt>
      <trkpt lat="58.48608" lon="22.13296">
        <ele>13.2</ele>
      </trkpt>
      <trkpt lat="58.48549" lon="22.13194">
        <ele>14.9</ele>
      </trkpt>
      <trkpt lat="58.48534" lon="22.13161">
        <ele>15.5</ele>
      </trkpt>
      <trkpt lat="58.48515" lon="22.1307">
        <ele>14.8</ele>
      </trkpt>
      <trkpt lat="58.485" lon="22.13019">
        <ele>15.0</ele>
      </trkpt>
      <trkpt lat="58.48466" lon="22.12919">
        <ele>12.9</ele>
      </trkpt>
      <trkpt lat="58.48438" lon="22.12849">
        <ele>12.5</ele>
      </trkpt>
      <trkpt lat="58.48424" lon="22.12796">
        <ele>12.7</ele>
      </trkpt>
      <trkpt lat="58.48406" lon="22.12737">
        <ele>13.4</ele>
      </trkpt>
      <trkpt lat="58.48387" lon="22.12686">
        <ele>14.1</ele>
      </trkpt>
      <trkpt lat="58.48373" lon="22.12628">
        <ele>14.1</ele>
      </trkpt>
      <trkpt lat="58.48351" lon="22.12516">
        <ele>14.4</ele>
      </trkpt>
      <trkpt lat="58.48339" lon="22.12475">
        <ele>14.5</ele>
      </trkpt>
      <trkpt lat="58.48321" lon="22.12433">
        <ele>14.4</ele>
      </trkpt>
      <trkpt lat="58.48295" lon="22.12395">
        <ele>14.2</ele>
      </trkpt>
      <trkpt lat="58.48277" lon="22.12347">
        <ele>13.8</ele>
      </trkpt>
      <trkpt lat="58.48252" lon="22.12305">
        <ele>13.3</ele>
      </trkpt>
      <trkpt lat="58.4823" lon="22.12251">
        <ele>12.5</ele>
      </trkpt>
      <trkpt lat="58.48192" lon="22.12199">
        <ele>12.6</ele>
      </trkpt>
      <trkpt lat="58.48154" lon="22.12148">
        <ele>12.6</ele>
      </trkpt>
      <trkpt lat="58.48106" lon="22.12069">
        <ele>10.5</ele>
      </trkpt>
      <trkpt lat="58.48051" lon="22.12022">
        <ele>10.5</ele>
      </trkpt>
      <trkpt lat="58.47996" lon="22.11976">
        <ele>10.7</ele>
      </trkpt>
      <trkpt lat="58.4797" lon="22.11945">
        <ele>9.8</ele>
      </trkpt>
      <trkpt lat="58.47921" lon="22.11901">
        <ele>9.1</ele>
      </trkpt>
      <trkpt lat="58.47872" lon="22.11857">
        <ele>9.1</ele>
      </trkpt>
      <trkpt lat="58.47846" lon="22.11838">
        <ele>9.6</ele>
      </trkpt>
      <trkpt lat="58.47805" lon="22.11795">
        <ele>9.1</ele>
      </trkpt>
      <trkpt lat="58.47764" lon="22.1176">
        <ele>8.9</ele>
      </trkpt>
      <trkpt lat="58.47685" lon="22.11738">
        <ele>10.1</ele>
      </trkpt>
      <trkpt lat="58.47649" lon="22.11723">
        <ele>10.2</ele>
      </trkpt>
      <trkpt lat="58.47628" lon="22.1171">
        <ele>10.0</ele>
      </trkpt>
      <trkpt lat="58.476" lon="22.11688">
        <ele>10.0</ele>
      </trkpt>
      <trkpt lat="58.47558" lon="22.11645">
        <ele>9.2</ele>
      </trkpt>
      <trkpt lat="58.47531" lon="22.11606">
        <ele>7.9</ele>
      </trkpt>
      <trkpt lat="58.475" lon="22.11585">
        <ele>8.1</ele>
      </trkpt>
      <trkpt lat="58.47456" lon="22.1158">
        <ele>8.4</ele>
      </trkpt>
      <trkpt lat="58.47434" lon="22.11585">
        <ele>8.8</ele>
      </trkpt>
      <trkpt lat="58.47417" lon="22.11598">
        <ele>9.3</ele>
      </trkpt>
      <trkpt lat="58.47402" lon="22.11619">
        <ele>9.5</ele>
      </trkpt>
      <trkpt lat="58.47393" lon="22.1164">
        <ele>9.8</ele>
      </trkpt>
      <trkpt lat="58.47357" lon="22.11654">
        <ele>9.3</ele>
      </trkpt>
      <trkpt lat="58.47331" lon="22.11669">
        <ele>8.9</ele>
      </trkpt>
      <trkpt lat="58.47301" lon="22.1167">
        <ele>7.8</ele>
      </trkpt>
      <trkpt lat="58.47274" lon="22.11661">
        <ele>6.8</ele>
      </trkpt>
      <trkpt lat="58.47242" lon="22.11633">
        <ele>5.6</ele>
      </trkpt>
      <trkpt lat="58.47236" lon="22.11626">
        <ele>5.5</ele>
      </trkpt>
      <trkpt lat="58.47216" lon="22.11614">
        <ele>5.4</ele>
      </trkpt>
      <trkpt lat="58.47196" lon="22.11611">
        <ele>5.3</ele>
      </trkpt>
      <trkpt lat="58.47181" lon="22.11618">
        <ele>5.4</ele>
      </trkpt>
      <trkpt lat="58.47145" lon="22.1167">
        <ele>6.0</ele>
      </trkpt>
      <trkpt lat="58.4712" lon="22.11697">
        <ele>6.2</ele>
      </trkpt>
      <trkpt lat="58.47099" lon="22.11716">
        <ele>6.5</ele>
      </trkpt>
      <trkpt lat="58.47086" lon="22.11733">
        <ele>6.8</ele>
      </trkpt>
      <trkpt lat="58.47071" lon="22.11743">
        <ele>6.8</ele>
      </trkpt>
      <trkpt lat="58.47052" lon="22.11766">
        <ele>6.9</ele>
      </trkpt>
      <trkpt lat="58.47021" lon="22.11776">
        <ele>6.8</ele>
      </trkpt>
      <trkpt lat="58.47004" lon="22.11775">
        <ele>6.6</ele>
      </trkpt>
      <trkpt lat="58.46985" lon="22.11791">
        <ele>7.1</ele>
      </trkpt>
      <trkpt lat="58.46965" lon="22.11803">
        <ele>7.5</ele>
      </trkpt>
      <trkpt lat="58.46926" lon="22.11819">
        <ele>8.4</ele>
      </trkpt>
      <trkpt lat="58.46902" lon="22.11836">
        <ele>9.3</ele>
      </trkpt>
      <trkpt lat="58.46889" lon="22.11849">
        <ele>9.9</ele>
      </trkpt>
      <trkpt lat="58.46876" lon="22.11854">
        <ele>10.2</ele>
      </trkpt>
      <trkpt lat="58.46817" lon="22.11847">
        <ele>10.5</ele>
      </trkpt>
      <trkpt lat="58.46758" lon="22.1184">
        <ele>10.2</ele>
      </trkpt>
      <trkpt lat="58.46729" lon="22.11842">
        <ele>10.6</ele>
      </trkpt>
      <trkpt lat="58.46676" lon="22.11826">
        <ele>10.4</ele>
      </trkpt>
      <trkpt lat="58.46652" lon="22.1183">
        <ele>10.9</ele>
      </trkpt>
      <trkpt lat="58.4661" lon="22.11819">
        <ele>10.8</ele>
      </trkpt>
      <trkpt lat="58.46541" lon="22.11785">
        <ele>10.3</ele>
      </trkpt>
      <trkpt lat="58.4652" lon="22.11771">
        <ele>10.0</ele>
      </trkpt>
      <trkpt lat="58.465" lon="22.11766">
        <ele>10.2</ele>
      </trkpt>
      <trkpt lat="58.46481" lon="22.11767">
        <ele>11.0</ele>
      </trkpt>
      <trkpt lat="58.4642" lon="22.11703">
        <ele>10.6</ele>
      </trkpt>
      <trkpt lat="58.46401" lon="22.11696">
        <ele>11.0</ele>
      </trkpt>
      <trkpt lat="58.46386" lon="22.11699">
        <ele>11.6</ele>
      </trkpt>
      <trkpt lat="58.46369" lon="22.11692">
        <ele>12.0</ele>
      </trkpt>
      <trkpt lat="58.46352" lon="22.11695">
        <ele>12.7</ele>
      </trkpt>
      <trkpt lat="58.46327" lon="22.11708">
        <ele>13.4</ele>
      </trkpt>
      <trkpt lat="58.46254" lon="22.11717">
        <ele>12.7</ele>
      </trkpt>
      <trkpt lat="58.46235" lon="22.11711">
        <ele>11.7</ele>
      </trkpt>
      <trkpt lat="58.46219" lon="22.11701">
        <ele>10.7</ele>
      </trkpt>
      <trkpt lat="58.46161" lon="22.11655">
        <ele>6.8</ele>
      </trkpt>
      <trkpt lat="58.46122" lon="22.11641">
        <ele>6.2</ele>
      </trkpt>
      <trkpt lat="58.46064" lon="22.11613">
        <ele>5.4</ele>
      </trkpt>
      <trkpt lat="58.46006" lon="22.11586">
        <ele>5.0</ele>
      </trkpt>
      <trkpt lat="58.45956" lon="22.11567">
        <ele>5.4</ele>
      </trkpt>
      <trkpt lat="58.45906" lon="22.11548">
        <ele>5.6</ele>
      </trkpt>
      <trkpt lat="58.4586" lon="22.11538">
        <ele>5.5</ele>
      </trkpt>
      <trkpt lat="58.45814" lon="22.11528">
        <ele>5.6</ele>
      </trkpt>
      <trkpt lat="58.45763" lon="22.11521">
        <ele>6.1</ele>
      </trkpt>
      <trkpt lat="58.45712" lon="22.11513">
        <ele>7.0</ele>
      </trkpt>
      <trkpt lat="58.45628" lon="22.11512">
        <ele>9.4</ele>
      </trkpt>
      <trkpt lat="58.45544" lon="22.1151">
        <ele>10.6</ele>
      </trkpt>
      <trkpt lat="58.45492" lon="22.11523">
        <ele>10.3</ele>
      </trkpt>
      <trkpt lat="58.45465" lon="22.1152">
        <ele>10.2</ele>
      </trkpt>
      <trkpt lat="58.45433" lon="22.11505">
        <ele>10.1</ele>
      </trkpt>
      <trkpt lat="58.45412" lon="22.11501">
        <ele>10.0</ele>
      </trkpt>
      <trkpt lat="58.4537" lon="22.11518">
        <ele>9.5</ele>
      </trkpt>
      <trkpt lat="58.45351" lon="22.11517">
        <ele>9.3</ele>
      </trkpt>
      <trkpt lat="58.45316" lon="22.11502">
        <ele>9.0</ele>
      </trkpt>
      <trkpt lat="58.45295" lon="22.11497">
        <ele>8.8</ele>
      </trkpt>
      <trkpt lat="58.45224" lon="22.11505">
        <ele>9.1</ele>
      </trkpt>
      <trkpt lat="58.45189" lon="22.11503">
        <ele>9.1</ele>
      </trkpt>
      <trkpt lat="58.451827" lon="22.115004">
        <ele>9.0</ele>
      </trkpt>
      <trkpt lat="58.45183" lon="22.11501">
        <ele>9.0</ele>
      </trkpt>
      <trkpt lat="58.45165" lon="22.11493">
        <ele>8.6</ele>
      </trkpt>
      <trkpt lat="58.4515" lon="22.11493">
        <ele>8.6</ele>
      </trkpt>
      <trkpt lat="58.45153" lon="22.11469">
        <ele>7.1</ele>
      </trkpt>
      <trkpt lat="58.45151" lon="22.11446">
        <ele>5.8</ele>
      </trkpt>
      <trkpt lat="58.45137" lon="22.11409">
        <ele>3.6</ele>
      </trkpt>
      <trkpt lat="58.45098" lon="22.11401">
        <ele>3.2</ele>
      </trkpt>
      <trkpt lat="58.45064" lon="22.11398">
        <ele>3.1</ele>
      </trkpt>
      <trkpt lat="58.45038" lon="22.1141">
        <ele>3.7</ele>
      </trkpt>
      <trkpt lat="58.45017" lon="22.11419">
        <ele>4.1</ele>
      </trkpt>
      <trkpt lat="58.44996" lon="22.11418">
        <ele>4.0</ele>
      </trkpt>
      <trkpt lat="58.44962" lon="22.11423">
        <ele>3.8</ele>
      </trkpt>
      <trkpt lat="58.44949" lon="22.11429">
        <ele>3.9</ele>
      </trkpt>
      <trkpt lat="58.44919" lon="22.11445">
        <ele>4.1</ele>
      </trkpt>
      <trkpt lat="58.44888" lon="22.11448">
        <ele>3.2</ele>
      </trkpt>
      <trkpt lat="58.44877" lon="22.11462">
        <ele>3.5</ele>
      </trkpt>
      <trkpt lat="58.44866" lon="22.11483">
        <ele>4.0</ele>
      </trkpt>
      <trkpt lat="58.44855" lon="22.115">
        <ele>4.5</ele>
      </trkpt>
      <trkpt lat="58.44833" lon="22.1152">
        <ele>4.5</ele>
      </trkpt>
      <trkpt lat="58.44819" lon="22.11525">
        <ele>3.9</ele>
      </trkpt>
      <trkpt lat="58.44805" lon="22.11528">
        <ele>3.3</ele>
      </trkpt>
      <trkpt lat="58.44795" lon="22.11534">
        <ele>3.0</ele>
      </trkpt>
      <trkpt lat="58.44787" lon="22.1155">
        <ele>3.0</ele>
      </trkpt>
      <trkpt lat="58.44779" lon="22.11579">
        <ele>3.3</ele>
      </trkpt>
      <trkpt lat="58.44773" lon="22.11605">
        <ele>3.6</ele>
      </trkpt>
      <trkpt lat="58.4477" lon="22.11627">
        <ele>4.0</ele>
      </trkpt>
      <trkpt lat="58.4477" lon="22.11643">
        <ele>4.4</ele>
      </trkpt>
      <trkpt lat="58.44767" lon="22.11654">
        <ele>4.5</ele>
      </trkpt>
      <trkpt lat="58.4475" lon="22.11702">
        <ele>4.8</ele>
      </trkpt>
      <trkpt lat="58.44744" lon="22.11715">
        <ele>5.0</ele>
      </trkpt>
      <trkpt lat="58.44739" lon="22.11734">
        <ele>5.2</ele>
      </trkpt>
      <trkpt lat="58.44732" lon="22.11765">
        <ele>5.7</ele>
      </trkpt>
      <trkpt lat="58.44719" lon="22.11775">
        <ele>5.4</ele>
      </trkpt>
      <trkpt lat="58.447194" lon="22.117752">
        <ele>5.4</ele>
      </trkpt>
      <trkpt lat="58.44684" lon="22.11804">
        <ele>4.4</ele>
      </trkpt>
      <trkpt lat="58.44639" lon="22.11828">
        <ele>3.6</ele>
      </trkpt>
      <trkpt lat="58.4457" lon="22.11854">
        <ele>3.5</ele>
      </trkpt>
      <trkpt lat="58.44508" lon="22.11873">
        <ele>3.5</ele>
      </trkpt>
      <trkpt lat="58.44445" lon="22.11899">
        <ele>3.3</ele>
      </trkpt>
      <trkpt lat="58.44415" lon="22.119">
        <ele>3.0</ele>
      </trkpt>
      <trkpt lat="58.44354" lon="22.11896">
        <ele>2.8</ele>
      </trkpt>
      <trkpt lat="58.44317" lon="22.11888">
        <ele>2.7</ele>
      </trkpt>
      <trkpt lat="58.44264" lon="22.11882">
        <ele>2.9</ele>
      </trkpt>
      <trkpt lat="58.4421" lon="22.11876">
        <ele>3.0</ele>
      </trkpt>
      <trkpt lat="58.44183" lon="22.11879">
        <ele>3.0</ele>
      </trkpt>
      <trkpt lat="58.4415" lon="22.11892">
        <ele>3.0</ele>
      </trkpt>
      <trkpt lat="58.4415" lon="22.11892">
        <ele>3.0</ele>
      </trkpt>
      <trkpt lat="58.44129" lon="22.119">
        <ele>3.0</ele>
      </trkpt>
      <trkpt lat="58.44112" lon="22.11919">
        <ele>3.0</ele>
      </trkpt>
      <trkpt lat="58.44095" lon="22.11956">
        <ele>3.5</ele>
      </trkpt>
      <trkpt lat="58.44079" lon="22.11981">
        <ele>3.8</ele>
      </trkpt>
      <trkpt lat="58.44061" lon="22.11991">
        <ele>3.9</ele>
      </trkpt>
      <trkpt lat="58.44005" lon="22.12013">
        <ele>4.0</ele>
      </trkpt>
      <trkpt lat="58.43979" lon="22.12031">
        <ele>3.8</ele>
      </trkpt>
      <trkpt lat="58.43915" lon="22.12031">
        <ele>3.4</ele>
      </trkpt>
      <trkpt lat="58.4388" lon="22.12036">
        <ele>4.1</ele>
      </trkpt>
      <trkpt lat="58.43854" lon="22.12049">
        <ele>4.8</ele>
      </trkpt>
      <trkpt lat="58.43827" lon="22.12096">
        <ele>6.2</ele>
      </trkpt>
      <trkpt lat="58.43796" lon="22.12183">
        <ele>7.5</ele>
      </trkpt>
      <trkpt lat="58.43768" lon="22.12295">
        <ele>9.1</ele>
      </trkpt>
      <trkpt lat="58.43734" lon="22.12353">
        <ele>8.4</ele>
      </trkpt>
      <trkpt lat="58.437" lon="22.12419">
        <ele>7.2</ele>
      </trkpt>
      <trkpt lat="58.43685" lon="22.12438">
        <ele>6.8</ele>
      </trkpt>
      <trkpt lat="58.4367" lon="22.12444">
        <ele>6.4</ele>
      </trkpt>
      <trkpt lat="58.43639" lon="22.12443">
        <ele>7.4</ele>
      </trkpt>
      <trkpt lat="58.43627" lon="22.12452">
        <ele>7.9</ele>
      </trkpt>
      <trkpt lat="58.43601" lon="22.12485">
        <ele>8.7</ele>
      </trkpt>
      <trkpt lat="58.43589" lon="22.125">
        <ele>8.9</ele>
      </trkpt>
      <trkpt lat="58.43577" lon="22.12505">
        <ele>9.0</ele>
      </trkpt>
      <trkpt lat="58.43528" lon="22.1249">
        <ele>9.1</ele>
      </trkpt>
      <trkpt lat="58.43497" lon="22.12488">
        <ele>9.2</ele>
      </trkpt>
      <trkpt lat="58.43461" lon="22.1249">
        <ele>10.4</ele>
      </trkpt>
      <trkpt lat="58.43427" lon="22.12481">
        <ele>11.3</ele>
      </trkpt>
      <trkpt lat="58.43395" lon="22.12477">
        <ele>12.0</ele>
      </trkpt>
      <trkpt lat="58.43337" lon="22.12395">
        <ele>11.7</ele>
      </trkpt>
      <trkpt lat="58.43286" lon="22.12338">
        <ele>11.6</ele>
      </trkpt>
      <trkpt lat="58.43211" lon="22.12292">
        <ele>11.0</ele>
      </trkpt>
      <trkpt lat="58.43184" lon="22.12267">
        <ele>10.4</ele>
      </trkpt>
      <trkpt lat="58.43125" lon="22.12221">
        <ele>8.8</ele>
      </trkpt>
      <trkpt lat="58.43066" lon="22.12175">
        <ele>8.3</ele>
      </trkpt>
      <trkpt lat="58.43041" lon="22.12148">
        <ele>8.2</ele>
      </trkpt>
      <trkpt lat="58.42983" lon="22.12047">
        <ele>6.9</ele>
      </trkpt>
      <trkpt lat="58.4297" lon="22.12027">
        <ele>6.8</ele>
      </trkpt>
      <trkpt lat="58.42908" lon="22.11987">
        <ele>6.6</ele>
      </trkpt>
      <trkpt lat="58.42821" lon="22.11953">
        <ele>4.8</ele>
      </trkpt>
      <trkpt lat="58.42734" lon="22.1192">
        <ele>4.0</ele>
      </trkpt>
      <trkpt lat="58.42662" lon="22.11912">
        <ele>3.9</ele>
      </trkpt>
      <trkpt lat="58.42613" lon="22.11902">
        <ele>3.4</ele>
      </trkpt>
      <trkpt lat="58.42598" lon="22.11908">
        <ele>3.2</ele>
      </trkpt>
      <trkpt lat="58.42554" lon="22.1196">
        <ele>4.0</ele>
      </trkpt>
      <trkpt lat="58.42511" lon="22.12012">
        <ele>4.9</ele>
      </trkpt>
      <trkpt lat="58.42453" lon="22.12041">
        <ele>5.6</ele>
      </trkpt>
      <trkpt lat="58.42407" lon="22.12046">
        <ele>6.0</ele>
      </trkpt>
      <trkpt lat="58.42384" lon="22.12043">
        <ele>6.0</ele>
      </trkpt>
      <trkpt lat="58.42311" lon="22.12005">
        <ele>6.8</ele>
      </trkpt>
      <trkpt lat="58.42262" lon="22.1199">
        <ele>8.2</ele>
      </trkpt>
      <trkpt lat="58.42209" lon="22.11965">
        <ele>7.7</ele>
      </trkpt>
      <trkpt lat="58.42157" lon="22.11941">
        <ele>6.9</ele>
      </trkpt>
      <trkpt lat="58.42138" lon="22.11925">
        <ele>6.8</ele>
      </trkpt>
      <trkpt lat="58.42133" lon="22.1192">
        <ele>6.8</ele>
      </trkpt>
      <trkpt lat="58.42071" lon="22.11873">
        <ele>6.6</ele>
      </trkpt>
      <trkpt lat="58.42019" lon="22.11821">
        <ele>6.6</ele>
      </trkpt>
      <trkpt lat="58.41967" lon="22.1177">
        <ele>7.3</ele>
      </trkpt>
      <trkpt lat="58.4188" lon="22.11734">
        <ele>9.4</ele>
      </trkpt>
      <trkpt lat="58.41856" lon="22.11736">
        <ele>9.7</ele>
      </trkpt>
      <trkpt lat="58.41845" lon="22.11743">
        <ele>9.9</ele>
      </trkpt>
      <trkpt lat="58.41817" lon="22.11607">
        <ele>9.7</ele>
      </trkpt>
      <trkpt lat="58.4179" lon="22.11505">
        <ele>9.6</ele>
      </trkpt>
      <trkpt lat="58.41762" lon="22.11403">
        <ele>7.7</ele>
      </trkpt>
      <trkpt lat="58.41762" lon="22.11403">
        <ele>7.7</ele>
      </trkpt>
      <trkpt lat="58.41741" lon="22.11327">
        <ele>7.1</ele>
      </trkpt>
      <trkpt lat="58.4172" lon="22.11269">
        <ele>6.7</ele>
      </trkpt>
      <trkpt lat="58.41655" lon="22.1115">
        <ele>6.1</ele>
      </trkpt>
      <trkpt lat="58.41591" lon="22.11031">
        <ele>5.3</ele>
      </trkpt>
      <trkpt lat="58.41546" lon="22.10913">
        <ele>6.8</ele>
      </trkpt>
      <trkpt lat="58.41517" lon="22.10796">
        <ele>7.8</ele>
      </trkpt>
      <trkpt lat="58.41504" lon="22.10681">
        <ele>7.1</ele>
      </trkpt>
      <trkpt lat="58.4149" lon="22.10565">
        <ele>6.3</ele>
      </trkpt>
      <trkpt lat="58.41479" lon="22.10413">
        <ele>6.5</ele>
      </trkpt>
      <trkpt lat="58.41468" lon="22.10261">
        <ele>6.8</ele>
      </trkpt>
      <trkpt lat="58.41457" lon="22.10108">
        <ele>6.3</ele>
      </trkpt>
      <trkpt lat="58.41446" lon="22.09956">
        <ele>6.3</ele>
      </trkpt>
      <trkpt lat="58.41435" lon="22.09803">
        <ele>6.6</ele>
      </trkpt>
      <trkpt lat="58.41431" lon="22.09686">
        <ele>6.7</ele>
      </trkpt>
      <trkpt lat="58.41428" lon="22.09569">
        <ele>7.5</ele>
      </trkpt>
      <trkpt lat="58.41424" lon="22.09452">
        <ele>7.7</ele>
      </trkpt>
      <trkpt lat="58.41431" lon="22.09326">
        <ele>7.6</ele>
      </trkpt>
      <trkpt lat="58.41449" lon="22.0921">
        <ele>8.9</ele>
      </trkpt>
      <trkpt lat="58.41478" lon="22.09104">
        <ele>8.8</ele>
      </trkpt>
      <trkpt lat="58.41507" lon="22.08998">
        <ele>8.6</ele>
      </trkpt>
      <trkpt lat="58.41537" lon="22.08892">
        <ele>7.3</ele>
      </trkpt>
      <trkpt lat="58.41556" lon="22.08766">
        <ele>6.8</ele>
      </trkpt>
      <trkpt lat="58.41568" lon="22.08604">
        <ele>6.7</ele>
      </trkpt>
      <trkpt lat="58.41575" lon="22.08464">
        <ele>6.5</ele>
      </trkpt>
      <trkpt lat="58.41583" lon="22.08325">
        <ele>6.1</ele>
      </trkpt>
      <trkpt lat="58.41591" lon="22.08185">
        <ele>7.5</ele>
      </trkpt>
      <trkpt lat="58.41598" lon="22.08046">
        <ele>8.9</ele>
      </trkpt>
      <trkpt lat="58.41616" lon="22.07932">
        <ele>9.6</ele>
      </trkpt>
      <trkpt lat="58.41645" lon="22.0785">
        <ele>9.4</ele>
      </trkpt>
      <trkpt lat="58.41689" lon="22.0777">
        <ele>9.2</ele>
      </trkpt>
      <trkpt lat="58.41734" lon="22.0769">
        <ele>9.0</ele>
      </trkpt>
      <trkpt lat="58.417539" lon="22.076551">
        <ele>9.3</ele>
      </trkpt>
      <trkpt lat="58.41754" lon="22.07655">
        <ele>9.3</ele>
      </trkpt>
      <trkpt lat="58.41779" lon="22.07611">
        <ele>10.3</ele>
      </trkpt>
      <trkpt lat="58.41833" lon="22.07541">
        <ele>11.5</ele>
      </trkpt>
      <trkpt lat="58.41872" lon="22.07522">
        <ele>11.7</ele>
      </trkpt>
      <trkpt lat="58.4195" lon="22.075">
        <ele>12.0</ele>
      </trkpt>
      <trkpt lat="58.42028" lon="22.07479">
        <ele>11.8</ele>
      </trkpt>
      <trkpt lat="58.42107" lon="22.07458">
        <ele>10.9</ele>
      </trkpt>
      <trkpt lat="58.42185" lon="22.07437">
        <ele>11.5</ele>
      </trkpt>
      <trkpt lat="58.42263" lon="22.07416">
        <ele>12.9</ele>
      </trkpt>
      <trkpt lat="58.42341" lon="22.07394">
        <ele>12.8</ele>
      </trkpt>
      <trkpt lat="58.42419" lon="22.07373">
        <ele>13.0</ele>
      </trkpt>
      <trkpt lat="58.42479" lon="22.07362">
        <ele>13.1</ele>
      </trkpt>
      <trkpt lat="58.4254" lon="22.07351">
        <ele>12.4</ele>
      </trkpt>
      <trkpt lat="58.42594" lon="22.07331">
        <ele>12.1</ele>
      </trkpt>
      <trkpt lat="58.42648" lon="22.07311">
        <ele>12.8</ele>
      </trkpt>
      <trkpt lat="58.42708" lon="22.07277">
        <ele>12.5</ele>
      </trkpt>
      <trkpt lat="58.42769" lon="22.07243">
        <ele>11.5</ele>
      </trkpt>
      <trkpt lat="58.42829" lon="22.07209">
        <ele>10.1</ele>
      </trkpt>
      <trkpt lat="58.42901" lon="22.07163">
        <ele>8.6</ele>
      </trkpt>
      <trkpt lat="58.42973" lon="22.07118">
        <ele>7.5</ele>
      </trkpt>
      <trkpt lat="58.43032" lon="22.07052">
        <ele>6.3</ele>
      </trkpt>
      <trkpt lat="58.43091" lon="22.06986">
        <ele>7.3</ele>
      </trkpt>
      <trkpt lat="58.4315" lon="22.0692">
        <ele>8.9</ele>
      </trkpt>
      <trkpt lat="58.43199" lon="22.0687">
        <ele>8.9</ele>
      </trkpt>
      <trkpt lat="58.43263" lon="22.06825">
        <ele>9.9</ele>
      </trkpt>
      <trkpt lat="58.43328" lon="22.06781">
        <ele>10.0</ele>
      </trkpt>
      <trkpt lat="58.43351" lon="22.06758">
        <ele>9.6</ele>
      </trkpt>
      <trkpt lat="58.43376" lon="22.06731">
        <ele>9.5</ele>
      </trkpt>
      <trkpt lat="58.43405" lon="22.06687">
        <ele>10.9</ele>
      </trkpt>
      <trkpt lat="58.43467" lon="22.06581">
        <ele>12.9</ele>
      </trkpt>
      <trkpt lat="58.43503" lon="22.06523">
        <ele>14.0</ele>
      </trkpt>
      <trkpt lat="58.43539" lon="22.06464">
        <ele>13.5</ele>
      </trkpt>
      <trkpt lat="58.43593" lon="22.06399">
        <ele>13.1</ele>
      </trkpt>
      <trkpt lat="58.43647" lon="22.06333">
        <ele>13.5</ele>
      </trkpt>
      <trkpt lat="58.43707" lon="22.06248">
        <ele>14.1</ele>
      </trkpt>
      <trkpt lat="58.43768" lon="22.06162">
        <ele>13.7</ele>
      </trkpt>
      <trkpt lat="58.43829" lon="22.06077">
        <ele>13.6</ele>
      </trkpt>
      <trkpt lat="58.43901" lon="22.06005">
        <ele>14.3</ele>
      </trkpt>
      <trkpt lat="58.43972" lon="22.05934">
        <ele>13.7</ele>
      </trkpt>
      <trkpt lat="58.44044" lon="22.05862">
        <ele>12.0</ele>
      </trkpt>
      <trkpt lat="58.44115" lon="22.05791">
        <ele>10.5</ele>
      </trkpt>
      <trkpt lat="58.44164" lon="22.05755">
        <ele>9.9</ele>
      </trkpt>
      <trkpt lat="58.44214" lon="22.05734">
        <ele>10.6</ele>
      </trkpt>
      <trkpt lat="58.44268" lon="22.05717">
        <ele>11.0</ele>
      </trkpt>
      <trkpt lat="58.44313" lon="22.05697">
        <ele>11.2</ele>
      </trkpt>
      <trkpt lat="58.44337" lon="22.05673">
        <ele>11.6</ele>
      </trkpt>
      <trkpt lat="58.44398" lon="22.0561">
        <ele>11.2</ele>
      </trkpt>
      <trkpt lat="58.44449" lon="22.05537">
        <ele>12.1</ele>
      </trkpt>
      <trkpt lat="58.445" lon="22.05465">
        <ele>11.8</ele>
      </trkpt>
      <trkpt lat="58.44545" lon="22.05406">
        <ele>12.7</ele>
      </trkpt>
      <trkpt lat="58.44588" lon="22.0537">
        <ele>13.0</ele>
      </trkpt>
      <trkpt lat="58.44658" lon="22.05319">
        <ele>12.4</ele>
      </trkpt>
      <trkpt lat="58.44695" lon="22.05293">
        <ele>12.0</ele>
      </trkpt>
      <trkpt lat="58.44719" lon="22.05281">
        <ele>11.8</ele>
      </trkpt>
      <trkpt lat="58.44727" lon="22.05277">
        <ele>11.7</ele>
      </trkpt>
      <trkpt lat="58.44771" lon="22.05263">
        <ele>11.4</ele>
      </trkpt>
      <trkpt lat="58.44819" lon="22.05251">
        <ele>11.1</ele>
      </trkpt>
      <trkpt lat="58.44866" lon="22.05239">
        <ele>11.4</ele>
      </trkpt>
      <trkpt lat="58.44893" lon="22.05237">
        <ele>11.6</ele>
      </trkpt>
      <trkpt lat="58.44948" lon="22.05256">
        <ele>11.1</ele>
      </trkpt>
      <trkpt lat="58.44981" lon="22.05256">
        <ele>11.4</ele>
      </trkpt>
      <trkpt lat="58.4502" lon="22.05245">
        <ele>11.8</ele>
      </trkpt>
      <trkpt lat="58.45043" lon="22.05234">
        <ele>11.9</ele>
      </trkpt>
      <trkpt lat="58.45074" lon="22.05214">
        <ele>12.4</ele>
      </trkpt>
      <trkpt lat="58.45098" lon="22.05187">
        <ele>12.8</ele>
      </trkpt>
      <trkpt lat="58.45138" lon="22.0514">
        <ele>12.8</ele>
      </trkpt>
      <trkpt lat="58.45178" lon="22.05094">
        <ele>13.1</ele>
      </trkpt>
      <trkpt lat="58.45254" lon="22.05013">
        <ele>12.0</ele>
      </trkpt>
      <trkpt lat="58.45296" lon="22.04977">
        <ele>13.3</ele>
      </trkpt>
      <trkpt lat="58.45339" lon="22.0494">
        <ele>14.5</ele>
      </trkpt>
      <trkpt lat="58.4536" lon="22.0493">
        <ele>14.6</ele>
      </trkpt>
      <trkpt lat="58.45384" lon="22.04922">
        <ele>14.5</ele>
      </trkpt>
      <trkpt lat="58.45429" lon="22.04885">
        <ele>16.0</ele>
      </trkpt>
      <trkpt lat="58.45446" lon="22.04858">
        <ele>17.8</ele>
      </trkpt>
      <trkpt lat="58.45462" lon="22.04816">
        <ele>19.9</ele>
      </trkpt>
      <trkpt lat="58.45485" lon="22.04679">
        <ele>21.5</ele>
      </trkpt>
      <trkpt lat="58.45508" lon="22.04543">
        <ele>21.3</ele>
      </trkpt>
      <trkpt lat="58.45518" lon="22.04495">
        <ele>21.6</ele>
      </trkpt>
      <trkpt lat="58.45529" lon="22.04466">
        <ele>21.5</ele>
      </trkpt>
      <trkpt lat="58.45543" lon="22.04435">
        <ele>21.4</ele>
      </trkpt>
      <trkpt lat="58.45562" lon="22.04401">
        <ele>21.2</ele>
      </trkpt>
      <trkpt lat="58.45577" lon="22.04381">
        <ele>21.1</ele>
      </trkpt>
      <trkpt lat="58.45589" lon="22.04368">
        <ele>21.0</ele>
      </trkpt>
      <trkpt lat="58.45603" lon="22.04357">
        <ele>21.0</ele>
      </trkpt>
      <trkpt lat="58.45644" lon="22.04339">
        <ele>21.6</ele>
      </trkpt>
      <trkpt lat="58.45673" lon="22.04329">
        <ele>22.1</ele>
      </trkpt>
      <trkpt lat="58.457" lon="22.04321">
        <ele>22.7</ele>
      </trkpt>
      <trkpt lat="58.45735" lon="22.04315">
        <ele>23.4</ele>
      </trkpt>
      <trkpt lat="58.45764" lon="22.04312">
        <ele>23.9</ele>
      </trkpt>
      <trkpt lat="58.45821" lon="22.04312">
        <ele>24.6</ele>
      </trkpt>
      <trkpt lat="58.45848" lon="22.04309">
        <ele>24.6</ele>
      </trkpt>
      <trkpt lat="58.45893" lon="22.04293">
        <ele>24.1</ele>
      </trkpt>
      <trkpt lat="58.45955" lon="22.0426">
        <ele>23.5</ele>
      </trkpt>
      <trkpt lat="58.4598" lon="22.0425">
        <ele>23.2</ele>
      </trkpt>
      <trkpt lat="58.45988" lon="22.04249">
        <ele>23.1</ele>
      </trkpt>
      <trkpt lat="58.45998" lon="22.04249">
        <ele>23.0</ele>
      </trkpt>
      <trkpt lat="58.46018" lon="22.04256">
        <ele>23.0</ele>
      </trkpt>
      <trkpt lat="58.46029" lon="22.04263">
        <ele>22.9</ele>
      </trkpt>
      <trkpt lat="58.46047" lon="22.0428">
        <ele>22.8</ele>
      </trkpt>
      <trkpt lat="58.46087" lon="22.04323">
        <ele>22.1</ele>
      </trkpt>
      <trkpt lat="58.46128" lon="22.0437">
        <ele>21.3</ele>
      </trkpt>
      <trkpt lat="58.46138" lon="22.04385">
        <ele>21.1</ele>
      </trkpt>
      <trkpt lat="58.46152" lon="22.04417">
        <ele>21.0</ele>
      </trkpt>
      <trkpt lat="58.46158" lon="22.04434">
        <ele>21.0</ele>
      </trkpt>
      <trkpt lat="58.46164" lon="22.04458">
        <ele>21.0</ele>
      </trkpt>
      <trkpt lat="58.46168" lon="22.04485">
        <ele>21.0</ele>
      </trkpt>
      <trkpt lat="58.46169" lon="22.0452">
        <ele>20.8</ele>
      </trkpt>
      <trkpt lat="58.46167" lon="22.04554">
        <ele>20.4</ele>
      </trkpt>
      <trkpt lat="58.46164" lon="22.04586">
        <ele>19.9</ele>
      </trkpt>
      <trkpt lat="58.46161" lon="22.04617">
        <ele>19.0</ele>
      </trkpt>
      <trkpt lat="58.46162" lon="22.0463">
        <ele>18.7</ele>
      </trkpt>
      <trkpt lat="58.46166" lon="22.04643">
        <ele>18.5</ele>
      </trkpt>
      <trkpt lat="58.46172" lon="22.04652">
        <ele>18.5</ele>
      </trkpt>
      <trkpt lat="58.46181" lon="22.04664">
        <ele>18.4</ele>
      </trkpt>
      <trkpt lat="58.46201" lon="22.04675">
        <ele>18.2</ele>
      </trkpt>
      <trkpt lat="58.46213" lon="22.0468">
        <ele>18.1</ele>
      </trkpt>
      <trkpt lat="58.46243" lon="22.04682">
        <ele>18.6</ele>
      </trkpt>
      <trkpt lat="58.46265" lon="22.04679">
        <ele>18.2</ele>
      </trkpt>
      <trkpt lat="58.46296" lon="22.04666">
        <ele>17.8</ele>
      </trkpt>
      <trkpt lat="58.46326" lon="22.04651">
        <ele>17.1</ele>
      </trkpt>
      <trkpt lat="58.46372" lon="22.04623">
        <ele>16.9</ele>
      </trkpt>
      <trkpt lat="58.4639" lon="22.04608">
        <ele>17.3</ele>
      </trkpt>
      <trkpt lat="58.4641" lon="22.04587">
        <ele>17.9</ele>
      </trkpt>
      <trkpt lat="58.46426" lon="22.04568">
        <ele>19.2</ele>
      </trkpt>
      <trkpt lat="58.46441" lon="22.04546">
        <ele>20.7</ele>
      </trkpt>
      <trkpt lat="58.46459" lon="22.04508">
        <ele>22.7</ele>
      </trkpt>
      <trkpt lat="58.46497" lon="22.04418">
        <ele>23.0</ele>
      </trkpt>
      <trkpt lat="58.46535" lon="22.04328">
        <ele>23.5</ele>
      </trkpt>
      <trkpt lat="58.4658" lon="22.04219">
        <ele>24.0</ele>
      </trkpt>
      <trkpt lat="58.46625" lon="22.0411">
        <ele>24.7</ele>
      </trkpt>
      <trkpt lat="58.46664" lon="22.04017">
        <ele>24.1</ele>
      </trkpt>
      <trkpt lat="58.46703" lon="22.03923">
        <ele>24.5</ele>
      </trkpt>
      <trkpt lat="58.46742" lon="22.0383">
        <ele>24.2</ele>
      </trkpt>
      <trkpt lat="58.46783" lon="22.03731">
        <ele>24.0</ele>
      </trkpt>
      <trkpt lat="58.46823" lon="22.03633">
        <ele>24.1</ele>
      </trkpt>
      <trkpt lat="58.46864" lon="22.03534">
        <ele>23.4</ele>
      </trkpt>
      <trkpt lat="58.46898" lon="22.03453">
        <ele>22.1</ele>
      </trkpt>
      <trkpt lat="58.46932" lon="22.03372">
        <ele>21.2</ele>
      </trkpt>
      <trkpt lat="58.4694" lon="22.03348">
        <ele>21.3</ele>
      </trkpt>
      <trkpt lat="58.46946" lon="22.0332">
        <ele>21.5</ele>
      </trkpt>
      <trkpt lat="58.46956" lon="22.0333">
        <ele>21.5</ele>
      </trkpt>
      <trkpt lat="58.46963" lon="22.03357">
        <ele>21.6</ele>
      </trkpt>
      <trkpt lat="58.46979" lon="22.03424">
        <ele>21.8</ele>
      </trkpt>
      <trkpt lat="58.47" lon="22.03539">
        <ele>22.0</ele>
      </trkpt>
      <trkpt lat="58.47017" lon="22.03637">
        <ele>22.1</ele>
      </trkpt>
      <trkpt lat="58.47033" lon="22.03736">
        <ele>21.3</ele>
      </trkpt>
      <trkpt lat="58.4704" lon="22.03756">
        <ele>21.0</ele>
      </trkpt>
      <trkpt lat="58.47049" lon="22.03766">
        <ele>20.6</ele>
      </trkpt>
      <trkpt lat="58.47058" lon="22.03773">
        <ele>20.2</ele>
      </trkpt>
      <trkpt lat="58.47067" lon="22.03773">
        <ele>19.9</ele>
      </trkpt>
      <trkpt lat="58.4708" lon="22.03765">
        <ele>19.7</ele>
      </trkpt>
      <trkpt lat="58.47088" lon="22.03755">
        <ele>19.8</ele>
      </trkpt>
      <trkpt lat="58.47104" lon="22.03747">
        <ele>19.6</ele>
      </trkpt>
      <trkpt lat="58.47115" lon="22.03745">
        <ele>19.4</ele>
      </trkpt>
      <trkpt lat="58.47156" lon="22.03759">
        <ele>18.0</ele>
      </trkpt>
      <trkpt lat="58.47182" lon="22.03762">
        <ele>17.7</ele>
      </trkpt>
      <trkpt lat="58.47203" lon="22.03762">
        <ele>17.7</ele>
      </trkpt>
      <trkpt lat="58.47224" lon="22.03773">
        <ele>17.4</ele>
      </trkpt>
      <trkpt lat="58.47247" lon="22.03789">
        <ele>17.1</ele>
      </trkpt>
      <trkpt lat="58.47272" lon="22.038">
        <ele>17.2</ele>
      </trkpt>
      <trkpt lat="58.47284" lon="22.03809">
        <ele>17.1</ele>
      </trkpt>
      <trkpt lat="58.47308" lon="22.03832">
        <ele>16.7</ele>
      </trkpt>
      <trkpt lat="58.47316" lon="22.03837">
        <ele>16.6</ele>
      </trkpt>
      <trkpt lat="58.47324" lon="22.03838">
        <ele>16.6</ele>
      </trkpt>
      <trkpt lat="58.47343" lon="22.03832">
        <ele>16.9</ele>
      </trkpt>
      <trkpt lat="58.47366" lon="22.0382">
        <ele>17.1</ele>
      </trkpt>
      <trkpt lat="58.47439" lon="22.03772">
        <ele>17.5</ele>
      </trkpt>
      <trkpt lat="58.47498" lon="22.03726">
        <ele>18.2</ele>
      </trkpt>
      <trkpt lat="58.47533" lon="22.03697">
        <ele>17.6</ele>
      </trkpt>
      <trkpt lat="58.47574" lon="22.03654">
        <ele>17.1</ele>
      </trkpt>
      <trkpt lat="58.47616" lon="22.03612">
        <ele>17.4</ele>
      </trkpt>
      <trkpt lat="58.47641" lon="22.03587">
        <ele>17.7</ele>
      </trkpt>
      <trkpt lat="58.47659" lon="22.03572">
        <ele>17.8</ele>
      </trkpt>
      <trkpt lat="58.47681" lon="22.03564">
        <ele>17.4</ele>
      </trkpt>
      <trkpt lat="58.47729" lon="22.03559">
        <ele>15.9</ele>
      </trkpt>
      <trkpt lat="58.47745" lon="22.0355">
        <ele>15.8</ele>
      </trkpt>
      <trkpt lat="58.4776" lon="22.03554">
        <ele>15.2</ele>
      </trkpt>
      <trkpt lat="58.47785" lon="22.03567">
        <ele>13.9</ele>
      </trkpt>
      <trkpt lat="58.47796" lon="22.0357">
        <ele>13.5</ele>
      </trkpt>
      <trkpt lat="58.47811" lon="22.03566">
        <ele>13.4</ele>
      </trkpt>
      <trkpt lat="58.47839" lon="22.03547">
        <ele>13.4</ele>
      </trkpt>
      <trkpt lat="58.47866" lon="22.0352">
        <ele>13.0</ele>
      </trkpt>
      <trkpt lat="58.47906" lon="22.03473">
        <ele>13.2</ele>
      </trkpt>
      <trkpt lat="58.47956" lon="22.03428">
        <ele>13.0</ele>
      </trkpt>
      <trkpt lat="58.4803" lon="22.03365">
        <ele>11.9</ele>
      </trkpt>
      <trkpt lat="58.48104" lon="22.03317">
        <ele>9.5</ele>
      </trkpt>
      <trkpt lat="58.48138" lon="22.03289">
        <ele>8.5</ele>
      </trkpt>
      <trkpt lat="58.48191" lon="22.03233">
        <ele>8.0</ele>
      </trkpt>
      <trkpt lat="58.48206" lon="22.03224">
        <ele>8.0</ele>
      </trkpt>
      <trkpt lat="58.48232" lon="22.03218">
        <ele>7.6</ele>
      </trkpt>
      <trkpt lat="58.4824" lon="22.03215">
        <ele>7.5</ele>
      </trkpt>
      <trkpt lat="58.48251" lon="22.03202">
        <ele>7.7</ele>
      </trkpt>
      <trkpt lat="58.48279" lon="22.0318">
        <ele>7.8</ele>
      </trkpt>
      <trkpt lat="58.48303" lon="22.03165">
        <ele>7.8</ele>
      </trkpt>
      <trkpt lat="58.48347" lon="22.03143">
        <ele>7.6</ele>
      </trkpt>
      <trkpt lat="58.48385" lon="22.03117">
        <ele>7.5</ele>
      </trkpt>
      <trkpt lat="58.48397" lon="22.03112">
        <ele>7.3</ele>
      </trkpt>
      <trkpt lat="58.48416" lon="22.03105">
        <ele>7.0</ele>
      </trkpt>
      <trkpt lat="58.48431" lon="22.03093">
        <ele>7.2</ele>
      </trkpt>
      <trkpt lat="58.48443" lon="22.03078">
        <ele>7.5</ele>
      </trkpt>
      <trkpt lat="58.48461" lon="22.03047">
        <ele>8.0</ele>
      </trkpt>
      <trkpt lat="58.48504" lon="22.02982">
        <ele>8.7</ele>
      </trkpt>
      <trkpt lat="58.4852" lon="22.02963">
        <ele>9.2</ele>
      </trkpt>
      <trkpt lat="58.48603" lon="22.02907">
        <ele>9.5</ele>
      </trkpt>
      <trkpt lat="58.48634" lon="22.0289">
        <ele>8.7</ele>
      </trkpt>
      <trkpt lat="58.48649" lon="22.02887">
        <ele>8.0</ele>
      </trkpt>
      <trkpt lat="58.48662" lon="22.02888">
        <ele>7.3</ele>
      </trkpt>
      <trkpt lat="58.48683" lon="22.02897">
        <ele>6.1</ele>
      </trkpt>
      <trkpt lat="58.48695" lon="22.02897">
        <ele>5.7</ele>
      </trkpt>
      <trkpt lat="58.48708" lon="22.02891">
        <ele>5.4</ele>
      </trkpt>
      <trkpt lat="58.48754" lon="22.02852">
        <ele>5.2</ele>
      </trkpt>
      <trkpt lat="58.48759" lon="22.02846">
        <ele>5.3</ele>
      </trkpt>
      <trkpt lat="58.488" lon="22.02781">
        <ele>7.1</ele>
      </trkpt>
      <trkpt lat="58.48825" lon="22.02742">
        <ele>8.5</ele>
      </trkpt>
      <trkpt lat="58.48833" lon="22.02727">
        <ele>9.1</ele>
      </trkpt>
      <trkpt lat="58.48839" lon="22.02718">
        <ele>9.5</ele>
      </trkpt>
      <trkpt lat="58.48849" lon="22.02713">
        <ele>9.6</ele>
      </trkpt>
      <trkpt lat="58.48866" lon="22.02711">
        <ele>9.5</ele>
      </trkpt>
      <trkpt lat="58.48887" lon="22.02702">
        <ele>9.7</ele>
      </trkpt>
      <trkpt lat="58.48914" lon="22.02697">
        <ele>9.6</ele>
      </trkpt>
      <trkpt lat="58.48926" lon="22.02689">
        <ele>9.7</ele>
      </trkpt>
      <trkpt lat="58.48978" lon="22.02649">
        <ele>10.3</ele>
      </trkpt>
      <trkpt lat="58.49" lon="22.02635">
        <ele>10.5</ele>
      </trkpt>
      <trkpt lat="58.49058" lon="22.02606">
        <ele>10.3</ele>
      </trkpt>
      <trkpt lat="58.49093" lon="22.02585">
        <ele>10.5</ele>
      </trkpt>
      <trkpt lat="58.49114" lon="22.02577">
        <ele>10.3</ele>
      </trkpt>
      <trkpt lat="58.49146" lon="22.0257">
        <ele>9.8</ele>
      </trkpt>
      <trkpt lat="58.49174" lon="22.02559">
        <ele>9.8</ele>
      </trkpt>
      <trkpt lat="58.49194" lon="22.02546">
        <ele>10.2</ele>
      </trkpt>
      <trkpt lat="58.49216" lon="22.02528">
        <ele>10.7</ele>
      </trkpt>
      <trkpt lat="58.49259" lon="22.02496">
        <ele>10.7</ele>
      </trkpt>
      <trkpt lat="58.49303" lon="22.02464">
        <ele>10.3</ele>
      </trkpt>
      <trkpt lat="58.49349" lon="22.02421">
        <ele>11.2</ele>
      </trkpt>
      <trkpt lat="58.49371" lon="22.02404">
        <ele>11.2</ele>
      </trkpt>
      <trkpt lat="58.49387" lon="22.02382">
        <ele>11.5</ele>
      </trkpt>
      <trkpt lat="58.49387" lon="22.02382">
        <ele>11.5</ele>
      </trkpt>
      <trkpt lat="58.49391" lon="22.02377">
        <ele>11.5</ele>
      </trkpt>
      <trkpt lat="58.49438" lon="22.02331">
        <ele>11.1</ele>
      </trkpt>
      <trkpt lat="58.49489" lon="22.023">
        <ele>10.1</ele>
      </trkpt>
      <trkpt lat="58.495" lon="22.02295">
        <ele>9.8</ele>
      </trkpt>
      <trkpt lat="58.49516" lon="22.02277">
        <ele>9.9</ele>
      </trkpt>
      <trkpt lat="58.49539" lon="22.02246">
        <ele>10.3</ele>
      </trkpt>
      <trkpt lat="58.49559" lon="22.02226">
        <ele>10.3</ele>
      </trkpt>
      <trkpt lat="58.49626" lon="22.02173">
        <ele>10.2</ele>
      </trkpt>
      <trkpt lat="58.49694" lon="22.0212">
        <ele>10.0</ele>
      </trkpt>
      <trkpt lat="58.49763" lon="22.02071">
        <ele>9.9</ele>
      </trkpt>
      <trkpt lat="58.49823" lon="22.02023">
        <ele>9.9</ele>
      </trkpt>
      <trkpt lat="58.49882" lon="22.01975">
        <ele>9.4</ele>
      </trkpt>
      <trkpt lat="58.49942" lon="22.01926">
        <ele>9.3</ele>
      </trkpt>
      <trkpt lat="58.49984" lon="22.01872">
        <ele>10.8</ele>
      </trkpt>
      <trkpt lat="58.50027" lon="22.01817">
        <ele>9.9</ele>
      </trkpt>
      <trkpt lat="58.50051" lon="22.01794">
        <ele>8.6</ele>
      </trkpt>
      <trkpt lat="58.50083" lon="22.01728">
        <ele>8.8</ele>
      </trkpt>
      <trkpt lat="58.50099" lon="22.01684">
        <ele>8.9</ele>
      </trkpt>
      <trkpt lat="58.50126" lon="22.01612">
        <ele>9.2</ele>
      </trkpt>
      <trkpt lat="58.50153" lon="22.01541">
        <ele>10.0</ele>
      </trkpt>
      <trkpt lat="58.50187" lon="22.01467">
        <ele>9.7</ele>
      </trkpt>
      <trkpt lat="58.50221" lon="22.01394">
        <ele>9.0</ele>
      </trkpt>
      <trkpt lat="58.50269" lon="22.01298">
        <ele>9.2</ele>
      </trkpt>
      <trkpt lat="58.50285" lon="22.01259">
        <ele>9.7</ele>
      </trkpt>
      <trkpt lat="58.50322" lon="22.01132">
        <ele>10.6</ele>
      </trkpt>
      <trkpt lat="58.5034" lon="22.01093">
        <ele>11.1</ele>
      </trkpt>
      <trkpt lat="58.50357" lon="22.01057">
        <ele>11.2</ele>
      </trkpt>
      <trkpt lat="58.50367" lon="22.01016">
        <ele>11.7</ele>
      </trkpt>
      <trkpt lat="58.5037" lon="22.00988">
        <ele>12.1</ele>
      </trkpt>
      <trkpt lat="58.50371" lon="22.00882">
        <ele>13.9</ele>
      </trkpt>
      <trkpt lat="58.50368" lon="22.0079">
        <ele>15.4</ele>
      </trkpt>
      <trkpt lat="58.50377" lon="22.00705">
        <ele>15.7</ele>
      </trkpt>
      <trkpt lat="58.50381" lon="22.00644">
        <ele>15.5</ele>
      </trkpt>
      <trkpt lat="58.50392" lon="22.00597">
        <ele>14.7</ele>
      </trkpt>
      <trkpt lat="58.50409" lon="22.0055">
        <ele>14.1</ele>
      </trkpt>
      <trkpt lat="58.50458" lon="22.00481">
        <ele>13.2</ele>
      </trkpt>
      <trkpt lat="58.50498" lon="22.00427">
        <ele>12.9</ele>
      </trkpt>
      <trkpt lat="58.50521" lon="22.0039">
        <ele>12.9</ele>
      </trkpt>
      <trkpt lat="58.50529" lon="22.00371">
        <ele>13.0</ele>
      </trkpt>
      <trkpt lat="58.50532" lon="22.00353">
        <ele>13.3</ele>
      </trkpt>
      <trkpt lat="58.50531" lon="22.00322">
        <ele>13.8</ele>
      </trkpt>
      <trkpt lat="58.5053" lon="22.00289">
        <ele>14.2</ele>
      </trkpt>
      <trkpt lat="58.50535" lon="22.00151">
        <ele>15.1</ele>
      </trkpt>
      <trkpt lat="58.50533" lon="22.00108">
        <ele>15.3</ele>
      </trkpt>
      <trkpt lat="58.50526" lon="22.00089">
        <ele>15.3</ele>
      </trkpt>
      <trkpt lat="58.50506" lon="22.0006">
        <ele>15.1</ele>
      </trkpt>
      <trkpt lat="58.5049" lon="22.00035">
        <ele>15.1</ele>
      </trkpt>
      <trkpt lat="58.50475" lon="21.99993">
        <ele>15.4</ele>
      </trkpt>
      <trkpt lat="58.50468" lon="21.99956">
        <ele>15.9</ele>
      </trkpt>
      <trkpt lat="58.50467" lon="21.99881">
        <ele>16.7</ele>
      </trkpt>
      <trkpt lat="58.50461" lon="21.99772">
        <ele>17.4</ele>
      </trkpt>
      <trkpt lat="58.50455" lon="21.99663">
        <ele>17.9</ele>
      </trkpt>
      <trkpt lat="58.50441" lon="21.99554">
        <ele>17.9</ele>
      </trkpt>
      <trkpt lat="58.50426" lon="21.99446">
        <ele>18.0</ele>
      </trkpt>
      <trkpt lat="58.50414" lon="21.99406">
        <ele>18.1</ele>
      </trkpt>
      <trkpt lat="58.50383" lon="21.99346">
        <ele>18.5</ele>
      </trkpt>
      <trkpt lat="58.50376" lon="21.99314">
        <ele>18.6</ele>
      </trkpt>
      <trkpt lat="58.5037" lon="21.9927">
        <ele>18.8</ele>
      </trkpt>
      <trkpt lat="58.50355" lon="21.99198">
        <ele>18.7</ele>
      </trkpt>
      <trkpt lat="58.50345" lon="21.99169">
        <ele>18.4</ele>
      </trkpt>
      <trkpt lat="58.50327" lon="21.99128">
        <ele>18.4</ele>
      </trkpt>
      <trkpt lat="58.50315" lon="21.9909">
        <ele>18.5</ele>
      </trkpt>
      <trkpt lat="58.5031" lon="21.99058">
        <ele>18.4</ele>
      </trkpt>
      <trkpt lat="58.5031" lon="21.99008">
        <ele>18.4</ele>
      </trkpt>
      <trkpt lat="58.50307" lon="21.98987">
        <ele>18.3</ele>
      </trkpt>
      <trkpt lat="58.50292" lon="21.98946">
        <ele>17.7</ele>
      </trkpt>
      <trkpt lat="58.50259" lon="21.98885">
        <ele>17.1</ele>
      </trkpt>
      <trkpt lat="58.5022" lon="21.98776">
        <ele>17.3</ele>
      </trkpt>
      <trkpt lat="58.50178" lon="21.98624">
        <ele>17.8</ele>
      </trkpt>
      <trkpt lat="58.50169" lon="21.98569">
        <ele>18.2</ele>
      </trkpt>
      <trkpt lat="58.50151" lon="21.98461">
        <ele>19.3</ele>
      </trkpt>
      <trkpt lat="58.5014" lon="21.98353">
        <ele>19.9</ele>
      </trkpt>
      <trkpt lat="58.5012" lon="21.98211">
        <ele>21.5</ele>
      </trkpt>
      <trkpt lat="58.50118" lon="21.98203">
        <ele>21.6</ele>
      </trkpt>
      <trkpt lat="58.50118" lon="21.98203">
        <ele>21.6</ele>
      </trkpt>
      <trkpt lat="58.50086" lon="21.98087">
        <ele>22.9</ele>
      </trkpt>
      <trkpt lat="58.50051" lon="21.98022">
        <ele>23.0</ele>
      </trkpt>
      <trkpt lat="58.50017" lon="21.97956">
        <ele>21.9</ele>
      </trkpt>
      <trkpt lat="58.49979" lon="21.97883">
        <ele>20.3</ele>
      </trkpt>
      <trkpt lat="58.49999" lon="21.97793">
        <ele>19.0</ele>
      </trkpt>
      <trkpt lat="58.50018" lon="21.97703">
        <ele>17.3</ele>
      </trkpt>
      <trkpt lat="58.50046" lon="21.9763">
        <ele>17.4</ele>
      </trkpt>
      <trkpt lat="58.50072" lon="21.97575">
        <ele>17.7</ele>
      </trkpt>
      <trkpt lat="58.50109" lon="21.97501">
        <ele>18.0</ele>
      </trkpt>
      <trkpt lat="58.50145" lon="21.97426">
        <ele>18.9</ele>
      </trkpt>
      <trkpt lat="58.50171" lon="21.97387">
        <ele>19.4</ele>
      </trkpt>
      <trkpt lat="58.50242" lon="21.97323">
        <ele>19.9</ele>
      </trkpt>
      <trkpt lat="58.50262" lon="21.97279">
        <ele>19.2</ele>
      </trkpt>
      <trkpt lat="58.50275" lon="21.97231">
        <ele>18.7</ele>
      </trkpt>
      <trkpt lat="58.50293" lon="21.97117">
        <ele>18.2</ele>
      </trkpt>
      <trkpt lat="58.50311" lon="21.97003">
        <ele>17.5</ele>
      </trkpt>
      <trkpt lat="58.50328" lon="21.96944">
        <ele>17.1</ele>
      </trkpt>
      <trkpt lat="58.50361" lon="21.96877">
        <ele>16.7</ele>
      </trkpt>
      <trkpt lat="58.50383" lon="21.96804">
        <ele>15.8</ele>
      </trkpt>
      <trkpt lat="58.50396" lon="21.96739">
        <ele>14.4</ele>
      </trkpt>
      <trkpt lat="58.504" lon="21.96702">
        <ele>13.9</ele>
      </trkpt>
      <trkpt lat="58.50402" lon="21.96667">
        <ele>13.5</ele>
      </trkpt>
      <trkpt lat="58.504" lon="21.96516">
        <ele>12.4</ele>
      </trkpt>
      <trkpt lat="58.50401" lon="21.96493">
        <ele>12.4</ele>
      </trkpt>
      <trkpt lat="58.50404" lon="21.96465">
        <ele>12.4</ele>
      </trkpt>
      <trkpt lat="58.50409" lon="21.96432">
        <ele>12.3</ele>
      </trkpt>
      <trkpt lat="58.50418" lon="21.96392">
        <ele>12.0</ele>
      </trkpt>
      <trkpt lat="58.5043" lon="21.96349">
        <ele>11.7</ele>
      </trkpt>
      <trkpt lat="58.50445" lon="21.96304">
        <ele>12.0</ele>
      </trkpt>
      <trkpt lat="58.50465" lon="21.96253">
        <ele>12.1</ele>
      </trkpt>
      <trkpt lat="58.50513" lon="21.96154">
        <ele>9.9</ele>
      </trkpt>
      <trkpt lat="58.50561" lon="21.96055">
        <ele>8.5</ele>
      </trkpt>
      <trkpt lat="58.50591" lon="21.95983">
        <ele>7.2</ele>
      </trkpt>
      <trkpt lat="58.50639" lon="21.95916">
        <ele>7.0</ele>
      </trkpt>
      <trkpt lat="58.50687" lon="21.95849">
        <ele>5.3</ele>
      </trkpt>
      <trkpt lat="58.50715" lon="21.95794">
        <ele>5.0</ele>
      </trkpt>
      <trkpt lat="58.50745" lon="21.95724">
        <ele>5.7</ele>
      </trkpt>
      <trkpt lat="58.50776" lon="21.95654">
        <ele>6.2</ele>
      </trkpt>
      <trkpt lat="58.5079" lon="21.95615">
        <ele>6.2</ele>
      </trkpt>
      <trkpt lat="58.50809" lon="21.95513">
        <ele>6.5</ele>
      </trkpt>
      <trkpt lat="58.50825" lon="21.95456">
        <ele>6.7</ele>
      </trkpt>
      <trkpt lat="58.50868" lon="21.95364">
        <ele>5.8</ele>
      </trkpt>
      <trkpt lat="58.50882" lon="21.95292">
        <ele>5.7</ele>
      </trkpt>
      <trkpt lat="58.50897" lon="21.95173">
        <ele>5.7</ele>
      </trkpt>
      <trkpt lat="58.50912" lon="21.95054">
        <ele>6.0</ele>
      </trkpt>
      <trkpt lat="58.50912" lon="21.95054">
        <ele>6.0</ele>
      </trkpt>
      <trkpt lat="58.50929" lon="21.94982">
        <ele>6.0</ele>
      </trkpt>
      <trkpt lat="58.50947" lon="21.94922">
        <ele>6.4</ele>
      </trkpt>
      <trkpt lat="58.50986" lon="21.94831">
        <ele>5.7</ele>
      </trkpt>
      <trkpt lat="58.51013" lon="21.94758">
        <ele>7.0</ele>
      </trkpt>
      <trkpt lat="58.5104" lon="21.94684">
        <ele>6.8</ele>
      </trkpt>
      <trkpt lat="58.51073" lon="21.94601">
        <ele>6.9</ele>
      </trkpt>
      <trkpt lat="58.51106" lon="21.94518">
        <ele>7.4</ele>
      </trkpt>
      <trkpt lat="58.5112" lon="21.94465">
        <ele>7.3</ele>
      </trkpt>
      <trkpt lat="58.51125" lon="21.94424">
        <ele>7.4</ele>
      </trkpt>
      <trkpt lat="58.51127" lon="21.94387">
        <ele>7.5</ele>
      </trkpt>
      <trkpt lat="58.51131" lon="21.94246">
        <ele>7.1</ele>
      </trkpt>
      <trkpt lat="58.51136" lon="21.94106">
        <ele>5.9</ele>
      </trkpt>
      <trkpt lat="58.5115" lon="21.93988">
        <ele>5.3</ele>
      </trkpt>
      <trkpt lat="58.51158" lon="21.93878">
        <ele>5.9</ele>
      </trkpt>
      <trkpt lat="58.51165" lon="21.93769">
        <ele>5.2</ele>
      </trkpt>
      <trkpt lat="58.51196" lon="21.93617">
        <ele>4.6</ele>
      </trkpt>
      <trkpt lat="58.51212" lon="21.93489">
        <ele>4.6</ele>
      </trkpt>
      <trkpt lat="58.51243" lon="21.93353">
        <ele>5.8</ele>
      </trkpt>
      <trkpt lat="58.51282" lon="21.93212">
        <ele>6.2</ele>
      </trkpt>
      <trkpt lat="58.51321" lon="21.93071">
        <ele>6.0</ele>
      </trkpt>
      <trkpt lat="58.5136" lon="21.9293">
        <ele>5.7</ele>
      </trkpt>
      <trkpt lat="58.51382" lon="21.92874">
        <ele>5.4</ele>
      </trkpt>
      <trkpt lat="58.51419" lon="21.92814">
        <ele>5.0</ele>
      </trkpt>
      <trkpt lat="58.51444" lon="21.92755">
        <ele>4.7</ele>
      </trkpt>
      <trkpt lat="58.51452" lon="21.92714">
        <ele>4.8</ele>
      </trkpt>
      <trkpt lat="58.51456" lon="21.92672">
        <ele>5.0</ele>
      </trkpt>
      <trkpt lat="58.51458" lon="21.92633">
        <ele>5.0</ele>
      </trkpt>
      <trkpt lat="58.51463" lon="21.92583">
        <ele>5.0</ele>
      </trkpt>
      <trkpt lat="58.51484" lon="21.92517">
        <ele>5.0</ele>
      </trkpt>
      <trkpt lat="58.51517" lon="21.92455">
        <ele>5.3</ele>
      </trkpt>
      <trkpt lat="58.51531" lon="21.924">
        <ele>5.6</ele>
      </trkpt>
      <trkpt lat="58.5155" lon="21.9233">
        <ele>5.4</ele>
      </trkpt>
      <trkpt lat="58.51563" lon="21.92235">
        <ele>6.1</ele>
      </trkpt>
      <trkpt lat="58.51587" lon="21.92118">
        <ele>6.3</ele>
      </trkpt>
      <trkpt lat="58.51588" lon="21.92101">
        <ele>6.1</ele>
      </trkpt>
      <trkpt lat="58.5159" lon="21.92076">
        <ele>5.8</ele>
      </trkpt>
      <trkpt lat="58.51582" lon="21.92025">
        <ele>6.0</ele>
      </trkpt>
      <trkpt lat="58.5157" lon="21.91969">
        <ele>5.6</ele>
      </trkpt>
      <trkpt lat="58.51565" lon="21.9192">
        <ele>5.0</ele>
      </trkpt>
      <trkpt lat="58.51564" lon="21.91913">
        <ele>5.0</ele>
      </trkpt>
      <trkpt lat="58.51551" lon="21.91873">
        <ele>4.7</ele>
      </trkpt>
      <trkpt lat="58.5153" lon="21.91844">
        <ele>4.7</ele>
      </trkpt>
      <trkpt lat="58.51505" lon="21.91831">
        <ele>4.9</ele>
      </trkpt>
      <trkpt lat="58.51422" lon="21.91804">
        <ele>3.7</ele>
      </trkpt>
      <trkpt lat="58.51372" lon="21.9178">
        <ele>2.8</ele>
      </trkpt>
      <trkpt lat="58.51356" lon="21.91778">
        <ele>2.6</ele>
      </trkpt>
      <trkpt lat="58.51311" lon="21.91786">
        <ele>2.4</ele>
      </trkpt>
      <trkpt lat="58.51283" lon="21.91787">
        <ele>2.4</ele>
      </trkpt>
      <trkpt lat="58.51256" lon="21.91784">
        <ele>2.4</ele>
      </trkpt>
      <trkpt lat="58.51231" lon="21.91775">
        <ele>2.1</ele>
      </trkpt>
      <trkpt lat="58.51194" lon="21.91754">
        <ele>1.4</ele>
      </trkpt>
      <trkpt lat="58.51142" lon="21.91716">
        <ele>1.9</ele>
      </trkpt>
      <trkpt lat="58.51101" lon="21.91674">
        <ele>3.4</ele>
      </trkpt>
      <trkpt lat="58.51064" lon="21.91627">
        <ele>4.2</ele>
      </trkpt>
      <trkpt lat="58.51019" lon="21.91547">
        <ele>3.8</ele>
      </trkpt>
      <trkpt lat="58.50984" lon="21.91491">
        <ele>3.7</ele>
      </trkpt>
      <trkpt lat="58.50949" lon="21.91435">
        <ele>4.0</ele>
      </trkpt>
      <trkpt lat="58.50922" lon="21.91381">
        <ele>3.9</ele>
      </trkpt>
      <trkpt lat="58.50907" lon="21.91356">
        <ele>4.1</ele>
      </trkpt>
      <trkpt lat="58.50877" lon="21.91315">
        <ele>4.9</ele>
      </trkpt>
      <trkpt lat="58.50838" lon="21.91268">
        <ele>5.5</ele>
      </trkpt>
      <trkpt lat="58.50798" lon="21.91221">
        <ele>4.8</ele>
      </trkpt>
      <trkpt lat="58.50788" lon="21.91212">
        <ele>4.7</ele>
      </trkpt>
      <trkpt lat="58.50788" lon="21.91212">
        <ele>4.7</ele>
      </trkpt>
      <trkpt lat="58.50745" lon="21.91173">
        <ele>4.3</ele>
      </trkpt>
      <trkpt lat="58.50714" lon="21.91162">
        <ele>4.7</ele>
      </trkpt>
      <trkpt lat="58.50696" lon="21.91161">
        <ele>5.1</ele>
      </trkpt>
      <trkpt lat="58.50649" lon="21.91167">
        <ele>6.0</ele>
      </trkpt>
      <trkpt lat="58.50598" lon="21.91162">
        <ele>5.9</ele>
      </trkpt>
      <trkpt lat="58.50547" lon="21.91157">
        <ele>5.8</ele>
      </trkpt>
      <trkpt lat="58.50514" lon="21.91167">
        <ele>6.0</ele>
      </trkpt>
      <trkpt lat="58.50481" lon="21.91167">
        <ele>5.8</ele>
      </trkpt>
      <trkpt lat="58.50437" lon="21.91161">
        <ele>5.1</ele>
      </trkpt>
      <trkpt lat="58.50369" lon="21.91102">
        <ele>3.4</ele>
      </trkpt>
      <trkpt lat="58.50357" lon="21.91095">
        <ele>3.3</ele>
      </trkpt>
      <trkpt lat="58.50339" lon="21.91101">
        <ele>3.4</ele>
      </trkpt>
      <trkpt lat="58.50283" lon="21.9121">
        <ele>3.8</ele>
      </trkpt>
      <trkpt lat="58.50227" lon="21.91318">
        <ele>4.8</ele>
      </trkpt>
      <trkpt lat="58.5017" lon="21.91427">
        <ele>5.3</ele>
      </trkpt>
      <trkpt lat="58.50114" lon="21.91535">
        <ele>4.5</ele>
      </trkpt>
      <trkpt lat="58.50113" lon="21.9157">
        <ele>4.4</ele>
      </trkpt>
      <trkpt lat="58.50127" lon="21.91662">
        <ele>5.1</ele>
      </trkpt>
      <trkpt lat="58.50142" lon="21.91754">
        <ele>5.4</ele>
      </trkpt>
      <trkpt lat="58.50143" lon="21.91797">
        <ele>5.0</ele>
      </trkpt>
      <trkpt lat="58.50139" lon="21.9183">
        <ele>4.7</ele>
      </trkpt>
      <trkpt lat="58.50126" lon="21.91861">
        <ele>4.7</ele>
      </trkpt>
      <trkpt lat="58.5007" lon="21.91946">
        <ele>5.3</ele>
      </trkpt>
      <trkpt lat="58.50043" lon="21.91994">
        <ele>5.5</ele>
      </trkpt>
      <trkpt lat="58.50011" lon="21.92079">
        <ele>5.1</ele>
      </trkpt>
      <trkpt lat="58.50003" lon="21.92124">
        <ele>5.0</ele>
      </trkpt>
      <trkpt lat="58.50001" lon="21.92159">
        <ele>5.0</ele>
      </trkpt>
      <trkpt lat="58.49997" lon="21.92183">
        <ele>5.0</ele>
      </trkpt>
      <trkpt lat="58.49989" lon="21.92212">
        <ele>5.0</ele>
      </trkpt>
      <trkpt lat="58.49955" lon="21.92297">
        <ele>5.6</ele>
      </trkpt>
      <trkpt lat="58.49924" lon="21.92357">
        <ele>6.0</ele>
      </trkpt>
      <trkpt lat="58.49883" lon="21.92423">
        <ele>5.6</ele>
      </trkpt>
      <trkpt lat="58.49859" lon="21.92474">
        <ele>5.6</ele>
      </trkpt>
      <trkpt lat="58.49845" lon="21.92523">
        <ele>5.9</ele>
      </trkpt>
      <trkpt lat="58.49824" lon="21.92559">
        <ele>6.0</ele>
      </trkpt>
      <trkpt lat="58.49772" lon="21.926">
        <ele>6.2</ele>
      </trkpt>
      <trkpt lat="58.4975" lon="21.92642">
        <ele>6.7</ele>
      </trkpt>
      <trkpt lat="58.497395" lon="21.926656">
        <ele>6.9</ele>
      </trkpt>
      <trkpt lat="58.4974" lon="21.92666">
        <ele>6.9</ele>
      </trkpt>
      <trkpt lat="58.49729" lon="21.92692">
        <ele>7.1</ele>
      </trkpt>
      <trkpt lat="58.49725" lon="21.92701">
        <ele>7.2</ele>
      </trkpt>
      <trkpt lat="58.49723" lon="21.92705">
        <ele>7.3</ele>
      </trkpt>
      <trkpt lat="58.4972" lon="21.9271">
        <ele>7.3</ele>
      </trkpt>
      <trkpt lat="58.49717" lon="21.92714">
        <ele>7.4</ele>
      </trkpt>
      <trkpt lat="58.49707" lon="21.92723">
        <ele>7.5</ele>
      </trkpt>
      <trkpt lat="58.49705" lon="21.92724">
        <ele>7.5</ele>
      </trkpt>
      <trkpt lat="58.49703" lon="21.92726">
        <ele>7.5</ele>
      </trkpt>
      <trkpt lat="58.49701" lon="21.92727">
        <ele>7.6</ele>
      </trkpt>
      <trkpt lat="58.4969" lon="21.9273">
        <ele>7.6</ele>
      </trkpt>
      <trkpt lat="58.49681" lon="21.92732">
        <ele>7.6</ele>
      </trkpt>
      <trkpt lat="58.49668" lon="21.92739">
        <ele>7.7</ele>
      </trkpt>
      <trkpt lat="58.49667" lon="21.9274">
        <ele>7.8</ele>
      </trkpt>
      <trkpt lat="58.49664" lon="21.92742">
        <ele>7.8</ele>
      </trkpt>
      <trkpt lat="58.4966" lon="21.92748">
        <ele>7.9</ele>
      </trkpt>
      <trkpt lat="58.49656" lon="21.92753">
        <ele>7.9</ele>
      </trkpt>
      <trkpt lat="58.49652" lon="21.9276">
        <ele>8.0</ele>
      </trkpt>
      <trkpt lat="58.49643" lon="21.92776">
        <ele>8.3</ele>
      </trkpt>
      <trkpt lat="58.49632" lon="21.9281">
        <ele>8.7</ele>
      </trkpt>
      <trkpt lat="58.49622" lon="21.92841">
        <ele>9.0</ele>
      </trkpt>
      <trkpt lat="58.49617" lon="21.92855">
        <ele>9.0</ele>
      </trkpt>
      <trkpt lat="58.49612" lon="21.92873">
        <ele>9.0</ele>
      </trkpt>
      <trkpt lat="58.49609" lon="21.92885">
        <ele>9.0</ele>
      </trkpt>
      <trkpt lat="58.49606" lon="21.92901">
        <ele>9.1</ele>
      </trkpt>
      <trkpt lat="58.49603" lon="21.92917">
        <ele>9.2</ele>
      </trkpt>
      <trkpt lat="58.49599" lon="21.92935">
        <ele>9.4</ele>
      </trkpt>
      <trkpt lat="58.49597" lon="21.92943">
        <ele>9.5</ele>
      </trkpt>
      <trkpt lat="58.49591" lon="21.92959">
        <ele>9.6</ele>
      </trkpt>
      <trkpt lat="58.49588" lon="21.92967">
        <ele>9.7</ele>
      </trkpt>
      <trkpt lat="58.49584" lon="21.92976">
        <ele>9.7</ele>
      </trkpt>
      <trkpt lat="58.49581" lon="21.92984">
        <ele>9.8</ele>
      </trkpt>
      <trkpt lat="58.49573" lon="21.92998">
        <ele>9.7</ele>
      </trkpt>
      <trkpt lat="58.49572" lon="21.93">
        <ele>9.7</ele>
      </trkpt>
      <trkpt lat="58.4952" lon="21.93083">
        <ele>8.5</ele>
      </trkpt>
      <trkpt lat="58.49499" lon="21.93115">
        <ele>8.4</ele>
      </trkpt>
      <trkpt lat="58.49482" lon="21.93141">
        <ele>8.5</ele>
      </trkpt>
      <trkpt lat="58.49458" lon="21.93177">
        <ele>8.5</ele>
      </trkpt>
      <trkpt lat="58.49447" lon="21.93195">
        <ele>8.4</ele>
      </trkpt>
      <trkpt lat="58.49429" lon="21.93226">
        <ele>8.1</ele>
      </trkpt>
      <trkpt lat="58.4942" lon="21.93235">
        <ele>8.0</ele>
      </trkpt>
      <trkpt lat="58.49418" lon="21.93237">
        <ele>8.0</ele>
      </trkpt>
      <trkpt lat="58.49416" lon="21.93239">
        <ele>8.0</ele>
      </trkpt>
      <trkpt lat="58.49413" lon="21.93241">
        <ele>8.0</ele>
      </trkpt>
      <trkpt lat="58.49409" lon="21.93244">
        <ele>8.1</ele>
      </trkpt>
      <trkpt lat="58.49399" lon="21.93249">
        <ele>8.2</ele>
      </trkpt>
      <trkpt lat="58.49395" lon="21.93251">
        <ele>8.3</ele>
      </trkpt>
      <trkpt lat="58.4934" lon="21.9327">
        <ele>9.4</ele>
      </trkpt>
      <trkpt lat="58.49334" lon="21.93273">
        <ele>9.5</ele>
      </trkpt>
      <trkpt lat="58.49296" lon="21.93282">
        <ele>10.4</ele>
      </trkpt>
      <trkpt lat="58.49286" lon="21.93286">
        <ele>10.7</ele>
      </trkpt>
      <trkpt lat="58.49279" lon="21.93295">
        <ele>11.1</ele>
      </trkpt>
      <trkpt lat="58.49277" lon="21.93298">
        <ele>11.2</ele>
      </trkpt>
      <trkpt lat="58.49273" lon="21.93306">
        <ele>11.6</ele>
      </trkpt>
      <trkpt lat="58.49261" lon="21.93327">
        <ele>12.5</ele>
      </trkpt>
      <trkpt lat="58.49257" lon="21.93334">
        <ele>12.8</ele>
      </trkpt>
      <trkpt lat="58.49252" lon="21.9334">
        <ele>13.0</ele>
      </trkpt>
      <trkpt lat="58.49242" lon="21.93351">
        <ele>13.2</ele>
      </trkpt>
      <trkpt lat="58.49238" lon="21.93354">
        <ele>13.3</ele>
      </trkpt>
      <trkpt lat="58.49222" lon="21.93365">
        <ele>13.5</ele>
      </trkpt>
      <trkpt lat="58.49202" lon="21.93377">
        <ele>13.8</ele>
      </trkpt>
      <trkpt lat="58.49198" lon="21.9338">
        <ele>13.9</ele>
      </trkpt>
      <trkpt lat="58.49193" lon="21.93382">
        <ele>14.0</ele>
      </trkpt>
      <trkpt lat="58.49189" lon="21.93386">
        <ele>14.1</ele>
      </trkpt>
      <trkpt lat="58.49177" lon="21.93397">
        <ele>14.4</ele>
      </trkpt>
      <trkpt lat="58.49136" lon="21.93448">
        <ele>15.8</ele>
      </trkpt>
      <trkpt lat="58.49113" lon="21.9347">
        <ele>16.3</ele>
      </trkpt>
      <trkpt lat="58.49104" lon="21.93476">
        <ele>16.4</ele>
      </trkpt>
      <trkpt lat="58.49099" lon="21.9348">
        <ele>16.5</ele>
      </trkpt>
      <trkpt lat="58.49098" lon="21.9348">
        <ele>16.5</ele>
      </trkpt>
      <trkpt lat="58.49043" lon="21.93509">
        <ele>16.6</ele>
      </trkpt>
      <trkpt lat="58.49035" lon="21.93514">
        <ele>16.5</ele>
      </trkpt>
      <trkpt lat="58.4903" lon="21.93518">
        <ele>16.5</ele>
      </trkpt>
      <trkpt lat="58.49023" lon="21.93523">
        <ele>16.5</ele>
      </trkpt>
      <trkpt lat="58.49019" lon="21.93526">
        <ele>16.5</ele>
      </trkpt>
      <trkpt lat="58.49014" lon="21.93533">
        <ele>16.5</ele>
      </trkpt>
      <trkpt lat="58.49013" lon="21.93533">
        <ele>16.5</ele>
      </trkpt>
      <trkpt lat="58.49009" lon="21.9354">
        <ele>16.5</ele>
      </trkpt>
      <trkpt lat="58.49005" lon="21.93547">
        <ele>16.6</ele>
      </trkpt>
      <trkpt lat="58.48995" lon="21.93571">
        <ele>16.7</ele>
      </trkpt>
      <trkpt lat="58.48982" lon="21.93599">
        <ele>16.9</ele>
      </trkpt>
      <trkpt lat="58.48981" lon="21.93602">
        <ele>17.0</ele>
      </trkpt>
      <trkpt lat="58.48979" lon="21.93604">
        <ele>17.0</ele>
      </trkpt>
      <trkpt lat="58.48976" lon="21.93608">
        <ele>17.0</ele>
      </trkpt>
      <trkpt lat="58.48941" lon="21.93644">
        <ele>17.0</ele>
      </trkpt>
      <trkpt lat="58.48941" lon="21.93644">
        <ele>17.0</ele>
      </trkpt>
      <trkpt lat="58.48918" lon="21.93596">
        <ele>15.3</ele>
      </trkpt>
      <trkpt lat="58.48916" lon="21.93591">
        <ele>15.2</ele>
      </trkpt>
      <trkpt lat="58.48914" lon="21.93586">
        <ele>15.0</ele>
      </trkpt>
      <trkpt lat="58.48913" lon="21.93578">
        <ele>14.8</ele>
      </trkpt>
      <trkpt lat="58.48909" lon="21.93527">
        <ele>13.6</ele>
      </trkpt>
      <trkpt lat="58.48906" lon="21.93493">
        <ele>12.9</ele>
      </trkpt>
      <trkpt lat="58.48903" lon="21.93459">
        <ele>12.9</ele>
      </trkpt>
      <trkpt lat="58.489" lon="21.93425">
        <ele>13.0</ele>
      </trkpt>
      <trkpt lat="58.48896" lon="21.93376">
        <ele>13.1</ele>
      </trkpt>
      <trkpt lat="58.48892" lon="21.933">
        <ele>12.8</ele>
      </trkpt>
      <trkpt lat="58.48891" lon="21.93287">
        <ele>12.6</ele>
      </trkpt>
      <trkpt lat="58.48886" lon="21.9327">
        <ele>12.3</ele>
      </trkpt>
      <trkpt lat="58.4888" lon="21.93262">
        <ele>12.2</ele>
      </trkpt>
      <trkpt lat="58.48866" lon="21.93241">
        <ele>11.9</ele>
      </trkpt>
      <trkpt lat="58.48851" lon="21.93221">
        <ele>11.7</ele>
      </trkpt>
      <trkpt lat="58.48822" lon="21.9318">
        <ele>11.0</ele>
      </trkpt>
      <trkpt lat="58.48816" lon="21.93172">
        <ele>10.9</ele>
      </trkpt>
      <trkpt lat="58.48793" lon="21.93141">
        <ele>10.1</ele>
      </trkpt>
      <trkpt lat="58.48778" lon="21.93122">
        <ele>9.4</ele>
      </trkpt>
      <trkpt lat="58.48763" lon="21.93103">
        <ele>8.7</ele>
      </trkpt>
      <trkpt lat="58.48733" lon="21.93064">
        <ele>7.9</ele>
      </trkpt>
      <trkpt lat="58.48704" lon="21.93025">
        <ele>7.5</ele>
      </trkpt>
      <trkpt lat="58.48689" lon="21.93006">
        <ele>7.1</ele>
      </trkpt>
      <trkpt lat="58.48661" lon="21.92969">
        <ele>7.3</ele>
      </trkpt>
      <trkpt lat="58.48659" lon="21.92967">
        <ele>7.3</ele>
      </trkpt>
      <trkpt lat="58.48603" lon="21.92903">
        <ele>8.2</ele>
      </trkpt>
      <trkpt lat="58.48538" lon="21.92845">
        <ele>8.8</ele>
      </trkpt>
      <trkpt lat="58.48505" lon="21.92816">
        <ele>9.0</ele>
      </trkpt>
      <trkpt lat="58.48424" lon="21.92744">
        <ele>9.8</ele>
      </trkpt>
      <trkpt lat="58.48391" lon="21.92715">
        <ele>9.7</ele>
      </trkpt>
      <trkpt lat="58.48387" lon="21.92711">
        <ele>9.7</ele>
      </trkpt>
      <trkpt lat="58.483" lon="21.92605">
        <ele>9.5</ele>
      </trkpt>
      <trkpt lat="58.48291" lon="21.92594">
        <ele>9.5</ele>
      </trkpt>
      <trkpt lat="58.48285" lon="21.92585">
        <ele>9.6</ele>
      </trkpt>
      <trkpt lat="58.48271" lon="21.92563">
        <ele>9.7</ele>
      </trkpt>
      <trkpt lat="58.48257" lon="21.92541">
        <ele>9.9</ele>
      </trkpt>
      <trkpt lat="58.48243" lon="21.9252">
        <ele>10.1</ele>
      </trkpt>
      <trkpt lat="58.48216" lon="21.92476">
        <ele>10.4</ele>
      </trkpt>
      <trkpt lat="58.48204" lon="21.92449">
        <ele>10.6</ele>
      </trkpt>
      <trkpt lat="58.48169" lon="21.9237">
        <ele>11.9</ele>
      </trkpt>
      <trkpt lat="58.48158" lon="21.92344">
        <ele>11.9</ele>
      </trkpt>
      <trkpt lat="58.48113" lon="21.92242">
        <ele>11.6</ele>
      </trkpt>
      <trkpt lat="58.481" lon="21.92213">
        <ele>11.8</ele>
      </trkpt>
      <trkpt lat="58.48063" lon="21.92136">
        <ele>11.4</ele>
      </trkpt>
      <trkpt lat="58.47979" lon="21.91958">
        <ele>9.1</ele>
      </trkpt>
      <trkpt lat="58.47967" lon="21.91932">
        <ele>9.1</ele>
      </trkpt>
      <trkpt lat="58.47906" lon="21.91805">
        <ele>9.0</ele>
      </trkpt>
      <trkpt lat="58.4787" lon="21.91728">
        <ele>9.5</ele>
      </trkpt>
      <trkpt lat="58.47856" lon="21.91699">
        <ele>9.7</ele>
      </trkpt>
      <trkpt lat="58.47805" lon="21.9161">
        <ele>10.0</ele>
      </trkpt>
      <trkpt lat="58.47738" lon="21.91495">
        <ele>10.1</ele>
      </trkpt>
      <trkpt lat="58.47711" lon="21.91449">
        <ele>9.9</ele>
      </trkpt>
      <trkpt lat="58.47698" lon="21.91426">
        <ele>9.7</ele>
      </trkpt>
      <trkpt lat="58.47685" lon="21.91403">
        <ele>9.7</ele>
      </trkpt>
      <trkpt lat="58.47656" lon="21.91352">
        <ele>10.1</ele>
      </trkpt>
      <trkpt lat="58.47645" lon="21.91332">
        <ele>10.2</ele>
      </trkpt>
      <trkpt lat="58.4762" lon="21.91283">
        <ele>10.0</ele>
      </trkpt>
      <trkpt lat="58.47595" lon="21.91234">
        <ele>9.7</ele>
      </trkpt>
      <trkpt lat="58.4757" lon="21.91185">
        <ele>9.0</ele>
      </trkpt>
      <trkpt lat="58.47557" lon="21.9116">
        <ele>8.7</ele>
      </trkpt>
      <trkpt lat="58.4752" lon="21.91086">
        <ele>9.7</ele>
      </trkpt>
      <trkpt lat="58.47507" lon="21.91062">
        <ele>10.2</ele>
      </trkpt>
      <trkpt lat="58.47503" lon="21.9107">
        <ele>10.1</ele>
      </trkpt>
      <trkpt lat="58.47492" lon="21.91048">
        <ele>10.6</ele>
      </trkpt>
      <trkpt lat="58.47464" lon="21.90976">
        <ele>11.6</ele>
      </trkpt>
      <trkpt lat="58.47438" lon="21.90931">
        <ele>11.7</ele>
      </trkpt>
      <trkpt lat="58.47408" lon="21.90888">
        <ele>11.8</ele>
      </trkpt>
      <trkpt lat="58.47389" lon="21.9085">
        <ele>11.5</ele>
      </trkpt>
      <trkpt lat="58.47361" lon="21.90808">
        <ele>11.4</ele>
      </trkpt>
      <trkpt lat="58.47321" lon="21.90776">
        <ele>11.3</ele>
      </trkpt>
      <trkpt lat="58.47234" lon="21.90749">
        <ele>10.8</ele>
      </trkpt>
      <trkpt lat="58.47196" lon="21.90763">
        <ele>10.4</ele>
      </trkpt>
      <trkpt lat="58.47183" lon="21.90665">
        <ele>10.2</ele>
      </trkpt>
      <trkpt lat="58.47173" lon="21.90516">
        <ele>8.3</ele>
      </trkpt>
      <trkpt lat="58.47211" lon="21.90467">
        <ele>8.1</ele>
      </trkpt>
      <trkpt lat="58.4726" lon="21.90396">
        <ele>7.8</ele>
      </trkpt>
      <trkpt lat="58.47311" lon="21.90316">
        <ele>6.8</ele>
      </trkpt>
      <trkpt lat="58.47362" lon="21.90236">
        <ele>6.0</ele>
      </trkpt>
      <trkpt lat="58.47382" lon="21.90201">
        <ele>6.0</ele>
      </trkpt>
      <trkpt lat="58.47417" lon="21.90141">
        <ele>5.7</ele>
      </trkpt>
      <trkpt lat="58.47452" lon="21.90081">
        <ele>5.0</ele>
      </trkpt>
      <trkpt lat="58.47465" lon="21.90049">
        <ele>5.0</ele>
      </trkpt>
      <trkpt lat="58.47474" lon="21.90015">
        <ele>5.0</ele>
      </trkpt>
      <trkpt lat="58.4748" lon="21.89983">
        <ele>4.8</ele>
      </trkpt>
      <trkpt lat="58.47487" lon="21.89935">
        <ele>4.2</ele>
      </trkpt>
      <trkpt lat="58.47489" lon="21.89908">
        <ele>3.9</ele>
      </trkpt>
      <trkpt lat="58.47492" lon="21.8976">
        <ele>3.8</ele>
      </trkpt>
      <trkpt lat="58.47492" lon="21.89641">
        <ele>3.9</ele>
      </trkpt>
      <trkpt lat="58.47492" lon="21.89522">
        <ele>3.9</ele>
      </trkpt>
      <trkpt lat="58.47493" lon="21.89494">
        <ele>3.9</ele>
      </trkpt>
      <trkpt lat="58.47495" lon="21.89466">
        <ele>4.0</ele>
      </trkpt>
      <trkpt lat="58.47503" lon="21.89388">
        <ele>4.0</ele>
      </trkpt>
      <trkpt lat="58.47517" lon="21.89267">
        <ele>4.0</ele>
      </trkpt>
      <trkpt lat="58.47517" lon="21.89178">
        <ele>4.0</ele>
      </trkpt>
      <trkpt lat="58.47517" lon="21.89089">
        <ele>3.3</ele>
      </trkpt>
      <trkpt lat="58.47508" lon="21.88963">
        <ele>3.5</ele>
      </trkpt>
      <trkpt lat="58.475" lon="21.88837">
        <ele>4.0</ele>
      </trkpt>
      <trkpt lat="58.47501" lon="21.88704">
        <ele>5.0</ele>
      </trkpt>
      <trkpt lat="58.47503" lon="21.88634">
        <ele>5.4</ele>
      </trkpt>
      <trkpt lat="58.47496" lon="21.88587">
        <ele>5.8</ele>
      </trkpt>
      <trkpt lat="58.47474" lon="21.88522">
        <ele>5.1</ele>
      </trkpt>
      <trkpt lat="58.47474" lon="21.88485">
        <ele>5.1</ele>
      </trkpt>
      <trkpt lat="58.47459" lon="21.8839">
        <ele>5.2</ele>
      </trkpt>
      <trkpt lat="58.47444" lon="21.88296">
        <ele>5.3</ele>
      </trkpt>
      <trkpt lat="58.47433" lon="21.88166">
        <ele>5.2</ele>
      </trkpt>
      <trkpt lat="58.47435" lon="21.88079">
        <ele>5.2</ele>
      </trkpt>
      <trkpt lat="58.4743" lon="21.88048">
        <ele>5.2</ele>
      </trkpt>
      <trkpt lat="58.47417" lon="21.88014">
        <ele>5.0</ele>
      </trkpt>
      <trkpt lat="58.47404" lon="21.87991">
        <ele>4.7</ele>
      </trkpt>
      <trkpt lat="58.47404" lon="21.8797">
        <ele>4.7</ele>
      </trkpt>
      <trkpt lat="58.47411" lon="21.87818">
        <ele>4.9</ele>
      </trkpt>
      <trkpt lat="58.4741" lon="21.87728">
        <ele>4.8</ele>
      </trkpt>
      <trkpt lat="58.47398" lon="21.87608">
        <ele>5.1</ele>
      </trkpt>
      <trkpt lat="58.4738" lon="21.87489">
        <ele>4.8</ele>
      </trkpt>
      <trkpt lat="58.47361" lon="21.87416">
        <ele>5.0</ele>
      </trkpt>
      <trkpt lat="58.47335" lon="21.8734">
        <ele>5.0</ele>
      </trkpt>
      <trkpt lat="58.47306" lon="21.87275">
        <ele>6.0</ele>
      </trkpt>
      <trkpt lat="58.47285" lon="21.87223">
        <ele>7.1</ele>
      </trkpt>
      <trkpt lat="58.47245" lon="21.87185">
        <ele>8.2</ele>
      </trkpt>
      <trkpt lat="58.47196" lon="21.8714">
        <ele>7.7</ele>
      </trkpt>
      <trkpt lat="58.47147" lon="21.87095">
        <ele>7.0</ele>
      </trkpt>
      <trkpt lat="58.47114" lon="21.87071">
        <ele>6.3</ele>
      </trkpt>
      <trkpt lat="58.47098" lon="21.87044">
        <ele>6.1</ele>
      </trkpt>
      <trkpt lat="58.47089" lon="21.87014">
        <ele>6.1</ele>
      </trkpt>
      <trkpt lat="58.47084" lon="21.86977">
        <ele>6.3</ele>
      </trkpt>
      <trkpt lat="58.47037" lon="21.869">
        <ele>5.4</ele>
      </trkpt>
      <trkpt lat="58.47031" lon="21.86871">
        <ele>5.3</ele>
      </trkpt>
      <trkpt lat="58.47026" lon="21.86822">
        <ele>5.4</ele>
      </trkpt>
      <trkpt lat="58.47003" lon="21.8674">
        <ele>5.1</ele>
      </trkpt>
      <trkpt lat="58.4698" lon="21.86599">
        <ele>5.4</ele>
      </trkpt>
      <trkpt lat="58.46957" lon="21.86459">
        <ele>5.5</ele>
      </trkpt>
      <trkpt lat="58.46954" lon="21.86396">
        <ele>5.9</ele>
      </trkpt>
      <trkpt lat="58.4692" lon="21.86268">
        <ele>5.1</ele>
      </trkpt>
      <trkpt lat="58.46907" lon="21.86203">
        <ele>4.8</ele>
      </trkpt>
      <trkpt lat="58.46906" lon="21.86185">
        <ele>4.7</ele>
      </trkpt>
      <trkpt lat="58.4691" lon="21.86167">
        <ele>4.8</ele>
      </trkpt>
      <trkpt lat="58.46919" lon="21.86143">
        <ele>4.8</ele>
      </trkpt>
      <trkpt lat="58.46927" lon="21.8613">
        <ele>4.8</ele>
      </trkpt>
      <trkpt lat="58.46971" lon="21.86111">
        <ele>5.6</ele>
      </trkpt>
      <trkpt lat="58.47001" lon="21.86087">
        <ele>6.1</ele>
      </trkpt>
      <trkpt lat="58.47034" lon="21.8604">
        <ele>5.9</ele>
      </trkpt>
      <trkpt lat="58.47068" lon="21.85977">
        <ele>5.3</ele>
      </trkpt>
      <trkpt lat="58.4713" lon="21.85906">
        <ele>5.0</ele>
      </trkpt>
      <trkpt lat="58.47193" lon="21.85834">
        <ele>5.6</ele>
      </trkpt>
      <trkpt lat="58.47244" lon="21.85797">
        <ele>6.0</ele>
      </trkpt>
      <trkpt lat="58.47289" lon="21.85751">
        <ele>6.0</ele>
      </trkpt>
      <trkpt lat="58.47335" lon="21.85721">
        <ele>6.3</ele>
      </trkpt>
      <trkpt lat="58.47382" lon="21.85691">
        <ele>6.6</ele>
      </trkpt>
      <trkpt lat="58.47442" lon="21.85641">
        <ele>7.2</ele>
      </trkpt>
      <trkpt lat="58.47485" lon="21.85575">
        <ele>6.5</ele>
      </trkpt>
      <trkpt lat="58.47493" lon="21.85551">
        <ele>6.1</ele>
      </trkpt>
      <trkpt lat="58.475" lon="21.85511">
        <ele>5.3</ele>
      </trkpt>
      <trkpt lat="58.47511" lon="21.85488">
        <ele>5.0</ele>
      </trkpt>
      <trkpt lat="58.47578" lon="21.854">
        <ele>4.7</ele>
      </trkpt>
      <trkpt lat="58.47607" lon="21.85333">
        <ele>4.0</ele>
      </trkpt>
      <trkpt lat="58.47637" lon="21.85267">
        <ele>3.7</ele>
      </trkpt>
      <trkpt lat="58.4767" lon="21.85184">
        <ele>4.0</ele>
      </trkpt>
      <trkpt lat="58.47703" lon="21.85102">
        <ele>3.6</ele>
      </trkpt>
      <trkpt lat="58.47713" lon="21.85034">
        <ele>3.6</ele>
      </trkpt>
      <trkpt lat="58.47717" lon="21.84982">
        <ele>3.4</ele>
      </trkpt>
      <trkpt lat="58.47741" lon="21.84845">
        <ele>2.9</ele>
      </trkpt>
      <trkpt lat="58.47757" lon="21.84762">
        <ele>2.1</ele>
      </trkpt>
      <trkpt lat="58.47774" lon="21.84679">
        <ele>2.0</ele>
      </trkpt>
      <trkpt lat="58.47788" lon="21.84577">
        <ele>2.0</ele>
      </trkpt>
      <trkpt lat="58.47802" lon="21.84474">
        <ele>2.2</ele>
      </trkpt>
      <trkpt lat="58.47818" lon="21.84428">
        <ele>2.7</ele>
      </trkpt>
      <trkpt lat="58.4783" lon="21.843">
        <ele>2.6</ele>
      </trkpt>
      <trkpt lat="58.47844" lon="21.84189">
        <ele>2.0</ele>
      </trkpt>
      <trkpt lat="58.47852" lon="21.84165">
        <ele>2.0</ele>
      </trkpt>
      <trkpt lat="58.47867" lon="21.84151">
        <ele>1.7</ele>
      </trkpt>
      <trkpt lat="58.47878" lon="21.84147">
        <ele>1.6</ele>
      </trkpt>
      <trkpt lat="58.47883" lon="21.84152">
        <ele>1.7</ele>
      </trkpt>
      <trkpt lat="58.47893" lon="21.84175">
        <ele>2.0</ele>
      </trkpt>
      <trkpt lat="58.47908" lon="21.84187">
        <ele>2.0</ele>
      </trkpt>
      <trkpt lat="58.47924" lon="21.84205">
        <ele>1.9</ele>
      </trkpt>
      <trkpt lat="58.47966" lon="21.84273">
        <ele>1.6</ele>
      </trkpt>
      <trkpt lat="58.48032" lon="21.84327">
        <ele>2.3</ele>
      </trkpt>
      <trkpt lat="58.48087" lon="21.84338">
        <ele>3.0</ele>
      </trkpt>
      <trkpt lat="58.48128" lon="21.84312">
        <ele>2.8</ele>
      </trkpt>
      <trkpt lat="58.48156" lon="21.84272">
        <ele>2.8</ele>
      </trkpt>
      <trkpt lat="58.48176" lon="21.84255">
        <ele>2.9</ele>
      </trkpt>
      <trkpt lat="58.48191" lon="21.84244">
        <ele>2.7</ele>
      </trkpt>
      <trkpt lat="58.48215" lon="21.84256">
        <ele>2.5</ele>
      </trkpt>
      <trkpt lat="58.48263" lon="21.84273">
        <ele>2.4</ele>
      </trkpt>
      <trkpt lat="58.48312" lon="21.8429">
        <ele>3.2</ele>
      </trkpt>
      <trkpt lat="58.4835" lon="21.84332">
        <ele>3.8</ele>
      </trkpt>
      <trkpt lat="58.48397" lon="21.8436">
        <ele>3.6</ele>
      </trkpt>
      <trkpt lat="58.48445" lon="21.84389">
        <ele>3.3</ele>
      </trkpt>
      <trkpt lat="58.4846" lon="21.84398">
        <ele>3.3</ele>
      </trkpt>
      <trkpt lat="58.48522" lon="21.84429">
        <ele>2.9</ele>
      </trkpt>
      <trkpt lat="58.48593" lon="21.8444">
        <ele>2.4</ele>
      </trkpt>
      <trkpt lat="58.48663" lon="21.8445">
        <ele>3.4</ele>
      </trkpt>
      <trkpt lat="58.48743" lon="21.84467">
        <ele>2.7</ele>
      </trkpt>
      <trkpt lat="58.48823" lon="21.84483">
        <ele>2.8</ele>
      </trkpt>
      <trkpt lat="58.48901" lon="21.8449">
        <ele>3.7</ele>
      </trkpt>
      <trkpt lat="58.48973" lon="21.84478">
        <ele>3.1</ele>
      </trkpt>
      <trkpt lat="58.49018" lon="21.84453">
        <ele>2.9</ele>
      </trkpt>
      <trkpt lat="58.49062" lon="21.84428">
        <ele>3.6</ele>
      </trkpt>
      <trkpt lat="58.49093" lon="21.84424">
        <ele>4.1</ele>
      </trkpt>
      <trkpt lat="58.49111" lon="21.8442">
        <ele>4.0</ele>
      </trkpt>
      <trkpt lat="58.49132" lon="21.844">
        <ele>3.9</ele>
      </trkpt>
      <trkpt lat="58.49157" lon="21.84392">
        <ele>4.0</ele>
      </trkpt>
      <trkpt lat="58.49179" lon="21.84395">
        <ele>3.9</ele>
      </trkpt>
      <trkpt lat="58.49212" lon="21.84376">
        <ele>3.5</ele>
      </trkpt>
      <trkpt lat="58.49243" lon="21.84351">
        <ele>3.1</ele>
      </trkpt>
      <trkpt lat="58.49268" lon="21.84351">
        <ele>3.0</ele>
      </trkpt>
      <trkpt lat="58.4929" lon="21.84363">
        <ele>3.0</ele>
      </trkpt>
      <trkpt lat="58.49322" lon="21.84372">
        <ele>3.0</ele>
      </trkpt>
      <trkpt lat="58.49352" lon="21.84405">
        <ele>3.0</ele>
      </trkpt>
      <trkpt lat="58.49366" lon="21.84425">
        <ele>3.0</ele>
      </trkpt>
      <trkpt lat="58.49401" lon="21.84447">
        <ele>3.0</ele>
      </trkpt>
      <trkpt lat="58.4938" lon="21.84535">
        <ele>3.0</ele>
      </trkpt>
      <trkpt lat="58.49362" lon="21.84655">
        <ele>3.6</ele>
      </trkpt>
      <trkpt lat="58.49342" lon="21.8477">
        <ele>3.9</ele>
      </trkpt>
      <trkpt lat="58.49321" lon="21.84885">
        <ele>4.1</ele>
      </trkpt>
      <trkpt lat="58.49302" lon="21.84971">
        <ele>4.4</ele>
      </trkpt>
      <trkpt lat="58.49283" lon="21.85058">
        <ele>4.2</ele>
      </trkpt>
      <trkpt lat="58.49261" lon="21.85152">
        <ele>3.3</ele>
      </trkpt>
      <trkpt lat="58.49239" lon="21.85246">
        <ele>3.0</ele>
      </trkpt>
      <trkpt lat="58.49225" lon="21.85294">
        <ele>2.5</ele>
      </trkpt>
      <trkpt lat="58.4921" lon="21.85337">
        <ele>2.0</ele>
      </trkpt>
      <trkpt lat="58.49162" lon="21.854">
        <ele>2.0</ele>
      </trkpt>
      <trkpt lat="58.49122" lon="21.85449">
        <ele>2.4</ele>
      </trkpt>
      <trkpt lat="58.49082" lon="21.85499">
        <ele>3.0</ele>
      </trkpt>
      <trkpt lat="58.49047" lon="21.85572">
        <ele>2.5</ele>
      </trkpt>
      <trkpt lat="58.49012" lon="21.85645">
        <ele>2.7</ele>
      </trkpt>
      <trkpt lat="58.48966" lon="21.85735">
        <ele>2.5</ele>
      </trkpt>
      <trkpt lat="58.48917" lon="21.85845">
        <ele>3.0</ele>
      </trkpt>
      <trkpt lat="58.48902" lon="21.85846">
        <ele>3.0</ele>
      </trkpt>
      <trkpt lat="58.48857" lon="21.85851">
        <ele>3.0</ele>
      </trkpt>
      <trkpt lat="58.4881" lon="21.85865">
        <ele>3.0</ele>
      </trkpt>
      <trkpt lat="58.48762" lon="21.85877">
        <ele>3.0</ele>
      </trkpt>
      <trkpt lat="58.48717" lon="21.85897">
        <ele>3.3</ele>
      </trkpt>
      <trkpt lat="58.48695" lon="21.85904">
        <ele>3.6</ele>
      </trkpt>
      <trkpt lat="58.48669" lon="21.85918">
        <ele>4.0</ele>
      </trkpt>
      <trkpt lat="58.48653" lon="21.85932">
        <ele>3.9</ele>
      </trkpt>
      <trkpt lat="58.48598" lon="21.85992">
        <ele>4.0</ele>
      </trkpt>
      <trkpt lat="58.48571" lon="21.86014">
        <ele>4.0</ele>
      </trkpt>
      <trkpt lat="58.48507" lon="21.86082">
        <ele>4.0</ele>
      </trkpt>
      <trkpt lat="58.48478" lon="21.86121">
        <ele>3.9</ele>
      </trkpt>
      <trkpt lat="58.48447" lon="21.86181">
        <ele>3.8</ele>
      </trkpt>
      <trkpt lat="58.4841" lon="21.86265">
        <ele>4.1</ele>
      </trkpt>
      <trkpt lat="58.48373" lon="21.86348">
        <ele>4.5</ele>
      </trkpt>
      <trkpt lat="58.48345" lon="21.86403">
        <ele>4.1</ele>
      </trkpt>
      <trkpt lat="58.48308" lon="21.86443">
        <ele>3.8</ele>
      </trkpt>
      <trkpt lat="58.48296" lon="21.86462">
        <ele>3.9</ele>
      </trkpt>
      <trkpt lat="58.4824" lon="21.86558">
        <ele>4.0</ele>
      </trkpt>
      <trkpt lat="58.48185" lon="21.86654">
        <ele>5.5</ele>
      </trkpt>
      <trkpt lat="58.48137" lon="21.86781">
        <ele>6.1</ele>
      </trkpt>
      <trkpt lat="58.48089" lon="21.86908">
        <ele>6.9</ele>
      </trkpt>
      <trkpt lat="58.48041" lon="21.87034">
        <ele>6.0</ele>
      </trkpt>
      <trkpt lat="58.47993" lon="21.87161">
        <ele>5.1</ele>
      </trkpt>
      <trkpt lat="58.47949" lon="21.87298">
        <ele>4.8</ele>
      </trkpt>
      <trkpt lat="58.47924" lon="21.87391">
        <ele>4.9</ele>
      </trkpt>
      <trkpt lat="58.47887" lon="21.87461">
        <ele>5.2</ele>
      </trkpt>
      <trkpt lat="58.47851" lon="21.87531">
        <ele>5.8</ele>
      </trkpt>
      <trkpt lat="58.47848" lon="21.87542">
        <ele>5.8</ele>
      </trkpt>
      <trkpt lat="58.47825" lon="21.87638">
        <ele>5.4</ele>
      </trkpt>
      <trkpt lat="58.47802" lon="21.87734">
        <ele>5.4</ele>
      </trkpt>
      <trkpt lat="58.47763" lon="21.87856">
        <ele>5.7</ele>
      </trkpt>
      <trkpt lat="58.4774" lon="21.87998">
        <ele>5.1</ele>
      </trkpt>
      <trkpt lat="58.47717" lon="21.8814">
        <ele>5.1</ele>
      </trkpt>
      <trkpt lat="58.47702" lon="21.88223">
        <ele>5.0</ele>
      </trkpt>
      <trkpt lat="58.47687" lon="21.88305">
        <ele>5.0</ele>
      </trkpt>
      <trkpt lat="58.47676" lon="21.88389">
        <ele>5.0</ele>
      </trkpt>
      <trkpt lat="58.47665" lon="21.88474">
        <ele>5.0</ele>
      </trkpt>
      <trkpt lat="58.47648" lon="21.88598">
        <ele>5.0</ele>
      </trkpt>
      <trkpt lat="58.47635" lon="21.88709">
        <ele>5.0</ele>
      </trkpt>
      <trkpt lat="58.47621" lon="21.8882">
        <ele>5.0</ele>
      </trkpt>
      <trkpt lat="58.4759" lon="21.88969">
        <ele>4.4</ele>
      </trkpt>
      <trkpt lat="58.47559" lon="21.8909">
        <ele>3.7</ele>
      </trkpt>
      <trkpt lat="58.47528" lon="21.89212">
        <ele>4.0</ele>
      </trkpt>
      <trkpt lat="58.47517" lon="21.89267">
        <ele>4.0</ele>
      </trkpt>
      <trkpt lat="58.47503" lon="21.89388">
        <ele>4.0</ele>
      </trkpt>
      <trkpt lat="58.47495" lon="21.89466">
        <ele>4.0</ele>
      </trkpt>
      <trkpt lat="58.47492" lon="21.89522">
        <ele>3.9</ele>
      </trkpt>
      <trkpt lat="58.47492" lon="21.89641">
        <ele>3.9</ele>
      </trkpt>
      <trkpt lat="58.47492" lon="21.8976">
        <ele>3.8</ele>
      </trkpt>
      <trkpt lat="58.47489" lon="21.89908">
        <ele>3.9</ele>
      </trkpt>
      <trkpt lat="58.47487" lon="21.89935">
        <ele>4.2</ele>
      </trkpt>
      <trkpt lat="58.4748" lon="21.89983">
        <ele>4.8</ele>
      </trkpt>
      <trkpt lat="58.47474" lon="21.90015">
        <ele>5.0</ele>
      </trkpt>
      <trkpt lat="58.47465" lon="21.90049">
        <ele>5.0</ele>
      </trkpt>
      <trkpt lat="58.47452" lon="21.90081">
        <ele>5.0</ele>
      </trkpt>
      <trkpt lat="58.47417" lon="21.90141">
        <ele>5.7</ele>
      </trkpt>
      <trkpt lat="58.47382" lon="21.90201">
        <ele>6.0</ele>
      </trkpt>
      <trkpt lat="58.47362" lon="21.90236">
        <ele>6.0</ele>
      </trkpt>
      <trkpt lat="58.47311" lon="21.90316">
        <ele>6.8</ele>
      </trkpt>
      <trkpt lat="58.4726" lon="21.90396">
        <ele>7.8</ele>
      </trkpt>
      <trkpt lat="58.47211" lon="21.90467">
        <ele>8.1</ele>
      </trkpt>
      <trkpt lat="58.47173" lon="21.90516">
        <ele>8.3</ele>
      </trkpt>
      <trkpt lat="58.47128" lon="21.90581">
        <ele>8.0</ele>
      </trkpt>
      <trkpt lat="58.4711" lon="21.90614">
        <ele>8.0</ele>
      </trkpt>
      <trkpt lat="58.47076" lon="21.90685">
        <ele>7.9</ele>
      </trkpt>
      <trkpt lat="58.47061" lon="21.90724">
        <ele>7.7</ele>
      </trkpt>
      <trkpt lat="58.47039" lon="21.90771">
        <ele>7.7</ele>
      </trkpt>
      <trkpt lat="58.4702" lon="21.90806">
        <ele>7.9</ele>
      </trkpt>
      <trkpt lat="58.46993" lon="21.9085">
        <ele>8.3</ele>
      </trkpt>
      <trkpt lat="58.46976" lon="21.9086">
        <ele>8.4</ele>
      </trkpt>
      <trkpt lat="58.46906" lon="21.90894">
        <ele>8.4</ele>
      </trkpt>
      <trkpt lat="58.46876" lon="21.90907">
        <ele>8.3</ele>
      </trkpt>
      <trkpt lat="58.46858" lon="21.90912">
        <ele>8.2</ele>
      </trkpt>
      <trkpt lat="58.46858" lon="21.909124">
        <ele>8.2</ele>
      </trkpt>
      <trkpt lat="58.46839" lon="21.90918">
        <ele>8.1</ele>
      </trkpt>
      <trkpt lat="58.46826" lon="21.90926">
        <ele>8.0</ele>
      </trkpt>
      <trkpt lat="58.46816" lon="21.90935">
        <ele>8.0</ele>
      </trkpt>
      <trkpt lat="58.46808" lon="21.90947">
        <ele>8.0</ele>
      </trkpt>
      <trkpt lat="58.46777" lon="21.91015">
        <ele>8.3</ele>
      </trkpt>
      <trkpt lat="58.46769" lon="21.9103">
        <ele>8.3</ele>
      </trkpt>
      <trkpt lat="58.46759" lon="21.91046">
        <ele>8.4</ele>
      </trkpt>
      <trkpt lat="58.46749" lon="21.91058">
        <ele>8.4</ele>
      </trkpt>
      <trkpt lat="58.46716" lon="21.91085">
        <ele>8.6</ele>
      </trkpt>
      <trkpt lat="58.46672" lon="21.91117">
        <ele>8.9</ele>
      </trkpt>
      <trkpt lat="58.46598" lon="21.91162">
        <ele>8.3</ele>
      </trkpt>
      <trkpt lat="58.4653" lon="21.91216">
        <ele>8.0</ele>
      </trkpt>
      <trkpt lat="58.46469" lon="21.91256">
        <ele>7.7</ele>
      </trkpt>
      <trkpt lat="58.46409" lon="21.91292">
        <ele>7.5</ele>
      </trkpt>
      <trkpt lat="58.46381" lon="21.91307">
        <ele>7.7</ele>
      </trkpt>
      <trkpt lat="58.46352" lon="21.91319">
        <ele>7.8</ele>
      </trkpt>
      <trkpt lat="58.46292" lon="21.91327">
        <ele>7.9</ele>
      </trkpt>
      <trkpt lat="58.46245" lon="21.91329">
        <ele>7.9</ele>
      </trkpt>
      <trkpt lat="58.46206" lon="21.91321">
        <ele>7.3</ele>
      </trkpt>
      <trkpt lat="58.46199" lon="21.91327">
        <ele>7.3</ele>
      </trkpt>
      <trkpt lat="58.46183" lon="21.91349">
        <ele>7.6</ele>
      </trkpt>
      <trkpt lat="58.46167" lon="21.91365">
        <ele>7.8</ele>
      </trkpt>
      <trkpt lat="58.46154" lon="21.91384">
        <ele>8.4</ele>
      </trkpt>
      <trkpt lat="58.46138" lon="21.91415">
        <ele>9.3</ele>
      </trkpt>
      <trkpt lat="58.46129" lon="21.91434">
        <ele>9.8</ele>
      </trkpt>
      <trkpt lat="58.46122" lon="21.91454">
        <ele>10.2</ele>
      </trkpt>
      <trkpt lat="58.46105" lon="21.91525">
        <ele>10.7</ele>
      </trkpt>
      <trkpt lat="58.46097" lon="21.91564">
        <ele>10.2</ele>
      </trkpt>
      <trkpt lat="58.46097" lon="21.91586">
        <ele>10.0</ele>
      </trkpt>
      <trkpt lat="58.46109" lon="21.91616">
        <ele>9.6</ele>
      </trkpt>
      <trkpt lat="58.46124" lon="21.91642">
        <ele>9.3</ele>
      </trkpt>
      <trkpt lat="58.46142" lon="21.91669">
        <ele>9.0</ele>
      </trkpt>
      <trkpt lat="58.46149" lon="21.91682">
        <ele>9.0</ele>
      </trkpt>
      <trkpt lat="58.46154" lon="21.91697">
        <ele>9.0</ele>
      </trkpt>
      <trkpt lat="58.46157" lon="21.91715">
        <ele>9.0</ele>
      </trkpt>
      <trkpt lat="58.46156" lon="21.91735">
        <ele>9.0</ele>
      </trkpt>
      <trkpt lat="58.46153" lon="21.91755">
        <ele>9.1</ele>
      </trkpt>
      <trkpt lat="58.46145" lon="21.91775">
        <ele>9.2</ele>
      </trkpt>
      <trkpt lat="58.46132" lon="21.91799">
        <ele>9.3</ele>
      </trkpt>
      <trkpt lat="58.46117" lon="21.91822">
        <ele>9.3</ele>
      </trkpt>
      <trkpt lat="58.46103" lon="21.91842">
        <ele>9.1</ele>
      </trkpt>
      <trkpt lat="58.46073" lon="21.91888">
        <ele>8.1</ele>
      </trkpt>
      <trkpt lat="58.4601" lon="21.92004">
        <ele>6.1</ele>
      </trkpt>
      <trkpt lat="58.4599" lon="21.92045">
        <ele>6.0</ele>
      </trkpt>
      <trkpt lat="58.45971" lon="21.92088">
        <ele>5.9</ele>
      </trkpt>
      <trkpt lat="58.45961" lon="21.92108">
        <ele>5.7</ele>
      </trkpt>
      <trkpt lat="58.45942" lon="21.92142">
        <ele>5.3</ele>
      </trkpt>
      <trkpt lat="58.45921" lon="21.92183">
        <ele>5.2</ele>
      </trkpt>
      <trkpt lat="58.45899" lon="21.92242">
        <ele>6.1</ele>
      </trkpt>
      <trkpt lat="58.45887" lon="21.92268">
        <ele>6.6</ele>
      </trkpt>
      <trkpt lat="58.45877" lon="21.92292">
        <ele>7.0</ele>
      </trkpt>
      <trkpt lat="58.45854" lon="21.92373">
        <ele>7.8</ele>
      </trkpt>
      <trkpt lat="58.45848" lon="21.92389">
        <ele>7.8</ele>
      </trkpt>
      <trkpt lat="58.45837" lon="21.92409">
        <ele>8.0</ele>
      </trkpt>
      <trkpt lat="58.45816" lon="21.92444">
        <ele>7.7</ele>
      </trkpt>
      <trkpt lat="58.45807" lon="21.92465">
        <ele>7.4</ele>
      </trkpt>
      <trkpt lat="58.45777" lon="21.92543">
        <ele>7.5</ele>
      </trkpt>
      <trkpt lat="58.4577" lon="21.92561">
        <ele>7.7</ele>
      </trkpt>
      <trkpt lat="58.4576" lon="21.92577">
        <ele>7.9</ele>
      </trkpt>
      <trkpt lat="58.45752" lon="21.92589">
        <ele>8.1</ele>
      </trkpt>
      <trkpt lat="58.45708" lon="21.92627">
        <ele>8.5</ele>
      </trkpt>
      <trkpt lat="58.457" lon="21.92633">
        <ele>8.6</ele>
      </trkpt>
      <trkpt lat="58.45688" lon="21.9264">
        <ele>8.7</ele>
      </trkpt>
      <trkpt lat="58.45676" lon="21.92644">
        <ele>8.7</ele>
      </trkpt>
      <trkpt lat="58.45664" lon="21.92642">
        <ele>8.7</ele>
      </trkpt>
      <trkpt lat="58.45647" lon="21.92637">
        <ele>8.6</ele>
      </trkpt>
      <trkpt lat="58.4564" lon="21.92638">
        <ele>8.7</ele>
      </trkpt>
      <trkpt lat="58.45622" lon="21.92645">
        <ele>8.7</ele>
      </trkpt>
      <trkpt lat="58.45583" lon="21.92653">
        <ele>8.8</ele>
      </trkpt>
      <trkpt lat="58.45558" lon="21.92659">
        <ele>8.3</ele>
      </trkpt>
      <trkpt lat="58.45531" lon="21.92661">
        <ele>7.7</ele>
      </trkpt>
      <trkpt lat="58.45515" lon="21.92661">
        <ele>7.3</ele>
      </trkpt>
      <trkpt lat="58.45466" lon="21.92656">
        <ele>6.6</ele>
      </trkpt>
      <trkpt lat="58.45448" lon="21.92657">
        <ele>6.4</ele>
      </trkpt>
      <trkpt lat="58.45417" lon="21.92661">
        <ele>6.0</ele>
      </trkpt>
      <trkpt lat="58.45384" lon="21.92667">
        <ele>6.0</ele>
      </trkpt>
      <trkpt lat="58.45349" lon="21.92676">
        <ele>6.0</ele>
      </trkpt>
      <trkpt lat="58.45335" lon="21.92675">
        <ele>6.0</ele>
      </trkpt>
      <trkpt lat="58.45301" lon="21.92663">
        <ele>6.8</ele>
      </trkpt>
      <trkpt lat="58.45285" lon="21.92661">
        <ele>7.1</ele>
      </trkpt>
      <trkpt lat="58.45274" lon="21.92664">
        <ele>7.4</ele>
      </trkpt>
      <trkpt lat="58.45263" lon="21.92671">
        <ele>7.7</ele>
      </trkpt>
      <trkpt lat="58.45248" lon="21.92688">
        <ele>8.1</ele>
      </trkpt>
      <trkpt lat="58.45236" lon="21.92645">
        <ele>8.4</ele>
      </trkpt>
      <trkpt lat="58.45221" lon="21.92621">
        <ele>8.7</ele>
      </trkpt>
      <trkpt lat="58.452" lon="21.92607">
        <ele>9.3</ele>
      </trkpt>
      <trkpt lat="58.45156" lon="21.92565">
        <ele>9.6</ele>
      </trkpt>
      <trkpt lat="58.45103" lon="21.92503">
        <ele>8.2</ele>
      </trkpt>
      <trkpt lat="58.4509" lon="21.92479">
        <ele>8.3</ele>
      </trkpt>
      <trkpt lat="58.4508" lon="21.92462">
        <ele>8.4</ele>
      </trkpt>
      <trkpt lat="58.45065" lon="21.92449">
        <ele>8.3</ele>
      </trkpt>
      <trkpt lat="58.45005" lon="21.92414">
        <ele>7.1</ele>
      </trkpt>
      <trkpt lat="58.44962" lon="21.92398">
        <ele>6.5</ele>
      </trkpt>
      <trkpt lat="58.44951" lon="21.92398">
        <ele>6.4</ele>
      </trkpt>
      <trkpt lat="58.44943" lon="21.92393">
        <ele>6.3</ele>
      </trkpt>
      <trkpt lat="58.44935" lon="21.92386">
        <ele>6.2</ele>
      </trkpt>
      <trkpt lat="58.44935" lon="21.92386">
        <ele>6.2</ele>
      </trkpt>
      <trkpt lat="58.44911" lon="21.9234">
        <ele>5.9</ele>
      </trkpt>
      <trkpt lat="58.44903" lon="21.9233">
        <ele>5.8</ele>
      </trkpt>
      <trkpt lat="58.4489" lon="21.92322">
        <ele>5.7</ele>
      </trkpt>
      <trkpt lat="58.44873" lon="21.92317">
        <ele>5.6</ele>
      </trkpt>
      <trkpt lat="58.44862" lon="21.92318">
        <ele>5.5</ele>
      </trkpt>
      <trkpt lat="58.44848" lon="21.92329">
        <ele>5.2</ele>
      </trkpt>
      <trkpt lat="58.44833" lon="21.92353">
        <ele>5.0</ele>
      </trkpt>
      <trkpt lat="58.44787" lon="21.92436">
        <ele>5.2</ele>
      </trkpt>
      <trkpt lat="58.44741" lon="21.92519">
        <ele>5.9</ele>
      </trkpt>
      <trkpt lat="58.44713" lon="21.9259">
        <ele>5.6</ele>
      </trkpt>
      <trkpt lat="58.44675" lon="21.92697">
        <ele>6.1</ele>
      </trkpt>
      <trkpt lat="58.44659" lon="21.92735">
        <ele>6.0</ele>
      </trkpt>
      <trkpt lat="58.44651" lon="21.92749">
        <ele>6.0</ele>
      </trkpt>
      <trkpt lat="58.4464" lon="21.92755">
        <ele>6.1</ele>
      </trkpt>
      <trkpt lat="58.44616" lon="21.92777">
        <ele>6.3</ele>
      </trkpt>
      <trkpt lat="58.44609" lon="21.92787">
        <ele>6.4</ele>
      </trkpt>
      <trkpt lat="58.446" lon="21.92791">
        <ele>6.5</ele>
      </trkpt>
      <trkpt lat="58.44571" lon="21.9283">
        <ele>6.7</ele>
      </trkpt>
      <trkpt lat="58.44548" lon="21.92871">
        <ele>6.3</ele>
      </trkpt>
      <trkpt lat="58.44521" lon="21.92931">
        <ele>6.4</ele>
      </trkpt>
      <trkpt lat="58.4448" lon="21.93002">
        <ele>6.8</ele>
      </trkpt>
      <trkpt lat="58.44442" lon="21.93057">
        <ele>6.8</ele>
      </trkpt>
      <trkpt lat="58.44405" lon="21.93111">
        <ele>7.2</ele>
      </trkpt>
      <trkpt lat="58.44382" lon="21.93177">
        <ele>7.6</ele>
      </trkpt>
      <trkpt lat="58.44369" lon="21.93211">
        <ele>7.4</ele>
      </trkpt>
      <trkpt lat="58.4435" lon="21.93239">
        <ele>7.2</ele>
      </trkpt>
      <trkpt lat="58.44311" lon="21.9329">
        <ele>7.5</ele>
      </trkpt>
      <trkpt lat="58.44311" lon="21.9329">
        <ele>7.5</ele>
      </trkpt>
      <trkpt lat="58.44291" lon="21.93316">
        <ele>7.8</ele>
      </trkpt>
      <trkpt lat="58.44253" lon="21.9338">
        <ele>8.0</ele>
      </trkpt>
      <trkpt lat="58.44202" lon="21.93497">
        <ele>8.4</ele>
      </trkpt>
      <trkpt lat="58.4418" lon="21.93615">
        <ele>8.2</ele>
      </trkpt>
      <trkpt lat="58.44169" lon="21.93692">
        <ele>8.0</ele>
      </trkpt>
      <trkpt lat="58.44151" lon="21.93752">
        <ele>8.0</ele>
      </trkpt>
      <trkpt lat="58.44105" lon="21.93828">
        <ele>8.2</ele>
      </trkpt>
      <trkpt lat="58.44045" lon="21.93889">
        <ele>7.5</ele>
      </trkpt>
      <trkpt lat="58.44031" lon="21.93915">
        <ele>7.4</ele>
      </trkpt>
      <trkpt lat="58.4398" lon="21.94047">
        <ele>8.0</ele>
      </trkpt>
      <trkpt lat="58.43958" lon="21.94128">
        <ele>8.3</ele>
      </trkpt>
      <trkpt lat="58.43939" lon="21.94177">
        <ele>8.3</ele>
      </trkpt>
      <trkpt lat="58.43931" lon="21.94206">
        <ele>8.2</ele>
      </trkpt>
      <trkpt lat="58.43931" lon="21.94274">
        <ele>8.2</ele>
      </trkpt>
      <trkpt lat="58.43933" lon="21.94314">
        <ele>8.2</ele>
      </trkpt>
      <trkpt lat="58.43942" lon="21.94355">
        <ele>8.3</ele>
      </trkpt>
      <trkpt lat="58.43948" lon="21.94389">
        <ele>8.4</ele>
      </trkpt>
      <trkpt lat="58.43951" lon="21.94464">
        <ele>9.0</ele>
      </trkpt>
      <trkpt lat="58.43956" lon="21.94541">
        <ele>9.5</ele>
      </trkpt>
      <trkpt lat="58.43952" lon="21.9458">
        <ele>9.4</ele>
      </trkpt>
      <trkpt lat="58.43932" lon="21.94628">
        <ele>9.7</ele>
      </trkpt>
      <trkpt lat="58.43909" lon="21.94674">
        <ele>9.8</ele>
      </trkpt>
      <trkpt lat="58.43901" lon="21.94722">
        <ele>9.6</ele>
      </trkpt>
      <trkpt lat="58.43888" lon="21.94816">
        <ele>8.8</ele>
      </trkpt>
      <trkpt lat="58.43892" lon="21.94874">
        <ele>8.7</ele>
      </trkpt>
      <trkpt lat="58.43903" lon="21.94918">
        <ele>8.8</ele>
      </trkpt>
      <trkpt lat="58.4391" lon="21.94962">
        <ele>9.0</ele>
      </trkpt>
      <trkpt lat="58.43908" lon="21.95009">
        <ele>9.0</ele>
      </trkpt>
      <trkpt lat="58.43883" lon="21.95154">
        <ele>9.0</ele>
      </trkpt>
      <trkpt lat="58.43876" lon="21.95271">
        <ele>8.9</ele>
      </trkpt>
      <trkpt lat="58.43896" lon="21.95394">
        <ele>8.8</ele>
      </trkpt>
      <trkpt lat="58.43887" lon="21.95473">
        <ele>8.9</ele>
      </trkpt>
      <trkpt lat="58.43871" lon="21.95528">
        <ele>9.0</ele>
      </trkpt>
      <trkpt lat="58.43822" lon="21.95599">
        <ele>9.2</ele>
      </trkpt>
      <trkpt lat="58.43804" lon="21.95615">
        <ele>9.4</ele>
      </trkpt>
      <trkpt lat="58.43756" lon="21.95649">
        <ele>9.8</ele>
      </trkpt>
      <trkpt lat="58.43734" lon="21.95671">
        <ele>9.8</ele>
      </trkpt>
      <trkpt lat="58.43692" lon="21.9572">
        <ele>9.3</ele>
      </trkpt>
      <trkpt lat="58.43637" lon="21.95787">
        <ele>9.4</ele>
      </trkpt>
      <trkpt lat="58.43582" lon="21.95854">
        <ele>10.0</ele>
      </trkpt>
      <trkpt lat="58.43547" lon="21.95903">
        <ele>10.0</ele>
      </trkpt>
      <trkpt lat="58.43525" lon="21.95961">
        <ele>10.2</ele>
      </trkpt>
      <trkpt lat="58.43501" lon="21.96005">
        <ele>10.1</ele>
      </trkpt>
      <trkpt lat="58.43467" lon="21.96035">
        <ele>10.4</ele>
      </trkpt>
      <trkpt lat="58.43431" lon="21.96041">
        <ele>10.5</ele>
      </trkpt>
      <trkpt lat="58.43347" lon="21.96088">
        <ele>11.1</ele>
      </trkpt>
      <trkpt lat="58.43317" lon="21.96112">
        <ele>11.3</ele>
      </trkpt>
      <trkpt lat="58.43266" lon="21.96159">
        <ele>11.9</ele>
      </trkpt>
      <trkpt lat="58.43222" lon="21.962">
        <ele>11.8</ele>
      </trkpt>
      <trkpt lat="58.43174" lon="21.96246">
        <ele>12.0</ele>
      </trkpt>
      <trkpt lat="58.43113" lon="21.96331">
        <ele>12.3</ele>
      </trkpt>
      <trkpt lat="58.43052" lon="21.96416">
        <ele>12.2</ele>
      </trkpt>
      <trkpt lat="58.42992" lon="21.96501">
        <ele>12.8</ele>
      </trkpt>
      <trkpt lat="58.42965" lon="21.96549">
        <ele>12.7</ele>
      </trkpt>
      <trkpt lat="58.42926" lon="21.96618">
        <ele>13.0</ele>
      </trkpt>
      <trkpt lat="58.42888" lon="21.96686">
        <ele>13.5</ele>
      </trkpt>
      <trkpt lat="58.42821" lon="21.96766">
        <ele>13.2</ele>
      </trkpt>
      <trkpt lat="58.42757" lon="21.96817">
        <ele>13.7</ele>
      </trkpt>
      <trkpt lat="58.42735" lon="21.96842">
        <ele>14.2</ele>
      </trkpt>
      <trkpt lat="58.42692" lon="21.96888">
        <ele>15.3</ele>
      </trkpt>
      <trkpt lat="58.42649" lon="21.96934">
        <ele>16.4</ele>
      </trkpt>
      <trkpt lat="58.4261" lon="21.9697">
        <ele>17.2</ele>
      </trkpt>
      <trkpt lat="58.42568" lon="21.97005">
        <ele>17.9</ele>
      </trkpt>
      <trkpt lat="58.42527" lon="21.97041">
        <ele>17.8</ele>
      </trkpt>
      <trkpt lat="58.42503" lon="21.97064">
        <ele>17.8</ele>
      </trkpt>
      <trkpt lat="58.42453" lon="21.9714">
        <ele>18.2</ele>
      </trkpt>
      <trkpt lat="58.42402" lon="21.97216">
        <ele>18.4</ele>
      </trkpt>
      <trkpt lat="58.42369" lon="21.97288">
        <ele>19.1</ele>
      </trkpt>
      <trkpt lat="58.42335" lon="21.97361">
        <ele>20.3</ele>
      </trkpt>
      <trkpt lat="58.42276" lon="21.9744">
        <ele>19.9</ele>
      </trkpt>
      <trkpt lat="58.42217" lon="21.9752">
        <ele>18.9</ele>
      </trkpt>
      <trkpt lat="58.42163" lon="21.97601">
        <ele>18.3</ele>
      </trkpt>
      <trkpt lat="58.42109" lon="21.97682">
        <ele>18.2</ele>
      </trkpt>
      <trkpt lat="58.42049" lon="21.97742">
        <ele>17.6</ele>
      </trkpt>
      <trkpt lat="58.41988" lon="21.97803">
        <ele>17.5</ele>
      </trkpt>
      <trkpt lat="58.41928" lon="21.97863">
        <ele>17.0</ele>
      </trkpt>
      <trkpt lat="58.41868" lon="21.97923">
        <ele>17.0</ele>
      </trkpt>
      <trkpt lat="58.41846" lon="21.97955">
        <ele>17.2</ele>
      </trkpt>
      <trkpt lat="58.41846" lon="21.97955">
        <ele>17.2</ele>
      </trkpt>
      <trkpt lat="58.41846" lon="21.97955">
        <ele>17.2</ele>
      </trkpt>
      <trkpt lat="58.41798" lon="21.98027">
        <ele>17.6</ele>
      </trkpt>
      <trkpt lat="58.4175" lon="21.98099">
        <ele>17.0</ele>
      </trkpt>
      <trkpt lat="58.41702" lon="21.9817">
        <ele>17.0</ele>
      </trkpt>
      <trkpt lat="58.41655" lon="21.98273">
        <ele>18.3</ele>
      </trkpt>
      <trkpt lat="58.41615" lon="21.9833">
        <ele>19.9</ele>
      </trkpt>
      <trkpt lat="58.41575" lon="21.98387">
        <ele>21.0</ele>
      </trkpt>
      <trkpt lat="58.41489" lon="21.98428">
        <ele>18.7</ele>
      </trkpt>
      <trkpt lat="58.41467" lon="21.98443">
        <ele>18.0</ele>
      </trkpt>
      <trkpt lat="58.41437" lon="21.98471">
        <ele>17.2</ele>
      </trkpt>
      <trkpt lat="58.41378" lon="21.98539">
        <ele>16.1</ele>
      </trkpt>
      <trkpt lat="58.41312" lon="21.98594">
        <ele>14.4</ele>
      </trkpt>
      <trkpt lat="58.41297" lon="21.98603">
        <ele>14.0</ele>
      </trkpt>
      <trkpt lat="58.4128" lon="21.98611">
        <ele>13.6</ele>
      </trkpt>
      <trkpt lat="58.41215" lon="21.98615">
        <ele>12.5</ele>
      </trkpt>
      <trkpt lat="58.4118" lon="21.98624">
        <ele>12.5</ele>
      </trkpt>
      <trkpt lat="58.41105" lon="21.98663">
        <ele>12.4</ele>
      </trkpt>
      <trkpt lat="58.41097" lon="21.9867">
        <ele>12.3</ele>
      </trkpt>
      <trkpt lat="58.41088" lon="21.98688">
        <ele>12.1</ele>
      </trkpt>
      <trkpt lat="58.41081" lon="21.98723">
        <ele>12.0</ele>
      </trkpt>
      <trkpt lat="58.41" lon="21.98692">
        <ele>11.0</ele>
      </trkpt>
      <trkpt lat="58.40938" lon="21.98675">
        <ele>10.3</ele>
      </trkpt>
      <trkpt lat="58.40876" lon="21.98658">
        <ele>9.4</ele>
      </trkpt>
      <trkpt lat="58.40792" lon="21.98625">
        <ele>8.3</ele>
      </trkpt>
      <trkpt lat="58.40731" lon="21.98605">
        <ele>7.5</ele>
      </trkpt>
      <trkpt lat="58.40686" lon="21.98592">
        <ele>6.5</ele>
      </trkpt>
      <trkpt lat="58.40665" lon="21.98591">
        <ele>6.0</ele>
      </trkpt>
      <trkpt lat="58.40633" lon="21.98594">
        <ele>6.0</ele>
      </trkpt>
      <trkpt lat="58.40602" lon="21.98606">
        <ele>6.0</ele>
      </trkpt>
      <trkpt lat="58.4058" lon="21.98619">
        <ele>6.0</ele>
      </trkpt>
      <trkpt lat="58.4054" lon="21.98657">
        <ele>6.5</ele>
      </trkpt>
      <trkpt lat="58.40503" lon="21.98704">
        <ele>7.0</ele>
      </trkpt>
      <trkpt lat="58.40437" lon="21.98806">
        <ele>6.5</ele>
      </trkpt>
      <trkpt lat="58.40371" lon="21.98908">
        <ele>8.0</ele>
      </trkpt>
      <trkpt lat="58.40305" lon="21.9901">
        <ele>8.7</ele>
      </trkpt>
      <trkpt lat="58.4027" lon="21.99072">
        <ele>8.3</ele>
      </trkpt>
      <trkpt lat="58.40234" lon="21.99134">
        <ele>9.6</ele>
      </trkpt>
      <trkpt lat="58.40205" lon="21.99194">
        <ele>10.5</ele>
      </trkpt>
      <trkpt lat="58.40152" lon="21.99327">
        <ele>10.2</ele>
      </trkpt>
      <trkpt lat="58.40143" lon="21.99318">
        <ele>10.3</ele>
      </trkpt>
      <trkpt lat="58.40071" lon="21.99398">
        <ele>10.3</ele>
      </trkpt>
      <trkpt lat="58.39999" lon="21.99477">
        <ele>10.2</ele>
      </trkpt>
      <trkpt lat="58.39944" lon="21.99559">
        <ele>7.0</ele>
      </trkpt>
      <trkpt lat="58.399" lon="21.99618">
        <ele>4.8</ele>
      </trkpt>
      <trkpt lat="58.39873" lon="21.9965">
        <ele>4.1</ele>
      </trkpt>
      <trkpt lat="58.39829" lon="21.99681">
        <ele>4.3</ele>
      </trkpt>
      <trkpt lat="58.39798" lon="21.99696">
        <ele>6.5</ele>
      </trkpt>
      <trkpt lat="58.39732" lon="21.9971">
        <ele>10.3</ele>
      </trkpt>
      <trkpt lat="58.39715" lon="21.99717">
        <ele>10.6</ele>
      </trkpt>
      <trkpt lat="58.39698" lon="21.99729">
        <ele>10.8</ele>
      </trkpt>
      <trkpt lat="58.39675" lon="21.9975">
        <ele>10.9</ele>
      </trkpt>
      <trkpt lat="58.39633" lon="21.998">
        <ele>9.8</ele>
      </trkpt>
      <trkpt lat="58.39618" lon="21.99822">
        <ele>9.5</ele>
      </trkpt>
      <trkpt lat="58.39568" lon="21.9992">
        <ele>8.0</ele>
      </trkpt>
      <trkpt lat="58.39532" lon="21.99964">
        <ele>8.1</ele>
      </trkpt>
      <trkpt lat="58.3948" lon="21.99991">
        <ele>8.9</ele>
      </trkpt>
      <trkpt lat="58.39447" lon="22.00055">
        <ele>8.6</ele>
      </trkpt>
      <trkpt lat="58.39375" lon="22.0011">
        <ele>7.5</ele>
      </trkpt>
      <trkpt lat="58.39327" lon="22.00152">
        <ele>7.9</ele>
      </trkpt>
      <trkpt lat="58.39288" lon="22.00196">
        <ele>8.5</ele>
      </trkpt>
      <trkpt lat="58.39253" lon="22.00253">
        <ele>9.0</ele>
      </trkpt>
      <trkpt lat="58.39217" lon="22.0031">
        <ele>8.9</ele>
      </trkpt>
      <trkpt lat="58.39135" lon="22.0035">
        <ele>8.7</ele>
      </trkpt>
      <trkpt lat="58.39052" lon="22.0039">
        <ele>7.9</ele>
      </trkpt>
      <trkpt lat="58.39025" lon="22.00408">
        <ele>7.5</ele>
      </trkpt>
      <trkpt lat="58.39005" lon="22.00428">
        <ele>7.3</ele>
      </trkpt>
      <trkpt lat="58.38983" lon="22.00457">
        <ele>7.7</ele>
      </trkpt>
      <trkpt lat="58.38956" lon="22.00497">
        <ele>9.0</ele>
      </trkpt>
      <trkpt lat="58.38914" lon="22.00578">
        <ele>10.1</ele>
      </trkpt>
      <trkpt lat="58.38872" lon="22.0066">
        <ele>11.1</ele>
      </trkpt>
      <trkpt lat="58.38798" lon="22.00731">
        <ele>10.5</ele>
      </trkpt>
      <trkpt lat="58.38733" lon="22.00773">
        <ele>9.3</ele>
      </trkpt>
      <trkpt lat="58.38716" lon="22.00779">
        <ele>9.0</ele>
      </trkpt>
      <trkpt lat="58.38636" lon="22.0079">
        <ele>7.8</ele>
      </trkpt>
      <trkpt lat="58.38608" lon="22.008">
        <ele>7.1</ele>
      </trkpt>
      <trkpt lat="58.3855" lon="22.00831">
        <ele>7.4</ele>
      </trkpt>
      <trkpt lat="58.38535" lon="22.00836">
        <ele>7.6</ele>
      </trkpt>
      <trkpt lat="58.38522" lon="22.00837">
        <ele>7.7</ele>
      </trkpt>
      <trkpt lat="58.38457" lon="22.00822">
        <ele>8.0</ele>
      </trkpt>
      <trkpt lat="58.38392" lon="22.00807">
        <ele>8.3</ele>
      </trkpt>
      <trkpt lat="58.38374" lon="22.0081">
        <ele>8.7</ele>
      </trkpt>
      <trkpt lat="58.38357" lon="22.00818">
        <ele>9.2</ele>
      </trkpt>
      <trkpt lat="58.38341" lon="22.00835">
        <ele>9.8</ele>
      </trkpt>
      <trkpt lat="58.38325" lon="22.00856">
        <ele>9.8</ele>
      </trkpt>
      <trkpt lat="58.38302" lon="22.00916">
        <ele>9.6</ele>
      </trkpt>
      <trkpt lat="58.38257" lon="22.01049">
        <ele>10.9</ele>
      </trkpt>
      <trkpt lat="58.38245" lon="22.01075">
        <ele>11.1</ele>
      </trkpt>
      <trkpt lat="58.38228" lon="22.01101">
        <ele>11.3</ele>
      </trkpt>
      <trkpt lat="58.38176" lon="22.01156">
        <ele>12.7</ele>
      </trkpt>
      <trkpt lat="58.38124" lon="22.01211">
        <ele>12.7</ele>
      </trkpt>
      <trkpt lat="58.38056" lon="22.01306">
        <ele>12.3</ele>
      </trkpt>
      <trkpt lat="58.37998" lon="22.01359">
        <ele>12.4</ele>
      </trkpt>
      <trkpt lat="58.37939" lon="22.01412">
        <ele>11.8</ele>
      </trkpt>
      <trkpt lat="58.3787" lon="22.01453">
        <ele>12.5</ele>
      </trkpt>
      <trkpt lat="58.3782" lon="22.01466">
        <ele>13.5</ele>
      </trkpt>
      <trkpt lat="58.37742" lon="22.0147">
        <ele>13.9</ele>
      </trkpt>
      <trkpt lat="58.37665" lon="22.01475">
        <ele>12.7</ele>
      </trkpt>
      <trkpt lat="58.37665" lon="22.01475">
        <ele>12.7</ele>
      </trkpt>
      <trkpt lat="58.37612" lon="22.01489">
        <ele>13.0</ele>
      </trkpt>
      <trkpt lat="58.37558" lon="22.0153">
        <ele>13.0</ele>
      </trkpt>
      <trkpt lat="58.37504" lon="22.01571">
        <ele>13.0</ele>
      </trkpt>
      <trkpt lat="58.37441" lon="22.016">
        <ele>11.5</ele>
      </trkpt>
      <trkpt lat="58.37378" lon="22.01629">
        <ele>11.0</ele>
      </trkpt>
      <trkpt lat="58.37343" lon="22.01637">
        <ele>11.0</ele>
      </trkpt>
      <trkpt lat="58.37321" lon="22.01624">
        <ele>11.1</ele>
      </trkpt>
      <trkpt lat="58.37289" lon="22.01571">
        <ele>11.0</ele>
      </trkpt>
      <trkpt lat="58.37266" lon="22.01523">
        <ele>11.0</ele>
      </trkpt>
      <trkpt lat="58.37236" lon="22.01496">
        <ele>10.4</ele>
      </trkpt>
      <trkpt lat="58.37195" lon="22.01517">
        <ele>9.0</ele>
      </trkpt>
      <trkpt lat="58.37154" lon="22.01576">
        <ele>7.5</ele>
      </trkpt>
      <trkpt lat="58.37102" lon="22.01687">
        <ele>7.0</ele>
      </trkpt>
      <trkpt lat="58.37051" lon="22.01798">
        <ele>5.6</ele>
      </trkpt>
      <trkpt lat="58.37" lon="22.0191">
        <ele>5.1</ele>
      </trkpt>
      <trkpt lat="58.36948" lon="22.02021">
        <ele>6.3</ele>
      </trkpt>
      <trkpt lat="58.36901" lon="22.02098">
        <ele>7.4</ele>
      </trkpt>
      <trkpt lat="58.36854" lon="22.02175">
        <ele>7.4</ele>
      </trkpt>
      <trkpt lat="58.36807" lon="22.02252">
        <ele>7.0</ele>
      </trkpt>
      <trkpt lat="58.36788" lon="22.02313">
        <ele>6.3</ele>
      </trkpt>
      <trkpt lat="58.36772" lon="22.0242">
        <ele>6.4</ele>
      </trkpt>
      <trkpt lat="58.36756" lon="22.02528">
        <ele>6.0</ele>
      </trkpt>
      <trkpt lat="58.36748" lon="22.02615">
        <ele>6.0</ele>
      </trkpt>
      <trkpt lat="58.36742" lon="22.02757">
        <ele>5.9</ele>
      </trkpt>
      <trkpt lat="58.36733" lon="22.02853">
        <ele>5.0</ele>
      </trkpt>
      <trkpt lat="58.36694" lon="22.03007">
        <ele>5.7</ele>
      </trkpt>
      <trkpt lat="58.36655" lon="22.0316">
        <ele>6.1</ele>
      </trkpt>
      <trkpt lat="58.36631" lon="22.03243">
        <ele>6.4</ele>
      </trkpt>
      <trkpt lat="58.36608" lon="22.03305">
        <ele>7.4</ele>
      </trkpt>
      <trkpt lat="58.36596" lon="22.03333">
        <ele>7.8</ele>
      </trkpt>
      <trkpt lat="58.3657" lon="22.03364">
        <ele>7.8</ele>
      </trkpt>
      <trkpt lat="58.36526" lon="22.03393">
        <ele>7.3</ele>
      </trkpt>
      <trkpt lat="58.36481" lon="22.03422">
        <ele>7.3</ele>
      </trkpt>
      <trkpt lat="58.36437" lon="22.03458">
        <ele>7.9</ele>
      </trkpt>
      <trkpt lat="58.36369" lon="22.0354">
        <ele>8.8</ele>
      </trkpt>
      <trkpt lat="58.36343" lon="22.03591">
        <ele>9.0</ele>
      </trkpt>
      <trkpt lat="58.36271" lon="22.03585">
        <ele>9.0</ele>
      </trkpt>
      <trkpt lat="58.36199" lon="22.03579">
        <ele>9.0</ele>
      </trkpt>
      <trkpt lat="58.36122" lon="22.03577">
        <ele>9.5</ele>
      </trkpt>
      <trkpt lat="58.36069" lon="22.03585">
        <ele>10.5</ele>
      </trkpt>
      <trkpt lat="58.36061" lon="22.0359">
        <ele>10.9</ele>
      </trkpt>
      <trkpt lat="58.36044" lon="22.03632">
        <ele>12.0</ele>
      </trkpt>
      <trkpt lat="58.3604" lon="22.03637">
        <ele>12.2</ele>
      </trkpt>
      <trkpt lat="58.360133" lon="22.036364">
        <ele>13.2</ele>
      </trkpt>
      <trkpt lat="58.36013" lon="22.03636">
        <ele>13.2</ele>
      </trkpt>
      <trkpt lat="58.35996" lon="22.03636">
        <ele>13.7</ele>
      </trkpt>
      <trkpt lat="58.35999" lon="22.03762">
        <ele>14.2</ele>
      </trkpt>
      <trkpt lat="58.36" lon="22.03833">
        <ele>15.0</ele>
      </trkpt>
      <trkpt lat="58.36" lon="22.03874">
        <ele>15.0</ele>
      </trkpt>
      <trkpt lat="58.3597" lon="22.03821">
        <ele>15.9</ele>
      </trkpt>
      <trkpt lat="58.35911" lon="22.0372">
        <ele>16.8</ele>
      </trkpt>
      <trkpt lat="58.35885" lon="22.03683">
        <ele>17.0</ele>
      </trkpt>
      <trkpt lat="58.35861" lon="22.03653">
        <ele>17.1</ele>
      </trkpt>
      <trkpt lat="58.3584" lon="22.03629">
        <ele>17.0</ele>
      </trkpt>
      <trkpt lat="58.358404" lon="22.036295">
        <ele>17.0</ele>
      </trkpt>
      <trkpt lat="58.35818" lon="22.03604">
        <ele>16.4</ele>
      </trkpt>
      <trkpt lat="58.35786" lon="22.03577">
        <ele>15.3</ele>
      </trkpt>
      <trkpt lat="58.35743" lon="22.0355">
        <ele>14.2</ele>
      </trkpt>
      <trkpt lat="58.357" lon="22.03524">
        <ele>14.0</ele>
      </trkpt>
      <trkpt lat="58.35638" lon="22.03468">
        <ele>12.6</ele>
      </trkpt>
      <trkpt lat="58.35595" lon="22.03425">
        <ele>10.5</ele>
      </trkpt>
      <trkpt lat="58.35544" lon="22.03378">
        <ele>8.6</ele>
      </trkpt>
      <trkpt lat="58.35493" lon="22.03331">
        <ele>6.9</ele>
      </trkpt>
      <trkpt lat="58.35469" lon="22.03313">
        <ele>6.2</ele>
      </trkpt>
      <trkpt lat="58.3543" lon="22.03298">
        <ele>5.7</ele>
      </trkpt>
      <trkpt lat="58.35388" lon="22.03292">
        <ele>5.7</ele>
      </trkpt>
      <trkpt lat="58.35326" lon="22.0331">
        <ele>6.4</ele>
      </trkpt>
      <trkpt lat="58.35316" lon="22.03301">
        <ele>6.1</ele>
      </trkpt>
      <trkpt lat="58.35307" lon="22.03284">
        <ele>5.7</ele>
      </trkpt>
      <trkpt lat="58.35293" lon="22.03242">
        <ele>5.0</ele>
      </trkpt>
      <trkpt lat="58.3527" lon="22.0315">
        <ele>4.6</ele>
      </trkpt>
      <trkpt lat="58.35247" lon="22.03058">
        <ele>4.0</ele>
      </trkpt>
      <trkpt lat="58.35238" lon="22.03036">
        <ele>4.1</ele>
      </trkpt>
      <trkpt lat="58.35229" lon="22.03024">
        <ele>4.3</ele>
      </trkpt>
      <trkpt lat="58.35189" lon="22.02986">
        <ele>4.9</ele>
      </trkpt>
      <trkpt lat="58.35148" lon="22.02947">
        <ele>6.4</ele>
      </trkpt>
      <trkpt lat="58.35089" lon="22.02897">
        <ele>10.0</ele>
      </trkpt>
      <trkpt lat="58.3503" lon="22.02848">
        <ele>12.2</ele>
      </trkpt>
      <trkpt lat="58.34996" lon="22.02824">
        <ele>12.9</ele>
      </trkpt>
      <trkpt lat="58.34988" lon="22.02813">
        <ele>12.8</ele>
      </trkpt>
      <trkpt lat="58.34983" lon="22.02798">
        <ele>12.7</ele>
      </trkpt>
      <trkpt lat="58.3498" lon="22.02779">
        <ele>12.5</ele>
      </trkpt>
      <trkpt lat="58.3498" lon="22.0276">
        <ele>12.3</ele>
      </trkpt>
      <trkpt lat="58.34983" lon="22.02737">
        <ele>12.1</ele>
      </trkpt>
      <trkpt lat="58.34989" lon="22.02715">
        <ele>11.8</ele>
      </trkpt>
      <trkpt lat="58.35005" lon="22.02677">
        <ele>11.2</ele>
      </trkpt>
      <trkpt lat="58.3504" lon="22.02624">
        <ele>11.7</ele>
      </trkpt>
      <trkpt lat="58.35053" lon="22.02593">
        <ele>12.0</ele>
      </trkpt>
      <trkpt lat="58.35065" lon="22.02542">
        <ele>12.0</ele>
      </trkpt>
      <trkpt lat="58.35077" lon="22.02445">
        <ele>13.3</ele>
      </trkpt>
      <trkpt lat="58.35077" lon="22.02411">
        <ele>14.1</ele>
      </trkpt>
      <trkpt lat="58.35074" lon="22.0238">
        <ele>14.7</ele>
      </trkpt>
      <trkpt lat="58.35069" lon="22.02351">
        <ele>15.3</ele>
      </trkpt>
      <trkpt lat="58.35063" lon="22.02327">
        <ele>15.6</ele>
      </trkpt>
      <trkpt lat="58.35053" lon="22.023">
        <ele>15.7</ele>
      </trkpt>
      <trkpt lat="58.35039" lon="22.0227">
        <ele>15.7</ele>
      </trkpt>
      <trkpt lat="58.35018" lon="22.02231">
        <ele>15.7</ele>
      </trkpt>
      <trkpt lat="58.35002" lon="22.02189">
        <ele>15.8</ele>
      </trkpt>
      <trkpt lat="58.34972" lon="22.02101">
        <ele>15.9</ele>
      </trkpt>
      <trkpt lat="58.34942" lon="22.02013">
        <ele>14.9</ele>
      </trkpt>
      <trkpt lat="58.3491" lon="22.01908">
        <ele>14.9</ele>
      </trkpt>
      <trkpt lat="58.34879" lon="22.01803">
        <ele>14.4</ele>
      </trkpt>
      <trkpt lat="58.34876" lon="22.01784">
        <ele>14.2</ele>
      </trkpt>
      <trkpt lat="58.34874" lon="22.01761">
        <ele>14.0</ele>
      </trkpt>
      <trkpt lat="58.34877" lon="22.01732">
        <ele>13.9</ele>
      </trkpt>
      <trkpt lat="58.34891" lon="22.01623">
        <ele>12.5</ele>
      </trkpt>
      <trkpt lat="58.34906" lon="22.01515">
        <ele>9.3</ele>
      </trkpt>
      <trkpt lat="58.34917" lon="22.01456">
        <ele>8.0</ele>
      </trkpt>
      <trkpt lat="58.34919" lon="22.01439">
        <ele>7.6</ele>
      </trkpt>
      <trkpt lat="58.34917" lon="22.01419">
        <ele>7.1</ele>
      </trkpt>
      <trkpt lat="58.34911" lon="22.01396">
        <ele>6.5</ele>
      </trkpt>
      <trkpt lat="58.34873" lon="22.013">
        <ele>6.0</ele>
      </trkpt>
      <trkpt lat="58.34832" lon="22.01161">
        <ele>7.1</ele>
      </trkpt>
      <trkpt lat="58.3479" lon="22.01022">
        <ele>8.0</ele>
      </trkpt>
      <trkpt lat="58.34779" lon="22.00973">
        <ele>7.6</ele>
      </trkpt>
      <trkpt lat="58.3476" lon="22.00926">
        <ele>7.0</ele>
      </trkpt>
      <trkpt lat="58.34732" lon="22.00841">
        <ele>6.7</ele>
      </trkpt>
      <trkpt lat="58.34729" lon="22.00824">
        <ele>6.6</ele>
      </trkpt>
      <trkpt lat="58.3472" lon="22.00748">
        <ele>5.7</ele>
      </trkpt>
      <trkpt lat="58.34714" lon="22.00731">
        <ele>5.6</ele>
      </trkpt>
      <trkpt lat="58.34705" lon="22.00714">
        <ele>5.6</ele>
      </trkpt>
      <trkpt lat="58.34677" lon="22.00672">
        <ele>5.8</ele>
      </trkpt>
      <trkpt lat="58.34667" lon="22.00652">
        <ele>6.3</ele>
      </trkpt>
      <trkpt lat="58.34645" lon="22.0058">
        <ele>8.6</ele>
      </trkpt>
      <trkpt lat="58.34637" lon="22.00542">
        <ele>9.4</ele>
      </trkpt>
      <trkpt lat="58.34627" lon="22.00503">
        <ele>10.0</ele>
      </trkpt>
      <trkpt lat="58.34621" lon="22.00489">
        <ele>10.1</ele>
      </trkpt>
      <trkpt lat="58.34593" lon="22.00443">
        <ele>10.6</ele>
      </trkpt>
      <trkpt lat="58.34583" lon="22.00435">
        <ele>10.8</ele>
      </trkpt>
      <trkpt lat="58.34568" lon="22.00428">
        <ele>11.0</ele>
      </trkpt>
      <trkpt lat="58.34539" lon="22.00422">
        <ele>11.5</ele>
      </trkpt>
      <trkpt lat="58.34525" lon="22.00415">
        <ele>11.7</ele>
      </trkpt>
      <trkpt lat="58.34488" lon="22.00383">
        <ele>12.1</ele>
      </trkpt>
      <trkpt lat="58.34476" lon="22.00376">
        <ele>12.3</ele>
      </trkpt>
      <trkpt lat="58.34438" lon="22.00365">
        <ele>12.7</ele>
      </trkpt>
      <trkpt lat="58.34425" lon="22.00356">
        <ele>12.9</ele>
      </trkpt>
      <trkpt lat="58.34362" lon="22.0029">
        <ele>11.4</ele>
      </trkpt>
      <trkpt lat="58.34284" lon="22.00239">
        <ele>10.8</ele>
      </trkpt>
      <trkpt lat="58.34256" lon="22.00201">
        <ele>10.1</ele>
      </trkpt>
      <trkpt lat="58.34212" lon="22.00117">
        <ele>10.2</ele>
      </trkpt>
      <trkpt lat="58.3419" lon="22.00055">
        <ele>10.6</ele>
      </trkpt>
      <trkpt lat="58.34164" lon="21.99998">
        <ele>11.0</ele>
      </trkpt>
      <trkpt lat="58.34123" lon="21.99902">
        <ele>10.5</ele>
      </trkpt>
      <trkpt lat="58.34082" lon="21.99805">
        <ele>11.7</ele>
      </trkpt>
      <trkpt lat="58.34082" lon="21.99805">
        <ele>11.7</ele>
      </trkpt>
      <trkpt lat="58.34049" lon="21.99731">
        <ele>12.4</ele>
      </trkpt>
      <trkpt lat="58.34041" lon="21.99707">
        <ele>12.5</ele>
      </trkpt>
      <trkpt lat="58.34037" lon="21.99675">
        <ele>12.3</ele>
      </trkpt>
      <trkpt lat="58.34028" lon="21.99555">
        <ele>12.7</ele>
      </trkpt>
      <trkpt lat="58.34018" lon="21.9946">
        <ele>12.8</ele>
      </trkpt>
      <trkpt lat="58.33987" lon="21.99318">
        <ele>13.4</ele>
      </trkpt>
      <trkpt lat="58.33945" lon="21.99212">
        <ele>12.1</ele>
      </trkpt>
      <trkpt lat="58.33913" lon="21.99153">
        <ele>11.5</ele>
      </trkpt>
      <trkpt lat="58.33882" lon="21.99121">
        <ele>10.5</ele>
      </trkpt>
      <trkpt lat="58.33826" lon="21.99091">
        <ele>9.2</ele>
      </trkpt>
      <trkpt lat="58.33797" lon="21.9906">
        <ele>7.4</ele>
      </trkpt>
      <trkpt lat="58.33783" lon="21.99052">
        <ele>6.9</ele>
      </trkpt>
      <trkpt lat="58.33711" lon="21.99032">
        <ele>6.2</ele>
      </trkpt>
      <trkpt lat="58.33687" lon="21.99029">
        <ele>6.2</ele>
      </trkpt>
      <trkpt lat="58.33676" lon="21.99021">
        <ele>6.2</ele>
      </trkpt>
      <trkpt lat="58.3365" lon="21.99016">
        <ele>6.3</ele>
      </trkpt>
      <trkpt lat="58.33629" lon="21.99021">
        <ele>6.4</ele>
      </trkpt>
      <trkpt lat="58.33571" lon="21.99042">
        <ele>6.8</ele>
      </trkpt>
      <trkpt lat="58.33503" lon="21.99071">
        <ele>8.8</ele>
      </trkpt>
      <trkpt lat="58.33436" lon="21.991">
        <ele>10.0</ele>
      </trkpt>
      <trkpt lat="58.33403" lon="21.99106">
        <ele>10.9</ele>
      </trkpt>
      <trkpt lat="58.33354" lon="21.99109">
        <ele>13.3</ele>
      </trkpt>
      <trkpt lat="58.33305" lon="21.99106">
        <ele>14.6</ele>
      </trkpt>
      <trkpt lat="58.33221" lon="21.99081">
        <ele>15.3</ele>
      </trkpt>
      <trkpt lat="58.3316" lon="21.99067">
        <ele>15.7</ele>
      </trkpt>
      <trkpt lat="58.33099" lon="21.99054">
        <ele>14.8</ele>
      </trkpt>
      <trkpt lat="58.33021" lon="21.99054">
        <ele>13.6</ele>
      </trkpt>
      <trkpt lat="58.32973" lon="21.99048">
        <ele>13.0</ele>
      </trkpt>
      <trkpt lat="58.32914" lon="21.99011">
        <ele>12.1</ele>
      </trkpt>
      <trkpt lat="58.32903" lon="21.99">
        <ele>11.8</ele>
      </trkpt>
      <trkpt lat="58.32841" lon="21.98896">
        <ele>10.9</ele>
      </trkpt>
      <trkpt lat="58.32808" lon="21.98852">
        <ele>11.8</ele>
      </trkpt>
      <trkpt lat="58.32783" lon="21.98831">
        <ele>12.8</ele>
      </trkpt>
      <trkpt lat="58.32769" lon="21.9882">
        <ele>13.1</ele>
      </trkpt>
      <trkpt lat="58.32723" lon="21.98806">
        <ele>13.3</ele>
      </trkpt>
      <trkpt lat="58.32678" lon="21.98791">
        <ele>13.0</ele>
      </trkpt>
      <trkpt lat="58.32595" lon="21.98749">
        <ele>17.2</ele>
      </trkpt>
      <trkpt lat="58.32546" lon="21.9871">
        <ele>17.6</ele>
      </trkpt>
      <trkpt lat="58.325" lon="21.98662">
        <ele>16.9</ele>
      </trkpt>
      <trkpt lat="58.32454" lon="21.98615">
        <ele>13.6</ele>
      </trkpt>
      <trkpt lat="58.32414" lon="21.98565">
        <ele>11.0</ele>
      </trkpt>
      <trkpt lat="58.32373" lon="21.98516">
        <ele>10.5</ele>
      </trkpt>
      <trkpt lat="58.323" lon="21.98443">
        <ele>10.8</ele>
      </trkpt>
      <trkpt lat="58.32281" lon="21.98422">
        <ele>11.0</ele>
      </trkpt>
      <trkpt lat="58.32266" lon="21.98395">
        <ele>11.0</ele>
      </trkpt>
      <trkpt lat="58.32246" lon="21.98368">
        <ele>11.0</ele>
      </trkpt>
      <trkpt lat="58.32208" lon="21.98341">
        <ele>11.0</ele>
      </trkpt>
      <trkpt lat="58.32154" lon="21.98329">
        <ele>10.6</ele>
      </trkpt>
      <trkpt lat="58.32099" lon="21.98318">
        <ele>9.2</ele>
      </trkpt>
      <trkpt lat="58.32081" lon="21.98306">
        <ele>8.7</ele>
      </trkpt>
      <trkpt lat="58.32057" lon="21.98274">
        <ele>8.7</ele>
      </trkpt>
      <trkpt lat="58.3203" lon="21.98228">
        <ele>8.5</ele>
      </trkpt>
      <trkpt lat="58.32" lon="21.98169">
        <ele>8.0</ele>
      </trkpt>
      <trkpt lat="58.31959" lon="21.98069">
        <ele>8.4</ele>
      </trkpt>
      <trkpt lat="58.31947" lon="21.98033">
        <ele>8.7</ele>
      </trkpt>
      <trkpt lat="58.31926" lon="21.97949">
        <ele>9.5</ele>
      </trkpt>
      <trkpt lat="58.31905" lon="21.97864">
        <ele>10.4</ele>
      </trkpt>
      <trkpt lat="58.31897" lon="21.97811">
        <ele>10.4</ele>
      </trkpt>
      <trkpt lat="58.31894" lon="21.9773">
        <ele>9.8</ele>
      </trkpt>
      <trkpt lat="58.31895" lon="21.97643">
        <ele>9.7</ele>
      </trkpt>
      <trkpt lat="58.31892" lon="21.97583">
        <ele>10.0</ele>
      </trkpt>
      <trkpt lat="58.31889" lon="21.97533">
        <ele>10.0</ele>
      </trkpt>
      <trkpt lat="58.31882" lon="21.97492">
        <ele>10.1</ele>
      </trkpt>
      <trkpt lat="58.31862" lon="21.97399">
        <ele>11.0</ele>
      </trkpt>
      <trkpt lat="58.31824" lon="21.97297">
        <ele>11.1</ele>
      </trkpt>
      <trkpt lat="58.31789" lon="21.97225">
        <ele>10.8</ele>
      </trkpt>
      <trkpt lat="58.31772" lon="21.97173">
        <ele>10.3</ele>
      </trkpt>
      <trkpt lat="58.31755" lon="21.97112">
        <ele>8.7</ele>
      </trkpt>
      <trkpt lat="58.31736" lon="21.97063">
        <ele>7.8</ele>
      </trkpt>
      <trkpt lat="58.3168" lon="21.96934">
        <ele>8.5</ele>
      </trkpt>
      <trkpt lat="58.31671" lon="21.96906">
        <ele>8.9</ele>
      </trkpt>
      <trkpt lat="58.31665" lon="21.9688">
        <ele>9.0</ele>
      </trkpt>
      <trkpt lat="58.31655" lon="21.96794">
        <ele>8.9</ele>
      </trkpt>
      <trkpt lat="58.31652" lon="21.96715">
        <ele>8.8</ele>
      </trkpt>
      <trkpt lat="58.31647" lon="21.96659">
        <ele>8.7</ele>
      </trkpt>
      <trkpt lat="58.31642" lon="21.96562">
        <ele>7.5</ele>
      </trkpt>
      <trkpt lat="58.31638" lon="21.96534">
        <ele>7.3</ele>
      </trkpt>
      <trkpt lat="58.3163" lon="21.96504">
        <ele>7.0</ele>
      </trkpt>
      <trkpt lat="58.31612" lon="21.96475">
        <ele>7.0</ele>
      </trkpt>
      <trkpt lat="58.31586" lon="21.96442">
        <ele>7.6</ele>
      </trkpt>
      <trkpt lat="58.31574" lon="21.9643">
        <ele>7.9</ele>
      </trkpt>
      <trkpt lat="58.31514" lon="21.96383">
        <ele>8.0</ele>
      </trkpt>
      <trkpt lat="58.31494" lon="21.96363">
        <ele>8.1</ele>
      </trkpt>
      <trkpt lat="58.31472" lon="21.96337">
        <ele>8.3</ele>
      </trkpt>
      <trkpt lat="58.31434" lon="21.96273">
        <ele>8.2</ele>
      </trkpt>
      <trkpt lat="58.31423" lon="21.96246">
        <ele>8.0</ele>
      </trkpt>
      <trkpt lat="58.31398" lon="21.96149">
        <ele>8.3</ele>
      </trkpt>
      <trkpt lat="58.31372" lon="21.96052">
        <ele>10.8</ele>
      </trkpt>
      <trkpt lat="58.31362" lon="21.96009">
        <ele>11.3</ele>
      </trkpt>
      <trkpt lat="58.31348" lon="21.95974">
        <ele>12.0</ele>
      </trkpt>
      <trkpt lat="58.31328" lon="21.95917">
        <ele>13.0</ele>
      </trkpt>
      <trkpt lat="58.31304" lon="21.95874">
        <ele>13.0</ele>
      </trkpt>
      <trkpt lat="58.31286" lon="21.958">
        <ele>12.0</ele>
      </trkpt>
      <trkpt lat="58.31276" lon="21.95773">
        <ele>11.3</ele>
      </trkpt>
      <trkpt lat="58.31244" lon="21.95727">
        <ele>10.7</ele>
      </trkpt>
      <trkpt lat="58.31225" lon="21.9569">
        <ele>10.3</ele>
      </trkpt>
      <trkpt lat="58.31214" lon="21.95659">
        <ele>10.0</ele>
      </trkpt>
      <trkpt lat="58.31199" lon="21.95638">
        <ele>10.2</ele>
      </trkpt>
      <trkpt lat="58.31185" lon="21.95625">
        <ele>10.4</ele>
      </trkpt>
      <trkpt lat="58.31175" lon="21.95618">
        <ele>10.5</ele>
      </trkpt>
      <trkpt lat="58.31157" lon="21.95616">
        <ele>10.4</ele>
      </trkpt>
      <trkpt lat="58.31098" lon="21.95636">
        <ele>8.9</ele>
      </trkpt>
      <trkpt lat="58.31039" lon="21.95656">
        <ele>8.8</ele>
      </trkpt>
      <trkpt lat="58.31021" lon="21.95657">
        <ele>8.8</ele>
      </trkpt>
      <trkpt lat="58.3101" lon="21.9565">
        <ele>8.6</ele>
      </trkpt>
      <trkpt lat="58.30971" lon="21.95603">
        <ele>7.8</ele>
      </trkpt>
      <trkpt lat="58.30948" lon="21.95578">
        <ele>7.6</ele>
      </trkpt>
      <trkpt lat="58.3093" lon="21.95565">
        <ele>7.6</ele>
      </trkpt>
      <trkpt lat="58.30913" lon="21.95563">
        <ele>7.8</ele>
      </trkpt>
      <trkpt lat="58.30891" lon="21.95553">
        <ele>7.6</ele>
      </trkpt>
      <trkpt lat="58.30848" lon="21.95506">
        <ele>7.1</ele>
      </trkpt>
      <trkpt lat="58.3083" lon="21.95489">
        <ele>6.8</ele>
      </trkpt>
      <trkpt lat="58.30807" lon="21.95488">
        <ele>7.0</ele>
      </trkpt>
      <trkpt lat="58.3077" lon="21.95517">
        <ele>8.0</ele>
      </trkpt>
      <trkpt lat="58.30741" lon="21.95514">
        <ele>8.3</ele>
      </trkpt>
      <trkpt lat="58.30722" lon="21.95506">
        <ele>8.4</ele>
      </trkpt>
      <trkpt lat="58.307" lon="21.95493">
        <ele>8.5</ele>
      </trkpt>
      <trkpt lat="58.3065" lon="21.95444">
        <ele>8.1</ele>
      </trkpt>
      <trkpt lat="58.306" lon="21.95395">
        <ele>6.9</ele>
      </trkpt>
      <trkpt lat="58.30542" lon="21.95302">
        <ele>6.3</ele>
      </trkpt>
      <trkpt lat="58.3053" lon="21.95271">
        <ele>6.4</ele>
      </trkpt>
      <trkpt lat="58.30518" lon="21.95247">
        <ele>6.6</ele>
      </trkpt>
      <trkpt lat="58.30499" lon="21.95216">
        <ele>7.0</ele>
      </trkpt>
      <trkpt lat="58.3048" lon="21.95192">
        <ele>7.8</ele>
      </trkpt>
      <trkpt lat="58.30434" lon="21.95142">
        <ele>10.7</ele>
      </trkpt>
      <trkpt lat="58.30399" lon="21.95101">
        <ele>12.4</ele>
      </trkpt>
      <trkpt lat="58.30365" lon="21.95055">
        <ele>12.5</ele>
      </trkpt>
      <trkpt lat="58.30332" lon="21.95004">
        <ele>12.0</ele>
      </trkpt>
      <trkpt lat="58.303" lon="21.9492">
        <ele>12.0</ele>
      </trkpt>
      <trkpt lat="58.30297" lon="21.94898">
        <ele>12.0</ele>
      </trkpt>
      <trkpt lat="58.30293" lon="21.94818">
        <ele>12.3</ele>
      </trkpt>
      <trkpt lat="58.30274" lon="21.94727">
        <ele>14.0</ele>
      </trkpt>
      <trkpt lat="58.30272" lon="21.94697">
        <ele>14.4</ele>
      </trkpt>
      <trkpt lat="58.30282" lon="21.94585">
        <ele>15.6</ele>
      </trkpt>
      <trkpt lat="58.30291" lon="21.94473">
        <ele>16.0</ele>
      </trkpt>
      <trkpt lat="58.30284" lon="21.94337">
        <ele>15.3</ele>
      </trkpt>
      <trkpt lat="58.30283" lon="21.94283">
        <ele>15.3</ele>
      </trkpt>
      <trkpt lat="58.30278" lon="21.94248">
        <ele>15.3</ele>
      </trkpt>
      <trkpt lat="58.30226" lon="21.94145">
        <ele>16.1</ele>
      </trkpt>
      <trkpt lat="58.3017" lon="21.94041">
        <ele>14.6</ele>
      </trkpt>
      <trkpt lat="58.301504" lon="21.939607">
        <ele>13.3</ele>
      </trkpt>
      <trkpt lat="58.3015" lon="21.93961">
        <ele>13.3</ele>
      </trkpt>
      <trkpt lat="58.3014" lon="21.93918">
        <ele>12.7</ele>
      </trkpt>
      <trkpt lat="58.30117" lon="21.93798">
        <ele>11.4</ele>
      </trkpt>
      <trkpt lat="58.30094" lon="21.93678">
        <ele>10.1</ele>
      </trkpt>
      <trkpt lat="58.3006" lon="21.93531">
        <ele>9.1</ele>
      </trkpt>
      <trkpt lat="58.30047" lon="21.93483">
        <ele>9.1</ele>
      </trkpt>
      <trkpt lat="58.30044" lon="21.93476">
        <ele>9.2</ele>
      </trkpt>
      <trkpt lat="58.30038" lon="21.93471">
        <ele>9.2</ele>
      </trkpt>
      <trkpt lat="58.30036" lon="21.93483">
        <ele>9.1</ele>
      </trkpt>
      <trkpt lat="58.29993" lon="21.93533">
        <ele>9.5</ele>
      </trkpt>
      <trkpt lat="58.29968" lon="21.93571">
        <ele>10.3</ele>
      </trkpt>
      <trkpt lat="58.29938" lon="21.9364">
        <ele>11.4</ele>
      </trkpt>
      <trkpt lat="58.29897" lon="21.93789">
        <ele>12.1</ele>
      </trkpt>
      <trkpt lat="58.29874" lon="21.93893">
        <ele>12.0</ele>
      </trkpt>
      <trkpt lat="58.2985" lon="21.93997">
        <ele>11.2</ele>
      </trkpt>
      <trkpt lat="58.29826" lon="21.94104">
        <ele>11.2</ele>
      </trkpt>
      <trkpt lat="58.29801" lon="21.94212">
        <ele>11.4</ele>
      </trkpt>
      <trkpt lat="58.2977" lon="21.94333">
        <ele>11.0</ele>
      </trkpt>
      <trkpt lat="58.2974" lon="21.94454">
        <ele>11.4</ele>
      </trkpt>
      <trkpt lat="58.29709" lon="21.94575">
        <ele>13.4</ele>
      </trkpt>
      <trkpt lat="58.29693" lon="21.94636">
        <ele>14.0</ele>
      </trkpt>
      <trkpt lat="58.29662" lon="21.94734">
        <ele>14.1</ele>
      </trkpt>
      <trkpt lat="58.29626" lon="21.94877">
        <ele>14.5</ele>
      </trkpt>
      <trkpt lat="58.29609" lon="21.94943">
        <ele>14.7</ele>
      </trkpt>
      <trkpt lat="58.29606" lon="21.94961">
        <ele>14.7</ele>
      </trkpt>
      <trkpt lat="58.29599" lon="21.95027">
        <ele>14.2</ele>
      </trkpt>
      <trkpt lat="58.29595" lon="21.95063">
        <ele>13.5</ele>
      </trkpt>
      <trkpt lat="58.29592" lon="21.95154">
        <ele>11.4</ele>
      </trkpt>
      <trkpt lat="58.29588" lon="21.95245">
        <ele>11.0</ele>
      </trkpt>
      <trkpt lat="58.29574" lon="21.95361">
        <ele>10.0</ele>
      </trkpt>
      <trkpt lat="58.29538" lon="21.95508">
        <ele>9.0</ele>
      </trkpt>
      <trkpt lat="58.29516" lon="21.95606">
        <ele>9.0</ele>
      </trkpt>
      <trkpt lat="58.29495" lon="21.95685">
        <ele>9.3</ele>
      </trkpt>
      <trkpt lat="58.29475" lon="21.9578">
        <ele>10.4</ele>
      </trkpt>
      <trkpt lat="58.29454" lon="21.95876">
        <ele>11.0</ele>
      </trkpt>
      <trkpt lat="58.29431" lon="21.96036">
        <ele>11.9</ele>
      </trkpt>
      <trkpt lat="58.29417" lon="21.96105">
        <ele>12.0</ele>
      </trkpt>
      <trkpt lat="58.29398" lon="21.96165">
        <ele>12.5</ele>
      </trkpt>
      <trkpt lat="58.29389" lon="21.96189">
        <ele>12.6</ele>
      </trkpt>
      <trkpt lat="58.29374" lon="21.96232">
        <ele>12.6</ele>
      </trkpt>
      <trkpt lat="58.29351" lon="21.96343">
        <ele>12.0</ele>
      </trkpt>
      <trkpt lat="58.29333" lon="21.9645">
        <ele>13.8</ele>
      </trkpt>
      <trkpt lat="58.29314" lon="21.96558">
        <ele>15.2</ele>
      </trkpt>
      <trkpt lat="58.29308" lon="21.96585">
        <ele>15.4</ele>
      </trkpt>
      <trkpt lat="58.29295" lon="21.9662">
        <ele>16.0</ele>
      </trkpt>
      <trkpt lat="58.29271" lon="21.9666">
        <ele>16.3</ele>
      </trkpt>
      <trkpt lat="58.29238" lon="21.96693">
        <ele>16.0</ele>
      </trkpt>
      <trkpt lat="58.29221" lon="21.96702">
        <ele>15.7</ele>
      </trkpt>
      <trkpt lat="58.29179" lon="21.96718">
        <ele>14.9</ele>
      </trkpt>
      <trkpt lat="58.29144" lon="21.96724">
        <ele>14.1</ele>
      </trkpt>
      <trkpt lat="58.29102" lon="21.96743">
        <ele>13.4</ele>
      </trkpt>
      <trkpt lat="58.29089" lon="21.96754">
        <ele>13.2</ele>
      </trkpt>
      <trkpt lat="58.29073" lon="21.96775">
        <ele>13.4</ele>
      </trkpt>
      <trkpt lat="58.29065" lon="21.96802">
        <ele>13.9</ele>
      </trkpt>
      <trkpt lat="58.29054" lon="21.96862">
        <ele>14.6</ele>
      </trkpt>
      <trkpt lat="58.29025" lon="21.9697">
        <ele>15.2</ele>
      </trkpt>
      <trkpt lat="58.29011" lon="21.97054">
        <ele>15.3</ele>
      </trkpt>
      <trkpt lat="58.28988" lon="21.97182">
        <ele>13.9</ele>
      </trkpt>
      <trkpt lat="58.28972" lon="21.97242">
        <ele>13.7</ele>
      </trkpt>
      <trkpt lat="58.28956" lon="21.9733">
        <ele>14.4</ele>
      </trkpt>
      <trkpt lat="58.28941" lon="21.97418">
        <ele>14.6</ele>
      </trkpt>
      <trkpt lat="58.28917" lon="21.97495">
        <ele>14.9</ele>
      </trkpt>
      <trkpt lat="58.28913" lon="21.97513">
        <ele>15.1</ele>
      </trkpt>
      <trkpt lat="58.28911" lon="21.97561">
        <ele>15.6</ele>
      </trkpt>
      <trkpt lat="58.289" lon="21.97622">
        <ele>16.4</ele>
      </trkpt>
      <trkpt lat="58.28863" lon="21.9769">
        <ele>16.2</ele>
      </trkpt>
      <trkpt lat="58.28857" lon="21.97705">
        <ele>16.0</ele>
      </trkpt>
      <trkpt lat="58.28845" lon="21.97789">
        <ele>16.0</ele>
      </trkpt>
      <trkpt lat="58.28829" lon="21.97922">
        <ele>17.0</ele>
      </trkpt>
      <trkpt lat="58.2882" lon="21.97964">
        <ele>17.2</ele>
      </trkpt>
      <trkpt lat="58.28795" lon="21.98046">
        <ele>17.1</ele>
      </trkpt>
      <trkpt lat="58.2877" lon="21.98128">
        <ele>16.9</ele>
      </trkpt>
      <trkpt lat="58.2872" lon="21.98213">
        <ele>16.4</ele>
      </trkpt>
      <trkpt lat="58.28707" lon="21.98239">
        <ele>16.0</ele>
      </trkpt>
      <trkpt lat="58.28683" lon="21.98257">
        <ele>15.2</ele>
      </trkpt>
      <trkpt lat="58.28652" lon="21.98288">
        <ele>14.0</ele>
      </trkpt>
      <trkpt lat="58.28636" lon="21.98324">
        <ele>13.2</ele>
      </trkpt>
      <trkpt lat="58.28618" lon="21.98369">
        <ele>13.2</ele>
      </trkpt>
      <trkpt lat="58.28594" lon="21.98422">
        <ele>13.1</ele>
      </trkpt>
      <trkpt lat="58.28589" lon="21.98445">
        <ele>13.1</ele>
      </trkpt>
      <trkpt lat="58.2857" lon="21.9854">
        <ele>13.2</ele>
      </trkpt>
      <trkpt lat="58.2856" lon="21.9858">
        <ele>13.3</ele>
      </trkpt>
      <trkpt lat="58.28524" lon="21.98666">
        <ele>13.7</ele>
      </trkpt>
      <trkpt lat="58.28512" lon="21.98703">
        <ele>13.9</ele>
      </trkpt>
      <trkpt lat="58.28509" lon="21.98723">
        <ele>13.9</ele>
      </trkpt>
      <trkpt lat="58.28498" lon="21.98766">
        <ele>14.1</ele>
      </trkpt>
      <trkpt lat="58.28483" lon="21.98833">
        <ele>14.2</ele>
      </trkpt>
      <trkpt lat="58.28473" lon="21.98918">
        <ele>13.0</ele>
      </trkpt>
      <trkpt lat="58.28464" lon="21.99051">
        <ele>12.1</ele>
      </trkpt>
      <trkpt lat="58.28454" lon="21.99183">
        <ele>12.6</ele>
      </trkpt>
      <trkpt lat="58.28455" lon="21.99239">
        <ele>12.9</ele>
      </trkpt>
      <trkpt lat="58.28457" lon="21.99273">
        <ele>13.1</ele>
      </trkpt>
      <trkpt lat="58.28463" lon="21.9937">
        <ele>13.0</ele>
      </trkpt>
      <trkpt lat="58.28468" lon="21.99467">
        <ele>11.5</ele>
      </trkpt>
      <trkpt lat="58.28472" lon="21.99501">
        <ele>11.0</ele>
      </trkpt>
      <trkpt lat="58.2848" lon="21.99531">
        <ele>10.9</ele>
      </trkpt>
      <trkpt lat="58.28497" lon="21.99567">
        <ele>11.0</ele>
      </trkpt>
      <trkpt lat="58.28513" lon="21.99615">
        <ele>11.0</ele>
      </trkpt>
      <trkpt lat="58.28525" lon="21.99672">
        <ele>11.0</ele>
      </trkpt>
      <trkpt lat="58.28528" lon="21.99719">
        <ele>11.0</ele>
      </trkpt>
      <trkpt lat="58.28528" lon="21.99772">
        <ele>11.0</ele>
      </trkpt>
      <trkpt lat="58.28526" lon="21.99897">
        <ele>11.0</ele>
      </trkpt>
      <trkpt lat="58.2853" lon="21.9998">
        <ele>11.8</ele>
      </trkpt>
      <trkpt lat="58.2853" lon="22.00029">
        <ele>12.0</ele>
      </trkpt>
      <trkpt lat="58.28523" lon="22.00068">
        <ele>12.0</ele>
      </trkpt>
      <trkpt lat="58.28504" lon="22.00164">
        <ele>12.0</ele>
      </trkpt>
      <trkpt lat="58.28502" lon="22.00218">
        <ele>12.0</ele>
      </trkpt>
      <trkpt lat="58.28504" lon="22.00257">
        <ele>12.1</ele>
      </trkpt>
      <trkpt lat="58.28499" lon="22.0029">
        <ele>12.5</ele>
      </trkpt>
      <trkpt lat="58.28455" lon="22.00388">
        <ele>12.5</ele>
      </trkpt>
      <trkpt lat="58.28411" lon="22.00486">
        <ele>12.7</ele>
      </trkpt>
      <trkpt lat="58.28394" lon="22.00508">
        <ele>12.5</ele>
      </trkpt>
      <trkpt lat="58.28348" lon="22.00528">
        <ele>11.6</ele>
      </trkpt>
      <trkpt lat="58.28332" lon="22.00544">
        <ele>11.5</ele>
      </trkpt>
      <trkpt lat="58.28279" lon="22.00616">
        <ele>12.1</ele>
      </trkpt>
      <trkpt lat="58.28249" lon="22.00693">
        <ele>12.0</ele>
      </trkpt>
      <trkpt lat="58.28213" lon="22.00753">
        <ele>12.4</ele>
      </trkpt>
      <trkpt lat="58.28198" lon="22.00795">
        <ele>12.6</ele>
      </trkpt>
      <trkpt lat="58.28182" lon="22.00874">
        <ele>12.8</ele>
      </trkpt>
      <trkpt lat="58.28165" lon="22.00941">
        <ele>13.0</ele>
      </trkpt>
      <trkpt lat="58.28121" lon="22.01067">
        <ele>12.9</ele>
      </trkpt>
      <trkpt lat="58.28089" lon="22.01141">
        <ele>13.6</ele>
      </trkpt>
      <trkpt lat="58.280799" lon="22.011747">
        <ele>13.9</ele>
      </trkpt>
      <trkpt lat="58.2808" lon="22.01175">
        <ele>13.9</ele>
      </trkpt>
      <trkpt lat="58.28075" lon="22.01193">
        <ele>13.8</ele>
      </trkpt>
      <trkpt lat="58.28079" lon="22.01231">
        <ele>13.9</ele>
      </trkpt>
      <trkpt lat="58.28088" lon="22.01256">
        <ele>13.9</ele>
      </trkpt>
      <trkpt lat="58.28117" lon="22.01311">
        <ele>13.6</ele>
      </trkpt>
      <trkpt lat="58.28129" lon="22.01344">
        <ele>13.5</ele>
      </trkpt>
      <trkpt lat="58.28137" lon="22.01385">
        <ele>13.4</ele>
      </trkpt>
      <trkpt lat="58.28144" lon="22.01444">
        <ele>13.3</ele>
      </trkpt>
      <trkpt lat="58.28149" lon="22.01487">
        <ele>13.2</ele>
      </trkpt>
      <trkpt lat="58.2815" lon="22.01526">
        <ele>13.2</ele>
      </trkpt>
      <trkpt lat="58.28147" lon="22.01542">
        <ele>13.2</ele>
      </trkpt>
      <trkpt lat="58.28138" lon="22.01573">
        <ele>13.3</ele>
      </trkpt>
      <trkpt lat="58.28128" lon="22.01591">
        <ele>13.5</ele>
      </trkpt>
      <trkpt lat="58.28123" lon="22.01613">
        <ele>13.5</ele>
      </trkpt>
      <trkpt lat="58.28122" lon="22.01631">
        <ele>13.5</ele>
      </trkpt>
      <trkpt lat="58.28158" lon="22.01709">
        <ele>13.1</ele>
      </trkpt>
      <trkpt lat="58.28194" lon="22.01786">
        <ele>12.9</ele>
      </trkpt>
      <trkpt lat="58.28224" lon="22.01873">
        <ele>12.7</ele>
      </trkpt>
      <trkpt lat="58.28255" lon="22.0196">
        <ele>12.5</ele>
      </trkpt>
      <trkpt lat="58.28269" lon="22.02008">
        <ele>12.2</ele>
      </trkpt>
      <trkpt lat="58.28281" lon="22.02055">
        <ele>12.4</ele>
      </trkpt>
      <trkpt lat="58.28295" lon="22.02152">
        <ele>12.9</ele>
      </trkpt>
      <trkpt lat="58.2831" lon="22.02215">
        <ele>13.0</ele>
      </trkpt>
      <trkpt lat="58.28324" lon="22.02255">
        <ele>13.1</ele>
      </trkpt>
      <trkpt lat="58.28336" lon="22.02277">
        <ele>13.3</ele>
      </trkpt>
      <trkpt lat="58.28358" lon="22.02311">
        <ele>13.8</ele>
      </trkpt>
      <trkpt lat="58.28388" lon="22.02344">
        <ele>14.1</ele>
      </trkpt>
      <trkpt lat="58.284" lon="22.02362">
        <ele>14.3</ele>
      </trkpt>
      <trkpt lat="58.28453" lon="22.02376">
        <ele>14.1</ele>
      </trkpt>
      <trkpt lat="58.28507" lon="22.02389">
        <ele>13.7</ele>
      </trkpt>
      <trkpt lat="58.28528" lon="22.02396">
        <ele>13.8</ele>
      </trkpt>
      <trkpt lat="58.28548" lon="22.02403">
        <ele>13.9</ele>
      </trkpt>
      <trkpt lat="58.28586" lon="22.0242">
        <ele>14.1</ele>
      </trkpt>
      <trkpt lat="58.28609" lon="22.02433">
        <ele>14.4</ele>
      </trkpt>
      <trkpt lat="58.28655" lon="22.02461">
        <ele>14.9</ele>
      </trkpt>
      <trkpt lat="58.28701" lon="22.02489">
        <ele>14.9</ele>
      </trkpt>
      <trkpt lat="58.28728" lon="22.02505">
        <ele>15.0</ele>
      </trkpt>
      <trkpt lat="58.28726" lon="22.025268">
        <ele>15.0</ele>
      </trkpt>
      <trkpt lat="58.28726" lon="22.02527">
        <ele>15.0</ele>
      </trkpt>
      <trkpt lat="58.28725" lon="22.02537">
        <ele>15.0</ele>
      </trkpt>
      <trkpt lat="58.28713" lon="22.02569">
        <ele>15.0</ele>
      </trkpt>
      <trkpt lat="58.28656" lon="22.02683">
        <ele>15.1</ele>
      </trkpt>
      <trkpt lat="58.28599" lon="22.02798">
        <ele>16.4</ele>
      </trkpt>
      <trkpt lat="58.28543" lon="22.02913">
        <ele>16.0</ele>
      </trkpt>
      <trkpt lat="58.28487" lon="22.03027">
        <ele>16.6</ele>
      </trkpt>
      <trkpt lat="58.28455" lon="22.03158">
        <ele>15.6</ele>
      </trkpt>
      <trkpt lat="58.28446" lon="22.03212">
        <ele>15.6</ele>
      </trkpt>
      <trkpt lat="58.2842" lon="22.03376">
        <ele>15.0</ele>
      </trkpt>
      <trkpt lat="58.28394" lon="22.03539">
        <ele>15.1</ele>
      </trkpt>
      <trkpt lat="58.28369" lon="22.03703">
        <ele>15.3</ele>
      </trkpt>
      <trkpt lat="58.28343" lon="22.03867">
        <ele>16.3</ele>
      </trkpt>
      <trkpt lat="58.28317" lon="22.0403">
        <ele>16.8</ele>
      </trkpt>
      <trkpt lat="58.28312" lon="22.04083">
        <ele>16.7</ele>
      </trkpt>
      <trkpt lat="58.28303" lon="22.04179">
        <ele>16.6</ele>
      </trkpt>
      <trkpt lat="58.28293" lon="22.04275">
        <ele>16.8</ele>
      </trkpt>
      <trkpt lat="58.28285" lon="22.04435">
        <ele>17.5</ele>
      </trkpt>
      <trkpt lat="58.28276" lon="22.04596">
        <ele>18.8</ele>
      </trkpt>
      <trkpt lat="58.28268" lon="22.04756">
        <ele>20.3</ele>
      </trkpt>
      <trkpt lat="58.28259" lon="22.04916">
        <ele>22.0</ele>
      </trkpt>
      <trkpt lat="58.28251" lon="22.05076">
        <ele>24.0</ele>
      </trkpt>
      <trkpt lat="58.28242" lon="22.05236">
        <ele>24.6</ele>
      </trkpt>
      <trkpt lat="58.28234" lon="22.05396">
        <ele>23.6</ele>
      </trkpt>
      <trkpt lat="58.28218" lon="22.0551">
        <ele>24.5</ele>
      </trkpt>
      <trkpt lat="58.28187" lon="22.05642">
        <ele>25.9</ele>
      </trkpt>
      <trkpt lat="58.28156" lon="22.05774">
        <ele>25.7</ele>
      </trkpt>
      <trkpt lat="58.28109" lon="22.05912">
        <ele>25.7</ele>
      </trkpt>
      <trkpt lat="58.28049" lon="22.06037">
        <ele>27.0</ele>
      </trkpt>
      <trkpt lat="58.27989" lon="22.06162">
        <ele>27.4</ele>
      </trkpt>
      <trkpt lat="58.27929" lon="22.06286">
        <ele>29.3</ele>
      </trkpt>
      <trkpt lat="58.27869" lon="22.06411">
        <ele>29.0</ele>
      </trkpt>
      <trkpt lat="58.2781" lon="22.06536">
        <ele>28.3</ele>
      </trkpt>
      <trkpt lat="58.2775" lon="22.0666">
        <ele>28.1</ele>
      </trkpt>
      <trkpt lat="58.27706" lon="22.06755">
        <ele>28.0</ele>
      </trkpt>
      <trkpt lat="58.27715" lon="22.06776">
        <ele>27.8</ele>
      </trkpt>
      <trkpt lat="58.2772" lon="22.06802">
        <ele>27.6</ele>
      </trkpt>
      <trkpt lat="58.2772" lon="22.06841">
        <ele>27.4</ele>
      </trkpt>
      <trkpt lat="58.27714" lon="22.06975">
        <ele>27.4</ele>
      </trkpt>
      <trkpt lat="58.27707" lon="22.07108">
        <ele>27.5</ele>
      </trkpt>
      <trkpt lat="58.27707" lon="22.07194">
        <ele>27.3</ele>
      </trkpt>
      <trkpt lat="58.27709" lon="22.07326">
        <ele>26.1</ele>
      </trkpt>
      <trkpt lat="58.27709" lon="22.07326">
        <ele>26.1</ele>
      </trkpt>
      <trkpt lat="58.27711" lon="22.07422">
        <ele>25.4</ele>
      </trkpt>
      <trkpt lat="58.27713" lon="22.07517">
        <ele>24.1</ele>
      </trkpt>
      <trkpt lat="58.27725" lon="22.07644">
        <ele>25.1</ele>
      </trkpt>
      <trkpt lat="58.27736" lon="22.07772">
        <ele>25.4</ele>
      </trkpt>
      <trkpt lat="58.27744" lon="22.07826">
        <ele>25.0</ele>
      </trkpt>
      <trkpt lat="58.27763" lon="22.07942">
        <ele>22.6</ele>
      </trkpt>
      <trkpt lat="58.27783" lon="22.08059">
        <ele>21.8</ele>
      </trkpt>
      <trkpt lat="58.27802" lon="22.08175">
        <ele>21.3</ele>
      </trkpt>
      <trkpt lat="58.27834" lon="22.08334">
        <ele>24.0</ele>
      </trkpt>
      <trkpt lat="58.27867" lon="22.08492">
        <ele>23.2</ele>
      </trkpt>
      <trkpt lat="58.27899" lon="22.08651">
        <ele>24.4</ele>
      </trkpt>
      <trkpt lat="58.27932" lon="22.08809">
        <ele>24.2</ele>
      </trkpt>
      <trkpt lat="58.27964" lon="22.08967">
        <ele>24.0</ele>
      </trkpt>
      <trkpt lat="58.27997" lon="22.09126">
        <ele>23.5</ele>
      </trkpt>
      <trkpt lat="58.28025" lon="22.0926">
        <ele>23.9</ele>
      </trkpt>
      <trkpt lat="58.28053" lon="22.09394">
        <ele>26.2</ele>
      </trkpt>
      <trkpt lat="58.28081" lon="22.09528">
        <ele>29.6</ele>
      </trkpt>
      <trkpt lat="58.2809" lon="22.09568">
        <ele>30.7</ele>
      </trkpt>
      <trkpt lat="58.28128" lon="22.09698">
        <ele>34.1</ele>
      </trkpt>
      <trkpt lat="58.28166" lon="22.09828">
        <ele>37.9</ele>
      </trkpt>
      <trkpt lat="58.28204" lon="22.09959">
        <ele>39.8</ele>
      </trkpt>
      <trkpt lat="58.28254" lon="22.10066">
        <ele>40.9</ele>
      </trkpt>
      <trkpt lat="58.28271" lon="22.10091">
        <ele>41.8</ele>
      </trkpt>
      <trkpt lat="58.28333" lon="22.10172">
        <ele>44.1</ele>
      </trkpt>
      <trkpt lat="58.28406" lon="22.10258">
        <ele>45.1</ele>
      </trkpt>
      <trkpt lat="58.28479" lon="22.10343">
        <ele>44.6</ele>
      </trkpt>
      <trkpt lat="58.285" lon="22.10378">
        <ele>44.5</ele>
      </trkpt>
      <trkpt lat="58.28549" lon="22.10322">
        <ele>44.6</ele>
      </trkpt>
      <trkpt lat="58.28577" lon="22.1027">
        <ele>44.3</ele>
      </trkpt>
      <trkpt lat="58.28629" lon="22.10204">
        <ele>45.3</ele>
      </trkpt>
      <trkpt lat="58.28654" lon="22.10178">
        <ele>45.8</ele>
      </trkpt>
      <trkpt lat="58.28722" lon="22.10158">
        <ele>47.9</ele>
      </trkpt>
      <trkpt lat="58.28752" lon="22.10116">
        <ele>48.4</ele>
      </trkpt>
      <trkpt lat="58.28817" lon="22.10031">
        <ele>48.7</ele>
      </trkpt>
      <trkpt lat="58.28889" lon="22.09965">
        <ele>49.3</ele>
      </trkpt>
      <trkpt lat="58.28909" lon="22.09919">
        <ele>47.8</ele>
      </trkpt>
      <trkpt lat="58.28939" lon="22.09875">
        <ele>47.9</ele>
      </trkpt>
      <trkpt lat="58.28969" lon="22.09851">
        <ele>49.2</ele>
      </trkpt>
      <trkpt lat="58.29003" lon="22.09839">
        <ele>51.5</ele>
      </trkpt>
      <trkpt lat="58.29026" lon="22.09822">
        <ele>52.9</ele>
      </trkpt>
      <trkpt lat="58.29052" lon="22.098">
        <ele>54.3</ele>
      </trkpt>
      <trkpt lat="58.29084" lon="22.09717">
        <ele>54.2</ele>
      </trkpt>
      <trkpt lat="58.29137" lon="22.09641">
        <ele>56.4</ele>
      </trkpt>
      <trkpt lat="58.29167" lon="22.09611">
        <ele>58.3</ele>
      </trkpt>
      <trkpt lat="58.29197" lon="22.09602">
        <ele>57.7</ele>
      </trkpt>
      <trkpt lat="58.29241" lon="22.09628">
        <ele>56.7</ele>
      </trkpt>
      <trkpt lat="58.29271" lon="22.09659">
        <ele>56.1</ele>
      </trkpt>
      <trkpt lat="58.29316" lon="22.09691">
        <ele>55.7</ele>
      </trkpt>
      <trkpt lat="58.29342" lon="22.09695">
        <ele>55.7</ele>
      </trkpt>
      <trkpt lat="58.29364" lon="22.09692">
        <ele>55.8</ele>
      </trkpt>
      <trkpt lat="58.29402" lon="22.09712">
        <ele>55.9</ele>
      </trkpt>
      <trkpt lat="58.29472" lon="22.09758">
        <ele>55.2</ele>
      </trkpt>
      <trkpt lat="58.29506" lon="22.09793">
        <ele>54.5</ele>
      </trkpt>
      <trkpt lat="58.29536" lon="22.09841">
        <ele>54.0</ele>
      </trkpt>
      <trkpt lat="58.29546" lon="22.09872">
        <ele>54.0</ele>
      </trkpt>
      <trkpt lat="58.29555" lon="22.09893">
        <ele>54.0</ele>
      </trkpt>
      <trkpt lat="58.29586" lon="22.09914">
        <ele>54.1</ele>
      </trkpt>
      <trkpt lat="58.29578" lon="22.09932">
        <ele>54.0</ele>
      </trkpt>
      <trkpt lat="58.29578" lon="22.09932">
        <ele>54.0</ele>
      </trkpt>
      <trkpt lat="58.29574" lon="22.09941">
        <ele>54.0</ele>
      </trkpt>
      <trkpt lat="58.29527" lon="22.10069">
        <ele>54.4</ele>
      </trkpt>
      <trkpt lat="58.29512" lon="22.10121">
        <ele>54.8</ele>
      </trkpt>
      <trkpt lat="58.29495" lon="22.10167">
        <ele>55.0</ele>
      </trkpt>
      <trkpt lat="58.29481" lon="22.10184">
        <ele>55.5</ele>
      </trkpt>
      <trkpt lat="58.29468" lon="22.10205">
        <ele>56.0</ele>
      </trkpt>
      <trkpt lat="58.29461" lon="22.10229">
        <ele>56.5</ele>
      </trkpt>
      <trkpt lat="58.29454" lon="22.10284">
        <ele>57.7</ele>
      </trkpt>
      <trkpt lat="58.29444" lon="22.10339">
        <ele>58.3</ele>
      </trkpt>
      <trkpt lat="58.29408" lon="22.10408">
        <ele>57.0</ele>
      </trkpt>
      <trkpt lat="58.29384" lon="22.10448">
        <ele>56.6</ele>
      </trkpt>
      <trkpt lat="58.29342" lon="22.10499">
        <ele>56.0</ele>
      </trkpt>
      <trkpt lat="58.29297" lon="22.10564">
        <ele>55.9</ele>
      </trkpt>
      <trkpt lat="58.29288" lon="22.10584">
        <ele>56.0</ele>
      </trkpt>
      <trkpt lat="58.29282" lon="22.10609">
        <ele>56.3</ele>
      </trkpt>
      <trkpt lat="58.29276" lon="22.10732">
        <ele>57.0</ele>
      </trkpt>
      <trkpt lat="58.2926" lon="22.10848">
        <ele>56.1</ele>
      </trkpt>
      <trkpt lat="58.29235" lon="22.10929">
        <ele>55.9</ele>
      </trkpt>
      <trkpt lat="58.29209" lon="22.11029">
        <ele>55.3</ele>
      </trkpt>
      <trkpt lat="58.29182" lon="22.11128">
        <ele>56.6</ele>
      </trkpt>
      <trkpt lat="58.29257" lon="22.11163">
        <ele>58.1</ele>
      </trkpt>
      <trkpt lat="58.29325" lon="22.11221">
        <ele>59.9</ele>
      </trkpt>
      <trkpt lat="58.29393" lon="22.11278">
        <ele>59.0</ele>
      </trkpt>
      <trkpt lat="58.29462" lon="22.11336">
        <ele>59.1</ele>
      </trkpt>
      <trkpt lat="58.2953" lon="22.11394">
        <ele>59.3</ele>
      </trkpt>
      <trkpt lat="58.29592" lon="22.11455">
        <ele>58.8</ele>
      </trkpt>
      <trkpt lat="58.29655" lon="22.11517">
        <ele>61.4</ele>
      </trkpt>
      <trkpt lat="58.29717" lon="22.11578">
        <ele>61.6</ele>
      </trkpt>
      <trkpt lat="58.2978" lon="22.1164">
        <ele>60.2</ele>
      </trkpt>
      <trkpt lat="58.29861" lon="22.11676">
        <ele>57.9</ele>
      </trkpt>
      <trkpt lat="58.29942" lon="22.11712">
        <ele>57.2</ele>
      </trkpt>
      <trkpt lat="58.30008" lon="22.1176">
        <ele>57.0</ele>
      </trkpt>
      <trkpt lat="58.30074" lon="22.11807">
        <ele>58.8</ele>
      </trkpt>
      <trkpt lat="58.30139" lon="22.11855">
        <ele>59.5</ele>
      </trkpt>
      <trkpt lat="58.30205" lon="22.11903">
        <ele>60.1</ele>
      </trkpt>
      <trkpt lat="58.30242" lon="22.11955">
        <ele>59.9</ele>
      </trkpt>
      <trkpt lat="58.3028" lon="22.12007">
        <ele>59.9</ele>
      </trkpt>
      <trkpt lat="58.30323" lon="22.12113">
        <ele>59.8</ele>
      </trkpt>
      <trkpt lat="58.30366" lon="22.12218">
        <ele>60.2</ele>
      </trkpt>
      <trkpt lat="58.30409" lon="22.12324">
        <ele>61.7</ele>
      </trkpt>
      <trkpt lat="58.30452" lon="22.1243">
        <ele>61.8</ele>
      </trkpt>
      <trkpt lat="58.30499" lon="22.12535">
        <ele>60.6</ele>
      </trkpt>
      <trkpt lat="58.30546" lon="22.12639">
        <ele>59.6</ele>
      </trkpt>
      <trkpt lat="58.30592" lon="22.12744">
        <ele>59.0</ele>
      </trkpt>
      <trkpt lat="58.30658" lon="22.12806">
        <ele>58.6</ele>
      </trkpt>
      <trkpt lat="58.30697" lon="22.12906">
        <ele>58.6</ele>
      </trkpt>
      <trkpt lat="58.30736" lon="22.13006">
        <ele>59.9</ele>
      </trkpt>
      <trkpt lat="58.30776" lon="22.13106">
        <ele>58.6</ele>
      </trkpt>
      <trkpt lat="58.30801" lon="22.13174">
        <ele>58.6</ele>
      </trkpt>
      <trkpt lat="58.3081" lon="22.13188">
        <ele>58.5</ele>
      </trkpt>
      <trkpt lat="58.30871" lon="22.13251">
        <ele>57.5</ele>
      </trkpt>
      <trkpt lat="58.308723" lon="22.132524">
        <ele>57.5</ele>
      </trkpt>
      <trkpt lat="58.30872" lon="22.13252">
        <ele>57.5</ele>
      </trkpt>
      <trkpt lat="58.30932" lon="22.13315">
        <ele>56.3</ele>
      </trkpt>
      <trkpt lat="58.30992" lon="22.13377">
        <ele>57.4</ele>
      </trkpt>
      <trkpt lat="58.31035" lon="22.13384">
        <ele>57.9</ele>
      </trkpt>
      <trkpt lat="58.31001" lon="22.13436">
        <ele>58.2</ele>
      </trkpt>
      <trkpt lat="58.30974" lon="22.13485">
        <ele>58.5</ele>
      </trkpt>
      <trkpt lat="58.30956" lon="22.13533">
        <ele>58.1</ele>
      </trkpt>
      <trkpt lat="58.30946" lon="22.13576">
        <ele>57.7</ele>
      </trkpt>
      <trkpt lat="58.30943" lon="22.13614">
        <ele>57.6</ele>
      </trkpt>
      <trkpt lat="58.30945" lon="22.13642">
        <ele>57.4</ele>
      </trkpt>
      <trkpt lat="58.30953" lon="22.13682">
        <ele>56.6</ele>
      </trkpt>
      <trkpt lat="58.30972" lon="22.13757">
        <ele>54.9</ele>
      </trkpt>
      <trkpt lat="58.30976" lon="22.13794">
        <ele>54.2</ele>
      </trkpt>
      <trkpt lat="58.3097" lon="22.13853">
        <ele>53.3</ele>
      </trkpt>
      <trkpt lat="58.30964" lon="22.13874">
        <ele>53.0</ele>
      </trkpt>
      <trkpt lat="58.30954" lon="22.13903">
        <ele>52.3</ele>
      </trkpt>
      <trkpt lat="58.30913" lon="22.1397">
        <ele>50.1</ele>
      </trkpt>
      <trkpt lat="58.3087" lon="22.14063">
        <ele>48.0</ele>
      </trkpt>
      <trkpt lat="58.30826" lon="22.14156">
        <ele>46.0</ele>
      </trkpt>
      <trkpt lat="58.30783" lon="22.14249">
        <ele>45.0</ele>
      </trkpt>
      <trkpt lat="58.3075" lon="22.14353">
        <ele>44.0</ele>
      </trkpt>
      <trkpt lat="58.30717" lon="22.14458">
        <ele>44.8</ele>
      </trkpt>
      <trkpt lat="58.30702" lon="22.14572">
        <ele>45.2</ele>
      </trkpt>
      <trkpt lat="58.30686" lon="22.14687">
        <ele>45.3</ele>
      </trkpt>
      <trkpt lat="58.307" lon="22.14849">
        <ele>44.1</ele>
      </trkpt>
      <trkpt lat="58.30714" lon="22.15011">
        <ele>42.2</ele>
      </trkpt>
      <trkpt lat="58.30728" lon="22.15174">
        <ele>40.1</ele>
      </trkpt>
      <trkpt lat="58.30742" lon="22.15336">
        <ele>39.5</ele>
      </trkpt>
      <trkpt lat="58.30756" lon="22.15498">
        <ele>38.8</ele>
      </trkpt>
      <trkpt lat="58.3077" lon="22.15661">
        <ele>40.9</ele>
      </trkpt>
      <trkpt lat="58.30812" lon="22.15787">
        <ele>39.5</ele>
      </trkpt>
      <trkpt lat="58.30853" lon="22.15913">
        <ele>39.5</ele>
      </trkpt>
      <trkpt lat="58.30894" lon="22.16039">
        <ele>40.2</ele>
      </trkpt>
      <trkpt lat="58.30936" lon="22.16165">
        <ele>42.4</ele>
      </trkpt>
      <trkpt lat="58.30977" lon="22.16291">
        <ele>42.5</ele>
      </trkpt>
      <trkpt lat="58.3098" lon="22.16316">
        <ele>42.3</ele>
      </trkpt>
      <trkpt lat="58.30979" lon="22.16333">
        <ele>42.3</ele>
      </trkpt>
      <trkpt lat="58.30956" lon="22.16473">
        <ele>42.2</ele>
      </trkpt>
      <trkpt lat="58.30933" lon="22.16614">
        <ele>40.9</ele>
      </trkpt>
      <trkpt lat="58.30909" lon="22.16754">
        <ele>39.0</ele>
      </trkpt>
      <trkpt lat="58.30886" lon="22.16895">
        <ele>38.8</ele>
      </trkpt>
      <trkpt lat="58.30863" lon="22.17035">
        <ele>38.7</ele>
      </trkpt>
      <trkpt lat="58.30839" lon="22.17176">
        <ele>38.1</ele>
      </trkpt>
      <trkpt lat="58.30839" lon="22.17203">
        <ele>38.1</ele>
      </trkpt>
      <trkpt lat="58.30841" lon="22.17223">
        <ele>38.1</ele>
      </trkpt>
      <trkpt lat="58.30848" lon="22.17258">
        <ele>38.1</ele>
      </trkpt>
      <trkpt lat="58.30878" lon="22.1739">
        <ele>37.5</ele>
      </trkpt>
      <trkpt lat="58.30908" lon="22.17523">
        <ele>36.6</ele>
      </trkpt>
      <trkpt lat="58.30938" lon="22.17656">
        <ele>37.9</ele>
      </trkpt>
      <trkpt lat="58.30938" lon="22.17656">
        <ele>37.9</ele>
      </trkpt>
      <trkpt lat="58.30971" lon="22.178">
        <ele>37.8</ele>
      </trkpt>
      <trkpt lat="58.31004" lon="22.17944">
        <ele>37.7</ele>
      </trkpt>
      <trkpt lat="58.31036" lon="22.18087">
        <ele>37.8</ele>
      </trkpt>
      <trkpt lat="58.31069" lon="22.18231">
        <ele>38.7</ele>
      </trkpt>
      <trkpt lat="58.31102" lon="22.18375">
        <ele>37.9</ele>
      </trkpt>
      <trkpt lat="58.31135" lon="22.18519">
        <ele>40.0</ele>
      </trkpt>
      <trkpt lat="58.31159" lon="22.18517">
        <ele>40.0</ele>
      </trkpt>
      <trkpt lat="58.31208" lon="22.18511">
        <ele>39.5</ele>
      </trkpt>
      <trkpt lat="58.31256" lon="22.18505">
        <ele>38.9</ele>
      </trkpt>
      <trkpt lat="58.31305" lon="22.18539">
        <ele>38.0</ele>
      </trkpt>
      <trkpt lat="58.31332" lon="22.18546">
        <ele>37.6</ele>
      </trkpt>
      <trkpt lat="58.31386" lon="22.1854">
        <ele>38.7</ele>
      </trkpt>
      <trkpt lat="58.3145" lon="22.18523">
        <ele>39.1</ele>
      </trkpt>
      <trkpt lat="58.3151" lon="22.18502">
        <ele>39.0</ele>
      </trkpt>
      <trkpt lat="58.31537" lon="22.18501">
        <ele>39.0</ele>
      </trkpt>
      <trkpt lat="58.31589" lon="22.18507">
        <ele>39.0</ele>
      </trkpt>
      <trkpt lat="58.31658" lon="22.1849">
        <ele>38.9</ele>
      </trkpt>
      <trkpt lat="58.31691" lon="22.1848">
        <ele>39.1</ele>
      </trkpt>
      <trkpt lat="58.31711" lon="22.18482">
        <ele>39.3</ele>
      </trkpt>
      <trkpt lat="58.31737" lon="22.18482">
        <ele>39.6</ele>
      </trkpt>
      <trkpt lat="58.31781" lon="22.18455">
        <ele>40.0</ele>
      </trkpt>
      <trkpt lat="58.31826" lon="22.18429">
        <ele>40.8</ele>
      </trkpt>
      <trkpt lat="58.31856" lon="22.18422">
        <ele>41.0</ele>
      </trkpt>
      <trkpt lat="58.31878" lon="22.18424">
        <ele>41.0</ele>
      </trkpt>
      <trkpt lat="58.31927" lon="22.1845">
        <ele>40.8</ele>
      </trkpt>
      <trkpt lat="58.31953" lon="22.18461">
        <ele>41.1</ele>
      </trkpt>
      <trkpt lat="58.31979" lon="22.18462">
        <ele>41.6</ele>
      </trkpt>
      <trkpt lat="58.32031" lon="22.18448">
        <ele>41.9</ele>
      </trkpt>
      <trkpt lat="58.32066" lon="22.18444">
        <ele>41.7</ele>
      </trkpt>
      <trkpt lat="58.32088" lon="22.18453">
        <ele>41.6</ele>
      </trkpt>
      <trkpt lat="58.32128" lon="22.18482">
        <ele>41.2</ele>
      </trkpt>
      <trkpt lat="58.32165" lon="22.18497">
        <ele>41.0</ele>
      </trkpt>
      <trkpt lat="58.32189" lon="22.1851">
        <ele>40.8</ele>
      </trkpt>
      <trkpt lat="58.32216" lon="22.18539">
        <ele>40.1</ele>
      </trkpt>
      <trkpt lat="58.32248" lon="22.18565">
        <ele>39.4</ele>
      </trkpt>
      <trkpt lat="58.32286" lon="22.18575">
        <ele>39.6</ele>
      </trkpt>
      <trkpt lat="58.32339" lon="22.18595">
        <ele>39.8</ele>
      </trkpt>
      <trkpt lat="58.32357" lon="22.18605">
        <ele>39.8</ele>
      </trkpt>
      <trkpt lat="58.32377" lon="22.18628">
        <ele>39.7</ele>
      </trkpt>
      <trkpt lat="58.32402" lon="22.18668">
        <ele>39.6</ele>
      </trkpt>
      <trkpt lat="58.32425" lon="22.18703">
        <ele>39.7</ele>
      </trkpt>
      <trkpt lat="58.32442" lon="22.18722">
        <ele>39.6</ele>
      </trkpt>
      <trkpt lat="58.32472" lon="22.18741">
        <ele>39.8</ele>
      </trkpt>
      <trkpt lat="58.32489" lon="22.18762">
        <ele>39.6</ele>
      </trkpt>
      <trkpt lat="58.32512" lon="22.18807">
        <ele>38.4</ele>
      </trkpt>
      <trkpt lat="58.32525" lon="22.1882">
        <ele>37.8</ele>
      </trkpt>
      <trkpt lat="58.32544" lon="22.18826">
        <ele>37.2</ele>
      </trkpt>
      <trkpt lat="58.32563" lon="22.18826">
        <ele>36.7</ele>
      </trkpt>
      <trkpt lat="58.3259" lon="22.18834">
        <ele>35.9</ele>
      </trkpt>
      <trkpt lat="58.32623" lon="22.18848">
        <ele>35.3</ele>
      </trkpt>
      <trkpt lat="58.3265" lon="22.18844">
        <ele>35.0</ele>
      </trkpt>
      <trkpt lat="58.32669" lon="22.18847">
        <ele>35.0</ele>
      </trkpt>
      <trkpt lat="58.32696" lon="22.18869">
        <ele>36.0</ele>
      </trkpt>
      <trkpt lat="58.32715" lon="22.18898">
        <ele>36.2</ele>
      </trkpt>
      <trkpt lat="58.32755" lon="22.18948">
        <ele>36.3</ele>
      </trkpt>
      <trkpt lat="58.32813" lon="22.19005">
        <ele>39.2</ele>
      </trkpt>
      <trkpt lat="58.32839" lon="22.1904">
        <ele>40.2</ele>
      </trkpt>
      <trkpt lat="58.32883" lon="22.19071">
        <ele>40.5</ele>
      </trkpt>
      <trkpt lat="58.32909" lon="22.19085">
        <ele>40.8</ele>
      </trkpt>
      <trkpt lat="58.32939" lon="22.1908">
        <ele>39.7</ele>
      </trkpt>
      <trkpt lat="58.32983" lon="22.19052">
        <ele>37.8</ele>
      </trkpt>
      <trkpt lat="58.33013" lon="22.19027">
        <ele>37.1</ele>
      </trkpt>
      <trkpt lat="58.33031" lon="22.19016">
        <ele>36.9</ele>
      </trkpt>
      <trkpt lat="58.33056" lon="22.19015">
        <ele>36.4</ele>
      </trkpt>
      <trkpt lat="58.33081" lon="22.19033">
        <ele>35.6</ele>
      </trkpt>
      <trkpt lat="58.33103" lon="22.1906">
        <ele>37.0</ele>
      </trkpt>
      <trkpt lat="58.33119" lon="22.19086">
        <ele>37.9</ele>
      </trkpt>
      <trkpt lat="58.33157" lon="22.19119">
        <ele>40.0</ele>
      </trkpt>
      <trkpt lat="58.33168" lon="22.19139">
        <ele>40.1</ele>
      </trkpt>
      <trkpt lat="58.3318" lon="22.19164">
        <ele>40.2</ele>
      </trkpt>
      <trkpt lat="58.33198" lon="22.19186">
        <ele>41.2</ele>
      </trkpt>
      <trkpt lat="58.33238" lon="22.19226">
        <ele>43.6</ele>
      </trkpt>
      <trkpt lat="58.33278" lon="22.19267">
        <ele>44.5</ele>
      </trkpt>
      <trkpt lat="58.33329" lon="22.1932">
        <ele>45.1</ele>
      </trkpt>
      <trkpt lat="58.33381" lon="22.19374">
        <ele>44.4</ele>
      </trkpt>
      <trkpt lat="58.3344" lon="22.19408">
        <ele>44.5</ele>
      </trkpt>
      <trkpt lat="58.33482" lon="22.19425">
        <ele>44.6</ele>
      </trkpt>
      <trkpt lat="58.33491" lon="22.19429">
        <ele>44.6</ele>
      </trkpt>
      <trkpt lat="58.33538" lon="22.19442">
        <ele>44.8</ele>
      </trkpt>
      <trkpt lat="58.33586" lon="22.19455">
        <ele>45.0</ele>
      </trkpt>
      <trkpt lat="58.33623" lon="22.19478">
        <ele>44.1</ele>
      </trkpt>
      <trkpt lat="58.3367" lon="22.1951">
        <ele>42.8</ele>
      </trkpt>
      <trkpt lat="58.33712" lon="22.19532">
        <ele>42.1</ele>
      </trkpt>
      <trkpt lat="58.33766" lon="22.19541">
        <ele>41.8</ele>
      </trkpt>
      <trkpt lat="58.33798" lon="22.19547">
        <ele>42.3</ele>
      </trkpt>
      <trkpt lat="58.33826" lon="22.19564">
        <ele>42.4</ele>
      </trkpt>
      <trkpt lat="58.33881" lon="22.19611">
        <ele>40.6</ele>
      </trkpt>
      <trkpt lat="58.33881" lon="22.19611">
        <ele>40.6</ele>
      </trkpt>
      <trkpt lat="58.3389" lon="22.19623">
        <ele>40.2</ele>
      </trkpt>
      <trkpt lat="58.33908" lon="22.19636">
        <ele>39.8</ele>
      </trkpt>
      <trkpt lat="58.33967" lon="22.19701">
        <ele>41.2</ele>
      </trkpt>
      <trkpt lat="58.34026" lon="22.19766">
        <ele>41.4</ele>
      </trkpt>
      <trkpt lat="58.34048" lon="22.19801">
        <ele>40.1</ele>
      </trkpt>
      <trkpt lat="58.34087" lon="22.19852">
        <ele>37.7</ele>
      </trkpt>
      <trkpt lat="58.34127" lon="22.19903">
        <ele>36.6</ele>
      </trkpt>
      <trkpt lat="58.34136" lon="22.19912">
        <ele>36.4</ele>
      </trkpt>
      <trkpt lat="58.34148" lon="22.19915">
        <ele>36.2</ele>
      </trkpt>
      <trkpt lat="58.34202" lon="22.19919">
        <ele>35.1</ele>
      </trkpt>
      <trkpt lat="58.34232" lon="22.19918">
        <ele>34.4</ele>
      </trkpt>
      <trkpt lat="58.34232" lon="22.19931">
        <ele>34.3</ele>
      </trkpt>
      <trkpt lat="58.34249" lon="22.20071">
        <ele>33.9</ele>
      </trkpt>
      <trkpt lat="58.34255" lon="22.20088">
        <ele>34.1</ele>
      </trkpt>
      <trkpt lat="58.34259" lon="22.20101">
        <ele>34.2</ele>
      </trkpt>
      <trkpt lat="58.34274" lon="22.20118">
        <ele>34.3</ele>
      </trkpt>
      <trkpt lat="58.34288" lon="22.20125">
        <ele>34.3</ele>
      </trkpt>
      <trkpt lat="58.34299" lon="22.20125">
        <ele>34.2</ele>
      </trkpt>
      <trkpt lat="58.34369" lon="22.20068">
        <ele>36.1</ele>
      </trkpt>
      <trkpt lat="58.34396" lon="22.20053">
        <ele>37.5</ele>
      </trkpt>
      <trkpt lat="58.34454" lon="22.20062">
        <ele>39.3</ele>
      </trkpt>
      <trkpt lat="58.34511" lon="22.20072">
        <ele>39.6</ele>
      </trkpt>
      <trkpt lat="58.3459" lon="22.20102">
        <ele>36.7</ele>
      </trkpt>
      <trkpt lat="58.34639" lon="22.20108">
        <ele>37.3</ele>
      </trkpt>
      <trkpt lat="58.34687" lon="22.20115">
        <ele>38.9</ele>
      </trkpt>
      <trkpt lat="58.34717" lon="22.20122">
        <ele>40.7</ele>
      </trkpt>
      <trkpt lat="58.34736" lon="22.20113">
        <ele>42.3</ele>
      </trkpt>
      <trkpt lat="58.34764" lon="22.20105">
        <ele>44.0</ele>
      </trkpt>
      <trkpt lat="58.34797" lon="22.20121">
        <ele>45.0</ele>
      </trkpt>
      <trkpt lat="58.34833" lon="22.20151">
        <ele>46.2</ele>
      </trkpt>
      <trkpt lat="58.34869" lon="22.20183">
        <ele>45.7</ele>
      </trkpt>
      <trkpt lat="58.34888" lon="22.20204">
        <ele>44.7</ele>
      </trkpt>
      <trkpt lat="58.34917" lon="22.2025">
        <ele>42.0</ele>
      </trkpt>
      <trkpt lat="58.34962" lon="22.20294">
        <ele>38.9</ele>
      </trkpt>
      <trkpt lat="58.34998" lon="22.20333">
        <ele>38.0</ele>
      </trkpt>
      <trkpt lat="58.35028" lon="22.20386">
        <ele>40.7</ele>
      </trkpt>
      <trkpt lat="58.35066" lon="22.20484">
        <ele>45.0</ele>
      </trkpt>
      <trkpt lat="58.35099" lon="22.20537">
        <ele>45.7</ele>
      </trkpt>
      <trkpt lat="58.35164" lon="22.20637">
        <ele>45.3</ele>
      </trkpt>
      <trkpt lat="58.35229" lon="22.20737">
        <ele>43.9</ele>
      </trkpt>
      <trkpt lat="58.35294" lon="22.20838">
        <ele>39.1</ele>
      </trkpt>
      <trkpt lat="58.35313" lon="22.20863">
        <ele>39.6</ele>
      </trkpt>
      <trkpt lat="58.35346" lon="22.20902">
        <ele>41.8</ele>
      </trkpt>
      <trkpt lat="58.35369" lon="22.20939">
        <ele>44.4</ele>
      </trkpt>
      <trkpt lat="58.35415" lon="22.21021">
        <ele>48.9</ele>
      </trkpt>
      <trkpt lat="58.35426" lon="22.21051">
        <ele>49.0</ele>
      </trkpt>
      <trkpt lat="58.35441" lon="22.21082">
        <ele>49.0</ele>
      </trkpt>
      <trkpt lat="58.35445" lon="22.2109">
        <ele>49.0</ele>
      </trkpt>
      <trkpt lat="58.35491" lon="22.21167">
        <ele>48.1</ele>
      </trkpt>
      <trkpt lat="58.35538" lon="22.21243">
        <ele>46.7</ele>
      </trkpt>
      <trkpt lat="58.35588" lon="22.21354">
        <ele>41.0</ele>
      </trkpt>
      <trkpt lat="58.35644" lon="22.21461">
        <ele>39.3</ele>
      </trkpt>
      <trkpt lat="58.3568" lon="22.21522">
        <ele>41.0</ele>
      </trkpt>
      <trkpt lat="58.35716" lon="22.21582">
        <ele>41.2</ele>
      </trkpt>
      <trkpt lat="58.35767" lon="22.21635">
        <ele>41.3</ele>
      </trkpt>
      <trkpt lat="58.35797" lon="22.21649">
        <ele>40.8</ele>
      </trkpt>
      <trkpt lat="58.35833" lon="22.2164">
        <ele>39.4</ele>
      </trkpt>
      <trkpt lat="58.35856" lon="22.21632">
        <ele>39.7</ele>
      </trkpt>
      <trkpt lat="58.35871" lon="22.21642">
        <ele>40.1</ele>
      </trkpt>
      <trkpt lat="58.35888" lon="22.21679">
        <ele>40.7</ele>
      </trkpt>
      <trkpt lat="58.35922" lon="22.21768">
        <ele>39.7</ele>
      </trkpt>
      <trkpt lat="58.35938" lon="22.21798">
        <ele>39.7</ele>
      </trkpt>
      <trkpt lat="58.35945" lon="22.2181">
        <ele>39.7</ele>
      </trkpt>
      <trkpt lat="58.35966" lon="22.21862">
        <ele>40.2</ele>
      </trkpt>
      <trkpt lat="58.35974" lon="22.21892">
        <ele>40.5</ele>
      </trkpt>
      <trkpt lat="58.35985" lon="22.2191">
        <ele>41.1</ele>
      </trkpt>
      <trkpt lat="58.35999" lon="22.21925">
        <ele>41.9</ele>
      </trkpt>
      <trkpt lat="58.36023" lon="22.2196">
        <ele>42.4</ele>
      </trkpt>
      <trkpt lat="58.36076" lon="22.22086">
        <ele>45.7</ele>
      </trkpt>
      <trkpt lat="58.36129" lon="22.22212">
        <ele>44.3</ele>
      </trkpt>
      <trkpt lat="58.36181" lon="22.22338">
        <ele>41.5</ele>
      </trkpt>
      <trkpt lat="58.36234" lon="22.22465">
        <ele>39.5</ele>
      </trkpt>
      <trkpt lat="58.36287" lon="22.22591">
        <ele>40.2</ele>
      </trkpt>
      <trkpt lat="58.36339" lon="22.22717">
        <ele>43.5</ele>
      </trkpt>
      <trkpt lat="58.36392" lon="22.22843">
        <ele>42.5</ele>
      </trkpt>
      <trkpt lat="58.36444" lon="22.22969">
        <ele>40.9</ele>
      </trkpt>
      <trkpt lat="58.36467" lon="22.23014">
        <ele>41.2</ele>
      </trkpt>
      <trkpt lat="58.36482" lon="22.23061">
        <ele>41.0</ele>
      </trkpt>
      <trkpt lat="58.36491" lon="22.23083">
        <ele>40.8</ele>
      </trkpt>
      <trkpt lat="58.36547" lon="22.23066">
        <ele>43.6</ele>
      </trkpt>
      <trkpt lat="58.36581" lon="22.23066">
        <ele>45.1</ele>
      </trkpt>
      <trkpt lat="58.36608" lon="22.23071">
        <ele>46.3</ele>
      </trkpt>
      <trkpt lat="58.36691" lon="22.23108">
        <ele>49.0</ele>
      </trkpt>
      <trkpt lat="58.36775" lon="22.23145">
        <ele>49.1</ele>
      </trkpt>
      <trkpt lat="58.36858" lon="22.23182">
        <ele>49.1</ele>
      </trkpt>
      <trkpt lat="58.36942" lon="22.23219">
        <ele>48.7</ele>
      </trkpt>
      <trkpt lat="58.37025" lon="22.23255">
        <ele>48.6</ele>
      </trkpt>
      <trkpt lat="58.37109" lon="22.23292">
        <ele>50.3</ele>
      </trkpt>
      <trkpt lat="58.37192" lon="22.23329">
        <ele>51.6</ele>
      </trkpt>
      <trkpt lat="58.37271" lon="22.23358">
        <ele>52.7</ele>
      </trkpt>
      <trkpt lat="58.37358" lon="22.23378">
        <ele>52.8</ele>
      </trkpt>
      <trkpt lat="58.37446" lon="22.23399">
        <ele>54.0</ele>
      </trkpt>
      <trkpt lat="58.37533" lon="22.23408">
        <ele>55.5</ele>
      </trkpt>
      <trkpt lat="58.37621" lon="22.23417">
        <ele>53.7</ele>
      </trkpt>
      <trkpt lat="58.37708" lon="22.23426">
        <ele>49.0</ele>
      </trkpt>
      <trkpt lat="58.37795" lon="22.23434">
        <ele>46.9</ele>
      </trkpt>
      <trkpt lat="58.37883" lon="22.23441">
        <ele>44.7</ele>
      </trkpt>
      <trkpt lat="58.37972" lon="22.23448">
        <ele>42.7</ele>
      </trkpt>
      <trkpt lat="58.37996" lon="22.23554">
        <ele>43.7</ele>
      </trkpt>
      <trkpt lat="58.38019" lon="22.2366">
        <ele>44.0</ele>
      </trkpt>
      <trkpt lat="58.38043" lon="22.23767">
        <ele>45.4</ele>
      </trkpt>
      <trkpt lat="58.38048" lon="22.23932">
        <ele>48.0</ele>
      </trkpt>
      <trkpt lat="58.38052" lon="22.24098">
        <ele>49.2</ele>
      </trkpt>
      <trkpt lat="58.38057" lon="22.24264">
        <ele>46.8</ele>
      </trkpt>
      <trkpt lat="58.38081" lon="22.24392">
        <ele>43.1</ele>
      </trkpt>
      <trkpt lat="58.38106" lon="22.2452">
        <ele>41.5</ele>
      </trkpt>
      <trkpt lat="58.38083" lon="22.24653">
        <ele>42.0</ele>
      </trkpt>
      <trkpt lat="58.38061" lon="22.24785">
        <ele>42.5</ele>
      </trkpt>
      <trkpt lat="58.38038" lon="22.24917">
        <ele>44.7</ele>
      </trkpt>
      <trkpt lat="58.38008" lon="22.25059">
        <ele>48.6</ele>
      </trkpt>
      <trkpt lat="58.38061" lon="22.25161">
        <ele>48.6</ele>
      </trkpt>
      <trkpt lat="58.38115" lon="22.25263">
        <ele>46.7</ele>
      </trkpt>
      <trkpt lat="58.38168" lon="22.25299">
        <ele>44.4</ele>
      </trkpt>
      <trkpt lat="58.38214" lon="22.25301">
        <ele>42.6</ele>
      </trkpt>
      <trkpt lat="58.3823" lon="22.25295">
        <ele>42.1</ele>
      </trkpt>
      <trkpt lat="58.38258" lon="22.25263">
        <ele>42.6</ele>
      </trkpt>
      <trkpt lat="58.38269" lon="22.25259">
        <ele>42.9</ele>
      </trkpt>
      <trkpt lat="58.38349" lon="22.2527">
        <ele>44.3</ele>
      </trkpt>
      <trkpt lat="58.38388" lon="22.25269">
        <ele>46.9</ele>
      </trkpt>
      <trkpt lat="58.38448" lon="22.25252">
        <ele>48.2</ele>
      </trkpt>
      <trkpt lat="58.38529" lon="22.2527">
        <ele>46.2</ele>
      </trkpt>
      <trkpt lat="58.38582" lon="22.25271">
        <ele>45.3</ele>
      </trkpt>
      <trkpt lat="58.38597" lon="22.25267">
        <ele>45.3</ele>
      </trkpt>
      <trkpt lat="58.38656" lon="22.25365">
        <ele>43.0</ele>
      </trkpt>
      <trkpt lat="58.38703" lon="22.2548">
        <ele>43.5</ele>
      </trkpt>
      <trkpt lat="58.38703" lon="22.25492">
        <ele>43.4</ele>
      </trkpt>
      <trkpt lat="58.38716" lon="22.25526">
        <ele>43.7</ele>
      </trkpt>
      <trkpt lat="58.38748" lon="22.25577">
        <ele>44.0</ele>
      </trkpt>
      <trkpt lat="58.38775" lon="22.25657">
        <ele>43.5</ele>
      </trkpt>
      <trkpt lat="58.38797" lon="22.25696">
        <ele>43.6</ele>
      </trkpt>
      <trkpt lat="58.38835" lon="22.25807">
        <ele>44.0</ele>
      </trkpt>
      <trkpt lat="58.38872" lon="22.25918">
        <ele>44.4</ele>
      </trkpt>
      <trkpt lat="58.38913" lon="22.25988">
        <ele>44.1</ele>
      </trkpt>
      <trkpt lat="58.38955" lon="22.26058">
        <ele>47.6</ele>
      </trkpt>
      <trkpt lat="58.38985" lon="22.26124">
        <ele>50.1</ele>
      </trkpt>
      <trkpt lat="58.39015" lon="22.2619">
        <ele>51.2</ele>
      </trkpt>
      <trkpt lat="58.39074" lon="22.26282">
        <ele>49.9</ele>
      </trkpt>
      <trkpt lat="58.39061" lon="22.26425">
        <ele>51.7</ele>
      </trkpt>
      <trkpt lat="58.39048" lon="22.26568">
        <ele>53.5</ele>
      </trkpt>
      <trkpt lat="58.39036" lon="22.26711">
        <ele>54.1</ele>
      </trkpt>
      <trkpt lat="58.39031" lon="22.26858">
        <ele>52.9</ele>
      </trkpt>
      <trkpt lat="58.39027" lon="22.27005">
        <ele>53.1</ele>
      </trkpt>
      <trkpt lat="58.39022" lon="22.27152">
        <ele>57.1</ele>
      </trkpt>
      <trkpt lat="58.39018" lon="22.27299">
        <ele>58.2</ele>
      </trkpt>
      <trkpt lat="58.38997" lon="22.27406">
        <ele>58.9</ele>
      </trkpt>
      <trkpt lat="58.38977" lon="22.27513">
        <ele>57.1</ele>
      </trkpt>
      <trkpt lat="58.3896" lon="22.27597">
        <ele>55.8</ele>
      </trkpt>
      <trkpt lat="58.3896" lon="22.27697">
        <ele>54.2</ele>
      </trkpt>
      <trkpt lat="58.3896" lon="22.27796">
        <ele>52.8</ele>
      </trkpt>
      <trkpt lat="58.38974" lon="22.27952">
        <ele>50.3</ele>
      </trkpt>
      <trkpt lat="58.38975" lon="22.28026">
        <ele>48.7</ele>
      </trkpt>
      <trkpt lat="58.38989" lon="22.28194">
        <ele>45.3</ele>
      </trkpt>
      <trkpt lat="58.38989" lon="22.28346">
        <ele>42.7</ele>
      </trkpt>
      <trkpt lat="58.38989" lon="22.28498">
        <ele>42.0</ele>
      </trkpt>
      <trkpt lat="58.38989" lon="22.28651">
        <ele>42.1</ele>
      </trkpt>
      <trkpt lat="58.38989" lon="22.28803">
        <ele>42.2</ele>
      </trkpt>
      <trkpt lat="58.38989" lon="22.28955">
        <ele>41.9</ele>
      </trkpt>
      <trkpt lat="58.3899" lon="22.29108">
        <ele>41.4</ele>
      </trkpt>
      <trkpt lat="58.3899" lon="22.2926">
        <ele>41.3</ele>
      </trkpt>
      <trkpt lat="58.38952" lon="22.29327">
        <ele>42.2</ele>
      </trkpt>
      <trkpt lat="58.38914" lon="22.2943">
        <ele>42.9</ele>
      </trkpt>
      <trkpt lat="58.38903" lon="22.29561">
        <ele>43.9</ele>
      </trkpt>
      <trkpt lat="58.38892" lon="22.29693">
        <ele>45.0</ele>
      </trkpt>
      <trkpt lat="58.38875" lon="22.29807">
        <ele>43.5</ele>
      </trkpt>
      <trkpt lat="58.38862" lon="22.29872">
        <ele>43.2</ele>
      </trkpt>
      <trkpt lat="58.38841" lon="22.29941">
        <ele>43.3</ele>
      </trkpt>
      <trkpt lat="58.38821" lon="22.30038">
        <ele>43.6</ele>
      </trkpt>
      <trkpt lat="58.38805" lon="22.3018">
        <ele>43.0</ele>
      </trkpt>
      <trkpt lat="58.38791" lon="22.30296">
        <ele>42.5</ele>
      </trkpt>
      <trkpt lat="58.38776" lon="22.30413">
        <ele>42.9</ele>
      </trkpt>
      <trkpt lat="58.38755" lon="22.30546">
        <ele>43.2</ele>
      </trkpt>
      <trkpt lat="58.38734" lon="22.30679">
        <ele>42.8</ele>
      </trkpt>
      <trkpt lat="58.38705" lon="22.30824">
        <ele>41.6</ele>
      </trkpt>
      <trkpt lat="58.38676" lon="22.3097">
        <ele>40.5</ele>
      </trkpt>
      <trkpt lat="58.38647" lon="22.3112">
        <ele>39.4</ele>
      </trkpt>
      <trkpt lat="58.38618" lon="22.31269">
        <ele>40.9</ele>
      </trkpt>
      <trkpt lat="58.3859" lon="22.31418">
        <ele>42.9</ele>
      </trkpt>
      <trkpt lat="58.38561" lon="22.31567">
        <ele>41.7</ele>
      </trkpt>
      <trkpt lat="58.38532" lon="22.31716">
        <ele>40.5</ele>
      </trkpt>
      <trkpt lat="58.38504" lon="22.31865">
        <ele>38.1</ele>
      </trkpt>
      <trkpt lat="58.38495" lon="22.31949">
        <ele>37.4</ele>
      </trkpt>
      <trkpt lat="58.38486" lon="22.32033">
        <ele>36.6</ele>
      </trkpt>
      <trkpt lat="58.38483" lon="22.32089">
        <ele>36.6</ele>
      </trkpt>
      <trkpt lat="58.38488" lon="22.32229">
        <ele>36.9</ele>
      </trkpt>
      <trkpt lat="58.38494" lon="22.3237">
        <ele>36.9</ele>
      </trkpt>
      <trkpt lat="58.38495" lon="22.32425">
        <ele>36.9</ele>
      </trkpt>
      <trkpt lat="58.38486" lon="22.32548">
        <ele>36.6</ele>
      </trkpt>
      <trkpt lat="58.38485" lon="22.32627">
        <ele>36.4</ele>
      </trkpt>
      <trkpt lat="58.38482" lon="22.32676">
        <ele>36.1</ele>
      </trkpt>
      <trkpt lat="58.3848" lon="22.32697">
        <ele>36.0</ele>
      </trkpt>
      <trkpt lat="58.38455" lon="22.32782">
        <ele>34.6</ele>
      </trkpt>
      <trkpt lat="58.38448" lon="22.32819">
        <ele>34.0</ele>
      </trkpt>
      <trkpt lat="58.38447" lon="22.32939">
        <ele>33.8</ele>
      </trkpt>
      <trkpt lat="58.38447" lon="22.33059">
        <ele>33.8</ele>
      </trkpt>
      <trkpt lat="58.38446" lon="22.33179">
        <ele>34.4</ele>
      </trkpt>
      <trkpt lat="58.38454" lon="22.33265">
        <ele>34.8</ele>
      </trkpt>
      <trkpt lat="58.38463" lon="22.33352">
        <ele>35.2</ele>
      </trkpt>
      <trkpt lat="58.38468" lon="22.33376">
        <ele>35.5</ele>
      </trkpt>
      <trkpt lat="58.38475" lon="22.3341">
        <ele>35.8</ele>
      </trkpt>
      <trkpt lat="58.38482" lon="22.33464">
        <ele>36.7</ele>
      </trkpt>
      <trkpt lat="58.38483" lon="22.33501">
        <ele>37.2</ele>
      </trkpt>
      <trkpt lat="58.38469" lon="22.33613">
        <ele>35.3</ele>
      </trkpt>
      <trkpt lat="58.38469" lon="22.33718">
        <ele>34.3</ele>
      </trkpt>
      <trkpt lat="58.38469" lon="22.33718">
        <ele>34.3</ele>
      </trkpt>
      <trkpt lat="58.38469" lon="22.33766">
        <ele>34.2</ele>
      </trkpt>
      <trkpt lat="58.3847" lon="22.33919">
        <ele>33.9</ele>
      </trkpt>
      <trkpt lat="58.38479" lon="22.33988">
        <ele>34.0</ele>
      </trkpt>
      <trkpt lat="58.38503" lon="22.34082">
        <ele>34.2</ele>
      </trkpt>
      <trkpt lat="58.38526" lon="22.34176">
        <ele>34.4</ele>
      </trkpt>
      <trkpt lat="58.38554" lon="22.34262">
        <ele>35.0</ele>
      </trkpt>
      <trkpt lat="58.38617" lon="22.34373">
        <ele>35.9</ele>
      </trkpt>
      <trkpt lat="58.38681" lon="22.34485">
        <ele>38.4</ele>
      </trkpt>
      <trkpt lat="58.38747" lon="22.34563">
        <ele>39.2</ele>
      </trkpt>
      <trkpt lat="58.38814" lon="22.34641">
        <ele>38.4</ele>
      </trkpt>
      <trkpt lat="58.3886" lon="22.34733">
        <ele>39.0</ele>
      </trkpt>
      <trkpt lat="58.38907" lon="22.34869">
        <ele>39.2</ele>
      </trkpt>
      <trkpt lat="58.38928" lon="22.34962">
        <ele>38.9</ele>
      </trkpt>
      <trkpt lat="58.38949" lon="22.35054">
        <ele>39.2</ele>
      </trkpt>
      <trkpt lat="58.38983" lon="22.35142">
        <ele>39.8</ele>
      </trkpt>
      <trkpt lat="58.39022" lon="22.35198">
        <ele>40.3</ele>
      </trkpt>
      <trkpt lat="58.39089" lon="22.35253">
        <ele>41.1</ele>
      </trkpt>
      <trkpt lat="58.39116" lon="22.35291">
        <ele>41.0</ele>
      </trkpt>
      <trkpt lat="58.39144" lon="22.35359">
        <ele>40.5</ele>
      </trkpt>
      <trkpt lat="58.39163" lon="22.35419">
        <ele>41.0</ele>
      </trkpt>
      <trkpt lat="58.39214" lon="22.35528">
        <ele>41.3</ele>
      </trkpt>
      <trkpt lat="58.39251" lon="22.35593">
        <ele>40.9</ele>
      </trkpt>
      <trkpt lat="58.39288" lon="22.35658">
        <ele>41.0</ele>
      </trkpt>
      <trkpt lat="58.39341" lon="22.35773">
        <ele>42.6</ele>
      </trkpt>
      <trkpt lat="58.39367" lon="22.35876">
        <ele>44.6</ele>
      </trkpt>
      <trkpt lat="58.39393" lon="22.35979">
        <ele>45.7</ele>
      </trkpt>
      <trkpt lat="58.39405" lon="22.36063">
        <ele>46.3</ele>
      </trkpt>
      <trkpt lat="58.39418" lon="22.36146">
        <ele>46.3</ele>
      </trkpt>
      <trkpt lat="58.39422" lon="22.36238">
        <ele>46.1</ele>
      </trkpt>
      <trkpt lat="58.39427" lon="22.3633">
        <ele>45.0</ele>
      </trkpt>
      <trkpt lat="58.3942" lon="22.36428">
        <ele>43.9</ele>
      </trkpt>
      <trkpt lat="58.394" lon="22.36522">
        <ele>43.2</ele>
      </trkpt>
      <trkpt lat="58.39393" lon="22.36684">
        <ele>44.7</ele>
      </trkpt>
      <trkpt lat="58.39383" lon="22.36773">
        <ele>44.4</ele>
      </trkpt>
      <trkpt lat="58.39373" lon="22.36863">
        <ele>44.0</ele>
      </trkpt>
      <trkpt lat="58.39369" lon="22.36954">
        <ele>43.6</ele>
      </trkpt>
      <trkpt lat="58.39375" lon="22.37109">
        <ele>43.7</ele>
      </trkpt>
      <trkpt lat="58.39374" lon="22.37227">
        <ele>44.0</ele>
      </trkpt>
      <trkpt lat="58.39373" lon="22.37344">
        <ele>44.2</ele>
      </trkpt>
      <trkpt lat="58.39372" lon="22.37461">
        <ele>46.2</ele>
      </trkpt>
      <trkpt lat="58.39377" lon="22.37601">
        <ele>46.8</ele>
      </trkpt>
      <trkpt lat="58.39382" lon="22.37741">
        <ele>46.2</ele>
      </trkpt>
      <trkpt lat="58.39386" lon="22.37881">
        <ele>46.5</ele>
      </trkpt>
      <trkpt lat="58.39374" lon="22.38003">
        <ele>46.0</ele>
      </trkpt>
      <trkpt lat="58.39353" lon="22.38095">
        <ele>44.8</ele>
      </trkpt>
      <trkpt lat="58.39346" lon="22.38175">
        <ele>43.6</ele>
      </trkpt>
      <trkpt lat="58.39339" lon="22.38249">
        <ele>43.2</ele>
      </trkpt>
      <trkpt lat="58.39317" lon="22.38402">
        <ele>41.8</ele>
      </trkpt>
      <trkpt lat="58.39295" lon="22.38555">
        <ele>39.2</ele>
      </trkpt>
      <trkpt lat="58.39271" lon="22.38638">
        <ele>37.0</ele>
      </trkpt>
      <trkpt lat="58.39246" lon="22.38685">
        <ele>34.7</ele>
      </trkpt>
      <trkpt lat="58.39203" lon="22.38725">
        <ele>32.4</ele>
      </trkpt>
      <trkpt lat="58.3916" lon="22.38764">
        <ele>31.2</ele>
      </trkpt>
      <trkpt lat="58.39111" lon="22.38848">
        <ele>31.0</ele>
      </trkpt>
      <trkpt lat="58.39063" lon="22.38949">
        <ele>31.2</ele>
      </trkpt>
      <trkpt lat="58.39024" lon="22.39084">
        <ele>31.7</ele>
      </trkpt>
      <trkpt lat="58.38985" lon="22.39219">
        <ele>32.8</ele>
      </trkpt>
      <trkpt lat="58.38946" lon="22.39354">
        <ele>32.9</ele>
      </trkpt>
      <trkpt lat="58.38907" lon="22.39488">
        <ele>32.1</ele>
      </trkpt>
      <trkpt lat="58.38868" lon="22.39623">
        <ele>29.6</ele>
      </trkpt>
      <trkpt lat="58.38833" lon="22.39687">
        <ele>27.7</ele>
      </trkpt>
      <trkpt lat="58.38781" lon="22.39732">
        <ele>26.5</ele>
      </trkpt>
      <trkpt lat="58.38715" lon="22.39785">
        <ele>26.2</ele>
      </trkpt>
      <trkpt lat="58.38649" lon="22.39838">
        <ele>26.1</ele>
      </trkpt>
      <trkpt lat="58.38583" lon="22.39892">
        <ele>26.7</ele>
      </trkpt>
      <trkpt lat="58.38517" lon="22.39945">
        <ele>26.5</ele>
      </trkpt>
      <trkpt lat="58.38436" lon="22.40013">
        <ele>26.2</ele>
      </trkpt>
      <trkpt lat="58.38354" lon="22.40081">
        <ele>26.0</ele>
      </trkpt>
      <trkpt lat="58.38272" lon="22.40149">
        <ele>26.8</ele>
      </trkpt>
      <trkpt lat="58.3819" lon="22.40217">
        <ele>25.6</ele>
      </trkpt>
      <trkpt lat="58.38109" lon="22.40285">
        <ele>24.7</ele>
      </trkpt>
      <trkpt lat="58.38027" lon="22.40353">
        <ele>24.7</ele>
      </trkpt>
      <trkpt lat="58.37945" lon="22.40421">
        <ele>25.0</ele>
      </trkpt>
      <trkpt lat="58.37898" lon="22.40478">
        <ele>25.7</ele>
      </trkpt>
      <trkpt lat="58.37849" lon="22.40578">
        <ele>26.0</ele>
      </trkpt>
      <trkpt lat="58.37809" lon="22.40686">
        <ele>26.6</ele>
      </trkpt>
      <trkpt lat="58.37788" lon="22.40772">
        <ele>27.1</ele>
      </trkpt>
      <trkpt lat="58.37768" lon="22.40858">
        <ele>27.6</ele>
      </trkpt>
      <trkpt lat="58.37734" lon="22.41013">
        <ele>29.9</ele>
      </trkpt>
      <trkpt lat="58.377" lon="22.41168">
        <ele>30.8</ele>
      </trkpt>
      <trkpt lat="58.37666" lon="22.41323">
        <ele>30.1</ele>
      </trkpt>
      <trkpt lat="58.37638" lon="22.41429">
        <ele>28.4</ele>
      </trkpt>
      <trkpt lat="58.3761" lon="22.41535">
        <ele>27.0</ele>
      </trkpt>
      <trkpt lat="58.37595" lon="22.41621">
        <ele>26.6</ele>
      </trkpt>
      <trkpt lat="58.37594" lon="22.41733">
        <ele>26.1</ele>
      </trkpt>
      <trkpt lat="58.37597" lon="22.41822">
        <ele>26.9</ele>
      </trkpt>
      <trkpt lat="58.37599" lon="22.41911">
        <ele>27.0</ele>
      </trkpt>
      <trkpt lat="58.37606" lon="22.42052">
        <ele>27.6</ele>
      </trkpt>
      <trkpt lat="58.37606" lon="22.4215">
        <ele>28.5</ele>
      </trkpt>
      <trkpt lat="58.37605" lon="22.42192">
        <ele>28.7</ele>
      </trkpt>
      <trkpt lat="58.376" lon="22.42231">
        <ele>28.8</ele>
      </trkpt>
      <trkpt lat="58.37588" lon="22.42281">
        <ele>29.3</ele>
      </trkpt>
      <trkpt lat="58.37565" lon="22.42363">
        <ele>30.0</ele>
      </trkpt>
      <trkpt lat="58.37558" lon="22.42406">
        <ele>30.0</ele>
      </trkpt>
      <trkpt lat="58.37556" lon="22.42465">
        <ele>29.8</ele>
      </trkpt>
      <trkpt lat="58.37559" lon="22.42537">
        <ele>29.8</ele>
      </trkpt>
      <trkpt lat="58.37565" lon="22.42608">
        <ele>30.1</ele>
      </trkpt>
      <trkpt lat="58.37573" lon="22.42739">
        <ele>30.1</ele>
      </trkpt>
      <trkpt lat="58.37582" lon="22.4287">
        <ele>30.0</ele>
      </trkpt>
      <trkpt lat="58.3759" lon="22.43002">
        <ele>30.8</ele>
      </trkpt>
      <trkpt lat="58.37596" lon="22.43139">
        <ele>30.1</ele>
      </trkpt>
      <trkpt lat="58.37604" lon="22.43279">
        <ele>30.4</ele>
      </trkpt>
      <trkpt lat="58.37612" lon="22.43411">
        <ele>31.6</ele>
      </trkpt>
      <trkpt lat="58.37619" lon="22.43543">
        <ele>31.7</ele>
      </trkpt>
      <trkpt lat="58.37618" lon="22.43579">
        <ele>31.8</ele>
      </trkpt>
      <trkpt lat="58.37612" lon="22.4366">
        <ele>32.9</ele>
      </trkpt>
      <trkpt lat="58.37604" lon="22.43719">
        <ele>32.8</ele>
      </trkpt>
      <trkpt lat="58.37589" lon="22.43792">
        <ele>32.4</ele>
      </trkpt>
      <trkpt lat="58.37564" lon="22.43898">
        <ele>31.0</ele>
      </trkpt>
      <trkpt lat="58.37538" lon="22.44005">
        <ele>29.5</ele>
      </trkpt>
      <trkpt lat="58.37513" lon="22.44111">
        <ele>29.4</ele>
      </trkpt>
      <trkpt lat="58.3749" lon="22.4422">
        <ele>29.8</ele>
      </trkpt>
      <trkpt lat="58.37466" lon="22.4433">
        <ele>29.6</ele>
      </trkpt>
      <trkpt lat="58.37443" lon="22.4444">
        <ele>29.3</ele>
      </trkpt>
      <trkpt lat="58.37413" lon="22.44552">
        <ele>28.3</ele>
      </trkpt>
      <trkpt lat="58.37392" lon="22.4464">
        <ele>27.2</ele>
      </trkpt>
      <trkpt lat="58.37372" lon="22.44728">
        <ele>26.6</ele>
      </trkpt>
      <trkpt lat="58.37339" lon="22.44863">
        <ele>25.1</ele>
      </trkpt>
      <trkpt lat="58.37293" lon="22.45003">
        <ele>25.0</ele>
      </trkpt>
      <trkpt lat="58.37253" lon="22.45153">
        <ele>25.0</ele>
      </trkpt>
      <trkpt lat="58.37227" lon="22.45234">
        <ele>25.0</ele>
      </trkpt>
      <trkpt lat="58.37184" lon="22.45337">
        <ele>24.0</ele>
      </trkpt>
      <trkpt lat="58.37156" lon="22.45421">
        <ele>24.6</ele>
      </trkpt>
      <trkpt lat="58.37118" lon="22.45556">
        <ele>27.6</ele>
      </trkpt>
      <trkpt lat="58.37092" lon="22.45635">
        <ele>28.8</ele>
      </trkpt>
      <trkpt lat="58.37066" lon="22.45713">
        <ele>29.3</ele>
      </trkpt>
      <trkpt lat="58.37022" lon="22.45851">
        <ele>28.0</ele>
      </trkpt>
      <trkpt lat="58.36979" lon="22.4599">
        <ele>26.6</ele>
      </trkpt>
      <trkpt lat="58.36935" lon="22.46128">
        <ele>27.0</ele>
      </trkpt>
      <trkpt lat="58.36891" lon="22.46267">
        <ele>27.0</ele>
      </trkpt>
      <trkpt lat="58.36847" lon="22.46405">
        <ele>26.4</ele>
      </trkpt>
      <trkpt lat="58.36804" lon="22.46543">
        <ele>27.3</ele>
      </trkpt>
      <trkpt lat="58.36757" lon="22.46678">
        <ele>27.3</ele>
      </trkpt>
      <trkpt lat="58.36725" lon="22.46765">
        <ele>27.6</ele>
      </trkpt>
      <trkpt lat="58.36694" lon="22.46836">
        <ele>27.7</ele>
      </trkpt>
      <trkpt lat="58.36663" lon="22.46907">
        <ele>27.8</ele>
      </trkpt>
      <trkpt lat="58.36606" lon="22.47012">
        <ele>28.8</ele>
      </trkpt>
      <trkpt lat="58.36558" lon="22.47084">
        <ele>29.4</ele>
      </trkpt>
      <trkpt lat="58.36501" lon="22.47154">
        <ele>28.9</ele>
      </trkpt>
      <trkpt lat="58.3645" lon="22.47204">
        <ele>28.7</ele>
      </trkpt>
      <trkpt lat="58.36399" lon="22.47254">
        <ele>27.7</ele>
      </trkpt>
      <trkpt lat="58.36322" lon="22.47311">
        <ele>26.1</ele>
      </trkpt>
      <trkpt lat="58.36245" lon="22.47367">
        <ele>25.0</ele>
      </trkpt>
      <trkpt lat="58.36167" lon="22.47423">
        <ele>24.9</ele>
      </trkpt>
      <trkpt lat="58.36119" lon="22.47486">
        <ele>24.5</ele>
      </trkpt>
      <trkpt lat="58.36071" lon="22.4755">
        <ele>25.1</ele>
      </trkpt>
      <trkpt lat="58.36028" lon="22.47641">
        <ele>26.1</ele>
      </trkpt>
      <trkpt lat="58.35985" lon="22.47732">
        <ele>27.0</ele>
      </trkpt>
      <trkpt lat="58.35943" lon="22.47823">
        <ele>26.7</ele>
      </trkpt>
      <trkpt lat="58.35915" lon="22.47884">
        <ele>27.0</ele>
      </trkpt>
      <trkpt lat="58.35884" lon="22.47971">
        <ele>26.6</ele>
      </trkpt>
      <trkpt lat="58.35848" lon="22.48082">
        <ele>25.8</ele>
      </trkpt>
      <trkpt lat="58.358" lon="22.48221">
        <ele>25.8</ele>
      </trkpt>
      <trkpt lat="58.35753" lon="22.48361">
        <ele>25.1</ele>
      </trkpt>
      <trkpt lat="58.35706" lon="22.48501">
        <ele>25.0</ele>
      </trkpt>
      <trkpt lat="58.35674" lon="22.48597">
        <ele>25.0</ele>
      </trkpt>
      <trkpt lat="58.35643" lon="22.48692">
        <ele>24.7</ele>
      </trkpt>
      <trkpt lat="58.35615" lon="22.48792">
        <ele>23.9</ele>
      </trkpt>
      <trkpt lat="58.35587" lon="22.48891">
        <ele>23.0</ele>
      </trkpt>
      <trkpt lat="58.35548" lon="22.49038">
        <ele>22.2</ele>
      </trkpt>
      <trkpt lat="58.35509" lon="22.49184">
        <ele>22.0</ele>
      </trkpt>
      <trkpt lat="58.3547" lon="22.49331">
        <ele>22.0</ele>
      </trkpt>
      <trkpt lat="58.35431" lon="22.49477">
        <ele>21.9</ele>
      </trkpt>
      <trkpt lat="58.35414" lon="22.49554">
        <ele>22.1</ele>
      </trkpt>
      <trkpt lat="58.35399" lon="22.49634">
        <ele>22.2</ele>
      </trkpt>
      <trkpt lat="58.35387" lon="22.4972">
        <ele>22.0</ele>
      </trkpt>
      <trkpt lat="58.35374" lon="22.49806">
        <ele>21.7</ele>
      </trkpt>
      <trkpt lat="58.35356" lon="22.49898">
        <ele>21.3</ele>
      </trkpt>
      <trkpt lat="58.35335" lon="22.49978">
        <ele>21.0</ele>
      </trkpt>
      <trkpt lat="58.35282" lon="22.50105">
        <ele>20.7</ele>
      </trkpt>
      <trkpt lat="58.35231" lon="22.50203">
        <ele>20.0</ele>
      </trkpt>
      <trkpt lat="58.35181" lon="22.503">
        <ele>20.0</ele>
      </trkpt>
      <trkpt lat="58.3513" lon="22.50397">
        <ele>19.6</ele>
      </trkpt>
      <trkpt lat="58.3508" lon="22.50494">
        <ele>18.1</ele>
      </trkpt>
      <trkpt lat="58.3504" lon="22.50585">
        <ele>18.0</ele>
      </trkpt>
      <trkpt lat="58.35007" lon="22.5068">
        <ele>17.9</ele>
      </trkpt>
      <trkpt lat="58.3499" lon="22.5075">
        <ele>18.4</ele>
      </trkpt>
      <trkpt lat="58.34977" lon="22.50819">
        <ele>19.3</ele>
      </trkpt>
      <trkpt lat="58.34968" lon="22.50878">
        <ele>19.9</ele>
      </trkpt>
      <trkpt lat="58.349639" lon="22.509329">
        <ele>20.4</ele>
      </trkpt>
      <trkpt lat="58.34964" lon="22.50933">
        <ele>20.4</ele>
      </trkpt>
      <trkpt lat="58.34954" lon="22.51038">
        <ele>21.5</ele>
      </trkpt>
      <trkpt lat="58.349452" lon="22.511421">
        <ele>20.7</ele>
      </trkpt>
      <trkpt lat="58.34945" lon="22.51144">
        <ele>20.7</ele>
      </trkpt>
      <trkpt lat="58.34977" lon="22.51139">
        <ele>19.7</ele>
      </trkpt>
      <trkpt lat="58.34978" lon="22.51163">
        <ele>19.6</ele>
      </trkpt>
      <trkpt lat="58.34978" lon="22.51201">
        <ele>19.5</ele>
      </trkpt>
      <trkpt lat="58.34973" lon="22.51304">
        <ele>19.6</ele>
      </trkpt>
      <trkpt lat="58.349728" lon="22.513038">
        <ele>19.7</ele>
      </trkpt>
      <trkpt lat="58.34972" lon="22.51352">
        <ele>19.7</ele>
      </trkpt>
      <trkpt lat="58.34971" lon="22.51375">
        <ele>19.7</ele>
      </trkpt>
      <trkpt lat="58.34963" lon="22.51426">
        <ele>20.0</ele>
      </trkpt>
      <trkpt lat="58.34961" lon="22.5146">
        <ele>20.2</ele>
      </trkpt>
      <trkpt lat="58.34961" lon="22.51492">
        <ele>20.4</ele>
      </trkpt>
      <trkpt lat="58.34963" lon="22.51516">
        <ele>20.6</ele>
      </trkpt>
      <trkpt lat="58.34969" lon="22.51541">
        <ele>20.7</ele>
      </trkpt>
      <trkpt lat="58.3497" lon="22.51563">
        <ele>20.9</ele>
      </trkpt>
      <trkpt lat="58.34967" lon="22.51576">
        <ele>21.1</ele>
      </trkpt>
      <trkpt lat="58.34966" lon="22.51578">
        <ele>21.2</ele>
      </trkpt>
      <trkpt lat="58.34956" lon="22.51595">
        <ele>21.8</ele>
      </trkpt>
      <trkpt lat="58.34929" lon="22.51634">
        <ele>23.2</ele>
      </trkpt>
      <trkpt lat="58.34926" lon="22.51654">
        <ele>23.7</ele>
      </trkpt>
      <trkpt lat="58.34926" lon="22.51661">
        <ele>23.9</ele>
      </trkpt>
      <trkpt lat="58.34931" lon="22.51688">
        <ele>24.6</ele>
      </trkpt>
      <trkpt lat="58.34952" lon="22.51739">
        <ele>24.2</ele>
      </trkpt>
      <trkpt lat="58.34958" lon="22.51758">
        <ele>24.2</ele>
      </trkpt>
      <trkpt lat="58.34963" lon="22.51778">
        <ele>24.3</ele>
      </trkpt>
      <trkpt lat="58.34989" lon="22.51941">
        <ele>25.5</ele>
      </trkpt>
      <trkpt lat="58.34998" lon="22.52007">
        <ele>26.0</ele>
      </trkpt>
      <trkpt lat="58.35007" lon="22.5212">
        <ele>25.0</ele>
      </trkpt>
      <trkpt lat="58.35012" lon="22.52164">
        <ele>24.2</ele>
      </trkpt>
      <trkpt lat="58.350476" lon="22.522839">
        <ele>22.6</ele>
      </trkpt>
      <trkpt lat="58.350523" lon="22.523296">
        <ele>23.1</ele>
      </trkpt>
      <trkpt lat="58.350261" lon="22.524748">
        <ele>24.3</ele>
      </trkpt>
      <trkpt lat="58.350254" lon="22.526147">
        <ele>25.8</ele>
      </trkpt>
      <trkpt lat="58.350362" lon="22.527047">
        <ele>26.1</ele>
      </trkpt>
      <trkpt lat="58.350237" lon="22.527675">
        <ele>26.3</ele>
      </trkpt>
      <trkpt lat="58.350231" lon="22.528206">
        <ele>26.1</ele>
      </trkpt>
      <trkpt lat="58.350328" lon="22.529163">
        <ele>26.0</ele>
      </trkpt>
      <trkpt lat="58.35026" lon="22.529803">
        <ele>26.8</ele>
      </trkpt>
      <trkpt lat="58.350408" lon="22.530507">
        <ele>27.3</ele>
      </trkpt>
      <trkpt lat="58.350649" lon="22.531052">
        <ele>27.5</ele>
      </trkpt>
      <trkpt lat="58.35065" lon="22.53105">
        <ele>27.5</ele>
      </trkpt>
      <trkpt lat="58.35134" lon="22.53107">
        <ele>24.5</ele>
      </trkpt>
      <trkpt lat="58.35121" lon="22.53171">
        <ele>25.3</ele>
      </trkpt>
      <trkpt lat="58.35073" lon="22.53272">
        <ele>27.0</ele>
      </trkpt>
      <trkpt lat="58.35047" lon="22.5332">
        <ele>27.0</ele>
      </trkpt>
      <trkpt lat="58.35025" lon="22.53379">
        <ele>27.0</ele>
      </trkpt>
      <trkpt lat="58.34994" lon="22.53443">
        <ele>26.8</ele>
      </trkpt>
      <trkpt lat="58.34962" lon="22.53507">
        <ele>26.4</ele>
      </trkpt>
      <trkpt lat="58.34938" lon="22.53598">
        <ele>25.4</ele>
      </trkpt>
      <trkpt lat="58.34916" lon="22.53626">
        <ele>25.0</ele>
      </trkpt>
      <trkpt lat="58.34872" lon="22.53658">
        <ele>26.7</ele>
      </trkpt>
      <trkpt lat="58.34853" lon="22.53763">
        <ele>27.6</ele>
      </trkpt>
      <trkpt lat="58.34834" lon="22.53868">
        <ele>29.1</ele>
      </trkpt>
      <trkpt lat="58.34801" lon="22.53964">
        <ele>27.7</ele>
      </trkpt>
      <trkpt lat="58.34782" lon="22.54009">
        <ele>27.4</ele>
      </trkpt>
      <trkpt lat="58.34776" lon="22.54048">
        <ele>27.2</ele>
      </trkpt>
      <trkpt lat="58.34764" lon="22.5414">
        <ele>26.1</ele>
      </trkpt>
      <trkpt lat="58.34741" lon="22.54229">
        <ele>25.2</ele>
      </trkpt>
      <trkpt lat="58.34709" lon="22.54187">
        <ele>25.4</ele>
      </trkpt>
      <trkpt lat="58.34701" lon="22.54178">
        <ele>25.4</ele>
      </trkpt>
      <trkpt lat="58.34686" lon="22.54169">
        <ele>25.2</ele>
      </trkpt>
      <trkpt lat="58.34672" lon="22.54172">
        <ele>25.1</ele>
      </trkpt>
      <trkpt lat="58.34655" lon="22.54192">
        <ele>24.5</ele>
      </trkpt>
      <trkpt lat="58.34666" lon="22.54273">
        <ele>24.7</ele>
      </trkpt>
      <trkpt lat="58.346656" lon="22.542731">
        <ele>24.7</ele>
      </trkpt>
      <trkpt lat="58.34675" lon="22.54345">
        <ele>24.0</ele>
      </trkpt>
      <trkpt lat="58.34695" lon="22.54499">
        <ele>24.7</ele>
      </trkpt>
      <trkpt lat="58.34715" lon="22.54652">
        <ele>22.2</ele>
      </trkpt>
      <trkpt lat="58.34735" lon="22.54805">
        <ele>19.6</ele>
      </trkpt>
      <trkpt lat="58.34755" lon="22.54958">
        <ele>19.0</ele>
      </trkpt>
      <trkpt lat="58.34775" lon="22.55111">
        <ele>19.0</ele>
      </trkpt>
      <trkpt lat="58.34794" lon="22.55264">
        <ele>19.0</ele>
      </trkpt>
      <trkpt lat="58.34814" lon="22.55417">
        <ele>19.0</ele>
      </trkpt>
      <trkpt lat="58.34834" lon="22.55571">
        <ele>19.0</ele>
      </trkpt>
      <trkpt lat="58.34843" lon="22.5565">
        <ele>19.7</ele>
      </trkpt>
      <trkpt lat="58.3485" lon="22.55733">
        <ele>19.2</ele>
      </trkpt>
      <trkpt lat="58.34854" lon="22.55805">
        <ele>18.5</ele>
      </trkpt>
      <trkpt lat="58.34857" lon="22.55918">
        <ele>18.3</ele>
      </trkpt>
      <trkpt lat="58.34857" lon="22.56036">
        <ele>18.3</ele>
      </trkpt>
      <trkpt lat="58.34854" lon="22.56119">
        <ele>18.1</ele>
      </trkpt>
      <trkpt lat="58.34849" lon="22.56219">
        <ele>18.0</ele>
      </trkpt>
      <trkpt lat="58.34843" lon="22.5631">
        <ele>18.0</ele>
      </trkpt>
      <trkpt lat="58.34843" lon="22.56322">
        <ele>18.0</ele>
      </trkpt>
      <trkpt lat="58.34833" lon="22.56469">
        <ele>18.0</ele>
      </trkpt>
      <trkpt lat="58.34823" lon="22.56616">
        <ele>17.7</ele>
      </trkpt>
      <trkpt lat="58.34813" lon="22.56763">
        <ele>18.5</ele>
      </trkpt>
      <trkpt lat="58.34804" lon="22.5691">
        <ele>20.0</ele>
      </trkpt>
      <trkpt lat="58.34797" lon="22.57001">
        <ele>20.0</ele>
      </trkpt>
      <trkpt lat="58.34791" lon="22.57092">
        <ele>18.8</ele>
      </trkpt>
      <trkpt lat="58.34781" lon="22.57225">
        <ele>17.9</ele>
      </trkpt>
      <trkpt lat="58.34771" lon="22.57357">
        <ele>19.0</ele>
      </trkpt>
      <trkpt lat="58.34761" lon="22.5749">
        <ele>19.1</ele>
      </trkpt>
      <trkpt lat="58.34748" lon="22.57649">
        <ele>19.8</ele>
      </trkpt>
      <trkpt lat="58.34735" lon="22.57807">
        <ele>20.1</ele>
      </trkpt>
      <trkpt lat="58.34722" lon="22.57966">
        <ele>20.9</ele>
      </trkpt>
      <trkpt lat="58.34709" lon="22.58125">
        <ele>20.5</ele>
      </trkpt>
      <trkpt lat="58.34695" lon="22.58284">
        <ele>21.4</ele>
      </trkpt>
      <trkpt lat="58.34682" lon="22.58442">
        <ele>22.3</ele>
      </trkpt>
      <trkpt lat="58.34669" lon="22.58601">
        <ele>22.0</ele>
      </trkpt>
      <trkpt lat="58.34664" lon="22.58625">
        <ele>21.4</ele>
      </trkpt>
      <trkpt lat="58.34704" lon="22.58689">
        <ele>23.2</ele>
      </trkpt>
      <trkpt lat="58.34744" lon="22.58753">
        <ele>23.6</ele>
      </trkpt>
      <trkpt lat="58.34784" lon="22.58815">
        <ele>22.2</ele>
      </trkpt>
      <trkpt lat="58.34824" lon="22.58878">
        <ele>20.9</ele>
      </trkpt>
      <trkpt lat="58.34891" lon="22.58982">
        <ele>18.8</ele>
      </trkpt>
      <trkpt lat="58.34959" lon="22.59086">
        <ele>20.6</ele>
      </trkpt>
      <trkpt lat="58.35026" lon="22.5919">
        <ele>22.4</ele>
      </trkpt>
      <trkpt lat="58.35093" lon="22.59294">
        <ele>22.6</ele>
      </trkpt>
      <trkpt lat="58.35161" lon="22.59398">
        <ele>21.8</ele>
      </trkpt>
      <trkpt lat="58.35228" lon="22.59502">
        <ele>21.8</ele>
      </trkpt>
      <trkpt lat="58.35295" lon="22.59606">
        <ele>22.4</ele>
      </trkpt>
      <trkpt lat="58.35363" lon="22.5971">
        <ele>22.1</ele>
      </trkpt>
      <trkpt lat="58.35421" lon="22.59799">
        <ele>22.0</ele>
      </trkpt>
      <trkpt lat="58.35479" lon="22.59888">
        <ele>20.7</ele>
      </trkpt>
      <trkpt lat="58.35537" lon="22.59978">
        <ele>21.1</ele>
      </trkpt>
      <trkpt lat="58.35595" lon="22.60067">
        <ele>21.4</ele>
      </trkpt>
      <trkpt lat="58.35653" lon="22.60156">
        <ele>20.4</ele>
      </trkpt>
      <trkpt lat="58.35715" lon="22.60253">
        <ele>20.0</ele>
      </trkpt>
      <trkpt lat="58.35776" lon="22.60351">
        <ele>20.6</ele>
      </trkpt>
      <trkpt lat="58.35838" lon="22.60448">
        <ele>22.2</ele>
      </trkpt>
      <trkpt lat="58.35899" lon="22.60546">
        <ele>24.2</ele>
      </trkpt>
      <trkpt lat="58.3596" lon="22.60643">
        <ele>25.2</ele>
      </trkpt>
      <trkpt lat="58.36022" lon="22.60741">
        <ele>26.6</ele>
      </trkpt>
      <trkpt lat="58.36083" lon="22.60839">
        <ele>27.0</ele>
      </trkpt>
      <trkpt lat="58.36145" lon="22.60936">
        <ele>28.1</ele>
      </trkpt>
      <trkpt lat="58.36206" lon="22.61034">
        <ele>25.5</ele>
      </trkpt>
      <trkpt lat="58.36248" lon="22.611">
        <ele>23.6</ele>
      </trkpt>
      <trkpt lat="58.36291" lon="22.61166">
        <ele>21.5</ele>
      </trkpt>
      <trkpt lat="58.36348" lon="22.6125">
        <ele>21.0</ele>
      </trkpt>
      <trkpt lat="58.36406" lon="22.61328">
        <ele>20.2</ele>
      </trkpt>
      <trkpt lat="58.36463" lon="22.61406">
        <ele>20.6</ele>
      </trkpt>
      <trkpt lat="58.36507" lon="22.61459">
        <ele>20.6</ele>
      </trkpt>
      <trkpt lat="58.36551" lon="22.61512">
        <ele>22.1</ele>
      </trkpt>
      <trkpt lat="58.36596" lon="22.61562">
        <ele>24.7</ele>
      </trkpt>
      <trkpt lat="58.36641" lon="22.61613">
        <ele>26.4</ele>
      </trkpt>
      <trkpt lat="58.36713" lon="22.61689">
        <ele>28.7</ele>
      </trkpt>
      <trkpt lat="58.36785" lon="22.61753">
        <ele>29.0</ele>
      </trkpt>
      <trkpt lat="58.36856" lon="22.61817">
        <ele>28.7</ele>
      </trkpt>
      <trkpt lat="58.36914" lon="22.61862">
        <ele>26.8</ele>
      </trkpt>
      <trkpt lat="58.36971" lon="22.61908">
        <ele>25.3</ele>
      </trkpt>
      <trkpt lat="58.37039" lon="22.61959">
        <ele>24.0</ele>
      </trkpt>
      <trkpt lat="58.37107" lon="22.6201">
        <ele>23.3</ele>
      </trkpt>
      <trkpt lat="58.37104" lon="22.62035">
        <ele>23.2</ele>
      </trkpt>
      <trkpt lat="58.37098" lon="22.62137">
        <ele>22.6</ele>
      </trkpt>
      <trkpt lat="58.371" lon="22.62183">
        <ele>22.4</ele>
      </trkpt>
      <trkpt lat="58.3711" lon="22.62224">
        <ele>22.6</ele>
      </trkpt>
      <trkpt lat="58.37112" lon="22.62257">
        <ele>22.7</ele>
      </trkpt>
      <trkpt lat="58.37113" lon="22.62418">
        <ele>22.7</ele>
      </trkpt>
      <trkpt lat="58.37115" lon="22.62578">
        <ele>23.5</ele>
      </trkpt>
      <trkpt lat="58.37117" lon="22.62739">
        <ele>24.8</ele>
      </trkpt>
      <trkpt lat="58.37118" lon="22.629">
        <ele>27.1</ele>
      </trkpt>
      <trkpt lat="58.3712" lon="22.6306">
        <ele>27.7</ele>
      </trkpt>
      <trkpt lat="58.37122" lon="22.63221">
        <ele>24.4</ele>
      </trkpt>
      <trkpt lat="58.37123" lon="22.63381">
        <ele>22.7</ele>
      </trkpt>
      <trkpt lat="58.37125" lon="22.63542">
        <ele>22.3</ele>
      </trkpt>
      <trkpt lat="58.37126" lon="22.63696">
        <ele>23.5</ele>
      </trkpt>
      <trkpt lat="58.37125" lon="22.63729">
        <ele>23.5</ele>
      </trkpt>
      <trkpt lat="58.37121" lon="22.63755">
        <ele>23.6</ele>
      </trkpt>
      <trkpt lat="58.37101" lon="22.63838">
        <ele>24.5</ele>
      </trkpt>
      <trkpt lat="58.37081" lon="22.63921">
        <ele>24.0</ele>
      </trkpt>
      <trkpt lat="58.37075" lon="22.6396">
        <ele>23.7</ele>
      </trkpt>
      <trkpt lat="58.37067" lon="22.64123">
        <ele>23.1</ele>
      </trkpt>
      <trkpt lat="58.37059" lon="22.64285">
        <ele>24.1</ele>
      </trkpt>
      <trkpt lat="58.37051" lon="22.64448">
        <ele>24.8</ele>
      </trkpt>
      <trkpt lat="58.37044" lon="22.64611">
        <ele>24.9</ele>
      </trkpt>
      <trkpt lat="58.37038" lon="22.64748">
        <ele>25.5</ele>
      </trkpt>
      <trkpt lat="58.37028" lon="22.64868">
        <ele>27.5</ele>
      </trkpt>
      <trkpt lat="58.37016" lon="22.64985">
        <ele>31.2</ele>
      </trkpt>
      <trkpt lat="58.37014" lon="22.6503">
        <ele>31.9</ele>
      </trkpt>
      <trkpt lat="58.37027" lon="22.65142">
        <ele>31.8</ele>
      </trkpt>
      <trkpt lat="58.37028" lon="22.65197">
        <ele>32.1</ele>
      </trkpt>
      <trkpt lat="58.37022" lon="22.65337">
        <ele>32.0</ele>
      </trkpt>
      <trkpt lat="58.37011" lon="22.65474">
        <ele>30.0</ele>
      </trkpt>
      <trkpt lat="58.37002" lon="22.65535">
        <ele>29.5</ele>
      </trkpt>
      <trkpt lat="58.36974" lon="22.65644">
        <ele>31.6</ele>
      </trkpt>
      <trkpt lat="58.36947" lon="22.65753">
        <ele>34.3</ele>
      </trkpt>
      <trkpt lat="58.36919" lon="22.65863">
        <ele>36.0</ele>
      </trkpt>
      <trkpt lat="58.36903" lon="22.65948">
        <ele>35.8</ele>
      </trkpt>
      <trkpt lat="58.36891" lon="22.66024">
        <ele>35.4</ele>
      </trkpt>
      <trkpt lat="58.36881" lon="22.66101">
        <ele>34.6</ele>
      </trkpt>
      <trkpt lat="58.3688" lon="22.66162">
        <ele>33.2</ele>
      </trkpt>
      <trkpt lat="58.36887" lon="22.66201">
        <ele>32.1</ele>
      </trkpt>
      <trkpt lat="58.3693" lon="22.66324">
        <ele>27.8</ele>
      </trkpt>
      <trkpt lat="58.36934" lon="22.66352">
        <ele>27.0</ele>
      </trkpt>
      <trkpt lat="58.36868" lon="22.6639">
        <ele>25.5</ele>
      </trkpt>
      <trkpt lat="58.36811" lon="22.6643">
        <ele>24.2</ele>
      </trkpt>
      <trkpt lat="58.36819" lon="22.6646">
        <ele>23.7</ele>
      </trkpt>
      <trkpt lat="58.36833" lon="22.66493">
        <ele>23.2</ele>
      </trkpt>
      <trkpt lat="58.36885" lon="22.66607">
        <ele>23.0</ele>
      </trkpt>
      <trkpt lat="58.36936" lon="22.6672">
        <ele>23.2</ele>
      </trkpt>
      <trkpt lat="58.36962" lon="22.6677">
        <ele>23.5</ele>
      </trkpt>
      <trkpt lat="58.36969" lon="22.66781">
        <ele>23.6</ele>
      </trkpt>
      <trkpt lat="58.36998" lon="22.6682">
        <ele>24.0</ele>
      </trkpt>
      <trkpt lat="58.37058" lon="22.66893">
        <ele>25.4</ele>
      </trkpt>
      <trkpt lat="58.37084" lon="22.66935">
        <ele>26.2</ele>
      </trkpt>
      <trkpt lat="58.371" lon="22.66974">
        <ele>27.1</ele>
      </trkpt>
      <trkpt lat="58.37106" lon="22.66996">
        <ele>27.5</ele>
      </trkpt>
      <trkpt lat="58.371149" lon="22.670365">
        <ele>27.6</ele>
      </trkpt>
      <trkpt lat="58.37115" lon="22.67037">
        <ele>27.6</ele>
      </trkpt>
      <trkpt lat="58.37143" lon="22.67175">
        <ele>25.8</ele>
      </trkpt>
      <trkpt lat="58.37167" lon="22.6727">
        <ele>23.5</ele>
      </trkpt>
      <trkpt lat="58.37181" lon="22.67351">
        <ele>22.0</ele>
      </trkpt>
      <trkpt lat="58.37186" lon="22.67388">
        <ele>22.0</ele>
      </trkpt>
      <trkpt lat="58.37188" lon="22.67428">
        <ele>22.1</ele>
      </trkpt>
      <trkpt lat="58.37188" lon="22.67459">
        <ele>22.4</ele>
      </trkpt>
      <trkpt lat="58.37186" lon="22.67485">
        <ele>22.6</ele>
      </trkpt>
      <trkpt lat="58.37184" lon="22.67503">
        <ele>22.8</ele>
      </trkpt>
      <trkpt lat="58.37183" lon="22.67514">
        <ele>22.8</ele>
      </trkpt>
      <trkpt lat="58.37178" lon="22.67543">
        <ele>22.9</ele>
      </trkpt>
      <trkpt lat="58.37155" lon="22.67668">
        <ele>22.7</ele>
      </trkpt>
      <trkpt lat="58.37132" lon="22.67792">
        <ele>21.1</ele>
      </trkpt>
      <trkpt lat="58.37108" lon="22.67917">
        <ele>20.3</ele>
      </trkpt>
      <trkpt lat="58.37085" lon="22.68041">
        <ele>21.0</ele>
      </trkpt>
      <trkpt lat="58.37063" lon="22.68169">
        <ele>21.0</ele>
      </trkpt>
      <trkpt lat="58.37057" lon="22.6822">
        <ele>21.0</ele>
      </trkpt>
      <trkpt lat="58.37054" lon="22.68283">
        <ele>21.1</ele>
      </trkpt>
      <trkpt lat="58.37053" lon="22.68357">
        <ele>21.6</ele>
      </trkpt>
      <trkpt lat="58.37057" lon="22.68427">
        <ele>22.4</ele>
      </trkpt>
      <trkpt lat="58.37068" lon="22.68504">
        <ele>23.2</ele>
      </trkpt>
      <trkpt lat="58.37076" lon="22.6855">
        <ele>23.0</ele>
      </trkpt>
      <trkpt lat="58.37087" lon="22.68582">
        <ele>22.9</ele>
      </trkpt>
      <trkpt lat="58.37124" lon="22.68641">
        <ele>22.0</ele>
      </trkpt>
      <trkpt lat="58.37172" lon="22.6871">
        <ele>20.3</ele>
      </trkpt>
      <trkpt lat="58.3722" lon="22.68779">
        <ele>18.8</ele>
      </trkpt>
      <trkpt lat="58.37268" lon="22.68848">
        <ele>19.2</ele>
      </trkpt>
      <trkpt lat="58.37318" lon="22.68853">
        <ele>19.8</ele>
      </trkpt>
      <trkpt lat="58.37391" lon="22.68879">
        <ele>20.3</ele>
      </trkpt>
      <trkpt lat="58.37461" lon="22.68889">
        <ele>20.2</ele>
      </trkpt>
      <trkpt lat="58.37546" lon="22.68891">
        <ele>19.4</ele>
      </trkpt>
      <trkpt lat="58.3763" lon="22.68892">
        <ele>19.6</ele>
      </trkpt>
      <trkpt lat="58.37677" lon="22.68893">
        <ele>20.0</ele>
      </trkpt>
      <trkpt lat="58.37725" lon="22.68894">
        <ele>20.0</ele>
      </trkpt>
      <trkpt lat="58.37782" lon="22.68905">
        <ele>20.0</ele>
      </trkpt>
      <trkpt lat="58.37871" lon="22.68925">
        <ele>20.0</ele>
      </trkpt>
      <trkpt lat="58.37959" lon="22.68946">
        <ele>20.5</ele>
      </trkpt>
      <trkpt lat="58.37976" lon="22.68968">
        <ele>20.7</ele>
      </trkpt>
      <trkpt lat="58.37993" lon="22.69043">
        <ele>20.9</ele>
      </trkpt>
      <trkpt lat="58.38003" lon="22.69072">
        <ele>21.0</ele>
      </trkpt>
      <trkpt lat="58.38018" lon="22.69084">
        <ele>21.2</ele>
      </trkpt>
      <trkpt lat="58.38093" lon="22.69099">
        <ele>22.1</ele>
      </trkpt>
      <trkpt lat="58.38095" lon="22.69149">
        <ele>22.5</ele>
      </trkpt>
      <trkpt lat="58.381" lon="22.69175">
        <ele>22.5</ele>
      </trkpt>
      <trkpt lat="58.380994" lon="22.691752">
        <ele>22.5</ele>
      </trkpt>
      <trkpt lat="58.38115" lon="22.69269">
        <ele>21.5</ele>
      </trkpt>
      <trkpt lat="58.38152" lon="22.69357">
        <ele>21.0</ele>
      </trkpt>
      <trkpt lat="58.38171" lon="22.69409">
        <ele>21.1</ele>
      </trkpt>
      <trkpt lat="58.38192" lon="22.69483">
        <ele>20.8</ele>
      </trkpt>
      <trkpt lat="58.38199" lon="22.69616">
        <ele>21.0</ele>
      </trkpt>
      <trkpt lat="58.38205" lon="22.6975">
        <ele>21.0</ele>
      </trkpt>
      <trkpt lat="58.38212" lon="22.69883">
        <ele>20.0</ele>
      </trkpt>
      <trkpt lat="58.38225" lon="22.70005">
        <ele>20.0</ele>
      </trkpt>
      <trkpt lat="58.38251" lon="22.70163">
        <ele>20.0</ele>
      </trkpt>
      <trkpt lat="58.38277" lon="22.70322">
        <ele>19.7</ele>
      </trkpt>
      <trkpt lat="58.38355" lon="22.70327">
        <ele>18.8</ele>
      </trkpt>
      <trkpt lat="58.38434" lon="22.70332">
        <ele>18.9</ele>
      </trkpt>
      <trkpt lat="58.38513" lon="22.70337">
        <ele>22.3</ele>
      </trkpt>
      <trkpt lat="58.38592" lon="22.70342">
        <ele>23.9</ele>
      </trkpt>
      <trkpt lat="58.3867" lon="22.70346">
        <ele>24.5</ele>
      </trkpt>
      <trkpt lat="58.38749" lon="22.70351">
        <ele>23.4</ele>
      </trkpt>
      <trkpt lat="58.38749" lon="22.70351">
        <ele>23.4</ele>
      </trkpt>
      <trkpt lat="58.38837" lon="22.70357">
        <ele>22.4</ele>
      </trkpt>
      <trkpt lat="58.38925" lon="22.70362">
        <ele>21.9</ele>
      </trkpt>
      <trkpt lat="58.39014" lon="22.70368">
        <ele>17.8</ele>
      </trkpt>
      <trkpt lat="58.39102" lon="22.70373">
        <ele>17.2</ele>
      </trkpt>
      <trkpt lat="58.3919" lon="22.70379">
        <ele>18.0</ele>
      </trkpt>
      <trkpt lat="58.39278" lon="22.70384">
        <ele>17.7</ele>
      </trkpt>
      <trkpt lat="58.39287" lon="22.70359">
        <ele>17.6</ele>
      </trkpt>
      <trkpt lat="58.39316" lon="22.70251">
        <ele>18.0</ele>
      </trkpt>
      <trkpt lat="58.39344" lon="22.70142">
        <ele>18.0</ele>
      </trkpt>
      <trkpt lat="58.39375" lon="22.70007">
        <ele>17.5</ele>
      </trkpt>
      <trkpt lat="58.39406" lon="22.69873">
        <ele>18.8</ele>
      </trkpt>
      <trkpt lat="58.39481" lon="22.69798">
        <ele>19.8</ele>
      </trkpt>
      <trkpt lat="58.39555" lon="22.69722">
        <ele>19.9</ele>
      </trkpt>
      <trkpt lat="58.3963" lon="22.69647">
        <ele>19.0</ele>
      </trkpt>
      <trkpt lat="58.39651" lon="22.697">
        <ele>19.1</ele>
      </trkpt>
      <trkpt lat="58.3972" lon="22.69788">
        <ele>18.2</ele>
      </trkpt>
      <trkpt lat="58.39789" lon="22.69876">
        <ele>17.5</ele>
      </trkpt>
      <trkpt lat="58.39857" lon="22.69964">
        <ele>17.6</ele>
      </trkpt>
      <trkpt lat="58.39926" lon="22.70052">
        <ele>17.9</ele>
      </trkpt>
      <trkpt lat="58.39995" lon="22.70139">
        <ele>17.1</ele>
      </trkpt>
      <trkpt lat="58.40064" lon="22.70227">
        <ele>17.8</ele>
      </trkpt>
      <trkpt lat="58.40133" lon="22.70315">
        <ele>17.2</ele>
      </trkpt>
      <trkpt lat="58.40202" lon="22.70403">
        <ele>17.0</ele>
      </trkpt>
      <trkpt lat="58.40279" lon="22.70326">
        <ele>17.3</ele>
      </trkpt>
      <trkpt lat="58.40356" lon="22.7025">
        <ele>17.3</ele>
      </trkpt>
      <trkpt lat="58.40433" lon="22.70173">
        <ele>18.0</ele>
      </trkpt>
      <trkpt lat="58.4051" lon="22.70096">
        <ele>18.0</ele>
      </trkpt>
      <trkpt lat="58.40588" lon="22.70019">
        <ele>18.0</ele>
      </trkpt>
      <trkpt lat="58.40665" lon="22.69943">
        <ele>17.3</ele>
      </trkpt>
      <trkpt lat="58.40742" lon="22.69866">
        <ele>17.9</ele>
      </trkpt>
      <trkpt lat="58.40819" lon="22.69789">
        <ele>17.6</ele>
      </trkpt>
      <trkpt lat="58.40897" lon="22.69712">
        <ele>17.8</ele>
      </trkpt>
      <trkpt lat="58.40974" lon="22.69636">
        <ele>17.9</ele>
      </trkpt>
      <trkpt lat="58.41051" lon="22.69559">
        <ele>18.6</ele>
      </trkpt>
      <trkpt lat="58.41128" lon="22.69482">
        <ele>18.6</ele>
      </trkpt>
      <trkpt lat="58.41205" lon="22.69405">
        <ele>18.0</ele>
      </trkpt>
      <trkpt lat="58.41283" lon="22.69329">
        <ele>18.1</ele>
      </trkpt>
      <trkpt lat="58.4136" lon="22.69252">
        <ele>20.0</ele>
      </trkpt>
      <trkpt lat="58.41437" lon="22.69175">
        <ele>21.3</ele>
      </trkpt>
      <trkpt lat="58.41514" lon="22.69099">
        <ele>21.2</ele>
      </trkpt>
      <trkpt lat="58.41542" lon="22.69104">
        <ele>21.9</ele>
      </trkpt>
      <trkpt lat="58.41613" lon="22.69078">
        <ele>23.4</ele>
      </trkpt>
      <trkpt lat="58.41684" lon="22.69052">
        <ele>23.5</ele>
      </trkpt>
      <trkpt lat="58.41656" lon="22.6913">
        <ele>23.9</ele>
      </trkpt>
      <trkpt lat="58.41636" lon="22.69232">
        <ele>22.8</ele>
      </trkpt>
      <trkpt lat="58.41625" lon="22.69352">
        <ele>21.1</ele>
      </trkpt>
      <trkpt lat="58.41613" lon="22.69472">
        <ele>21.4</ele>
      </trkpt>
      <trkpt lat="58.41606" lon="22.69588">
        <ele>21.9</ele>
      </trkpt>
      <trkpt lat="58.41599" lon="22.69705">
        <ele>22.6</ele>
      </trkpt>
      <trkpt lat="58.41585" lon="22.69763">
        <ele>22.2</ele>
      </trkpt>
      <trkpt lat="58.41552" lon="22.6983">
        <ele>21.8</ele>
      </trkpt>
      <trkpt lat="58.4151" lon="22.69858">
        <ele>20.1</ele>
      </trkpt>
      <trkpt lat="58.41455" lon="22.69909">
        <ele>18.5</ele>
      </trkpt>
      <trkpt lat="58.41425" lon="22.6997">
        <ele>18.6</ele>
      </trkpt>
      <trkpt lat="58.41394" lon="22.70095">
        <ele>18.9</ele>
      </trkpt>
      <trkpt lat="58.41376" lon="22.70219">
        <ele>18.0</ele>
      </trkpt>
      <trkpt lat="58.41379" lon="22.70351">
        <ele>17.0</ele>
      </trkpt>
      <trkpt lat="58.41377" lon="22.70419">
        <ele>17.0</ele>
      </trkpt>
      <trkpt lat="58.41369" lon="22.70498">
        <ele>17.4</ele>
      </trkpt>
      <trkpt lat="58.41367" lon="22.70538">
        <ele>17.4</ele>
      </trkpt>
      <trkpt lat="58.41372" lon="22.70596">
        <ele>17.5</ele>
      </trkpt>
      <trkpt lat="58.41383" lon="22.70647">
        <ele>17.9</ele>
      </trkpt>
      <trkpt lat="58.41396" lon="22.70677">
        <ele>18.0</ele>
      </trkpt>
      <trkpt lat="58.41411" lon="22.70701">
        <ele>18.0</ele>
      </trkpt>
      <trkpt lat="58.41422" lon="22.70737">
        <ele>18.1</ele>
      </trkpt>
      <trkpt lat="58.41429" lon="22.70783">
        <ele>18.6</ele>
      </trkpt>
      <trkpt lat="58.41434" lon="22.70831">
        <ele>19.4</ele>
      </trkpt>
      <trkpt lat="58.41442" lon="22.70859">
        <ele>20.3</ele>
      </trkpt>
      <trkpt lat="58.41448" lon="22.70893">
        <ele>21.5</ele>
      </trkpt>
      <trkpt lat="58.41448" lon="22.7093">
        <ele>22.6</ele>
      </trkpt>
      <trkpt lat="58.41448" lon="22.71032">
        <ele>24.8</ele>
      </trkpt>
      <trkpt lat="58.41452" lon="22.71115">
        <ele>24.1</ele>
      </trkpt>
      <trkpt lat="58.41452" lon="22.71175">
        <ele>23.4</ele>
      </trkpt>
      <trkpt lat="58.41454" lon="22.71303">
        <ele>20.0</ele>
      </trkpt>
      <trkpt lat="58.41461" lon="22.71459">
        <ele>20.7</ele>
      </trkpt>
      <trkpt lat="58.41465" lon="22.71564">
        <ele>21.7</ele>
      </trkpt>
      <trkpt lat="58.4146" lon="22.71682">
        <ele>23.5</ele>
      </trkpt>
      <trkpt lat="58.4146" lon="22.71803">
        <ele>22.8</ele>
      </trkpt>
      <trkpt lat="58.41452" lon="22.71891">
        <ele>22.9</ele>
      </trkpt>
      <trkpt lat="58.41437" lon="22.72003">
        <ele>24.0</ele>
      </trkpt>
      <trkpt lat="58.41421" lon="22.72116">
        <ele>24.4</ele>
      </trkpt>
      <trkpt lat="58.4141" lon="22.72206">
        <ele>25.0</ele>
      </trkpt>
      <trkpt lat="58.414" lon="22.72295">
        <ele>24.5</ele>
      </trkpt>
      <trkpt lat="58.41385" lon="22.72394">
        <ele>24.5</ele>
      </trkpt>
      <trkpt lat="58.41371" lon="22.7248">
        <ele>24.8</ele>
      </trkpt>
      <trkpt lat="58.41338" lon="22.72571">
        <ele>24.1</ele>
      </trkpt>
      <trkpt lat="58.41314" lon="22.72647">
        <ele>24.1</ele>
      </trkpt>
      <trkpt lat="58.4129" lon="22.72724">
        <ele>24.0</ele>
      </trkpt>
      <trkpt lat="58.41255" lon="22.72845">
        <ele>24.9</ele>
      </trkpt>
      <trkpt lat="58.41247" lon="22.7289">
        <ele>24.4</ele>
      </trkpt>
      <trkpt lat="58.41241" lon="22.72938">
        <ele>23.6</ele>
      </trkpt>
      <trkpt lat="58.41239" lon="22.72965">
        <ele>23.0</ele>
      </trkpt>
      <trkpt lat="58.41236" lon="22.73055">
        <ele>22.2</ele>
      </trkpt>
      <trkpt lat="58.41234" lon="22.73145">
        <ele>22.9</ele>
      </trkpt>
      <trkpt lat="58.41219" lon="22.73289">
        <ele>24.1</ele>
      </trkpt>
      <trkpt lat="58.41205" lon="22.73434">
        <ele>23.9</ele>
      </trkpt>
      <trkpt lat="58.41201" lon="22.73523">
        <ele>23.7</ele>
      </trkpt>
      <trkpt lat="58.41201" lon="22.73608">
        <ele>23.2</ele>
      </trkpt>
      <trkpt lat="58.41198" lon="22.73716">
        <ele>22.6</ele>
      </trkpt>
      <trkpt lat="58.41194" lon="22.73789">
        <ele>22.4</ele>
      </trkpt>
      <trkpt lat="58.41188" lon="22.7385">
        <ele>22.0</ele>
      </trkpt>
      <trkpt lat="58.41167" lon="22.73977">
        <ele>22.0</ele>
      </trkpt>
      <trkpt lat="58.41146" lon="22.74105">
        <ele>21.0</ele>
      </trkpt>
      <trkpt lat="58.41123" lon="22.74233">
        <ele>19.4</ele>
      </trkpt>
      <trkpt lat="58.411" lon="22.7436">
        <ele>18.7</ele>
      </trkpt>
      <trkpt lat="58.41084" lon="22.74426">
        <ele>19.1</ele>
      </trkpt>
      <trkpt lat="58.4106" lon="22.74521">
        <ele>20.2</ele>
      </trkpt>
      <trkpt lat="58.41036" lon="22.74617">
        <ele>20.8</ele>
      </trkpt>
      <trkpt lat="58.41006" lon="22.74731">
        <ele>21.0</ele>
      </trkpt>
      <trkpt lat="58.40976" lon="22.74846">
        <ele>20.0</ele>
      </trkpt>
      <trkpt lat="58.40947" lon="22.7496">
        <ele>18.2</ele>
      </trkpt>
      <trkpt lat="58.40913" lon="22.75083">
        <ele>17.0</ele>
      </trkpt>
      <trkpt lat="58.40877" lon="22.75225">
        <ele>16.2</ele>
      </trkpt>
      <trkpt lat="58.4085" lon="22.75341">
        <ele>17.8</ele>
      </trkpt>
      <trkpt lat="58.40824" lon="22.75457">
        <ele>18.4</ele>
      </trkpt>
      <trkpt lat="58.40798" lon="22.75573">
        <ele>17.3</ele>
      </trkpt>
      <trkpt lat="58.40773" lon="22.7569">
        <ele>14.5</ele>
      </trkpt>
      <trkpt lat="58.40744" lon="22.75813">
        <ele>14.0</ele>
      </trkpt>
      <trkpt lat="58.40786" lon="22.7591">
        <ele>14.4</ele>
      </trkpt>
      <trkpt lat="58.40827" lon="22.76007">
        <ele>16.6</ele>
      </trkpt>
      <trkpt lat="58.40855" lon="22.76159">
        <ele>14.8</ele>
      </trkpt>
      <trkpt lat="58.40883" lon="22.7631">
        <ele>14.8</ele>
      </trkpt>
      <trkpt lat="58.40911" lon="22.76462">
        <ele>15.5</ele>
      </trkpt>
      <trkpt lat="58.40919" lon="22.76589">
        <ele>18.2</ele>
      </trkpt>
      <trkpt lat="58.40927" lon="22.76716">
        <ele>21.5</ele>
      </trkpt>
      <trkpt lat="58.40923" lon="22.76788">
        <ele>22.4</ele>
      </trkpt>
      <trkpt lat="58.4092" lon="22.76908">
        <ele>23.0</ele>
      </trkpt>
      <trkpt lat="58.4092" lon="22.77019">
        <ele>23.0</ele>
      </trkpt>
      <trkpt lat="58.4093" lon="22.77161">
        <ele>23.1</ele>
      </trkpt>
      <trkpt lat="58.4094" lon="22.77303">
        <ele>22.8</ele>
      </trkpt>
      <trkpt lat="58.40942" lon="22.774">
        <ele>22.7</ele>
      </trkpt>
      <trkpt lat="58.40944" lon="22.77474">
        <ele>22.2</ele>
      </trkpt>
      <trkpt lat="58.40944" lon="22.77549">
        <ele>22.0</ele>
      </trkpt>
      <trkpt lat="58.40938" lon="22.77718">
        <ele>21.4</ele>
      </trkpt>
      <trkpt lat="58.40937" lon="22.77753">
        <ele>21.2</ele>
      </trkpt>
      <trkpt lat="58.40954" lon="22.77869">
        <ele>20.2</ele>
      </trkpt>
      <trkpt lat="58.4096" lon="22.77913">
        <ele>20.1</ele>
      </trkpt>
      <trkpt lat="58.40975" lon="22.78058">
        <ele>18.6</ele>
      </trkpt>
      <trkpt lat="58.40979" lon="22.78069">
        <ele>18.6</ele>
      </trkpt>
      <trkpt lat="58.40992" lon="22.78089">
        <ele>18.7</ele>
      </trkpt>
      <trkpt lat="58.40955" lon="22.78235">
        <ele>17.0</ele>
      </trkpt>
      <trkpt lat="58.40917" lon="22.78382">
        <ele>18.0</ele>
      </trkpt>
      <trkpt lat="58.40879" lon="22.78529">
        <ele>16.9</ele>
      </trkpt>
      <trkpt lat="58.40842" lon="22.78675">
        <ele>16.0</ele>
      </trkpt>
      <trkpt lat="58.4084" lon="22.78685">
        <ele>16.1</ele>
      </trkpt>
      <trkpt lat="58.40835" lon="22.78734">
        <ele>16.8</ele>
      </trkpt>
      <trkpt lat="58.40829" lon="22.78735">
        <ele>16.8</ele>
      </trkpt>
      <trkpt lat="58.40825" lon="22.78743">
        <ele>16.8</ele>
      </trkpt>
      <trkpt lat="58.40824" lon="22.78753">
        <ele>17.0</ele>
      </trkpt>
      <trkpt lat="58.40825" lon="22.78761">
        <ele>17.2</ele>
      </trkpt>
      <trkpt lat="58.40827" lon="22.78767">
        <ele>17.3</ele>
      </trkpt>
      <trkpt lat="58.40833" lon="22.78772">
        <ele>17.5</ele>
      </trkpt>
      <trkpt lat="58.40836" lon="22.78771">
        <ele>17.4</ele>
      </trkpt>
      <trkpt lat="58.4084" lon="22.78768">
        <ele>17.2</ele>
      </trkpt>
      <trkpt lat="58.40855" lon="22.78817">
        <ele>17.7</ele>
      </trkpt>
      <trkpt lat="58.40865" lon="22.78871">
        <ele>17.2</ele>
      </trkpt>
      <trkpt lat="58.40869" lon="22.78905">
        <ele>16.8</ele>
      </trkpt>
      <trkpt lat="58.40869" lon="22.78947">
        <ele>16.7</ele>
      </trkpt>
      <trkpt lat="58.40872" lon="22.78985">
        <ele>16.5</ele>
      </trkpt>
      <trkpt lat="58.40873" lon="22.78993">
        <ele>16.5</ele>
      </trkpt>
      <trkpt lat="58.40882" lon="22.79034">
        <ele>16.2</ele>
      </trkpt>
      <trkpt lat="58.40923" lon="22.79169">
        <ele>15.1</ele>
      </trkpt>
      <trkpt lat="58.40956" lon="22.79285">
        <ele>15.3</ele>
      </trkpt>
      <trkpt lat="58.4098" lon="22.79372">
        <ele>15.0</ele>
      </trkpt>
      <trkpt lat="58.40984" lon="22.79407">
        <ele>15.0</ele>
      </trkpt>
      <trkpt lat="58.40985" lon="22.79438">
        <ele>15.0</ele>
      </trkpt>
      <trkpt lat="58.40984" lon="22.79466">
        <ele>15.0</ele>
      </trkpt>
      <trkpt lat="58.4097" lon="22.79567">
        <ele>15.0</ele>
      </trkpt>
      <trkpt lat="58.40957" lon="22.79668">
        <ele>14.5</ele>
      </trkpt>
      <trkpt lat="58.40943" lon="22.79801">
        <ele>14.7</ele>
      </trkpt>
      <trkpt lat="58.40941" lon="22.79849">
        <ele>14.8</ele>
      </trkpt>
      <trkpt lat="58.40941" lon="22.79881">
        <ele>14.9</ele>
      </trkpt>
      <trkpt lat="58.40943" lon="22.79915">
        <ele>15.0</ele>
      </trkpt>
      <trkpt lat="58.40952" lon="22.79965">
        <ele>15.8</ele>
      </trkpt>
      <trkpt lat="58.4096" lon="22.80003">
        <ele>16.5</ele>
      </trkpt>
      <trkpt lat="58.4098" lon="22.80089">
        <ele>16.5</ele>
      </trkpt>
      <trkpt lat="58.41014" lon="22.80186">
        <ele>15.8</ele>
      </trkpt>
      <trkpt lat="58.41057" lon="22.80314">
        <ele>15.4</ele>
      </trkpt>
      <trkpt lat="58.41065" lon="22.80343">
        <ele>15.6</ele>
      </trkpt>
      <trkpt lat="58.41073" lon="22.80387">
        <ele>15.8</ele>
      </trkpt>
      <trkpt lat="58.41077" lon="22.8043">
        <ele>15.9</ele>
      </trkpt>
      <trkpt lat="58.41085" lon="22.80575">
        <ele>16.0</ele>
      </trkpt>
      <trkpt lat="58.41093" lon="22.8072">
        <ele>15.2</ele>
      </trkpt>
      <trkpt lat="58.41099" lon="22.80837">
        <ele>15.6</ele>
      </trkpt>
      <trkpt lat="58.41106" lon="22.80954">
        <ele>15.9</ele>
      </trkpt>
      <trkpt lat="58.41126" lon="22.8109">
        <ele>16.0</ele>
      </trkpt>
      <trkpt lat="58.4114" lon="22.81157">
        <ele>16.0</ele>
      </trkpt>
      <trkpt lat="58.41167" lon="22.81247">
        <ele>15.0</ele>
      </trkpt>
      <trkpt lat="58.41219" lon="22.81371">
        <ele>15.3</ele>
      </trkpt>
      <trkpt lat="58.41259" lon="22.81445">
        <ele>15.6</ele>
      </trkpt>
      <trkpt lat="58.413" lon="22.81519">
        <ele>15.1</ele>
      </trkpt>
      <trkpt lat="58.41358" lon="22.81633">
        <ele>17.0</ele>
      </trkpt>
      <trkpt lat="58.41416" lon="22.81747">
        <ele>18.0</ele>
      </trkpt>
      <trkpt lat="58.41474" lon="22.81862">
        <ele>17.3</ele>
      </trkpt>
      <trkpt lat="58.41523" lon="22.81988">
        <ele>17.6</ele>
      </trkpt>
      <trkpt lat="58.41547" lon="22.82067">
        <ele>18.6</ele>
      </trkpt>
      <trkpt lat="58.41571" lon="22.82146">
        <ele>19.2</ele>
      </trkpt>
      <trkpt lat="58.41604" lon="22.82274">
        <ele>19.5</ele>
      </trkpt>
      <trkpt lat="58.41627" lon="22.8239">
        <ele>19.8</ele>
      </trkpt>
      <trkpt lat="58.41632" lon="22.82418">
        <ele>19.8</ele>
      </trkpt>
      <trkpt lat="58.41623" lon="22.82428">
        <ele>20.1</ele>
      </trkpt>
      <trkpt lat="58.41594" lon="22.82576">
        <ele>20.1</ele>
      </trkpt>
      <trkpt lat="58.41564" lon="22.82723">
        <ele>19.1</ele>
      </trkpt>
      <trkpt lat="58.41534" lon="22.8287">
        <ele>17.4</ele>
      </trkpt>
      <trkpt lat="58.41526" lon="22.82891">
        <ele>17.3</ele>
      </trkpt>
      <trkpt lat="58.41515" lon="22.82907">
        <ele>17.2</ele>
      </trkpt>
      <trkpt lat="58.41439" lon="22.82981">
        <ele>17.2</ele>
      </trkpt>
      <trkpt lat="58.41364" lon="22.83054">
        <ele>18.1</ele>
      </trkpt>
      <trkpt lat="58.41288" lon="22.83128">
        <ele>18.2</ele>
      </trkpt>
      <trkpt lat="58.41213" lon="22.83201">
        <ele>17.2</ele>
      </trkpt>
      <trkpt lat="58.41153" lon="22.83266">
        <ele>16.8</ele>
      </trkpt>
      <trkpt lat="58.41094" lon="22.83331">
        <ele>16.9</ele>
      </trkpt>
      <trkpt lat="58.41034" lon="22.83396">
        <ele>16.1</ele>
      </trkpt>
      <trkpt lat="58.40964" lon="22.83473">
        <ele>15.6</ele>
      </trkpt>
      <trkpt lat="58.40895" lon="22.83551">
        <ele>15.0</ele>
      </trkpt>
      <trkpt lat="58.40825" lon="22.83628">
        <ele>15.1</ele>
      </trkpt>
      <trkpt lat="58.40762" lon="22.83696">
        <ele>15.9</ele>
      </trkpt>
      <trkpt lat="58.4073" lon="22.83735">
        <ele>16.2</ele>
      </trkpt>
      <trkpt lat="58.40708" lon="22.83752">
        <ele>16.5</ele>
      </trkpt>
      <trkpt lat="58.40659" lon="22.83766">
        <ele>17.1</ele>
      </trkpt>
      <trkpt lat="58.40632" lon="22.83788">
        <ele>17.0</ele>
      </trkpt>
      <trkpt lat="58.40608" lon="22.838">
        <ele>16.9</ele>
      </trkpt>
      <trkpt lat="58.40589" lon="22.83816">
        <ele>16.9</ele>
      </trkpt>
      <trkpt lat="58.40573" lon="22.83825">
        <ele>16.7</ele>
      </trkpt>
      <trkpt lat="58.40545" lon="22.83827">
        <ele>16.0</ele>
      </trkpt>
      <trkpt lat="58.40529" lon="22.83836">
        <ele>15.7</ele>
      </trkpt>
      <trkpt lat="58.40472" lon="22.83912">
        <ele>15.0</ele>
      </trkpt>
      <trkpt lat="58.40426" lon="22.83945">
        <ele>14.7</ele>
      </trkpt>
      <trkpt lat="58.40386" lon="22.83981">
        <ele>14.1</ele>
      </trkpt>
      <trkpt lat="58.40358" lon="22.84013">
        <ele>14.0</ele>
      </trkpt>
      <trkpt lat="58.40339" lon="22.84043">
        <ele>14.0</ele>
      </trkpt>
      <trkpt lat="58.40327" lon="22.84078">
        <ele>14.0</ele>
      </trkpt>
      <trkpt lat="58.40306" lon="22.8413">
        <ele>14.2</ele>
      </trkpt>
      <trkpt lat="58.40304" lon="22.84142">
        <ele>14.2</ele>
      </trkpt>
      <trkpt lat="58.40302" lon="22.84159">
        <ele>14.3</ele>
      </trkpt>
      <trkpt lat="58.40303" lon="22.84314">
        <ele>14.6</ele>
      </trkpt>
      <trkpt lat="58.40305" lon="22.84364">
        <ele>14.9</ele>
      </trkpt>
      <trkpt lat="58.40304" lon="22.84382">
        <ele>15.1</ele>
      </trkpt>
      <trkpt lat="58.40302" lon="22.84395">
        <ele>15.2</ele>
      </trkpt>
      <trkpt lat="58.40299" lon="22.84406">
        <ele>15.3</ele>
      </trkpt>
      <trkpt lat="58.4028" lon="22.84453">
        <ele>16.1</ele>
      </trkpt>
      <trkpt lat="58.40264" lon="22.84501">
        <ele>16.8</ele>
      </trkpt>
      <trkpt lat="58.40246" lon="22.84535">
        <ele>17.0</ele>
      </trkpt>
      <trkpt lat="58.40223" lon="22.84567">
        <ele>17.0</ele>
      </trkpt>
      <trkpt lat="58.4018" lon="22.84607">
        <ele>17.0</ele>
      </trkpt>
      <trkpt lat="58.40178" lon="22.84723">
        <ele>17.0</ele>
      </trkpt>
      <trkpt lat="58.40182" lon="22.84746">
        <ele>17.0</ele>
      </trkpt>
      <trkpt lat="58.40211" lon="22.84815">
        <ele>16.2</ele>
      </trkpt>
      <trkpt lat="58.4024" lon="22.84884">
        <ele>16.0</ele>
      </trkpt>
      <trkpt lat="58.40288" lon="22.85005">
        <ele>15.5</ele>
      </trkpt>
      <trkpt lat="58.40337" lon="22.85125">
        <ele>16.0</ele>
      </trkpt>
      <trkpt lat="58.40386" lon="22.85245">
        <ele>16.3</ele>
      </trkpt>
      <trkpt lat="58.40435" lon="22.85366">
        <ele>16.2</ele>
      </trkpt>
      <trkpt lat="58.40484" lon="22.85486">
        <ele>16.0</ele>
      </trkpt>
      <trkpt lat="58.40484" lon="22.85486">
        <ele>16.0</ele>
      </trkpt>
      <trkpt lat="58.40531" lon="22.85604">
        <ele>18.5</ele>
      </trkpt>
      <trkpt lat="58.40579" lon="22.85721">
        <ele>18.8</ele>
      </trkpt>
      <trkpt lat="58.40631" lon="22.85848">
        <ele>19.3</ele>
      </trkpt>
      <trkpt lat="58.40683" lon="22.85976">
        <ele>17.1</ele>
      </trkpt>
      <trkpt lat="58.40735" lon="22.86103">
        <ele>16.4</ele>
      </trkpt>
      <trkpt lat="58.40788" lon="22.8623">
        <ele>17.9</ele>
      </trkpt>
      <trkpt lat="58.40793" lon="22.86247">
        <ele>18.0</ele>
      </trkpt>
      <trkpt lat="58.40795" lon="22.86259">
        <ele>18.1</ele>
      </trkpt>
      <trkpt lat="58.40795" lon="22.86273">
        <ele>18.1</ele>
      </trkpt>
      <trkpt lat="58.40794" lon="22.86293">
        <ele>18.0</ele>
      </trkpt>
      <trkpt lat="58.40783" lon="22.86407">
        <ele>17.1</ele>
      </trkpt>
      <trkpt lat="58.40763" lon="22.86487">
        <ele>16.2</ele>
      </trkpt>
      <trkpt lat="58.40744" lon="22.86568">
        <ele>15.9</ele>
      </trkpt>
      <trkpt lat="58.40717" lon="22.86656">
        <ele>14.7</ele>
      </trkpt>
      <trkpt lat="58.4069" lon="22.86743">
        <ele>14.0</ele>
      </trkpt>
      <trkpt lat="58.40681" lon="22.86809">
        <ele>13.9</ele>
      </trkpt>
      <trkpt lat="58.40673" lon="22.86837">
        <ele>13.9</ele>
      </trkpt>
      <trkpt lat="58.40655" lon="22.86864">
        <ele>13.9</ele>
      </trkpt>
      <trkpt lat="58.40643" lon="22.8689">
        <ele>13.7</ele>
      </trkpt>
      <trkpt lat="58.4063" lon="22.86938">
        <ele>13.5</ele>
      </trkpt>
      <trkpt lat="58.40592" lon="22.87037">
        <ele>13.9</ele>
      </trkpt>
      <trkpt lat="58.40568" lon="22.8714">
        <ele>14.8</ele>
      </trkpt>
      <trkpt lat="58.40562" lon="22.87173">
        <ele>15.2</ele>
      </trkpt>
      <trkpt lat="58.40544" lon="22.87237">
        <ele>14.6</ele>
      </trkpt>
      <trkpt lat="58.4053" lon="22.87282">
        <ele>14.3</ele>
      </trkpt>
      <trkpt lat="58.40524" lon="22.8731">
        <ele>14.0</ele>
      </trkpt>
      <trkpt lat="58.40523" lon="22.87341">
        <ele>13.7</ele>
      </trkpt>
      <trkpt lat="58.40526" lon="22.87362">
        <ele>13.5</ele>
      </trkpt>
      <trkpt lat="58.40541" lon="22.87452">
        <ele>12.6</ele>
      </trkpt>
      <trkpt lat="58.40556" lon="22.87542">
        <ele>12.0</ele>
      </trkpt>
      <trkpt lat="58.40567" lon="22.87614">
        <ele>12.0</ele>
      </trkpt>
      <trkpt lat="58.40572" lon="22.87629">
        <ele>12.0</ele>
      </trkpt>
      <trkpt lat="58.40584" lon="22.87651">
        <ele>12.0</ele>
      </trkpt>
      <trkpt lat="58.40592" lon="22.87673">
        <ele>12.4</ele>
      </trkpt>
      <trkpt lat="58.40594" lon="22.87682">
        <ele>12.5</ele>
      </trkpt>
      <trkpt lat="58.40596" lon="22.87745">
        <ele>12.5</ele>
      </trkpt>
      <trkpt lat="58.40592" lon="22.8778">
        <ele>12.0</ele>
      </trkpt>
      <trkpt lat="58.4059" lon="22.87806">
        <ele>11.6</ele>
      </trkpt>
      <trkpt lat="58.40587" lon="22.87847">
        <ele>11.3</ele>
      </trkpt>
      <trkpt lat="58.40588" lon="22.87873">
        <ele>11.6</ele>
      </trkpt>
      <trkpt lat="58.40594" lon="22.87922">
        <ele>12.5</ele>
      </trkpt>
      <trkpt lat="58.40596" lon="22.87951">
        <ele>12.9</ele>
      </trkpt>
      <trkpt lat="58.40598" lon="22.88012">
        <ele>13.7</ele>
      </trkpt>
      <trkpt lat="58.40601" lon="22.88046">
        <ele>14.0</ele>
      </trkpt>
      <trkpt lat="58.40608" lon="22.88089">
        <ele>14.5</ele>
      </trkpt>
      <trkpt lat="58.40627" lon="22.88168">
        <ele>16.6</ele>
      </trkpt>
      <trkpt lat="58.40637" lon="22.88231">
        <ele>16.7</ele>
      </trkpt>
      <trkpt lat="58.40639" lon="22.88262">
        <ele>16.5</ele>
      </trkpt>
      <trkpt lat="58.40644" lon="22.88292">
        <ele>16.2</ele>
      </trkpt>
      <trkpt lat="58.40647" lon="22.88348">
        <ele>15.5</ele>
      </trkpt>
      <trkpt lat="58.40647" lon="22.88442">
        <ele>15.8</ele>
      </trkpt>
      <trkpt lat="58.40649" lon="22.8846">
        <ele>16.0</ele>
      </trkpt>
      <trkpt lat="58.40656" lon="22.88491">
        <ele>16.5</ele>
      </trkpt>
      <trkpt lat="58.40691" lon="22.88622">
        <ele>16.8</ele>
      </trkpt>
      <trkpt lat="58.40704" lon="22.88662">
        <ele>16.5</ele>
      </trkpt>
      <trkpt lat="58.40712" lon="22.88682">
        <ele>16.5</ele>
      </trkpt>
      <trkpt lat="58.40755" lon="22.88773">
        <ele>17.0</ele>
      </trkpt>
      <trkpt lat="58.40799" lon="22.88865">
        <ele>17.4</ele>
      </trkpt>
      <trkpt lat="58.40842" lon="22.88956">
        <ele>17.5</ele>
      </trkpt>
      <trkpt lat="58.4086" lon="22.88987">
        <ele>17.3</ele>
      </trkpt>
      <trkpt lat="58.40874" lon="22.89009">
        <ele>17.4</ele>
      </trkpt>
      <trkpt lat="58.40897" lon="22.89049">
        <ele>17.2</ele>
      </trkpt>
      <trkpt lat="58.40914" lon="22.89084">
        <ele>17.0</ele>
      </trkpt>
      <trkpt lat="58.40974" lon="22.89197">
        <ele>14.2</ele>
      </trkpt>
      <trkpt lat="58.41006" lon="22.89262">
        <ele>14.2</ele>
      </trkpt>
      <trkpt lat="58.41039" lon="22.89327">
        <ele>15.4</ele>
      </trkpt>
      <trkpt lat="58.41074" lon="22.89415">
        <ele>15.8</ele>
      </trkpt>
      <trkpt lat="58.41096" lon="22.89476">
        <ele>15.3</ele>
      </trkpt>
      <trkpt lat="58.41118" lon="22.89543">
        <ele>14.7</ele>
      </trkpt>
      <trkpt lat="58.4113" lon="22.89591">
        <ele>14.4</ele>
      </trkpt>
      <trkpt lat="58.41145" lon="22.89655">
        <ele>13.7</ele>
      </trkpt>
      <trkpt lat="58.41162" lon="22.89753">
        <ele>13.9</ele>
      </trkpt>
      <trkpt lat="58.41176" lon="22.89852">
        <ele>13.0</ele>
      </trkpt>
      <trkpt lat="58.41183" lon="22.89936">
        <ele>12.8</ele>
      </trkpt>
      <trkpt lat="58.41185" lon="22.89967">
        <ele>12.4</ele>
      </trkpt>
      <trkpt lat="58.41188" lon="22.90061">
        <ele>12.5</ele>
      </trkpt>
      <trkpt lat="58.41187" lon="22.90158">
        <ele>13.7</ele>
      </trkpt>
      <trkpt lat="58.41187" lon="22.90273">
        <ele>15.0</ele>
      </trkpt>
      <trkpt lat="58.41187" lon="22.90387">
        <ele>15.8</ele>
      </trkpt>
      <trkpt lat="58.41186" lon="22.90399">
        <ele>15.8</ele>
      </trkpt>
      <trkpt lat="58.41182" lon="22.90416">
        <ele>15.8</ele>
      </trkpt>
      <trkpt lat="58.41177" lon="22.90427">
        <ele>15.9</ele>
      </trkpt>
      <trkpt lat="58.41165" lon="22.90441">
        <ele>16.0</ele>
      </trkpt>
      <trkpt lat="58.41178" lon="22.90529">
        <ele>15.9</ele>
      </trkpt>
      <trkpt lat="58.41191" lon="22.90617">
        <ele>15.4</ele>
      </trkpt>
      <trkpt lat="58.41204" lon="22.90701">
        <ele>15.0</ele>
      </trkpt>
      <trkpt lat="58.41207" lon="22.90718">
        <ele>15.0</ele>
      </trkpt>
      <trkpt lat="58.41234" lon="22.90835">
        <ele>15.0</ele>
      </trkpt>
      <trkpt lat="58.41255" lon="22.90984">
        <ele>13.2</ele>
      </trkpt>
      <trkpt lat="58.41257" lon="22.91025">
        <ele>13.1</ele>
      </trkpt>
      <trkpt lat="58.41254" lon="22.91146">
        <ele>13.0</ele>
      </trkpt>
      <trkpt lat="58.41252" lon="22.91268">
        <ele>13.0</ele>
      </trkpt>
      <trkpt lat="58.41249" lon="22.91389">
        <ele>13.0</ele>
      </trkpt>
      <trkpt lat="58.41253" lon="22.91516">
        <ele>12.0</ele>
      </trkpt>
      <trkpt lat="58.41302" lon="22.91525">
        <ele>12.6</ele>
      </trkpt>
      <trkpt lat="58.41349" lon="22.91521">
        <ele>13.0</ele>
      </trkpt>
      <trkpt lat="58.41382" lon="22.91525">
        <ele>13.0</ele>
      </trkpt>
      <trkpt lat="58.41451" lon="22.9155">
        <ele>13.0</ele>
      </trkpt>
      <trkpt lat="58.4152" lon="22.91576">
        <ele>12.8</ele>
      </trkpt>
      <trkpt lat="58.41538" lon="22.91576">
        <ele>12.5</ele>
      </trkpt>
      <trkpt lat="58.41558" lon="22.91567">
        <ele>12.3</ele>
      </trkpt>
      <trkpt lat="58.41586" lon="22.91546">
        <ele>12.0</ele>
      </trkpt>
      <trkpt lat="58.41602" lon="22.91541">
        <ele>12.0</ele>
      </trkpt>
      <trkpt lat="58.41624" lon="22.91548">
        <ele>12.0</ele>
      </trkpt>
      <trkpt lat="58.41685" lon="22.91573">
        <ele>12.0</ele>
      </trkpt>
      <trkpt lat="58.41724" lon="22.91579">
        <ele>12.0</ele>
      </trkpt>
      <trkpt lat="58.41804" lon="22.91584">
        <ele>11.4</ele>
      </trkpt>
      <trkpt lat="58.4182" lon="22.91587">
        <ele>11.2</ele>
      </trkpt>
      <trkpt lat="58.41829" lon="22.91579">
        <ele>11.0</ele>
      </trkpt>
      <trkpt lat="58.41838" lon="22.9158">
        <ele>11.0</ele>
      </trkpt>
      <trkpt lat="58.41894" lon="22.91611">
        <ele>11.3</ele>
      </trkpt>
      <trkpt lat="58.41903" lon="22.91613">
        <ele>11.4</ele>
      </trkpt>
      <trkpt lat="58.41911" lon="22.91598">
        <ele>11.2</ele>
      </trkpt>
      <trkpt lat="58.41914" lon="22.91557">
        <ele>11.0</ele>
      </trkpt>
      <trkpt lat="58.41919" lon="22.91519">
        <ele>11.1</ele>
      </trkpt>
      <trkpt lat="58.41926" lon="22.915">
        <ele>11.2</ele>
      </trkpt>
      <trkpt lat="58.41954" lon="22.91475">
        <ele>11.6</ele>
      </trkpt>
      <trkpt lat="58.42022" lon="22.91424">
        <ele>12.4</ele>
      </trkpt>
      <trkpt lat="58.4209" lon="22.91374">
        <ele>13.0</ele>
      </trkpt>
      <trkpt lat="58.42159" lon="22.91323">
        <ele>12.0</ele>
      </trkpt>
      <trkpt lat="58.4218" lon="22.91314">
        <ele>11.9</ele>
      </trkpt>
      <trkpt lat="58.4221" lon="22.91325">
        <ele>12.4</ele>
      </trkpt>
      <trkpt lat="58.42259" lon="22.91334">
        <ele>13.0</ele>
      </trkpt>
      <trkpt lat="58.42308" lon="22.91343">
        <ele>13.3</ele>
      </trkpt>
      <trkpt lat="58.42372" lon="22.91348">
        <ele>14.3</ele>
      </trkpt>
      <trkpt lat="58.42435" lon="22.91353">
        <ele>15.7</ele>
      </trkpt>
      <trkpt lat="58.42485" lon="22.91361">
        <ele>17.0</ele>
      </trkpt>
      <trkpt lat="58.42534" lon="22.91369">
        <ele>17.3</ele>
      </trkpt>
      <trkpt lat="58.42589" lon="22.91386">
        <ele>16.9</ele>
      </trkpt>
      <trkpt lat="58.42673" lon="22.91416">
        <ele>14.8</ele>
      </trkpt>
      <trkpt lat="58.42757" lon="22.91446">
        <ele>12.4</ele>
      </trkpt>
      <trkpt lat="58.42794" lon="22.91455">
        <ele>12.7</ele>
      </trkpt>
      <trkpt lat="58.42857" lon="22.91447">
        <ele>12.3</ele>
      </trkpt>
      <trkpt lat="58.42936" lon="22.91433">
        <ele>11.2</ele>
      </trkpt>
      <trkpt lat="58.43016" lon="22.9142">
        <ele>11.4</ele>
      </trkpt>
      <trkpt lat="58.43095" lon="22.91406">
        <ele>13.8</ele>
      </trkpt>
      <trkpt lat="58.43107" lon="22.91409">
        <ele>14.3</ele>
      </trkpt>
      <trkpt lat="58.43113" lon="22.91414">
        <ele>14.5</ele>
      </trkpt>
      <trkpt lat="58.4313" lon="22.91435">
        <ele>14.8</ele>
      </trkpt>
      <trkpt lat="58.43186" lon="22.9153">
        <ele>14.4</ele>
      </trkpt>
      <trkpt lat="58.43195" lon="22.91548">
        <ele>14.0</ele>
      </trkpt>
      <trkpt lat="58.43209" lon="22.91585">
        <ele>13.5</ele>
      </trkpt>
      <trkpt lat="58.43218" lon="22.91611">
        <ele>13.0</ele>
      </trkpt>
      <trkpt lat="58.43234" lon="22.91656">
        <ele>12.1</ele>
      </trkpt>
      <trkpt lat="58.43287" lon="22.9174">
        <ele>11.1</ele>
      </trkpt>
      <trkpt lat="58.43339" lon="22.91824">
        <ele>10.1</ele>
      </trkpt>
      <trkpt lat="58.43392" lon="22.91908">
        <ele>10.0</ele>
      </trkpt>
      <trkpt lat="58.43444" lon="22.91992">
        <ele>10.6</ele>
      </trkpt>
      <trkpt lat="58.43493" lon="22.92072">
        <ele>10.1</ele>
      </trkpt>
      <trkpt lat="58.43541" lon="22.92153">
        <ele>10.8</ele>
      </trkpt>
      <trkpt lat="58.4359" lon="22.92234">
        <ele>11.0</ele>
      </trkpt>
      <trkpt lat="58.43646" lon="22.92324">
        <ele>11.7</ele>
      </trkpt>
      <trkpt lat="58.43703" lon="22.92415">
        <ele>12.0</ele>
      </trkpt>
      <trkpt lat="58.43759" lon="22.92505">
        <ele>13.3</ele>
      </trkpt>
      <trkpt lat="58.43777" lon="22.92532">
        <ele>13.9</ele>
      </trkpt>
      <trkpt lat="58.43743" lon="22.92593">
        <ele>14.2</ele>
      </trkpt>
      <trkpt lat="58.43709" lon="22.92653">
        <ele>15.7</ele>
      </trkpt>
      <trkpt lat="58.43654" lon="22.92765">
        <ele>16.3</ele>
      </trkpt>
      <trkpt lat="58.43598" lon="22.92877">
        <ele>16.9</ele>
      </trkpt>
      <trkpt lat="58.43574" lon="22.92997">
        <ele>16.1</ele>
      </trkpt>
      <trkpt lat="58.4355" lon="22.93117">
        <ele>16.4</ele>
      </trkpt>
      <trkpt lat="58.43526" lon="22.93237">
        <ele>17.3</ele>
      </trkpt>
      <trkpt lat="58.43519" lon="22.93374">
        <ele>18.3</ele>
      </trkpt>
      <trkpt lat="58.43512" lon="22.93511">
        <ele>16.5</ele>
      </trkpt>
      <trkpt lat="58.43506" lon="22.93648">
        <ele>17.1</ele>
      </trkpt>
      <trkpt lat="58.43499" lon="22.93785">
        <ele>17.4</ele>
      </trkpt>
      <trkpt lat="58.43492" lon="22.93922">
        <ele>17.9</ele>
      </trkpt>
      <trkpt lat="58.43484" lon="22.94089">
        <ele>19.0</ele>
      </trkpt>
      <trkpt lat="58.43476" lon="22.94255">
        <ele>19.9</ele>
      </trkpt>
      <trkpt lat="58.43468" lon="22.94421">
        <ele>21.2</ele>
      </trkpt>
      <trkpt lat="58.4346" lon="22.94588">
        <ele>20.9</ele>
      </trkpt>
      <trkpt lat="58.43451" lon="22.94754">
        <ele>20.7</ele>
      </trkpt>
      <trkpt lat="58.43443" lon="22.94921">
        <ele>20.3</ele>
      </trkpt>
      <trkpt lat="58.43435" lon="22.95087">
        <ele>18.5</ele>
      </trkpt>
      <trkpt lat="58.43427" lon="22.95254">
        <ele>17.6</ele>
      </trkpt>
      <trkpt lat="58.4342" lon="22.95396">
        <ele>17.9</ele>
      </trkpt>
      <trkpt lat="58.43412" lon="22.95538">
        <ele>18.7</ele>
      </trkpt>
      <trkpt lat="58.43405" lon="22.9568">
        <ele>17.6</ele>
      </trkpt>
      <trkpt lat="58.43398" lon="22.95822">
        <ele>17.2</ele>
      </trkpt>
      <trkpt lat="58.43391" lon="22.95973">
        <ele>18.5</ele>
      </trkpt>
      <trkpt lat="58.43383" lon="22.96125">
        <ele>19.1</ele>
      </trkpt>
      <trkpt lat="58.43376" lon="22.96276">
        <ele>18.0</ele>
      </trkpt>
      <trkpt lat="58.43368" lon="22.96428">
        <ele>17.0</ele>
      </trkpt>
      <trkpt lat="58.43361" lon="22.96579">
        <ele>18.0</ele>
      </trkpt>
      <trkpt lat="58.43353" lon="22.96731">
        <ele>18.7</ele>
      </trkpt>
      <trkpt lat="58.43346" lon="22.96882">
        <ele>18.5</ele>
      </trkpt>
      <trkpt lat="58.43338" lon="22.97047">
        <ele>18.2</ele>
      </trkpt>
      <trkpt lat="58.43331" lon="22.97212">
        <ele>17.4</ele>
      </trkpt>
      <trkpt lat="58.43323" lon="22.97377">
        <ele>16.5</ele>
      </trkpt>
      <trkpt lat="58.43316" lon="22.97542">
        <ele>17.6</ele>
      </trkpt>
      <trkpt lat="58.43308" lon="22.97707">
        <ele>17.7</ele>
      </trkpt>
      <trkpt lat="58.43301" lon="22.97871">
        <ele>14.3</ele>
      </trkpt>
      <trkpt lat="58.43293" lon="22.98036">
        <ele>12.5</ele>
      </trkpt>
      <trkpt lat="58.43286" lon="22.98201">
        <ele>12.1</ele>
      </trkpt>
      <trkpt lat="58.43278" lon="22.98366">
        <ele>11.7</ele>
      </trkpt>
      <trkpt lat="58.43271" lon="22.98531">
        <ele>11.0</ele>
      </trkpt>
      <trkpt lat="58.43265" lon="22.98666">
        <ele>10.8</ele>
      </trkpt>
      <trkpt lat="58.43259" lon="22.98801">
        <ele>10.9</ele>
      </trkpt>
      <trkpt lat="58.43253" lon="22.98936">
        <ele>11.0</ele>
      </trkpt>
      <trkpt lat="58.43248" lon="22.99071">
        <ele>11.0</ele>
      </trkpt>
      <trkpt lat="58.43232" lon="22.99061">
        <ele>11.0</ele>
      </trkpt>
      <trkpt lat="58.43172" lon="22.99057">
        <ele>11.0</ele>
      </trkpt>
      <trkpt lat="58.43112" lon="22.99052">
        <ele>11.0</ele>
      </trkpt>
      <trkpt lat="58.43033" lon="22.99053">
        <ele>11.2</ele>
      </trkpt>
      <trkpt lat="58.42954" lon="22.99053">
        <ele>11.9</ele>
      </trkpt>
      <trkpt lat="58.42915" lon="22.99057">
        <ele>12.3</ele>
      </trkpt>
      <trkpt lat="58.42898" lon="22.9916">
        <ele>11.1</ele>
      </trkpt>
      <trkpt lat="58.42894" lon="22.99196">
        <ele>11.0</ele>
      </trkpt>
      <trkpt lat="58.42888" lon="22.99229">
        <ele>11.0</ele>
      </trkpt>
      <trkpt lat="58.42852" lon="22.99354">
        <ele>12.0</ele>
      </trkpt>
      <trkpt lat="58.42815" lon="22.9948">
        <ele>12.2</ele>
      </trkpt>
      <trkpt lat="58.42811" lon="22.99497">
        <ele>12.3</ele>
      </trkpt>
      <trkpt lat="58.42812" lon="22.99521">
        <ele>12.3</ele>
      </trkpt>
      <trkpt lat="58.42819" lon="22.99579">
        <ele>12.2</ele>
      </trkpt>
      <trkpt lat="58.42799" lon="22.99578">
        <ele>12.4</ele>
      </trkpt>
      <trkpt lat="58.42775" lon="22.99588">
        <ele>12.7</ele>
      </trkpt>
      <trkpt lat="58.42736" lon="22.99608">
        <ele>12.9</ele>
      </trkpt>
      <trkpt lat="58.42692" lon="22.99627">
        <ele>12.7</ele>
      </trkpt>
      <trkpt lat="58.42634" lon="22.99649">
        <ele>12.5</ele>
      </trkpt>
      <trkpt lat="58.42577" lon="22.99663">
        <ele>12.1</ele>
      </trkpt>
      <trkpt lat="58.42531" lon="22.9968">
        <ele>12.6</ele>
      </trkpt>
      <trkpt lat="58.4255" lon="22.99794">
        <ele>12.7</ele>
      </trkpt>
      <trkpt lat="58.4255" lon="22.99794">
        <ele>12.7</ele>
      </trkpt>
      <trkpt lat="58.42564" lon="22.99883">
        <ele>13.5</ele>
      </trkpt>
      <trkpt lat="58.42579" lon="22.99972">
        <ele>14.6</ele>
      </trkpt>
      <trkpt lat="58.4259" lon="23.0003">
        <ele>15.0</ele>
      </trkpt>
      <trkpt lat="58.42609" lon="23.0009">
        <ele>14.9</ele>
      </trkpt>
      <trkpt lat="58.42627" lon="23.00153">
        <ele>14.2</ele>
      </trkpt>
      <trkpt lat="58.42638" lon="23.00201">
        <ele>14.0</ele>
      </trkpt>
      <trkpt lat="58.42646" lon="23.00249">
        <ele>14.0</ele>
      </trkpt>
      <trkpt lat="58.42652" lon="23.00267">
        <ele>13.8</ele>
      </trkpt>
      <trkpt lat="58.42647" lon="23.00269">
        <ele>13.8</ele>
      </trkpt>
      <trkpt lat="58.42662" lon="23.0031">
        <ele>13.3</ele>
      </trkpt>
      <trkpt lat="58.42673" lon="23.00352">
        <ele>12.9</ele>
      </trkpt>
      <trkpt lat="58.42688" lon="23.00429">
        <ele>12.6</ele>
      </trkpt>
      <trkpt lat="58.4269" lon="23.00444">
        <ele>12.4</ele>
      </trkpt>
      <trkpt lat="58.42701" lon="23.0051">
        <ele>11.7</ele>
      </trkpt>
      <trkpt lat="58.42713" lon="23.00559">
        <ele>12.2</ele>
      </trkpt>
      <trkpt lat="58.42727" lon="23.00633">
        <ele>13.3</ele>
      </trkpt>
      <trkpt lat="58.42733" lon="23.00679">
        <ele>14.0</ele>
      </trkpt>
      <trkpt lat="58.42732" lon="23.00753">
        <ele>14.0</ele>
      </trkpt>
      <trkpt lat="58.42737" lon="23.00803">
        <ele>13.9</ele>
      </trkpt>
      <trkpt lat="58.42745" lon="23.00855">
        <ele>13.7</ele>
      </trkpt>
      <trkpt lat="58.42761" lon="23.00981">
        <ele>12.2</ele>
      </trkpt>
      <trkpt lat="58.42777" lon="23.01107">
        <ele>12.0</ele>
      </trkpt>
      <trkpt lat="58.42789" lon="23.0122">
        <ele>12.6</ele>
      </trkpt>
      <trkpt lat="58.42791" lon="23.01321">
        <ele>13.9</ele>
      </trkpt>
      <trkpt lat="58.42795" lon="23.01364">
        <ele>14.0</ele>
      </trkpt>
      <trkpt lat="58.428" lon="23.01398">
        <ele>14.0</ele>
      </trkpt>
      <trkpt lat="58.4277" lon="23.01451">
        <ele>14.4</ele>
      </trkpt>
      <trkpt lat="58.42764" lon="23.01471">
        <ele>14.7</ele>
      </trkpt>
      <trkpt lat="58.42761" lon="23.01499">
        <ele>15.0</ele>
      </trkpt>
      <trkpt lat="58.42767" lon="23.01529">
        <ele>14.7</ele>
      </trkpt>
      <trkpt lat="58.42767" lon="23.01546">
        <ele>14.6</ele>
      </trkpt>
      <trkpt lat="58.42757" lon="23.01607">
        <ele>13.8</ele>
      </trkpt>
      <trkpt lat="58.42757" lon="23.01637">
        <ele>13.4</ele>
      </trkpt>
      <trkpt lat="58.4276" lon="23.01672">
        <ele>13.1</ele>
      </trkpt>
      <trkpt lat="58.42763" lon="23.01713">
        <ele>13.2</ele>
      </trkpt>
      <trkpt lat="58.42762" lon="23.01749">
        <ele>13.1</ele>
      </trkpt>
      <trkpt lat="58.42754" lon="23.01801">
        <ele>13.0</ele>
      </trkpt>
      <trkpt lat="58.4275" lon="23.01832">
        <ele>13.0</ele>
      </trkpt>
      <trkpt lat="58.42749" lon="23.01845">
        <ele>13.0</ele>
      </trkpt>
      <trkpt lat="58.42751" lon="23.0189">
        <ele>13.0</ele>
      </trkpt>
      <trkpt lat="58.42747" lon="23.01975">
        <ele>12.9</ele>
      </trkpt>
      <trkpt lat="58.42743" lon="23.02005">
        <ele>12.8</ele>
      </trkpt>
      <trkpt lat="58.42739" lon="23.02027">
        <ele>12.7</ele>
      </trkpt>
      <trkpt lat="58.42732" lon="23.02056">
        <ele>12.6</ele>
      </trkpt>
      <trkpt lat="58.42729" lon="23.02073">
        <ele>12.5</ele>
      </trkpt>
      <trkpt lat="58.42727" lon="23.02121">
        <ele>12.6</ele>
      </trkpt>
      <trkpt lat="58.42728" lon="23.02174">
        <ele>12.7</ele>
      </trkpt>
      <trkpt lat="58.42727" lon="23.02188">
        <ele>12.7</ele>
      </trkpt>
      <trkpt lat="58.4272" lon="23.0222">
        <ele>12.6</ele>
      </trkpt>
      <trkpt lat="58.4271" lon="23.02221">
        <ele>12.5</ele>
      </trkpt>
      <trkpt lat="58.42674" lon="23.02229">
        <ele>12.1</ele>
      </trkpt>
      <trkpt lat="58.42624" lon="23.02192">
        <ele>11.3</ele>
      </trkpt>
      <trkpt lat="58.42574" lon="23.02156">
        <ele>10.9</ele>
      </trkpt>
      <trkpt lat="58.42516" lon="23.02157">
        <ele>10.9</ele>
      </trkpt>
      <trkpt lat="58.42458" lon="23.02158">
        <ele>10.4</ele>
      </trkpt>
      <trkpt lat="58.42431" lon="23.02161">
        <ele>10.2</ele>
      </trkpt>
      <trkpt lat="58.42356" lon="23.02143">
        <ele>10.5</ele>
      </trkpt>
      <trkpt lat="58.42269" lon="23.02127">
        <ele>10.1</ele>
      </trkpt>
      <trkpt lat="58.42248" lon="23.02118">
        <ele>10.0</ele>
      </trkpt>
      <trkpt lat="58.42248" lon="23.02118">
        <ele>10.0</ele>
      </trkpt>
      <trkpt lat="58.42221" lon="23.02107">
        <ele>10.5</ele>
      </trkpt>
      <trkpt lat="58.42172" lon="23.02115">
        <ele>11.6</ele>
      </trkpt>
      <trkpt lat="58.42092" lon="23.02138">
        <ele>13.2</ele>
      </trkpt>
      <trkpt lat="58.42018" lon="23.02152">
        <ele>13.6</ele>
      </trkpt>
      <trkpt lat="58.41944" lon="23.02166">
        <ele>14.0</ele>
      </trkpt>
      <trkpt lat="58.41868" lon="23.02163">
        <ele>13.4</ele>
      </trkpt>
      <trkpt lat="58.41801" lon="23.02179">
        <ele>12.1</ele>
      </trkpt>
      <trkpt lat="58.41764" lon="23.02195">
        <ele>11.3</ele>
      </trkpt>
      <trkpt lat="58.41734" lon="23.02201">
        <ele>11.2</ele>
      </trkpt>
      <trkpt lat="58.41713" lon="23.02203">
        <ele>11.4</ele>
      </trkpt>
      <trkpt lat="58.41687" lon="23.02215">
        <ele>11.8</ele>
      </trkpt>
      <trkpt lat="58.41665" lon="23.0223">
        <ele>12.0</ele>
      </trkpt>
      <trkpt lat="58.41654" lon="23.02243">
        <ele>12.0</ele>
      </trkpt>
      <trkpt lat="58.41647" lon="23.02252">
        <ele>12.0</ele>
      </trkpt>
      <trkpt lat="58.41618" lon="23.02314">
        <ele>12.4</ele>
      </trkpt>
      <trkpt lat="58.41619" lon="23.0232">
        <ele>12.5</ele>
      </trkpt>
      <trkpt lat="58.41627" lon="23.02343">
        <ele>12.5</ele>
      </trkpt>
      <trkpt lat="58.41612" lon="23.02406">
        <ele>13.0</ele>
      </trkpt>
      <trkpt lat="58.41603" lon="23.02456">
        <ele>13.2</ele>
      </trkpt>
      <trkpt lat="58.41588" lon="23.02504">
        <ele>13.1</ele>
      </trkpt>
      <trkpt lat="58.41578" lon="23.0253">
        <ele>12.8</ele>
      </trkpt>
      <trkpt lat="58.41565" lon="23.02546">
        <ele>12.4</ele>
      </trkpt>
      <trkpt lat="58.41507" lon="23.02614">
        <ele>11.9</ele>
      </trkpt>
      <trkpt lat="58.41486" lon="23.02641">
        <ele>12.1</ele>
      </trkpt>
      <trkpt lat="58.41469" lon="23.02654">
        <ele>12.0</ele>
      </trkpt>
      <trkpt lat="58.4144" lon="23.02669">
        <ele>11.6</ele>
      </trkpt>
      <trkpt lat="58.41425" lon="23.02682">
        <ele>11.4</ele>
      </trkpt>
      <trkpt lat="58.41412" lon="23.02708">
        <ele>11.3</ele>
      </trkpt>
      <trkpt lat="58.41397" lon="23.02733">
        <ele>11.1</ele>
      </trkpt>
      <trkpt lat="58.41388" lon="23.02743">
        <ele>10.9</ele>
      </trkpt>
      <trkpt lat="58.41376" lon="23.02746">
        <ele>10.5</ele>
      </trkpt>
      <trkpt lat="58.41347" lon="23.02722">
        <ele>9.2</ele>
      </trkpt>
      <trkpt lat="58.41338" lon="23.02719">
        <ele>8.8</ele>
      </trkpt>
      <trkpt lat="58.41317" lon="23.02719">
        <ele>8.6</ele>
      </trkpt>
      <trkpt lat="58.41264" lon="23.02712">
        <ele>8.5</ele>
      </trkpt>
      <trkpt lat="58.41242" lon="23.02706">
        <ele>8.5</ele>
      </trkpt>
      <trkpt lat="58.41211" lon="23.02708">
        <ele>8.5</ele>
      </trkpt>
      <trkpt lat="58.41179" lon="23.02695">
        <ele>8.7</ele>
      </trkpt>
      <trkpt lat="58.41126" lon="23.02665">
        <ele>9.0</ele>
      </trkpt>
      <trkpt lat="58.41119" lon="23.02658">
        <ele>9.0</ele>
      </trkpt>
      <trkpt lat="58.41094" lon="23.0276">
        <ele>8.8</ele>
      </trkpt>
      <trkpt lat="58.41074" lon="23.02844">
        <ele>8.3</ele>
      </trkpt>
      <trkpt lat="58.41064" lon="23.02892">
        <ele>8.7</ele>
      </trkpt>
      <trkpt lat="58.41055" lon="23.02934">
        <ele>9.1</ele>
      </trkpt>
      <trkpt lat="58.41042" lon="23.02983">
        <ele>9.9</ele>
      </trkpt>
      <trkpt lat="58.41032" lon="23.03023">
        <ele>10.1</ele>
      </trkpt>
      <trkpt lat="58.41024" lon="23.03067">
        <ele>9.7</ele>
      </trkpt>
      <trkpt lat="58.4102" lon="23.03122">
        <ele>8.8</ele>
      </trkpt>
      <trkpt lat="58.41009" lon="23.03277">
        <ele>8.1</ele>
      </trkpt>
      <trkpt lat="58.41008" lon="23.03322">
        <ele>8.2</ele>
      </trkpt>
      <trkpt lat="58.41004" lon="23.03372">
        <ele>8.1</ele>
      </trkpt>
      <trkpt lat="58.41002" lon="23.03412">
        <ele>8.0</ele>
      </trkpt>
      <trkpt lat="58.41" lon="23.03483">
        <ele>7.2</ele>
      </trkpt>
      <trkpt lat="58.40993" lon="23.03542">
        <ele>7.0</ele>
      </trkpt>
      <trkpt lat="58.40991" lon="23.0359">
        <ele>7.1</ele>
      </trkpt>
      <trkpt lat="58.40991" lon="23.03614">
        <ele>7.4</ele>
      </trkpt>
      <trkpt lat="58.40995" lon="23.03667">
        <ele>8.0</ele>
      </trkpt>
      <trkpt lat="58.41017" lon="23.0376">
        <ele>9.8</ele>
      </trkpt>
      <trkpt lat="58.41035" lon="23.03823">
        <ele>11.5</ele>
      </trkpt>
      <trkpt lat="58.41039" lon="23.03839">
        <ele>11.9</ele>
      </trkpt>
      <trkpt lat="58.41038" lon="23.03857">
        <ele>12.0</ele>
      </trkpt>
      <trkpt lat="58.41035" lon="23.03876">
        <ele>12.0</ele>
      </trkpt>
      <trkpt lat="58.41" lon="23.04005">
        <ele>12.0</ele>
      </trkpt>
      <trkpt lat="58.40965" lon="23.04133">
        <ele>12.7</ele>
      </trkpt>
      <trkpt lat="58.4093" lon="23.04262">
        <ele>13.9</ele>
      </trkpt>
      <trkpt lat="58.40895" lon="23.0439">
        <ele>14.3</ele>
      </trkpt>
      <trkpt lat="58.4086" lon="23.04521">
        <ele>13.7</ele>
      </trkpt>
      <trkpt lat="58.40824" lon="23.04652">
        <ele>13.9</ele>
      </trkpt>
      <trkpt lat="58.40789" lon="23.04783">
        <ele>12.7</ele>
      </trkpt>
      <trkpt lat="58.40754" lon="23.04914">
        <ele>11.1</ele>
      </trkpt>
      <trkpt lat="58.40719" lon="23.05044">
        <ele>10.3</ele>
      </trkpt>
      <trkpt lat="58.40683" lon="23.05175">
        <ele>8.4</ele>
      </trkpt>
      <trkpt lat="58.40648" lon="23.05306">
        <ele>7.9</ele>
      </trkpt>
      <trkpt lat="58.40624" lon="23.05392">
        <ele>8.3</ele>
      </trkpt>
      <trkpt lat="58.406" lon="23.05477">
        <ele>8.3</ele>
      </trkpt>
      <trkpt lat="58.40587" lon="23.05522">
        <ele>8.1</ele>
      </trkpt>
      <trkpt lat="58.40583" lon="23.0554">
        <ele>8.0</ele>
      </trkpt>
      <trkpt lat="58.40561" lon="23.05618">
        <ele>7.8</ele>
      </trkpt>
      <trkpt lat="58.40539" lon="23.05696">
        <ele>7.6</ele>
      </trkpt>
      <trkpt lat="58.40526" lon="23.05742">
        <ele>7.1</ele>
      </trkpt>
      <trkpt lat="58.40534" lon="23.05753">
        <ele>7.0</ele>
      </trkpt>
      <trkpt lat="58.4054" lon="23.05755">
        <ele>6.9</ele>
      </trkpt>
      <trkpt lat="58.40547" lon="23.05763">
        <ele>6.8</ele>
      </trkpt>
      <trkpt lat="58.40551" lon="23.05773">
        <ele>6.7</ele>
      </trkpt>
      <trkpt lat="58.40554" lon="23.05788">
        <ele>6.5</ele>
      </trkpt>
      <trkpt lat="58.40571" lon="23.05801">
        <ele>6.4</ele>
      </trkpt>
      <trkpt lat="58.40579" lon="23.05804">
        <ele>6.4</ele>
      </trkpt>
      <trkpt lat="58.40605" lon="23.05853">
        <ele>7.0</ele>
      </trkpt>
      <trkpt lat="58.40616" lon="23.05871">
        <ele>7.6</ele>
      </trkpt>
      <trkpt lat="58.40618" lon="23.05882">
        <ele>7.8</ele>
      </trkpt>
      <trkpt lat="58.40618" lon="23.05899">
        <ele>8.0</ele>
      </trkpt>
      <trkpt lat="58.4061" lon="23.05942">
        <ele>8.5</ele>
      </trkpt>
      <trkpt lat="58.4061" lon="23.05942">
        <ele>8.5</ele>
      </trkpt>
      <trkpt lat="58.40604" lon="23.05968">
        <ele>8.8</ele>
      </trkpt>
      <trkpt lat="58.40604" lon="23.06054">
        <ele>10.0</ele>
      </trkpt>
      <trkpt lat="58.40606" lon="23.06116">
        <ele>10.7</ele>
      </trkpt>
      <trkpt lat="58.40616" lon="23.06179">
        <ele>11.2</ele>
      </trkpt>
      <trkpt lat="58.40636" lon="23.06267">
        <ele>10.4</ele>
      </trkpt>
      <trkpt lat="58.40684" lon="23.06409">
        <ele>7.3</ele>
      </trkpt>
      <trkpt lat="58.40692" lon="23.06439">
        <ele>6.1</ele>
      </trkpt>
      <trkpt lat="58.40697" lon="23.06477">
        <ele>4.9</ele>
      </trkpt>
      <trkpt lat="58.40705" lon="23.06502">
        <ele>4.1</ele>
      </trkpt>
      <trkpt lat="58.40711" lon="23.0651">
        <ele>3.9</ele>
      </trkpt>
      <trkpt lat="58.40726" lon="23.06516">
        <ele>3.5</ele>
      </trkpt>
      <trkpt lat="58.40735" lon="23.06524">
        <ele>3.3</ele>
      </trkpt>
      <trkpt lat="58.40747" lon="23.06547">
        <ele>3.1</ele>
      </trkpt>
      <trkpt lat="58.40779" lon="23.06626">
        <ele>3.7</ele>
      </trkpt>
      <trkpt lat="58.40806" lon="23.06724">
        <ele>4.7</ele>
      </trkpt>
      <trkpt lat="58.40809" lon="23.06749">
        <ele>4.7</ele>
      </trkpt>
      <trkpt lat="58.40808" lon="23.06784">
        <ele>4.3</ele>
      </trkpt>
      <trkpt lat="58.40811" lon="23.06817">
        <ele>3.9</ele>
      </trkpt>
      <trkpt lat="58.40816" lon="23.06843">
        <ele>3.5</ele>
      </trkpt>
      <trkpt lat="58.40821" lon="23.06861">
        <ele>3.1</ele>
      </trkpt>
      <trkpt lat="58.4083" lon="23.0688">
        <ele>2.8</ele>
      </trkpt>
      <trkpt lat="58.4084" lon="23.06891">
        <ele>2.6</ele>
      </trkpt>
      <trkpt lat="58.40847" lon="23.06901">
        <ele>2.5</ele>
      </trkpt>
      <trkpt lat="58.40852" lon="23.06897">
        <ele>2.6</ele>
      </trkpt>
      <trkpt lat="58.40857" lon="23.06887">
        <ele>2.8</ele>
      </trkpt>
      <trkpt lat="58.40864" lon="23.06872">
        <ele>3.0</ele>
      </trkpt>
      <trkpt lat="58.40871" lon="23.0684">
        <ele>3.5</ele>
      </trkpt>
      <trkpt lat="58.40875" lon="23.06829">
        <ele>3.6</ele>
      </trkpt>
      <trkpt lat="58.4088" lon="23.06823">
        <ele>3.6</ele>
      </trkpt>
      <trkpt lat="58.40907" lon="23.06826">
        <ele>3.2</ele>
      </trkpt>
      <trkpt lat="58.40915" lon="23.06828">
        <ele>3.1</ele>
      </trkpt>
      <trkpt lat="58.40924" lon="23.06825">
        <ele>3.2</ele>
      </trkpt>
      <trkpt lat="58.40942" lon="23.06827">
        <ele>3.3</ele>
      </trkpt>
      <trkpt lat="58.40956" lon="23.0683">
        <ele>3.5</ele>
      </trkpt>
      <trkpt lat="58.40969" lon="23.06836">
        <ele>3.6</ele>
      </trkpt>
      <trkpt lat="58.40985" lon="23.06849">
        <ele>3.7</ele>
      </trkpt>
      <trkpt lat="58.41002" lon="23.06867">
        <ele>3.5</ele>
      </trkpt>
      <trkpt lat="58.41032" lon="23.06904">
        <ele>2.3</ele>
      </trkpt>
      <trkpt lat="58.41072" lon="23.06955">
        <ele>1.6</ele>
      </trkpt>
      <trkpt lat="58.41108" lon="23.06996">
        <ele>2.0</ele>
      </trkpt>
      <trkpt lat="58.41121" lon="23.07003">
        <ele>2.0</ele>
      </trkpt>
      <trkpt lat="58.41187" lon="23.07025">
        <ele>2.2</ele>
      </trkpt>
      <trkpt lat="58.41247" lon="23.07032">
        <ele>3.0</ele>
      </trkpt>
      <trkpt lat="58.41307" lon="23.0704">
        <ele>3.0</ele>
      </trkpt>
      <trkpt lat="58.41362" lon="23.07039">
        <ele>2.5</ele>
      </trkpt>
      <trkpt lat="58.41448" lon="23.07033">
        <ele>1.6</ele>
      </trkpt>
      <trkpt lat="58.41463" lon="23.07037">
        <ele>1.6</ele>
      </trkpt>
      <trkpt lat="58.41482" lon="23.07053">
        <ele>1.4</ele>
      </trkpt>
      <trkpt lat="58.41491" lon="23.07068">
        <ele>1.2</ele>
      </trkpt>
      <trkpt lat="58.41537" lon="23.07096">
        <ele>1.4</ele>
      </trkpt>
      <trkpt lat="58.41589" lon="23.07147">
        <ele>2.7</ele>
      </trkpt>
      <trkpt lat="58.41638" lon="23.07206">
        <ele>1.9</ele>
      </trkpt>
      <trkpt lat="58.4168" lon="23.07272">
        <ele>2.0</ele>
      </trkpt>
      <trkpt lat="58.41677" lon="23.07233">
        <ele>2.0</ele>
      </trkpt>
      <trkpt lat="58.41676" lon="23.0721">
        <ele>2.0</ele>
      </trkpt>
      <trkpt lat="58.41678" lon="23.0719">
        <ele>2.0</ele>
      </trkpt>
      <trkpt lat="58.41685" lon="23.07173">
        <ele>2.0</ele>
      </trkpt>
      <trkpt lat="58.41689" lon="23.0716">
        <ele>2.1</ele>
      </trkpt>
      <trkpt lat="58.4169" lon="23.07142">
        <ele>2.3</ele>
      </trkpt>
      <trkpt lat="58.41691" lon="23.07104">
        <ele>2.8</ele>
      </trkpt>
      <trkpt lat="58.41695" lon="23.07092">
        <ele>2.9</ele>
      </trkpt>
      <trkpt lat="58.4171" lon="23.07068">
        <ele>3.0</ele>
      </trkpt>
      <trkpt lat="58.41717" lon="23.07052">
        <ele>3.0</ele>
      </trkpt>
      <trkpt lat="58.4173" lon="23.0704">
        <ele>3.0</ele>
      </trkpt>
      <trkpt lat="58.41738" lon="23.07026">
        <ele>3.0</ele>
      </trkpt>
      <trkpt lat="58.41746" lon="23.0702">
        <ele>3.0</ele>
      </trkpt>
      <trkpt lat="58.41753" lon="23.07007">
        <ele>3.0</ele>
      </trkpt>
      <trkpt lat="58.41773" lon="23.06984">
        <ele>2.6</ele>
      </trkpt>
      <trkpt lat="58.41777" lon="23.06968">
        <ele>2.5</ele>
      </trkpt>
      <trkpt lat="58.41784" lon="23.06957">
        <ele>2.5</ele>
      </trkpt>
      <trkpt lat="58.41794" lon="23.0695">
        <ele>2.5</ele>
      </trkpt>
      <trkpt lat="58.41801" lon="23.06953">
        <ele>2.5</ele>
      </trkpt>
      <trkpt lat="58.41846" lon="23.06914">
        <ele>2.9</ele>
      </trkpt>
      <trkpt lat="58.41849" lon="23.06899">
        <ele>2.9</ele>
      </trkpt>
      <trkpt lat="58.41858" lon="23.0688">
        <ele>3.0</ele>
      </trkpt>
      <trkpt lat="58.41871" lon="23.06822">
        <ele>3.3</ele>
      </trkpt>
      <trkpt lat="58.41886" lon="23.0672">
        <ele>2.6</ele>
      </trkpt>
      <trkpt lat="58.4189" lon="23.06709">
        <ele>2.7</ele>
      </trkpt>
      <trkpt lat="58.41892" lon="23.06699">
        <ele>2.7</ele>
      </trkpt>
      <trkpt lat="58.41892" lon="23.06684">
        <ele>2.7</ele>
      </trkpt>
      <trkpt lat="58.41893" lon="23.06667">
        <ele>2.7</ele>
      </trkpt>
      <trkpt lat="58.41899" lon="23.06638">
        <ele>2.8</ele>
      </trkpt>
      <trkpt lat="58.41902" lon="23.06626">
        <ele>2.8</ele>
      </trkpt>
      <trkpt lat="58.41905" lon="23.06612">
        <ele>2.9</ele>
      </trkpt>
      <trkpt lat="58.41906" lon="23.06597">
        <ele>2.9</ele>
      </trkpt>
      <trkpt lat="58.41905" lon="23.06562">
        <ele>2.9</ele>
      </trkpt>
      <trkpt lat="58.41907" lon="23.06504">
        <ele>2.9</ele>
      </trkpt>
      <trkpt lat="58.41907" lon="23.06438">
        <ele>3.6</ele>
      </trkpt>
      <trkpt lat="58.41909" lon="23.06415">
        <ele>3.9</ele>
      </trkpt>
      <trkpt lat="58.41911" lon="23.06395">
        <ele>3.9</ele>
      </trkpt>
      <trkpt lat="58.4191" lon="23.06375">
        <ele>4.0</ele>
      </trkpt>
      <trkpt lat="58.41908" lon="23.06359">
        <ele>4.0</ele>
      </trkpt>
      <trkpt lat="58.4191" lon="23.06342">
        <ele>4.0</ele>
      </trkpt>
      <trkpt lat="58.41909" lon="23.06316">
        <ele>4.4</ele>
      </trkpt>
      <trkpt lat="58.4191" lon="23.06289">
        <ele>5.1</ele>
      </trkpt>
      <trkpt lat="58.41915" lon="23.06269">
        <ele>5.5</ele>
      </trkpt>
      <trkpt lat="58.41928" lon="23.06228">
        <ele>6.0</ele>
      </trkpt>
      <trkpt lat="58.41941" lon="23.06177">
        <ele>6.3</ele>
      </trkpt>
      <trkpt lat="58.41964" lon="23.06065">
        <ele>6.4</ele>
      </trkpt>
      <trkpt lat="58.41975" lon="23.06003">
        <ele>6.2</ele>
      </trkpt>
      <trkpt lat="58.41977" lon="23.05977">
        <ele>6.0</ele>
      </trkpt>
      <trkpt lat="58.41983" lon="23.05937">
        <ele>5.5</ele>
      </trkpt>
      <trkpt lat="58.42034" lon="23.05944">
        <ele>4.6</ele>
      </trkpt>
      <trkpt lat="58.42085" lon="23.05952">
        <ele>4.0</ele>
      </trkpt>
      <trkpt lat="58.42085" lon="23.05952">
        <ele>4.0</ele>
      </trkpt>
      <trkpt lat="58.42108" lon="23.05955">
        <ele>4.2</ele>
      </trkpt>
      <trkpt lat="58.4216" lon="23.05959">
        <ele>4.5</ele>
      </trkpt>
      <trkpt lat="58.42188" lon="23.05953">
        <ele>4.4</ele>
      </trkpt>
      <trkpt lat="58.42226" lon="23.05925">
        <ele>4.3</ele>
      </trkpt>
      <trkpt lat="58.42258" lon="23.0592">
        <ele>4.2</ele>
      </trkpt>
      <trkpt lat="58.4231" lon="23.05896">
        <ele>5.4</ele>
      </trkpt>
      <trkpt lat="58.42357" lon="23.0588">
        <ele>6.2</ele>
      </trkpt>
      <trkpt lat="58.42404" lon="23.05865">
        <ele>6.3</ele>
      </trkpt>
      <trkpt lat="58.42414" lon="23.0586">
        <ele>6.3</ele>
      </trkpt>
      <trkpt lat="58.42427" lon="23.05882">
        <ele>6.5</ele>
      </trkpt>
      <trkpt lat="58.42445" lon="23.05926">
        <ele>6.7</ele>
      </trkpt>
      <trkpt lat="58.42455" lon="23.05947">
        <ele>6.7</ele>
      </trkpt>
      <trkpt lat="58.42483" lon="23.05988">
        <ele>6.4</ele>
      </trkpt>
      <trkpt lat="58.42503" lon="23.0603">
        <ele>6.0</ele>
      </trkpt>
      <trkpt lat="58.42519" lon="23.06062">
        <ele>6.2</ele>
      </trkpt>
      <trkpt lat="58.42541" lon="23.06097">
        <ele>6.4</ele>
      </trkpt>
      <trkpt lat="58.42592" lon="23.06144">
        <ele>6.3</ele>
      </trkpt>
      <trkpt lat="58.42644" lon="23.06185">
        <ele>6.8</ele>
      </trkpt>
      <trkpt lat="58.4267" lon="23.06208">
        <ele>7.0</ele>
      </trkpt>
      <trkpt lat="58.42696" lon="23.06242">
        <ele>6.6</ele>
      </trkpt>
      <trkpt lat="58.42716" lon="23.06274">
        <ele>6.5</ele>
      </trkpt>
      <trkpt lat="58.42742" lon="23.0635">
        <ele>6.0</ele>
      </trkpt>
      <trkpt lat="58.42768" lon="23.06426">
        <ele>4.9</ele>
      </trkpt>
      <trkpt lat="58.42788" lon="23.06489">
        <ele>4.1</ele>
      </trkpt>
      <trkpt lat="58.42795" lon="23.06519">
        <ele>4.0</ele>
      </trkpt>
      <trkpt lat="58.42809" lon="23.06623">
        <ele>3.5</ele>
      </trkpt>
      <trkpt lat="58.42811" lon="23.06646">
        <ele>3.2</ele>
      </trkpt>
      <trkpt lat="58.42812" lon="23.06686">
        <ele>3.0</ele>
      </trkpt>
      <trkpt lat="58.42817" lon="23.0678">
        <ele>3.3</ele>
      </trkpt>
      <trkpt lat="58.42818" lon="23.06862">
        <ele>3.8</ele>
      </trkpt>
      <trkpt lat="58.4282" lon="23.06895">
        <ele>3.8</ele>
      </trkpt>
      <trkpt lat="58.42825" lon="23.06927">
        <ele>3.9</ele>
      </trkpt>
      <trkpt lat="58.42833" lon="23.0697">
        <ele>4.0</ele>
      </trkpt>
      <trkpt lat="58.42862" lon="23.07094">
        <ele>3.6</ele>
      </trkpt>
      <trkpt lat="58.4287" lon="23.07116">
        <ele>3.3</ele>
      </trkpt>
      <trkpt lat="58.42889" lon="23.07162">
        <ele>3.1</ele>
      </trkpt>
      <trkpt lat="58.42892" lon="23.07171">
        <ele>3.1</ele>
      </trkpt>
      <trkpt lat="58.42934" lon="23.0727">
        <ele>2.8</ele>
      </trkpt>
      <trkpt lat="58.42953" lon="23.07356">
        <ele>3.0</ele>
      </trkpt>
      <trkpt lat="58.42974" lon="23.07458">
        <ele>3.2</ele>
      </trkpt>
      <trkpt lat="58.42996" lon="23.0756">
        <ele>3.0</ele>
      </trkpt>
      <trkpt lat="58.43018" lon="23.07674">
        <ele>4.5</ele>
      </trkpt>
      <trkpt lat="58.43026" lon="23.07746">
        <ele>4.9</ele>
      </trkpt>
      <trkpt lat="58.4303" lon="23.07823">
        <ele>5.4</ele>
      </trkpt>
      <trkpt lat="58.43036" lon="23.07856">
        <ele>5.7</ele>
      </trkpt>
      <trkpt lat="58.43063" lon="23.07915">
        <ele>7.0</ele>
      </trkpt>
      <trkpt lat="58.43104" lon="23.07997">
        <ele>7.5</ele>
      </trkpt>
      <trkpt lat="58.43149" lon="23.08079">
        <ele>6.9</ele>
      </trkpt>
      <trkpt lat="58.43194" lon="23.0816">
        <ele>5.2</ele>
      </trkpt>
      <trkpt lat="58.43215" lon="23.08191">
        <ele>5.0</ele>
      </trkpt>
      <trkpt lat="58.43203" lon="23.08268">
        <ele>5.0</ele>
      </trkpt>
      <trkpt lat="58.43198" lon="23.08324">
        <ele>5.0</ele>
      </trkpt>
      <trkpt lat="58.43193" lon="23.08396">
        <ele>5.0</ele>
      </trkpt>
      <trkpt lat="58.43191" lon="23.08546">
        <ele>5.0</ele>
      </trkpt>
      <trkpt lat="58.43191" lon="23.08683">
        <ele>4.3</ele>
      </trkpt>
      <trkpt lat="58.43191" lon="23.0882">
        <ele>4.6</ele>
      </trkpt>
      <trkpt lat="58.43191" lon="23.08956">
        <ele>3.8</ele>
      </trkpt>
      <trkpt lat="58.43192" lon="23.0909">
        <ele>3.6</ele>
      </trkpt>
      <trkpt lat="58.43193" lon="23.09224">
        <ele>3.6</ele>
      </trkpt>
      <trkpt lat="58.43199" lon="23.09381">
        <ele>4.4</ele>
      </trkpt>
      <trkpt lat="58.43202" lon="23.09445">
        <ele>4.6</ele>
      </trkpt>
      <trkpt lat="58.4321" lon="23.09548">
        <ele>5.3</ele>
      </trkpt>
      <trkpt lat="58.43218" lon="23.0963">
        <ele>5.5</ele>
      </trkpt>
      <trkpt lat="58.43236" lon="23.09777">
        <ele>5.4</ele>
      </trkpt>
      <trkpt lat="58.43256" lon="23.09909">
        <ele>5.1</ele>
      </trkpt>
      <trkpt lat="58.4328" lon="23.10024">
        <ele>4.7</ele>
      </trkpt>
      <trkpt lat="58.43304" lon="23.1014">
        <ele>4.9</ele>
      </trkpt>
      <trkpt lat="58.43337" lon="23.10272">
        <ele>5.1</ele>
      </trkpt>
      <trkpt lat="58.4337" lon="23.10388">
        <ele>5.4</ele>
      </trkpt>
      <trkpt lat="58.43405" lon="23.10494">
        <ele>5.1</ele>
      </trkpt>
      <trkpt lat="58.43444" lon="23.10606">
        <ele>4.4</ele>
      </trkpt>
      <trkpt lat="58.43483" lon="23.10703">
        <ele>4.6</ele>
      </trkpt>
      <trkpt lat="58.43535" lon="23.10826">
        <ele>5.9</ele>
      </trkpt>
      <trkpt lat="58.43586" lon="23.10948">
        <ele>6.4</ele>
      </trkpt>
      <trkpt lat="58.43627" lon="23.11035">
        <ele>6.5</ele>
      </trkpt>
      <trkpt lat="58.43667" lon="23.11122">
        <ele>6.0</ele>
      </trkpt>
      <trkpt lat="58.43688" lon="23.1116">
        <ele>6.0</ele>
      </trkpt>
      <trkpt lat="58.43688" lon="23.1116">
        <ele>6.0</ele>
      </trkpt>
      <trkpt lat="58.43688" lon="23.1116">
        <ele>6.0</ele>
      </trkpt>
      <trkpt lat="58.43705" lon="23.11192">
        <ele>6.0</ele>
      </trkpt>
      <trkpt lat="58.43742" lon="23.11252">
        <ele>6.0</ele>
      </trkpt>
      <trkpt lat="58.43791" lon="23.11321">
        <ele>6.9</ele>
      </trkpt>
      <trkpt lat="58.4385" lon="23.11393">
        <ele>7.2</ele>
      </trkpt>
      <trkpt lat="58.43916" lon="23.11462">
        <ele>8.0</ele>
      </trkpt>
      <trkpt lat="58.43957" lon="23.11504">
        <ele>9.0</ele>
      </trkpt>
      <trkpt lat="58.43999" lon="23.11546">
        <ele>10.5</ele>
      </trkpt>
      <trkpt lat="58.44057" lon="23.11601">
        <ele>11.2</ele>
      </trkpt>
      <trkpt lat="58.44125" lon="23.1167">
        <ele>10.0</ele>
      </trkpt>
      <trkpt lat="58.442" lon="23.11756">
        <ele>6.7</ele>
      </trkpt>
      <trkpt lat="58.44275" lon="23.11842">
        <ele>4.0</ele>
      </trkpt>
      <trkpt lat="58.4435" lon="23.11929">
        <ele>4.0</ele>
      </trkpt>
      <trkpt lat="58.44425" lon="23.12015">
        <ele>5.0</ele>
      </trkpt>
      <trkpt lat="58.445" lon="23.12102">
        <ele>5.0</ele>
      </trkpt>
      <trkpt lat="58.44574" lon="23.12186">
        <ele>5.9</ele>
      </trkpt>
      <trkpt lat="58.44647" lon="23.1227">
        <ele>5.9</ele>
      </trkpt>
      <trkpt lat="58.44721" lon="23.12354">
        <ele>6.7</ele>
      </trkpt>
      <trkpt lat="58.44795" lon="23.12438">
        <ele>7.9</ele>
      </trkpt>
      <trkpt lat="58.44825" lon="23.12472">
        <ele>8.2</ele>
      </trkpt>
      <trkpt lat="58.44854" lon="23.12496">
        <ele>8.5</ele>
      </trkpt>
      <trkpt lat="58.4489" lon="23.12521">
        <ele>9.6</ele>
      </trkpt>
      <trkpt lat="58.44964" lon="23.12561">
        <ele>10.7</ele>
      </trkpt>
      <trkpt lat="58.45037" lon="23.12601">
        <ele>10.4</ele>
      </trkpt>
      <trkpt lat="58.45111" lon="23.12642">
        <ele>9.9</ele>
      </trkpt>
      <trkpt lat="58.45184" lon="23.12682">
        <ele>9.9</ele>
      </trkpt>
      <trkpt lat="58.45259" lon="23.12724">
        <ele>8.6</ele>
      </trkpt>
      <trkpt lat="58.45334" lon="23.12765">
        <ele>7.6</ele>
      </trkpt>
      <trkpt lat="58.45408" lon="23.12807">
        <ele>7.5</ele>
      </trkpt>
      <trkpt lat="58.45483" lon="23.12849">
        <ele>7.0</ele>
      </trkpt>
      <trkpt lat="58.45566" lon="23.12893">
        <ele>7.0</ele>
      </trkpt>
      <trkpt lat="58.4565" lon="23.12938">
        <ele>8.6</ele>
      </trkpt>
      <trkpt lat="58.45733" lon="23.12982">
        <ele>8.8</ele>
      </trkpt>
      <trkpt lat="58.45798" lon="23.12988">
        <ele>7.2</ele>
      </trkpt>
      <trkpt lat="58.45863" lon="23.12994">
        <ele>5.9</ele>
      </trkpt>
      <trkpt lat="58.45942" lon="23.12991">
        <ele>5.5</ele>
      </trkpt>
      <trkpt lat="58.46021" lon="23.12987">
        <ele>5.3</ele>
      </trkpt>
      <trkpt lat="58.46101" lon="23.12984">
        <ele>6.9</ele>
      </trkpt>
      <trkpt lat="58.4618" lon="23.1298">
        <ele>7.2</ele>
      </trkpt>
      <trkpt lat="58.4626" lon="23.12977">
        <ele>7.2</ele>
      </trkpt>
      <trkpt lat="58.46349" lon="23.12974">
        <ele>6.4</ele>
      </trkpt>
      <trkpt lat="58.46439" lon="23.12971">
        <ele>5.4</ele>
      </trkpt>
      <trkpt lat="58.46528" lon="23.12968">
        <ele>4.8</ele>
      </trkpt>
      <trkpt lat="58.46618" lon="23.12965">
        <ele>5.4</ele>
      </trkpt>
      <trkpt lat="58.46707" lon="23.12962">
        <ele>6.7</ele>
      </trkpt>
      <trkpt lat="58.46792" lon="23.12959">
        <ele>7.5</ele>
      </trkpt>
      <trkpt lat="58.46877" lon="23.12957">
        <ele>6.5</ele>
      </trkpt>
      <trkpt lat="58.46962" lon="23.12954">
        <ele>5.0</ele>
      </trkpt>
      <trkpt lat="58.47047" lon="23.12952">
        <ele>4.8</ele>
      </trkpt>
      <trkpt lat="58.47132" lon="23.12949">
        <ele>6.4</ele>
      </trkpt>
      <trkpt lat="58.47217" lon="23.12947">
        <ele>7.0</ele>
      </trkpt>
      <trkpt lat="58.47262" lon="23.12937">
        <ele>6.5</ele>
      </trkpt>
      <trkpt lat="58.47307" lon="23.12927">
        <ele>6.2</ele>
      </trkpt>
      <trkpt lat="58.4736" lon="23.12907">
        <ele>5.8</ele>
      </trkpt>
      <trkpt lat="58.47413" lon="23.12888">
        <ele>5.6</ele>
      </trkpt>
      <trkpt lat="58.4746" lon="23.12861">
        <ele>6.2</ele>
      </trkpt>
      <trkpt lat="58.47507" lon="23.12833">
        <ele>7.1</ele>
      </trkpt>
      <trkpt lat="58.47578" lon="23.12761">
        <ele>6.2</ele>
      </trkpt>
      <trkpt lat="58.47649" lon="23.12688">
        <ele>6.0</ele>
      </trkpt>
      <trkpt lat="58.47719" lon="23.12615">
        <ele>5.1</ele>
      </trkpt>
      <trkpt lat="58.47788" lon="23.1255">
        <ele>5.0</ele>
      </trkpt>
      <trkpt lat="58.47857" lon="23.12485">
        <ele>5.4</ele>
      </trkpt>
      <trkpt lat="58.47926" lon="23.1242">
        <ele>6.0</ele>
      </trkpt>
      <trkpt lat="58.47942" lon="23.12399">
        <ele>6.0</ele>
      </trkpt>
      <trkpt lat="58.48001" lon="23.12331">
        <ele>5.9</ele>
      </trkpt>
      <trkpt lat="58.48049" lon="23.12289">
        <ele>4.9</ele>
      </trkpt>
      <trkpt lat="58.48096" lon="23.12248">
        <ele>4.9</ele>
      </trkpt>
      <trkpt lat="58.48174" lon="23.12167">
        <ele>5.1</ele>
      </trkpt>
      <trkpt lat="58.48252" lon="23.12086">
        <ele>7.0</ele>
      </trkpt>
      <trkpt lat="58.48299" lon="23.12047">
        <ele>7.4</ele>
      </trkpt>
      <trkpt lat="58.48347" lon="23.12008">
        <ele>7.9</ele>
      </trkpt>
      <trkpt lat="58.48395" lon="23.11986">
        <ele>8.0</ele>
      </trkpt>
      <trkpt lat="58.48443" lon="23.11964">
        <ele>8.1</ele>
      </trkpt>
      <trkpt lat="58.48489" lon="23.11948">
        <ele>8.5</ele>
      </trkpt>
      <trkpt lat="58.48535" lon="23.11932">
        <ele>9.2</ele>
      </trkpt>
      <trkpt lat="58.48604" lon="23.11908">
        <ele>10.1</ele>
      </trkpt>
      <trkpt lat="58.48673" lon="23.11883">
        <ele>9.8</ele>
      </trkpt>
      <trkpt lat="58.48742" lon="23.11859">
        <ele>8.2</ele>
      </trkpt>
      <trkpt lat="58.48813" lon="23.1184">
        <ele>7.2</ele>
      </trkpt>
      <trkpt lat="58.48883" lon="23.11821">
        <ele>7.4</ele>
      </trkpt>
      <trkpt lat="58.48947" lon="23.11798">
        <ele>8.5</ele>
      </trkpt>
      <trkpt lat="58.4901" lon="23.11776">
        <ele>9.8</ele>
      </trkpt>
      <trkpt lat="58.49074" lon="23.11754">
        <ele>9.1</ele>
      </trkpt>
      <trkpt lat="58.4908" lon="23.11754">
        <ele>9.0</ele>
      </trkpt>
      <trkpt lat="58.49126" lon="23.11739">
        <ele>8.1</ele>
      </trkpt>
      <trkpt lat="58.49173" lon="23.11724">
        <ele>7.3</ele>
      </trkpt>
      <trkpt lat="58.49233" lon="23.11704">
        <ele>7.1</ele>
      </trkpt>
      <trkpt lat="58.49293" lon="23.11684">
        <ele>7.0</ele>
      </trkpt>
      <trkpt lat="58.49375" lon="23.11659">
        <ele>6.9</ele>
      </trkpt>
      <trkpt lat="58.49457" lon="23.11633">
        <ele>6.6</ele>
      </trkpt>
      <trkpt lat="58.49539" lon="23.11608">
        <ele>6.2</ele>
      </trkpt>
      <trkpt lat="58.49621" lon="23.11583">
        <ele>6.0</ele>
      </trkpt>
      <trkpt lat="58.49703" lon="23.11557">
        <ele>6.0</ele>
      </trkpt>
      <trkpt lat="58.49785" lon="23.11532">
        <ele>6.0</ele>
      </trkpt>
      <trkpt lat="58.49868" lon="23.11507">
        <ele>6.4</ele>
      </trkpt>
      <trkpt lat="58.4995" lon="23.11481">
        <ele>7.5</ele>
      </trkpt>
      <trkpt lat="58.50032" lon="23.11456">
        <ele>7.9</ele>
      </trkpt>
      <trkpt lat="58.50114" lon="23.11431">
        <ele>7.4</ele>
      </trkpt>
      <trkpt lat="58.50186" lon="23.11409">
        <ele>8.0</ele>
      </trkpt>
      <trkpt lat="58.50259" lon="23.11387">
        <ele>7.6</ele>
      </trkpt>
      <trkpt lat="58.50335" lon="23.11361">
        <ele>7.4</ele>
      </trkpt>
      <trkpt lat="58.5041" lon="23.11337">
        <ele>8.8</ele>
      </trkpt>
      <trkpt lat="58.50485" lon="23.11313">
        <ele>9.6</ele>
      </trkpt>
      <trkpt lat="58.504854" lon="23.11313">
        <ele>9.6</ele>
      </trkpt>
      <trkpt lat="58.50498" lon="23.11309">
        <ele>9.7</ele>
      </trkpt>
      <trkpt lat="58.50587" lon="23.11286">
        <ele>9.5</ele>
      </trkpt>
      <trkpt lat="58.50656" lon="23.11275">
        <ele>9.9</ele>
      </trkpt>
      <trkpt lat="58.50729" lon="23.11279">
        <ele>8.8</ele>
      </trkpt>
      <trkpt lat="58.50812" lon="23.11295">
        <ele>8.5</ele>
      </trkpt>
      <trkpt lat="58.50896" lon="23.11311">
        <ele>8.2</ele>
      </trkpt>
      <trkpt lat="58.50972" lon="23.11327">
        <ele>7.4</ele>
      </trkpt>
      <trkpt lat="58.51047" lon="23.11344">
        <ele>7.6</ele>
      </trkpt>
      <trkpt lat="58.51131" lon="23.11359">
        <ele>8.0</ele>
      </trkpt>
      <trkpt lat="58.51174" lon="23.11355">
        <ele>8.0</ele>
      </trkpt>
      <trkpt lat="58.51217" lon="23.11343">
        <ele>8.0</ele>
      </trkpt>
      <trkpt lat="58.51273" lon="23.11286">
        <ele>8.2</ele>
      </trkpt>
      <trkpt lat="58.51318" lon="23.11218">
        <ele>9.1</ele>
      </trkpt>
      <trkpt lat="58.51378" lon="23.11105">
        <ele>9.3</ele>
      </trkpt>
      <trkpt lat="58.51431" lon="23.11012">
        <ele>8.1</ele>
      </trkpt>
      <trkpt lat="58.51483" lon="23.10918">
        <ele>7.2</ele>
      </trkpt>
      <trkpt lat="58.51535" lon="23.10825">
        <ele>7.1</ele>
      </trkpt>
      <trkpt lat="58.51588" lon="23.10731">
        <ele>7.9</ele>
      </trkpt>
      <trkpt lat="58.51631" lon="23.10673">
        <ele>6.9</ele>
      </trkpt>
      <trkpt lat="58.51686" lon="23.10625">
        <ele>6.2</ele>
      </trkpt>
      <trkpt lat="58.51743" lon="23.1059">
        <ele>5.2</ele>
      </trkpt>
      <trkpt lat="58.51784" lon="23.10578">
        <ele>5.4</ele>
      </trkpt>
      <trkpt lat="58.51832" lon="23.10577">
        <ele>6.0</ele>
      </trkpt>
      <trkpt lat="58.51887" lon="23.10589">
        <ele>5.3</ele>
      </trkpt>
      <trkpt lat="58.51935" lon="23.10613">
        <ele>4.6</ele>
      </trkpt>
      <trkpt lat="58.52015" lon="23.10672">
        <ele>4.0</ele>
      </trkpt>
      <trkpt lat="58.52095" lon="23.1073">
        <ele>4.0</ele>
      </trkpt>
      <trkpt lat="58.52175" lon="23.10788">
        <ele>4.0</ele>
      </trkpt>
      <trkpt lat="58.52256" lon="23.10846">
        <ele>4.2</ele>
      </trkpt>
      <trkpt lat="58.52326" lon="23.10896">
        <ele>6.4</ele>
      </trkpt>
      <trkpt lat="58.52396" lon="23.10945">
        <ele>6.9</ele>
      </trkpt>
      <trkpt lat="58.52452" lon="23.10975">
        <ele>7.8</ele>
      </trkpt>
      <trkpt lat="58.525" lon="23.10997">
        <ele>8.9</ele>
      </trkpt>
      <trkpt lat="58.52562" lon="23.11015">
        <ele>9.0</ele>
      </trkpt>
      <trkpt lat="58.52625" lon="23.11033">
        <ele>8.2</ele>
      </trkpt>
      <trkpt lat="58.52689" lon="23.11035">
        <ele>7.0</ele>
      </trkpt>
      <trkpt lat="58.52753" lon="23.11037">
        <ele>6.0</ele>
      </trkpt>
      <trkpt lat="58.52815" lon="23.11032">
        <ele>5.2</ele>
      </trkpt>
      <trkpt lat="58.5285" lon="23.11026">
        <ele>5.0</ele>
      </trkpt>
      <trkpt lat="58.52901" lon="23.1101">
        <ele>5.0</ele>
      </trkpt>
      <trkpt lat="58.52952" lon="23.10993">
        <ele>5.1</ele>
      </trkpt>
      <trkpt lat="58.53031" lon="23.10963">
        <ele>5.1</ele>
      </trkpt>
      <trkpt lat="58.5311" lon="23.10932">
        <ele>4.8</ele>
      </trkpt>
      <trkpt lat="58.53189" lon="23.10901">
        <ele>5.0</ele>
      </trkpt>
      <trkpt lat="58.53268" lon="23.1087">
        <ele>5.0</ele>
      </trkpt>
      <trkpt lat="58.5335" lon="23.10863">
        <ele>4.8</ele>
      </trkpt>
      <trkpt lat="58.53418" lon="23.10865">
        <ele>4.0</ele>
      </trkpt>
      <trkpt lat="58.53504" lon="23.109">
        <ele>4.0</ele>
      </trkpt>
      <trkpt lat="58.5359" lon="23.10936">
        <ele>3.8</ele>
      </trkpt>
      <trkpt lat="58.53604" lon="23.1095">
        <ele>3.6</ele>
      </trkpt>
      <trkpt lat="58.53621" lon="23.10975">
        <ele>3.3</ele>
      </trkpt>
      <trkpt lat="58.53641" lon="23.1101">
        <ele>3.0</ele>
      </trkpt>
      <trkpt lat="58.53661" lon="23.11038">
        <ele>3.0</ele>
      </trkpt>
      <trkpt lat="58.53672" lon="23.1105">
        <ele>3.0</ele>
      </trkpt>
      <trkpt lat="58.53689" lon="23.11061">
        <ele>3.0</ele>
      </trkpt>
      <trkpt lat="58.53709" lon="23.11063">
        <ele>3.0</ele>
      </trkpt>
      <trkpt lat="58.53731" lon="23.1116">
        <ele>3.0</ele>
      </trkpt>
      <trkpt lat="58.53752" lon="23.11257">
        <ele>2.9</ele>
      </trkpt>
      <trkpt lat="58.53784" lon="23.11385">
        <ele>2.0</ele>
      </trkpt>
      <trkpt lat="58.53812" lon="23.11488">
        <ele>2.0</ele>
      </trkpt>
      <trkpt lat="58.53834" lon="23.11564">
        <ele>2.0</ele>
      </trkpt>
      <trkpt lat="58.53856" lon="23.11641">
        <ele>2.0</ele>
      </trkpt>
      <trkpt lat="58.53891" lon="23.11754">
        <ele>2.0</ele>
      </trkpt>
      <trkpt lat="58.53926" lon="23.11868">
        <ele>3.0</ele>
      </trkpt>
      <trkpt lat="58.53964" lon="23.11976">
        <ele>2.3</ele>
      </trkpt>
      <trkpt lat="58.54002" lon="23.12084">
        <ele>2.0</ele>
      </trkpt>
      <trkpt lat="58.54031" lon="23.12157">
        <ele>2.0</ele>
      </trkpt>
      <trkpt lat="58.5406" lon="23.12231">
        <ele>2.0</ele>
      </trkpt>
      <trkpt lat="58.54088" lon="23.12299">
        <ele>2.0</ele>
      </trkpt>
      <trkpt lat="58.54116" lon="23.12368">
        <ele>2.0</ele>
      </trkpt>
      <trkpt lat="58.54124" lon="23.12386">
        <ele>2.0</ele>
      </trkpt>
      <trkpt lat="58.54124" lon="23.12386">
        <ele>2.0</ele>
      </trkpt>
      <trkpt lat="58.54172" lon="23.12491">
        <ele>2.9</ele>
      </trkpt>
      <trkpt lat="58.54219" lon="23.12596">
        <ele>3.0</ele>
      </trkpt>
      <trkpt lat="58.5428" lon="23.12716">
        <ele>2.6</ele>
      </trkpt>
      <trkpt lat="58.54312" lon="23.12777">
        <ele>2.2</ele>
      </trkpt>
      <trkpt lat="58.54344" lon="23.12837">
        <ele>2.0</ele>
      </trkpt>
      <trkpt lat="58.54383" lon="23.12907">
        <ele>0.6</ele>
      </trkpt>
      <trkpt lat="58.54423" lon="23.12976">
        <ele>0.0</ele>
      </trkpt>
      <trkpt lat="58.54469" lon="23.13051">
        <ele>0.6</ele>
      </trkpt>
      <trkpt lat="58.54519" lon="23.1313">
        <ele>0.0</ele>
      </trkpt>
      <trkpt lat="58.54586" lon="23.13226">
        <ele>0.1</ele>
      </trkpt>
      <trkpt lat="58.54653" lon="23.13323">
        <ele>2.1</ele>
      </trkpt>
      <trkpt lat="58.54721" lon="23.1342">
        <ele>2.0</ele>
      </trkpt>
      <trkpt lat="58.54788" lon="23.13517">
        <ele>3.0</ele>
      </trkpt>
      <trkpt lat="58.54855" lon="23.13613">
        <ele>2.8</ele>
      </trkpt>
      <trkpt lat="58.54922" lon="23.1371">
        <ele>2.9</ele>
      </trkpt>
      <trkpt lat="58.54989" lon="23.13807">
        <ele>2.7</ele>
      </trkpt>
      <trkpt lat="58.55057" lon="23.13904">
        <ele>3.0</ele>
      </trkpt>
      <trkpt lat="58.55124" lon="23.14">
        <ele>3.0</ele>
      </trkpt>
      <trkpt lat="58.55191" lon="23.14097">
        <ele>2.5</ele>
      </trkpt>
      <trkpt lat="58.55258" lon="23.14194">
        <ele>2.0</ele>
      </trkpt>
      <trkpt lat="58.55325" lon="23.14291">
        <ele>2.0</ele>
      </trkpt>
      <trkpt lat="58.553255" lon="23.1429">
        <ele>2.0</ele>
      </trkpt>
      <trkpt lat="58.55374" lon="23.1436">
        <ele>1.3</ele>
      </trkpt>
      <trkpt lat="58.55442" lon="23.14458">
        <ele>1.2</ele>
      </trkpt>
      <trkpt lat="58.5551" lon="23.14556">
        <ele>1.0</ele>
      </trkpt>
      <trkpt lat="58.55578" lon="23.14654">
        <ele>1.8</ele>
      </trkpt>
      <trkpt lat="58.55646" lon="23.14752">
        <ele>1.3</ele>
      </trkpt>
      <trkpt lat="58.55714" lon="23.1485">
        <ele>2.0</ele>
      </trkpt>
      <trkpt lat="58.55782" lon="23.14947">
        <ele>1.5</ele>
      </trkpt>
      <trkpt lat="58.55851" lon="23.15045">
        <ele>1.7</ele>
      </trkpt>
      <trkpt lat="58.55919" lon="23.15143">
        <ele>2.4</ele>
      </trkpt>
      <trkpt lat="58.55987" lon="23.15241">
        <ele>2.0</ele>
      </trkpt>
      <trkpt lat="58.56055" lon="23.15339">
        <ele>2.2</ele>
      </trkpt>
      <trkpt lat="58.56123" lon="23.15437">
        <ele>1.0</ele>
      </trkpt>
      <trkpt lat="58.56123" lon="23.15437">
        <ele>1.0</ele>
      </trkpt>
      <trkpt lat="58.5619" lon="23.15533">
        <ele>1.7</ele>
      </trkpt>
      <trkpt lat="58.56257" lon="23.15629">
        <ele>2.5</ele>
      </trkpt>
      <trkpt lat="58.56323" lon="23.15725">
        <ele>1.9</ele>
      </trkpt>
      <trkpt lat="58.5639" lon="23.15821">
        <ele>2.0</ele>
      </trkpt>
      <trkpt lat="58.56457" lon="23.15917">
        <ele>2.0</ele>
      </trkpt>
      <trkpt lat="58.56524" lon="23.16013">
        <ele>2.6</ele>
      </trkpt>
      <trkpt lat="58.56591" lon="23.16108">
        <ele>1.9</ele>
      </trkpt>
      <trkpt lat="58.56657" lon="23.16204">
        <ele>1.5</ele>
      </trkpt>
      <trkpt lat="58.566888" lon="23.162496">
        <ele>1.0</ele>
      </trkpt>
      <trkpt lat="58.56689" lon="23.1625">
        <ele>1.0</ele>
      </trkpt>
      <trkpt lat="58.56724" lon="23.163">
        <ele>1.2</ele>
      </trkpt>
      <trkpt lat="58.56739" lon="23.1633">
        <ele>1.7</ele>
      </trkpt>
      <trkpt lat="58.56775" lon="23.16382">
        <ele>0.8</ele>
      </trkpt>
      <trkpt lat="58.56811" lon="23.16434">
        <ele>1.0</ele>
      </trkpt>
      <trkpt lat="58.56881" lon="23.16533">
        <ele>1.9</ele>
      </trkpt>
      <trkpt lat="58.56951" lon="23.16633">
        <ele>2.4</ele>
      </trkpt>
      <trkpt lat="58.56971" lon="23.16653">
        <ele>2.6</ele>
      </trkpt>
      <trkpt lat="58.56979" lon="23.1666">
        <ele>2.6</ele>
      </trkpt>
      <trkpt lat="58.57009" lon="23.16684">
        <ele>3.0</ele>
      </trkpt>
      <trkpt lat="58.57002" lon="23.1671">
        <ele>3.0</ele>
      </trkpt>
      <trkpt lat="58.56996" lon="23.1672">
        <ele>3.0</ele>
      </trkpt>
      <trkpt lat="58.57044" lon="23.16798">
        <ele>3.3</ele>
      </trkpt>
      <trkpt lat="58.57091" lon="23.16877">
        <ele>4.0</ele>
      </trkpt>
      <trkpt lat="58.57092" lon="23.16929">
        <ele>3.9</ele>
      </trkpt>
      <trkpt lat="58.57101" lon="23.16948">
        <ele>3.6</ele>
      </trkpt>
      <trkpt lat="58.57183" lon="23.16937">
        <ele>3.8</ele>
      </trkpt>
      <trkpt lat="58.5725" lon="23.16928">
        <ele>4.0</ele>
      </trkpt>
      <trkpt lat="58.57278" lon="23.16915">
        <ele>3.7</ele>
      </trkpt>
      <trkpt lat="58.57315" lon="23.16922">
        <ele>3.3</ele>
      </trkpt>
      <trkpt lat="58.5737" lon="23.16906">
        <ele>3.0</ele>
      </trkpt>
      <trkpt lat="58.57426" lon="23.1689">
        <ele>3.1</ele>
      </trkpt>
      <trkpt lat="58.57493" lon="23.16874">
        <ele>3.9</ele>
      </trkpt>
      <trkpt lat="58.57561" lon="23.16858">
        <ele>4.0</ele>
      </trkpt>
      <trkpt lat="58.57564" lon="23.16888">
        <ele>4.0</ele>
      </trkpt>
      <trkpt lat="58.57568" lon="23.16976">
        <ele>3.9</ele>
      </trkpt>
      <trkpt lat="58.57575" lon="23.17013">
        <ele>3.9</ele>
      </trkpt>
      <trkpt lat="58.57604" lon="23.17103">
        <ele>4.2</ele>
      </trkpt>
      <trkpt lat="58.57627" lon="23.17152">
        <ele>4.1</ele>
      </trkpt>
      <trkpt lat="58.57646" lon="23.17181">
        <ele>4.0</ele>
      </trkpt>
      <trkpt lat="58.57651" lon="23.17197">
        <ele>4.0</ele>
      </trkpt>
      <trkpt lat="58.57656" lon="23.17258">
        <ele>3.9</ele>
      </trkpt>
      <trkpt lat="58.57659" lon="23.17284">
        <ele>3.6</ele>
      </trkpt>
      <trkpt lat="58.57687" lon="23.17365">
        <ele>3.0</ele>
      </trkpt>
      <trkpt lat="58.57715" lon="23.17446">
        <ele>3.0</ele>
      </trkpt>
      <trkpt lat="58.5773" lon="23.17512">
        <ele>3.0</ele>
      </trkpt>
      <trkpt lat="58.57761" lon="23.17578">
        <ele>3.1</ele>
      </trkpt>
      <trkpt lat="58.57796" lon="23.17661">
        <ele>4.5</ele>
      </trkpt>
      <trkpt lat="58.57859" lon="23.17771">
        <ele>5.6</ele>
      </trkpt>
      <trkpt lat="58.57887" lon="23.17854">
        <ele>6.3</ele>
      </trkpt>
      <trkpt lat="58.57918" lon="23.17992">
        <ele>6.1</ele>
      </trkpt>
      <trkpt lat="58.57934" lon="23.18092">
        <ele>6.2</ele>
      </trkpt>
      <trkpt lat="58.5795" lon="23.18191">
        <ele>6.0</ele>
      </trkpt>
      <trkpt lat="58.57963" lon="23.18239">
        <ele>6.0</ele>
      </trkpt>
      <trkpt lat="58.57971" lon="23.18243">
        <ele>6.0</ele>
      </trkpt>
      <trkpt lat="58.57957" lon="23.18318">
        <ele>6.0</ele>
      </trkpt>
      <trkpt lat="58.57959" lon="23.18396">
        <ele>6.0</ele>
      </trkpt>
      <trkpt lat="58.57974" lon="23.18501">
        <ele>7.0</ele>
      </trkpt>
      <trkpt lat="58.57976" lon="23.18519">
        <ele>7.0</ele>
      </trkpt>
      <trkpt lat="58.57972" lon="23.18535">
        <ele>7.0</ele>
      </trkpt>
      <trkpt lat="58.57945" lon="23.18563">
        <ele>7.0</ele>
      </trkpt>
      <trkpt lat="58.57925" lon="23.18594">
        <ele>7.0</ele>
      </trkpt>
      <trkpt lat="58.57902" lon="23.18638">
        <ele>6.7</ele>
      </trkpt>
      <trkpt lat="58.57893" lon="23.18647">
        <ele>6.5</ele>
      </trkpt>
      <trkpt lat="58.57882" lon="23.18649">
        <ele>6.3</ele>
      </trkpt>
      <trkpt lat="58.57857" lon="23.18633">
        <ele>5.9</ele>
      </trkpt>
      <trkpt lat="58.57847" lon="23.18634">
        <ele>5.7</ele>
      </trkpt>
      <trkpt lat="58.57839" lon="23.18643">
        <ele>5.4</ele>
      </trkpt>
      <trkpt lat="58.57821" lon="23.18678">
        <ele>5.1</ele>
      </trkpt>
      <trkpt lat="58.57817" lon="23.18685">
        <ele>5.2</ele>
      </trkpt>
      <trkpt lat="58.57785" lon="23.18726">
        <ele>5.7</ele>
      </trkpt>
      <trkpt lat="58.57767" lon="23.18756">
        <ele>6.1</ele>
      </trkpt>
      <trkpt lat="58.57751" lon="23.18803">
        <ele>6.6</ele>
      </trkpt>
      <trkpt lat="58.57739" lon="23.18824">
        <ele>7.0</ele>
      </trkpt>
      <trkpt lat="58.57725" lon="23.1884">
        <ele>7.3</ele>
      </trkpt>
      <trkpt lat="58.57708" lon="23.18871">
        <ele>7.7</ele>
      </trkpt>
      <trkpt lat="58.57702" lon="23.18898">
        <ele>8.0</ele>
      </trkpt>
      <trkpt lat="58.57688" lon="23.18935">
        <ele>8.7</ele>
      </trkpt>
      <trkpt lat="58.57677" lon="23.18954">
        <ele>9.2</ele>
      </trkpt>
      <trkpt lat="58.57673" lon="23.18966">
        <ele>9.4</ele>
      </trkpt>
      <trkpt lat="58.57673" lon="23.1898">
        <ele>9.6</ele>
      </trkpt>
      <trkpt lat="58.57674" lon="23.18994">
        <ele>9.8</ele>
      </trkpt>
      <trkpt lat="58.57682" lon="23.19007">
        <ele>9.6</ele>
      </trkpt>
      <trkpt lat="58.57723" lon="23.19041">
        <ele>8.6</ele>
      </trkpt>
      <trkpt lat="58.5774" lon="23.19066">
        <ele>8.2</ele>
      </trkpt>
      <trkpt lat="58.57762" lon="23.19086">
        <ele>8.2</ele>
      </trkpt>
      <trkpt lat="58.57765" lon="23.19093">
        <ele>8.3</ele>
      </trkpt>
      <trkpt lat="58.57765" lon="23.19106">
        <ele>8.5</ele>
      </trkpt>
      <trkpt lat="58.57744" lon="23.19173">
        <ele>9.0</ele>
      </trkpt>
      <trkpt lat="58.57713" lon="23.1923">
        <ele>9.0</ele>
      </trkpt>
      <trkpt lat="58.57706" lon="23.19251">
        <ele>9.0</ele>
      </trkpt>
      <trkpt lat="58.57703" lon="23.19271">
        <ele>8.7</ele>
      </trkpt>
      <trkpt lat="58.57708" lon="23.19338">
        <ele>8.0</ele>
      </trkpt>
      <trkpt lat="58.57705" lon="23.19366">
        <ele>8.2</ele>
      </trkpt>
      <trkpt lat="58.57707" lon="23.19401">
        <ele>8.4</ele>
      </trkpt>
      <trkpt lat="58.57713" lon="23.19427">
        <ele>8.6</ele>
      </trkpt>
      <trkpt lat="58.5772" lon="23.19449">
        <ele>8.7</ele>
      </trkpt>
      <trkpt lat="58.57756" lon="23.19466">
        <ele>8.7</ele>
      </trkpt>
      <trkpt lat="58.5776" lon="23.19483">
        <ele>8.8</ele>
      </trkpt>
      <trkpt lat="58.57752" lon="23.19546">
        <ele>9.0</ele>
      </trkpt>
      <trkpt lat="58.57752" lon="23.1963">
        <ele>9.0</ele>
      </trkpt>
      <trkpt lat="58.57741" lon="23.19736">
        <ele>9.1</ele>
      </trkpt>
      <trkpt lat="58.5773" lon="23.19842">
        <ele>8.5</ele>
      </trkpt>
      <trkpt lat="58.57728" lon="23.19911">
        <ele>8.5</ele>
      </trkpt>
      <trkpt lat="58.5773" lon="23.19949">
        <ele>8.5</ele>
      </trkpt>
      <trkpt lat="58.57755" lon="23.20091">
        <ele>8.1</ele>
      </trkpt>
      <trkpt lat="58.57758" lon="23.20116">
        <ele>8.5</ele>
      </trkpt>
      <trkpt lat="58.57757" lon="23.20139">
        <ele>8.7</ele>
      </trkpt>
      <trkpt lat="58.57752" lon="23.20172">
        <ele>9.0</ele>
      </trkpt>
      <trkpt lat="58.57741" lon="23.2033">
        <ele>8.9</ele>
      </trkpt>
      <trkpt lat="58.57746" lon="23.20454">
        <ele>9.0</ele>
      </trkpt>
      <trkpt lat="58.57745" lon="23.20526">
        <ele>8.9</ele>
      </trkpt>
      <trkpt lat="58.57751" lon="23.20583">
        <ele>9.0</ele>
      </trkpt>
      <trkpt lat="58.57772" lon="23.20683">
        <ele>10.0</ele>
      </trkpt>
      <trkpt lat="58.57793" lon="23.20735">
        <ele>10.0</ele>
      </trkpt>
      <trkpt lat="58.57809" lon="23.20785">
        <ele>10.3</ele>
      </trkpt>
      <trkpt lat="58.57823" lon="23.20853">
        <ele>11.1</ele>
      </trkpt>
      <trkpt lat="58.57827" lon="23.20885">
        <ele>11.5</ele>
      </trkpt>
      <trkpt lat="58.57825" lon="23.20972">
        <ele>13.1</ele>
      </trkpt>
      <trkpt lat="58.57822" lon="23.21059">
        <ele>13.6</ele>
      </trkpt>
      <trkpt lat="58.57838" lon="23.2121">
        <ele>13.4</ele>
      </trkpt>
      <trkpt lat="58.57858" lon="23.21308">
        <ele>12.0</ele>
      </trkpt>
      <trkpt lat="58.5787" lon="23.21391">
        <ele>11.6</ele>
      </trkpt>
      <trkpt lat="58.57871" lon="23.21428">
        <ele>11.5</ele>
      </trkpt>
      <trkpt lat="58.57861" lon="23.21513">
        <ele>11.7</ele>
      </trkpt>
      <trkpt lat="58.57863" lon="23.21653">
        <ele>12.2</ele>
      </trkpt>
      <trkpt lat="58.57895" lon="23.2179">
        <ele>12.2</ele>
      </trkpt>
      <trkpt lat="58.57927" lon="23.21928">
        <ele>12.9</ele>
      </trkpt>
      <trkpt lat="58.57933" lon="23.21966">
        <ele>12.8</ele>
      </trkpt>
      <trkpt lat="58.57936" lon="23.22013">
        <ele>12.7</ele>
      </trkpt>
      <trkpt lat="58.57928" lon="23.22084">
        <ele>12.4</ele>
      </trkpt>
      <trkpt lat="58.57911" lon="23.22208">
        <ele>12.9</ele>
      </trkpt>
      <trkpt lat="58.57893" lon="23.223">
        <ele>12.3</ele>
      </trkpt>
      <trkpt lat="58.57887" lon="23.22367">
        <ele>12.0</ele>
      </trkpt>
      <trkpt lat="58.57884" lon="23.22537">
        <ele>11.6</ele>
      </trkpt>
      <trkpt lat="58.57882" lon="23.22707">
        <ele>11.6</ele>
      </trkpt>
      <trkpt lat="58.57885" lon="23.22742">
        <ele>11.6</ele>
      </trkpt>
      <trkpt lat="58.57891" lon="23.2277">
        <ele>11.7</ele>
      </trkpt>
      <trkpt lat="58.57911" lon="23.22826">
        <ele>11.9</ele>
      </trkpt>
      <trkpt lat="58.57961" lon="23.2292">
        <ele>12.0</ele>
      </trkpt>
      <trkpt lat="58.57967" lon="23.22948">
        <ele>12.1</ele>
      </trkpt>
      <trkpt lat="58.57967" lon="23.23034">
        <ele>12.4</ele>
      </trkpt>
      <trkpt lat="58.57971" lon="23.23052">
        <ele>12.3</ele>
      </trkpt>
      <trkpt lat="58.58017" lon="23.23085">
        <ele>12.2</ele>
      </trkpt>
      <trkpt lat="58.58063" lon="23.23118">
        <ele>13.2</ele>
      </trkpt>
      <trkpt lat="58.58129" lon="23.23202">
        <ele>14.4</ele>
      </trkpt>
      <trkpt lat="58.58197" lon="23.23262">
        <ele>14.8</ele>
      </trkpt>
      <trkpt lat="58.58266" lon="23.23321">
        <ele>14.9</ele>
      </trkpt>
      <trkpt lat="58.58284" lon="23.23333">
        <ele>15.0</ele>
      </trkpt>
      <trkpt lat="58.58307" lon="23.23351">
        <ele>14.9</ele>
      </trkpt>
      <trkpt lat="58.58377" lon="23.23394">
        <ele>14.1</ele>
      </trkpt>
      <trkpt lat="58.58428" lon="23.23419">
        <ele>14.0</ele>
      </trkpt>
      <trkpt lat="58.58515" lon="23.2345">
        <ele>14.4</ele>
      </trkpt>
      <trkpt lat="58.58543" lon="23.23455">
        <ele>14.5</ele>
      </trkpt>
      <trkpt lat="58.58591" lon="23.23451">
        <ele>14.4</ele>
      </trkpt>
      <trkpt lat="58.58639" lon="23.23447">
        <ele>14.4</ele>
      </trkpt>
      <trkpt lat="58.58667" lon="23.23447">
        <ele>14.4</ele>
      </trkpt>
      <trkpt lat="58.58748" lon="23.23456">
        <ele>15.4</ele>
      </trkpt>
      <trkpt lat="58.58829" lon="23.23466">
        <ele>15.0</ele>
      </trkpt>
      <trkpt lat="58.58875" lon="23.23475">
        <ele>15.5</ele>
      </trkpt>
      <trkpt lat="58.58922" lon="23.23485">
        <ele>16.1</ele>
      </trkpt>
      <trkpt lat="58.58986" lon="23.23503">
        <ele>16.8</ele>
      </trkpt>
      <trkpt lat="58.5905" lon="23.23522">
        <ele>17.0</ele>
      </trkpt>
      <trkpt lat="58.59112" lon="23.23525">
        <ele>17.0</ele>
      </trkpt>
      <trkpt lat="58.59175" lon="23.23528">
        <ele>17.2</ele>
      </trkpt>
      <trkpt lat="58.59256" lon="23.23533">
        <ele>19.0</ele>
      </trkpt>
      <trkpt lat="58.59332" lon="23.23542">
        <ele>19.0</ele>
      </trkpt>
      <trkpt lat="58.59407" lon="23.2355">
        <ele>19.0</ele>
      </trkpt>
      <trkpt lat="58.59478" lon="23.23543">
        <ele>20.1</ele>
      </trkpt>
      <trkpt lat="58.59549" lon="23.23536">
        <ele>20.6</ele>
      </trkpt>
      <trkpt lat="58.59602" lon="23.23524">
        <ele>20.8</ele>
      </trkpt>
      <trkpt lat="58.59655" lon="23.23512">
        <ele>21.0</ele>
      </trkpt>
      <trkpt lat="58.5971" lon="23.23496">
        <ele>20.5</ele>
      </trkpt>
      <trkpt lat="58.59735" lon="23.23492">
        <ele>20.1</ele>
      </trkpt>
      <trkpt lat="58.59751" lon="23.23496">
        <ele>20.0</ele>
      </trkpt>
      <trkpt lat="58.59792" lon="23.23502">
        <ele>20.5</ele>
      </trkpt>
      <trkpt lat="58.59837" lon="23.23516">
        <ele>21.0</ele>
      </trkpt>
      <trkpt lat="58.59882" lon="23.23529">
        <ele>20.4</ele>
      </trkpt>
      <trkpt lat="58.59964" lon="23.23557">
        <ele>20.0</ele>
      </trkpt>
      <trkpt lat="58.60046" lon="23.23585">
        <ele>21.1</ele>
      </trkpt>
      <trkpt lat="58.60128" lon="23.23613">
        <ele>21.8</ele>
      </trkpt>
      <trkpt lat="58.60207" lon="23.23617">
        <ele>21.7</ele>
      </trkpt>
      <trkpt lat="58.60287" lon="23.23621">
        <ele>21.5</ele>
      </trkpt>
      <trkpt lat="58.60343" lon="23.23622">
        <ele>21.5</ele>
      </trkpt>
      <trkpt lat="58.60363" lon="23.23615">
        <ele>21.6</ele>
      </trkpt>
      <trkpt lat="58.6038" lon="23.236">
        <ele>21.6</ele>
      </trkpt>
      <trkpt lat="58.60438" lon="23.2353">
        <ele>22.0</ele>
      </trkpt>
      <trkpt lat="58.60496" lon="23.23461">
        <ele>22.0</ele>
      </trkpt>
      <trkpt lat="58.60526" lon="23.23401">
        <ele>21.7</ele>
      </trkpt>
      <trkpt lat="58.60536" lon="23.23391">
        <ele>21.6</ele>
      </trkpt>
      <trkpt lat="58.60558" lon="23.23391">
        <ele>21.3</ele>
      </trkpt>
      <trkpt lat="58.60561" lon="23.23312">
        <ele>21.5</ele>
      </trkpt>
      <trkpt lat="58.60583" lon="23.23313">
        <ele>21.2</ele>
      </trkpt>
      <trkpt lat="58.60627" lon="23.2329">
        <ele>20.7</ele>
      </trkpt>
      <trkpt lat="58.60697" lon="23.23249">
        <ele>20.0</ele>
      </trkpt>
      <trkpt lat="58.60767" lon="23.23208">
        <ele>20.0</ele>
      </trkpt>
      <trkpt lat="58.60838" lon="23.23167">
        <ele>20.0</ele>
      </trkpt>
      <trkpt lat="58.60908" lon="23.23126">
        <ele>19.9</ele>
      </trkpt>
      <trkpt lat="58.60952" lon="23.23099">
        <ele>19.9</ele>
      </trkpt>
      <trkpt lat="58.60996" lon="23.23072">
        <ele>20.1</ele>
      </trkpt>
      <trkpt lat="58.61075" lon="23.23028">
        <ele>20.7</ele>
      </trkpt>
      <trkpt lat="58.61155" lon="23.22983">
        <ele>20.3</ele>
      </trkpt>
      <trkpt lat="58.61203" lon="23.22955">
        <ele>21.0</ele>
      </trkpt>
      <trkpt lat="58.61278" lon="23.2292">
        <ele>22.6</ele>
      </trkpt>
      <trkpt lat="58.61317" lon="23.22906">
        <ele>23.6</ele>
      </trkpt>
      <trkpt lat="58.61359" lon="23.22893">
        <ele>24.2</ele>
      </trkpt>
      <trkpt lat="58.61414" lon="23.22888">
        <ele>24.7</ele>
      </trkpt>
      <trkpt lat="58.61469" lon="23.22883">
        <ele>25.4</ele>
      </trkpt>
      <trkpt lat="58.61524" lon="23.22889">
        <ele>25.1</ele>
      </trkpt>
      <trkpt lat="58.61579" lon="23.22895">
        <ele>23.6</ele>
      </trkpt>
      <trkpt lat="58.61639" lon="23.22917">
        <ele>22.3</ele>
      </trkpt>
      <trkpt lat="58.6168" lon="23.22936">
        <ele>22.1</ele>
      </trkpt>
      <trkpt lat="58.61727" lon="23.2296">
        <ele>23.5</ele>
      </trkpt>
      <trkpt lat="58.61797" lon="23.23009">
        <ele>23.9</ele>
      </trkpt>
      <trkpt lat="58.61867" lon="23.23058">
        <ele>23.5</ele>
      </trkpt>
      <trkpt lat="58.61937" lon="23.23108">
        <ele>22.3</ele>
      </trkpt>
      <trkpt lat="58.62007" lon="23.23157">
        <ele>21.9</ele>
      </trkpt>
      <trkpt lat="58.62077" lon="23.23206">
        <ele>21.5</ele>
      </trkpt>
      <trkpt lat="58.62138" lon="23.23241">
        <ele>22.0</ele>
      </trkpt>
      <trkpt lat="58.62199" lon="23.23276">
        <ele>22.0</ele>
      </trkpt>
      <trkpt lat="58.62273" lon="23.23311">
        <ele>22.6</ele>
      </trkpt>
      <trkpt lat="58.62292" lon="23.23315">
        <ele>23.5</ele>
      </trkpt>
      <trkpt lat="58.62343" lon="23.23326">
        <ele>25.6</ele>
      </trkpt>
      <trkpt lat="58.624" lon="23.23333">
        <ele>28.2</ele>
      </trkpt>
      <trkpt lat="58.62453" lon="23.23324">
        <ele>29.6</ele>
      </trkpt>
      <trkpt lat="58.62537" lon="23.23302">
        <ele>30.4</ele>
      </trkpt>
      <trkpt lat="58.62594" lon="23.23269">
        <ele>30.8</ele>
      </trkpt>
      <trkpt lat="58.62594" lon="23.2325">
        <ele>31.0</ele>
      </trkpt>
      <trkpt lat="58.62589" lon="23.23131">
        <ele>31.4</ele>
      </trkpt>
      <trkpt lat="58.62579" lon="23.2301">
        <ele>31.9</ele>
      </trkpt>
      <trkpt lat="58.62569" lon="23.22889">
        <ele>30.5</ele>
      </trkpt>
      <trkpt lat="58.62567" lon="23.22751">
        <ele>27.6</ele>
      </trkpt>
      <trkpt lat="58.62553" lon="23.22656">
        <ele>24.5</ele>
      </trkpt>
      <trkpt lat="58.62555" lon="23.22614">
        <ele>24.0</ele>
      </trkpt>
      <trkpt lat="58.62563" lon="23.22575">
        <ele>23.4</ele>
      </trkpt>
      <trkpt lat="58.62574" lon="23.22531">
        <ele>22.7</ele>
      </trkpt>
      <trkpt lat="58.62577" lon="23.22507">
        <ele>22.3</ele>
      </trkpt>
      <trkpt lat="58.62575" lon="23.22468">
        <ele>22.3</ele>
      </trkpt>
      <trkpt lat="58.62575" lon="23.22439">
        <ele>22.3</ele>
      </trkpt>
      <trkpt lat="58.62583" lon="23.22413">
        <ele>22.0</ele>
      </trkpt>
      <trkpt lat="58.62588" lon="23.22389">
        <ele>22.1</ele>
      </trkpt>
      <trkpt lat="58.62593" lon="23.22353">
        <ele>22.2</ele>
      </trkpt>
      <trkpt lat="58.62596" lon="23.22285">
        <ele>22.9</ele>
      </trkpt>
      <trkpt lat="58.62599" lon="23.22263">
        <ele>23.2</ele>
      </trkpt>
      <trkpt lat="58.62629" lon="23.22203">
        <ele>24.4</ele>
      </trkpt>
      <trkpt lat="58.62656" lon="23.22132">
        <ele>25.4</ele>
      </trkpt>
      <trkpt lat="58.6269" lon="23.22055">
        <ele>27.0</ele>
      </trkpt>
      <trkpt lat="58.6271" lon="23.21951">
        <ele>28.4</ele>
      </trkpt>
      <trkpt lat="58.62722" lon="23.2191">
        <ele>29.0</ele>
      </trkpt>
      <trkpt lat="58.62726" lon="23.21881">
        <ele>29.1</ele>
      </trkpt>
      <trkpt lat="58.62717" lon="23.21809">
        <ele>29.9</ele>
      </trkpt>
      <trkpt lat="58.6271" lon="23.21701">
        <ele>31.6</ele>
      </trkpt>
      <trkpt lat="58.62711" lon="23.21621">
        <ele>30.7</ele>
      </trkpt>
      <trkpt lat="58.62706" lon="23.21564">
        <ele>29.1</ele>
      </trkpt>
      <trkpt lat="58.62707" lon="23.21517">
        <ele>28.3</ele>
      </trkpt>
      <trkpt lat="58.6271" lon="23.21496">
        <ele>28.0</ele>
      </trkpt>
      <trkpt lat="58.62731" lon="23.21406">
        <ele>27.2</ele>
      </trkpt>
      <trkpt lat="58.62732" lon="23.21376">
        <ele>27.2</ele>
      </trkpt>
      <trkpt lat="58.62731" lon="23.2134">
        <ele>27.2</ele>
      </trkpt>
      <trkpt lat="58.62736" lon="23.21285">
        <ele>27.8</ele>
      </trkpt>
      <trkpt lat="58.62751" lon="23.21207">
        <ele>28.5</ele>
      </trkpt>
      <trkpt lat="58.62752" lon="23.21153">
        <ele>29.3</ele>
      </trkpt>
      <trkpt lat="58.62751" lon="23.21102">
        <ele>30.5</ele>
      </trkpt>
      <trkpt lat="58.62755" lon="23.21004">
        <ele>32.6</ele>
      </trkpt>
      <trkpt lat="58.62753" lon="23.20937">
        <ele>32.8</ele>
      </trkpt>
      <trkpt lat="58.627583" lon="23.208669">
        <ele>32.6</ele>
      </trkpt>
      <trkpt lat="58.627653" lon="23.208206">
        <ele>32.1</ele>
      </trkpt>
      <trkpt lat="58.627778" lon="23.207956">
        <ele>31.2</ele>
      </trkpt>
      <trkpt lat="58.627904" lon="23.207655">
        <ele>30.2</ele>
      </trkpt>
      <trkpt lat="58.627894" lon="23.207444">
        <ele>30.1</ele>
      </trkpt>
      <trkpt lat="58.62771" lon="23.2071">
        <ele>30.6</ele>
      </trkpt>
      <trkpt lat="58.62761" lon="23.206565">
        <ele>30.5</ele>
      </trkpt>
      <trkpt lat="58.62755" lon="23.206106">
        <ele>30.2</ele>
      </trkpt>
      <trkpt lat="58.627445" lon="23.205717">
        <ele>30.0</ele>
      </trkpt>
      <trkpt lat="58.627504" lon="23.205609">
        <ele>30.0</ele>
      </trkpt>
      <trkpt lat="58.62778" lon="23.205713">
        <ele>29.3</ele>
      </trkpt>
      <trkpt lat="58.62778" lon="23.205713">
        <ele>29.3</ele>
      </trkpt>
      <trkpt lat="58.628409" lon="23.204085">
        <ele>28.8</ele>
      </trkpt>
      <trkpt lat="58.628844" lon="23.202615">
        <ele>28.1</ele>
      </trkpt>
      <trkpt lat="58.629166" lon="23.201908">
        <ele>28.0</ele>
      </trkpt>
      <trkpt lat="58.629299" lon="23.2013">
        <ele>28.0</ele>
      </trkpt>
      <trkpt lat="58.629437" lon="23.20098">
        <ele>28.0</ele>
      </trkpt>
      <trkpt lat="58.629402" lon="23.200383">
        <ele>28.0</ele>
      </trkpt>
      <trkpt lat="58.629276" lon="23.199598">
        <ele>28.0</ele>
      </trkpt>
      <trkpt lat="58.62935" lon="23.198913">
        <ele>28.0</ele>
      </trkpt>
      <trkpt lat="58.629178" lon="23.197763">
        <ele>28.0</ele>
      </trkpt>
      <trkpt lat="58.628933" lon="23.196881">
        <ele>27.7</ele>
      </trkpt>
      <trkpt lat="58.628599" lon="23.195953">
        <ele>26.5</ele>
      </trkpt>
      <trkpt lat="58.628536" lon="23.194715">
        <ele>26.2</ele>
      </trkpt>
      <trkpt lat="58.62857" lon="23.19472">
        <ele>26.3</ele>
      </trkpt>
      <trkpt lat="58.62858" lon="23.19436">
        <ele>26.3</ele>
      </trkpt>
      <trkpt lat="58.62881" lon="23.193">
        <ele>26.2</ele>
      </trkpt>
      <trkpt lat="58.62904" lon="23.19163">
        <ele>25.0</ele>
      </trkpt>
      <trkpt lat="58.62937" lon="23.19042">
        <ele>24.8</ele>
      </trkpt>
      <trkpt lat="58.6297" lon="23.18921">
        <ele>23.1</ele>
      </trkpt>
      <trkpt lat="58.63002" lon="23.188">
        <ele>21.6</ele>
      </trkpt>
      <trkpt lat="58.63014" lon="23.18792">
        <ele>21.8</ele>
      </trkpt>
      <trkpt lat="58.63026" lon="23.18779">
        <ele>22.0</ele>
      </trkpt>
      <trkpt lat="58.63041" lon="23.18765">
        <ele>22.2</ele>
      </trkpt>
      <trkpt lat="58.63075" lon="23.18751">
        <ele>22.8</ele>
      </trkpt>
      <trkpt lat="58.63082" lon="23.18741">
        <ele>22.9</ele>
      </trkpt>
      <trkpt lat="58.63088" lon="23.18724">
        <ele>22.7</ele>
      </trkpt>
      <trkpt lat="58.63091" lon="23.18706">
        <ele>22.5</ele>
      </trkpt>
      <trkpt lat="58.63094" lon="23.18696">
        <ele>22.4</ele>
      </trkpt>
      <trkpt lat="58.63099" lon="23.18683">
        <ele>22.3</ele>
      </trkpt>
      <trkpt lat="58.6311" lon="23.18668">
        <ele>22.3</ele>
      </trkpt>
      <trkpt lat="58.63116" lon="23.18658">
        <ele>22.2</ele>
      </trkpt>
      <trkpt lat="58.63146" lon="23.18598">
        <ele>21.7</ele>
      </trkpt>
      <trkpt lat="58.63163" lon="23.18551">
        <ele>21.5</ele>
      </trkpt>
      <trkpt lat="58.63171" lon="23.18524">
        <ele>21.4</ele>
      </trkpt>
      <trkpt lat="58.63175" lon="23.185">
        <ele>21.2</ele>
      </trkpt>
      <trkpt lat="58.63179" lon="23.18468">
        <ele>21.3</ele>
      </trkpt>
      <trkpt lat="58.63178" lon="23.18462">
        <ele>21.3</ele>
      </trkpt>
      <trkpt lat="58.63181" lon="23.18441">
        <ele>21.3</ele>
      </trkpt>
      <trkpt lat="58.63185" lon="23.18429">
        <ele>21.4</ele>
      </trkpt>
      <trkpt lat="58.63194" lon="23.18408">
        <ele>21.7</ele>
      </trkpt>
      <trkpt lat="58.632" lon="23.18404">
        <ele>21.8</ele>
      </trkpt>
      <trkpt lat="58.63244" lon="23.18398">
        <ele>22.9</ele>
      </trkpt>
      <trkpt lat="58.6326" lon="23.18394">
        <ele>23.1</ele>
      </trkpt>
      <trkpt lat="58.63274" lon="23.1838">
        <ele>23.3</ele>
      </trkpt>
      <trkpt lat="58.63292" lon="23.18369">
        <ele>23.5</ele>
      </trkpt>
      <trkpt lat="58.63312" lon="23.18367">
        <ele>23.7</ele>
      </trkpt>
      <trkpt lat="58.6333" lon="23.18356">
        <ele>24.0</ele>
      </trkpt>
      <trkpt lat="58.63344" lon="23.18355">
        <ele>23.9</ele>
      </trkpt>
      <trkpt lat="58.63356" lon="23.18366">
        <ele>23.7</ele>
      </trkpt>
      <trkpt lat="58.6337" lon="23.18388">
        <ele>23.6</ele>
      </trkpt>
      <trkpt lat="58.63383" lon="23.18402">
        <ele>23.4</ele>
      </trkpt>
      <trkpt lat="58.63398" lon="23.18411">
        <ele>23.2</ele>
      </trkpt>
      <trkpt lat="58.63422" lon="23.18428">
        <ele>22.8</ele>
      </trkpt>
      <trkpt lat="58.63437" lon="23.18437">
        <ele>22.6</ele>
      </trkpt>
      <trkpt lat="58.63484" lon="23.18443">
        <ele>22.4</ele>
      </trkpt>
      <trkpt lat="58.63504" lon="23.18449">
        <ele>22.4</ele>
      </trkpt>
      <trkpt lat="58.63523" lon="23.18449">
        <ele>22.3</ele>
      </trkpt>
      <trkpt lat="58.63543" lon="23.1844">
        <ele>22.1</ele>
      </trkpt>
      <trkpt lat="58.63571" lon="23.18419">
        <ele>22.0</ele>
      </trkpt>
      <trkpt lat="58.63585" lon="23.1841">
        <ele>22.0</ele>
      </trkpt>
      <trkpt lat="58.63593" lon="23.18408">
        <ele>22.1</ele>
      </trkpt>
      <trkpt lat="58.6362" lon="23.18413">
        <ele>22.4</ele>
      </trkpt>
      <trkpt lat="58.6363" lon="23.18411">
        <ele>22.6</ele>
      </trkpt>
      <trkpt lat="58.63642" lon="23.18402">
        <ele>22.7</ele>
      </trkpt>
      <trkpt lat="58.6367" lon="23.18367">
        <ele>23.1</ele>
      </trkpt>
      <trkpt lat="58.63708" lon="23.18316">
        <ele>24.1</ele>
      </trkpt>
      <trkpt lat="58.63746" lon="23.18253">
        <ele>25.0</ele>
      </trkpt>
      <trkpt lat="58.63756" lon="23.18244">
        <ele>24.9</ele>
      </trkpt>
      <trkpt lat="58.63785" lon="23.18233">
        <ele>24.6</ele>
      </trkpt>
      <trkpt lat="58.63793" lon="23.18231">
        <ele>24.5</ele>
      </trkpt>
      <trkpt lat="58.63809" lon="23.18239">
        <ele>24.3</ele>
      </trkpt>
      <trkpt lat="58.63845" lon="23.18253">
        <ele>24.0</ele>
      </trkpt>
      <trkpt lat="58.63859" lon="23.18256">
        <ele>24.1</ele>
      </trkpt>
      <trkpt lat="58.63873" lon="23.18248">
        <ele>24.0</ele>
      </trkpt>
      <trkpt lat="58.6389" lon="23.18215">
        <ele>24.0</ele>
      </trkpt>
      <trkpt lat="58.639" lon="23.18177">
        <ele>24.0</ele>
      </trkpt>
      <trkpt lat="58.63912" lon="23.18141">
        <ele>24.0</ele>
      </trkpt>
      <trkpt lat="58.63923" lon="23.18116">
        <ele>24.1</ele>
      </trkpt>
      <trkpt lat="58.63939" lon="23.18094">
        <ele>24.3</ele>
      </trkpt>
      <trkpt lat="58.6397" lon="23.18066">
        <ele>24.6</ele>
      </trkpt>
      <trkpt lat="58.64009" lon="23.1805">
        <ele>24.9</ele>
      </trkpt>
      <trkpt lat="58.6403" lon="23.18034">
        <ele>24.6</ele>
      </trkpt>
      <trkpt lat="58.64067" lon="23.18027">
        <ele>24.2</ele>
      </trkpt>
      <trkpt lat="58.64074" lon="23.18028">
        <ele>24.1</ele>
      </trkpt>
      <trkpt lat="58.64103" lon="23.18034">
        <ele>24.1</ele>
      </trkpt>
      <trkpt lat="58.64114" lon="23.18035">
        <ele>24.2</ele>
      </trkpt>
      <trkpt lat="58.64188" lon="23.18015">
        <ele>24.6</ele>
      </trkpt>
      <trkpt lat="58.642576" lon="23.180246">
        <ele>23.9</ele>
      </trkpt>
      <trkpt lat="58.643204" lon="23.180568">
        <ele>23.2</ele>
      </trkpt>
      <trkpt lat="58.643298" lon="23.180633">
        <ele>23.0</ele>
      </trkpt>
      <trkpt lat="58.64311" lon="23.18174">
        <ele>22.5</ele>
      </trkpt>
      <trkpt lat="58.64292" lon="23.18286">
        <ele>22.8</ele>
      </trkpt>
      <trkpt lat="58.64296" lon="23.18412">
        <ele>22.4</ele>
      </trkpt>
      <trkpt lat="58.643" lon="23.18538">
        <ele>22.4</ele>
      </trkpt>
      <trkpt lat="58.643" lon="23.18635">
        <ele>22.6</ele>
      </trkpt>
      <trkpt lat="58.643" lon="23.18731">
        <ele>22.8</ele>
      </trkpt>
      <trkpt lat="58.6429" lon="23.18842">
        <ele>22.0</ele>
      </trkpt>
      <trkpt lat="58.64286" lon="23.18934">
        <ele>21.9</ele>
      </trkpt>
      <trkpt lat="58.6427" lon="23.19064">
        <ele>21.5</ele>
      </trkpt>
      <trkpt lat="58.64255" lon="23.19193">
        <ele>21.9</ele>
      </trkpt>
      <trkpt lat="58.64241" lon="23.19207">
        <ele>22.0</ele>
      </trkpt>
      <trkpt lat="58.64179" lon="23.19241">
        <ele>22.0</ele>
      </trkpt>
      <trkpt lat="58.64159" lon="23.19256">
        <ele>21.9</ele>
      </trkpt>
      <trkpt lat="58.64148" lon="23.19279">
        <ele>21.7</ele>
      </trkpt>
      <trkpt lat="58.64139" lon="23.19319">
        <ele>21.2</ele>
      </trkpt>
      <trkpt lat="58.64134" lon="23.19359">
        <ele>21.0</ele>
      </trkpt>
      <trkpt lat="58.6413" lon="23.19448">
        <ele>21.2</ele>
      </trkpt>
      <trkpt lat="58.64127" lon="23.19537">
        <ele>21.5</ele>
      </trkpt>
      <trkpt lat="58.64128" lon="23.19566">
        <ele>21.5</ele>
      </trkpt>
      <trkpt lat="58.64138" lon="23.19628">
        <ele>20.8</ele>
      </trkpt>
      <trkpt lat="58.64143" lon="23.19636">
        <ele>20.7</ele>
      </trkpt>
      <trkpt lat="58.64147" lon="23.19647">
        <ele>20.5</ele>
      </trkpt>
      <trkpt lat="58.6415" lon="23.1966">
        <ele>20.3</ele>
      </trkpt>
      <trkpt lat="58.64152" lon="23.19703">
        <ele>20.2</ele>
      </trkpt>
      <trkpt lat="58.64155" lon="23.19783">
        <ele>20.1</ele>
      </trkpt>
      <trkpt lat="58.64152" lon="23.19816">
        <ele>20.2</ele>
      </trkpt>
      <trkpt lat="58.64153" lon="23.19838">
        <ele>20.2</ele>
      </trkpt>
      <trkpt lat="58.64154" lon="23.19852">
        <ele>20.2</ele>
      </trkpt>
      <trkpt lat="58.64158" lon="23.1987">
        <ele>20.1</ele>
      </trkpt>
      <trkpt lat="58.64159" lon="23.19877">
        <ele>20.1</ele>
      </trkpt>
      <trkpt lat="58.64156" lon="23.19901">
        <ele>20.1</ele>
      </trkpt>
      <trkpt lat="58.64141" lon="23.1998">
        <ele>20.3</ele>
      </trkpt>
      <trkpt lat="58.64118" lon="23.20081">
        <ele>20.6</ele>
      </trkpt>
      <trkpt lat="58.64095" lon="23.20182">
        <ele>21.2</ele>
      </trkpt>
      <trkpt lat="58.64094" lon="23.20198">
        <ele>21.4</ele>
      </trkpt>
      <trkpt lat="58.64089" lon="23.20248">
        <ele>22.0</ele>
      </trkpt>
      <trkpt lat="58.6408" lon="23.20282">
        <ele>22.4</ele>
      </trkpt>
      <trkpt lat="58.64068" lon="23.20353">
        <ele>22.7</ele>
      </trkpt>
      <trkpt lat="58.64039" lon="23.20469">
        <ele>23.1</ele>
      </trkpt>
      <trkpt lat="58.64035" lon="23.20519">
        <ele>23.6</ele>
      </trkpt>
      <trkpt lat="58.64028" lon="23.20555">
        <ele>23.7</ele>
      </trkpt>
      <trkpt lat="58.64027" lon="23.2058">
        <ele>23.7</ele>
      </trkpt>
      <trkpt lat="58.64032" lon="23.20624">
        <ele>23.7</ele>
      </trkpt>
      <trkpt lat="58.64048" lon="23.20657">
        <ele>23.3</ele>
      </trkpt>
      <trkpt lat="58.64048" lon="23.20728">
        <ele>23.0</ele>
      </trkpt>
      <trkpt lat="58.64041" lon="23.2083">
        <ele>22.1</ele>
      </trkpt>
      <trkpt lat="58.64044" lon="23.20854">
        <ele>21.8</ele>
      </trkpt>
      <trkpt lat="58.64066" lon="23.20901">
        <ele>21.2</ele>
      </trkpt>
      <trkpt lat="58.64088" lon="23.20985">
        <ele>21.0</ele>
      </trkpt>
      <trkpt lat="58.6411" lon="23.21068">
        <ele>21.3</ele>
      </trkpt>
      <trkpt lat="58.64118" lon="23.21103">
        <ele>21.3</ele>
      </trkpt>
      <trkpt lat="58.64122" lon="23.21209">
        <ele>21.0</ele>
      </trkpt>
      <trkpt lat="58.64124" lon="23.2122">
        <ele>21.0</ele>
      </trkpt>
      <trkpt lat="58.64124" lon="23.2122">
        <ele>21.0</ele>
      </trkpt>
      <trkpt lat="58.64124" lon="23.2122">
        <ele>21.0</ele>
      </trkpt>
      <trkpt lat="58.64128" lon="23.21253">
        <ele>21.0</ele>
      </trkpt>
      <trkpt lat="58.64136" lon="23.21285">
        <ele>21.3</ele>
      </trkpt>
      <trkpt lat="58.6417" lon="23.21338">
        <ele>22.0</ele>
      </trkpt>
      <trkpt lat="58.64194" lon="23.21383">
        <ele>22.3</ele>
      </trkpt>
      <trkpt lat="58.64237" lon="23.21493">
        <ele>22.1</ele>
      </trkpt>
      <trkpt lat="58.64247" lon="23.21525">
        <ele>22.0</ele>
      </trkpt>
      <trkpt lat="58.64252" lon="23.21556">
        <ele>22.0</ele>
      </trkpt>
      <trkpt lat="58.6426" lon="23.21619">
        <ele>22.0</ele>
      </trkpt>
      <trkpt lat="58.64272" lon="23.21668">
        <ele>22.0</ele>
      </trkpt>
      <trkpt lat="58.6428" lon="23.21686">
        <ele>22.0</ele>
      </trkpt>
      <trkpt lat="58.64309" lon="23.21714">
        <ele>22.0</ele>
      </trkpt>
      <trkpt lat="58.64349" lon="23.21748">
        <ele>22.2</ele>
      </trkpt>
      <trkpt lat="58.64352" lon="23.217637">
        <ele>22.3</ele>
      </trkpt>
      <trkpt lat="58.643558" lon="23.218019">
        <ele>22.4</ele>
      </trkpt>
      <trkpt lat="58.64344" lon="23.218121">
        <ele>22.2</ele>
      </trkpt>
      <trkpt lat="58.643493" lon="23.21882">
        <ele>22.3</ele>
      </trkpt>
      <trkpt lat="58.643493" lon="23.21882">
        <ele>22.3</ele>
      </trkpt>
      <trkpt lat="58.643315" lon="23.221389">
        <ele>22.0</ele>
      </trkpt>
      <trkpt lat="58.64326" lon="23.22184">
        <ele>21.9</ele>
      </trkpt>
      <trkpt lat="58.64311" lon="23.22241">
        <ele>21.7</ele>
      </trkpt>
      <trkpt lat="58.64311" lon="23.22254">
        <ele>21.7</ele>
      </trkpt>
      <trkpt lat="58.64314" lon="23.22263">
        <ele>21.6</ele>
      </trkpt>
      <trkpt lat="58.64321" lon="23.22271">
        <ele>21.6</ele>
      </trkpt>
      <trkpt lat="58.64351" lon="23.22339">
        <ele>21.0</ele>
      </trkpt>
      <trkpt lat="58.64372" lon="23.22385">
        <ele>21.0</ele>
      </trkpt>
      <trkpt lat="58.64384" lon="23.22416">
        <ele>21.0</ele>
      </trkpt>
      <trkpt lat="58.64391" lon="23.22446">
        <ele>20.9</ele>
      </trkpt>
      <trkpt lat="58.64395" lon="23.22482">
        <ele>20.8</ele>
      </trkpt>
      <trkpt lat="58.64401" lon="23.2252">
        <ele>21.0</ele>
      </trkpt>
      <trkpt lat="58.64418" lon="23.22572">
        <ele>21.9</ele>
      </trkpt>
      <trkpt lat="58.64427" lon="23.2264">
        <ele>23.3</ele>
      </trkpt>
      <trkpt lat="58.64433" lon="23.22667">
        <ele>23.8</ele>
      </trkpt>
      <trkpt lat="58.64432" lon="23.22693">
        <ele>23.5</ele>
      </trkpt>
      <trkpt lat="58.64432" lon="23.2271">
        <ele>23.3</ele>
      </trkpt>
      <trkpt lat="58.64435" lon="23.22722">
        <ele>23.1</ele>
      </trkpt>
      <trkpt lat="58.64494" lon="23.22792">
        <ele>21.1</ele>
      </trkpt>
      <trkpt lat="58.6451" lon="23.22807">
        <ele>20.1</ele>
      </trkpt>
      <trkpt lat="58.64521" lon="23.22811">
        <ele>19.3</ele>
      </trkpt>
      <trkpt lat="58.64531" lon="23.22812">
        <ele>18.7</ele>
      </trkpt>
      <trkpt lat="58.64539" lon="23.2281">
        <ele>18.3</ele>
      </trkpt>
      <trkpt lat="58.64548" lon="23.22803">
        <ele>18.1</ele>
      </trkpt>
      <trkpt lat="58.6456" lon="23.22789">
        <ele>17.8</ele>
      </trkpt>
      <trkpt lat="58.64587" lon="23.22749">
        <ele>17.9</ele>
      </trkpt>
      <trkpt lat="58.64611" lon="23.22708">
        <ele>18.2</ele>
      </trkpt>
      <trkpt lat="58.64643" lon="23.22633">
        <ele>18.5</ele>
      </trkpt>
      <trkpt lat="58.64651" lon="23.22619">
        <ele>18.5</ele>
      </trkpt>
      <trkpt lat="58.64657" lon="23.22616">
        <ele>18.3</ele>
      </trkpt>
      <trkpt lat="58.64665" lon="23.2262">
        <ele>17.8</ele>
      </trkpt>
      <trkpt lat="58.64668" lon="23.22623">
        <ele>17.5</ele>
      </trkpt>
      <trkpt lat="58.64704" lon="23.22681">
        <ele>14.6</ele>
      </trkpt>
      <trkpt lat="58.64718" lon="23.22712">
        <ele>13.9</ele>
      </trkpt>
      <trkpt lat="58.64729" lon="23.22745">
        <ele>13.5</ele>
      </trkpt>
      <trkpt lat="58.6477" lon="23.22893">
        <ele>12.8</ele>
      </trkpt>
      <trkpt lat="58.64801" lon="23.23">
        <ele>12.4</ele>
      </trkpt>
      <trkpt lat="58.64832" lon="23.23106">
        <ele>12.3</ele>
      </trkpt>
      <trkpt lat="58.64863" lon="23.23213">
        <ele>12.6</ele>
      </trkpt>
      <trkpt lat="58.64881" lon="23.23297">
        <ele>12.7</ele>
      </trkpt>
      <trkpt lat="58.64898" lon="23.2338">
        <ele>13.4</ele>
      </trkpt>
      <trkpt lat="58.64904" lon="23.23404">
        <ele>13.9</ele>
      </trkpt>
      <trkpt lat="58.64935" lon="23.23483">
        <ele>14.8</ele>
      </trkpt>
      <trkpt lat="58.64966" lon="23.23563">
        <ele>15.1</ele>
      </trkpt>
      <trkpt lat="58.64981" lon="23.23593">
        <ele>15.1</ele>
      </trkpt>
      <trkpt lat="58.65002" lon="23.23628">
        <ele>15.0</ele>
      </trkpt>
      <trkpt lat="58.65072" lon="23.2373">
        <ele>14.0</ele>
      </trkpt>
      <trkpt lat="58.65088" lon="23.23757">
        <ele>14.1</ele>
      </trkpt>
      <trkpt lat="58.65116" lon="23.23814">
        <ele>14.5</ele>
      </trkpt>
      <trkpt lat="58.65142" lon="23.23877">
        <ele>14.3</ele>
      </trkpt>
      <trkpt lat="58.65177" lon="23.2397">
        <ele>14.8</ele>
      </trkpt>
      <trkpt lat="58.65224" lon="23.241">
        <ele>12.8</ele>
      </trkpt>
      <trkpt lat="58.65255" lon="23.24194">
        <ele>12.2</ele>
      </trkpt>
      <trkpt lat="58.6528" lon="23.2427">
        <ele>12.4</ele>
      </trkpt>
      <trkpt lat="58.65306" lon="23.24345">
        <ele>11.7</ele>
      </trkpt>
      <trkpt lat="58.6533" lon="23.2443">
        <ele>11.8</ele>
      </trkpt>
      <trkpt lat="58.65363" lon="23.24557">
        <ele>11.8</ele>
      </trkpt>
      <trkpt lat="58.65396" lon="23.24683">
        <ele>10.8</ele>
      </trkpt>
      <trkpt lat="58.6545" lon="23.24682">
        <ele>11.8</ele>
      </trkpt>
      <trkpt lat="58.65503" lon="23.24681">
        <ele>13.0</ele>
      </trkpt>
      <trkpt lat="58.65557" lon="23.24678">
        <ele>13.7</ele>
      </trkpt>
      <trkpt lat="58.6561" lon="23.24676">
        <ele>14.3</ele>
      </trkpt>
      <trkpt lat="58.65653" lon="23.24668">
        <ele>14.8</ele>
      </trkpt>
      <trkpt lat="58.65672" lon="23.24662">
        <ele>15.1</ele>
      </trkpt>
      <trkpt lat="58.65687" lon="23.24667">
        <ele>15.0</ele>
      </trkpt>
      <trkpt lat="58.65709" lon="23.24677">
        <ele>15.0</ele>
      </trkpt>
      <trkpt lat="58.65763" lon="23.24719">
        <ele>15.0</ele>
      </trkpt>
      <trkpt lat="58.65799" lon="23.24763">
        <ele>15.1</ele>
      </trkpt>
      <trkpt lat="58.6581" lon="23.2477">
        <ele>15.2</ele>
      </trkpt>
      <trkpt lat="58.65823" lon="23.2477">
        <ele>15.2</ele>
      </trkpt>
      <trkpt lat="58.6584" lon="23.24777">
        <ele>15.3</ele>
      </trkpt>
      <trkpt lat="58.6587" lon="23.24811">
        <ele>15.4</ele>
      </trkpt>
      <trkpt lat="58.65909" lon="23.24814">
        <ele>15.1</ele>
      </trkpt>
      <trkpt lat="58.6593" lon="23.24818">
        <ele>15.2</ele>
      </trkpt>
      <trkpt lat="58.66014" lon="23.24822">
        <ele>16.2</ele>
      </trkpt>
      <trkpt lat="58.66073" lon="23.24827">
        <ele>16.9</ele>
      </trkpt>
      <trkpt lat="58.66132" lon="23.24832">
        <ele>17.0</ele>
      </trkpt>
      <trkpt lat="58.66162" lon="23.24832">
        <ele>17.0</ele>
      </trkpt>
      <trkpt lat="58.66193" lon="23.24821">
        <ele>17.4</ele>
      </trkpt>
      <trkpt lat="58.66234" lon="23.24809">
        <ele>18.0</ele>
      </trkpt>
      <trkpt lat="58.66317" lon="23.24779">
        <ele>18.7</ele>
      </trkpt>
      <trkpt lat="58.6634" lon="23.24772">
        <ele>18.7</ele>
      </trkpt>
      <trkpt lat="58.66399" lon="23.24796">
        <ele>17.7</ele>
      </trkpt>
      <trkpt lat="58.66461" lon="23.24811">
        <ele>15.7</ele>
      </trkpt>
      <trkpt lat="58.66517" lon="23.2485">
        <ele>13.4</ele>
      </trkpt>
      <trkpt lat="58.66485" lon="23.24966">
        <ele>13.8</ele>
      </trkpt>
      <trkpt lat="58.66453" lon="23.25083">
        <ele>14.1</ele>
      </trkpt>
      <trkpt lat="58.66412" lon="23.25233">
        <ele>14.1</ele>
      </trkpt>
      <trkpt lat="58.66371" lon="23.25383">
        <ele>14.1</ele>
      </trkpt>
      <trkpt lat="58.6633" lon="23.25533">
        <ele>16.0</ele>
      </trkpt>
      <trkpt lat="58.6629" lon="23.25683">
        <ele>16.4</ele>
      </trkpt>
      <trkpt lat="58.66249" lon="23.25833">
        <ele>16.0</ele>
      </trkpt>
      <trkpt lat="58.66208" lon="23.25983">
        <ele>16.2</ele>
      </trkpt>
      <trkpt lat="58.66167" lon="23.26133">
        <ele>16.4</ele>
      </trkpt>
      <trkpt lat="58.66126" lon="23.26283">
        <ele>16.6</ele>
      </trkpt>
      <trkpt lat="58.66085" lon="23.26433">
        <ele>16.8</ele>
      </trkpt>
      <trkpt lat="58.66045" lon="23.26583">
        <ele>16.0</ele>
      </trkpt>
      <trkpt lat="58.66004" lon="23.26733">
        <ele>16.0</ele>
      </trkpt>
      <trkpt lat="58.6597" lon="23.26886">
        <ele>16.6</ele>
      </trkpt>
      <trkpt lat="58.65936" lon="23.27039">
        <ele>17.0</ele>
      </trkpt>
      <trkpt lat="58.65902" lon="23.27191">
        <ele>16.2</ele>
      </trkpt>
      <trkpt lat="58.65868" lon="23.27344">
        <ele>16.6</ele>
      </trkpt>
      <trkpt lat="58.65834" lon="23.27497">
        <ele>17.0</ele>
      </trkpt>
      <trkpt lat="58.65812" lon="23.27589">
        <ele>16.2</ele>
      </trkpt>
      <trkpt lat="58.6579" lon="23.27682">
        <ele>15.5</ele>
      </trkpt>
      <trkpt lat="58.65756" lon="23.27783">
        <ele>15.9</ele>
      </trkpt>
      <trkpt lat="58.65722" lon="23.27884">
        <ele>15.6</ele>
      </trkpt>
      <trkpt lat="58.65679" lon="23.27976">
        <ele>15.7</ele>
      </trkpt>
      <trkpt lat="58.65637" lon="23.28069">
        <ele>15.2</ele>
      </trkpt>
      <trkpt lat="58.65587" lon="23.28152">
        <ele>14.2</ele>
      </trkpt>
      <trkpt lat="58.65538" lon="23.28235">
        <ele>14.0</ele>
      </trkpt>
      <trkpt lat="58.65504" lon="23.2829">
        <ele>14.0</ele>
      </trkpt>
      <trkpt lat="58.65493" lon="23.28306">
        <ele>13.9</ele>
      </trkpt>
      <trkpt lat="58.6544" lon="23.28393">
        <ele>13.3</ele>
      </trkpt>
      <trkpt lat="58.65388" lon="23.28481">
        <ele>12.5</ele>
      </trkpt>
      <trkpt lat="58.65324" lon="23.2857">
        <ele>12.3</ele>
      </trkpt>
      <trkpt lat="58.65259" lon="23.2866">
        <ele>11.1</ele>
      </trkpt>
      <trkpt lat="58.65195" lon="23.2875">
        <ele>11.3</ele>
      </trkpt>
      <trkpt lat="58.65131" lon="23.2884">
        <ele>10.3</ele>
      </trkpt>
      <trkpt lat="58.65067" lon="23.28929">
        <ele>10.2</ele>
      </trkpt>
      <trkpt lat="58.65003" lon="23.29019">
        <ele>10.9</ele>
      </trkpt>
      <trkpt lat="58.649509" lon="23.290923">
        <ele>12.1</ele>
      </trkpt>
      <trkpt lat="58.64951" lon="23.29092">
        <ele>12.1</ele>
      </trkpt>
      <trkpt lat="58.64939" lon="23.29109">
        <ele>12.2</ele>
      </trkpt>
      <trkpt lat="58.64948" lon="23.29146">
        <ele>11.8</ele>
      </trkpt>
      <trkpt lat="58.6495" lon="23.29172">
        <ele>11.6</ele>
      </trkpt>
      <trkpt lat="58.64946" lon="23.29226">
        <ele>11.6</ele>
      </trkpt>
      <trkpt lat="58.64934" lon="23.29339">
        <ele>11.6</ele>
      </trkpt>
      <trkpt lat="58.64933" lon="23.29357">
        <ele>11.7</ele>
      </trkpt>
      <trkpt lat="58.64938" lon="23.2943">
        <ele>11.9</ele>
      </trkpt>
      <trkpt lat="58.64934" lon="23.29522">
        <ele>12.8</ele>
      </trkpt>
      <trkpt lat="58.64928" lon="23.29576">
        <ele>12.9</ele>
      </trkpt>
      <trkpt lat="58.64929" lon="23.29627">
        <ele>12.8</ele>
      </trkpt>
      <trkpt lat="58.64942" lon="23.29692">
        <ele>12.4</ele>
      </trkpt>
      <trkpt lat="58.64991" lon="23.29825">
        <ele>12.0</ele>
      </trkpt>
      <trkpt lat="58.64999" lon="23.29852">
        <ele>12.0</ele>
      </trkpt>
      <trkpt lat="58.65002" lon="23.29881">
        <ele>12.0</ele>
      </trkpt>
      <trkpt lat="58.65002" lon="23.29914">
        <ele>12.0</ele>
      </trkpt>
      <trkpt lat="58.65003" lon="23.29944">
        <ele>12.0</ele>
      </trkpt>
      <trkpt lat="58.64997" lon="23.29967">
        <ele>12.0</ele>
      </trkpt>
      <trkpt lat="58.64986" lon="23.29995">
        <ele>12.0</ele>
      </trkpt>
      <trkpt lat="58.6497" lon="23.30023">
        <ele>12.0</ele>
      </trkpt>
      <trkpt lat="58.64957" lon="23.30038">
        <ele>12.0</ele>
      </trkpt>
      <trkpt lat="58.64931" lon="23.30127">
        <ele>11.9</ele>
      </trkpt>
      <trkpt lat="58.64909" lon="23.30189">
        <ele>12.0</ele>
      </trkpt>
      <trkpt lat="58.64893" lon="23.30252">
        <ele>12.0</ele>
      </trkpt>
      <trkpt lat="58.64891" lon="23.30286">
        <ele>12.0</ele>
      </trkpt>
      <trkpt lat="58.649" lon="23.30385">
        <ele>12.0</ele>
      </trkpt>
      <trkpt lat="58.64921" lon="23.30469">
        <ele>12.5</ele>
      </trkpt>
      <trkpt lat="58.64941" lon="23.30554">
        <ele>12.4</ele>
      </trkpt>
      <trkpt lat="58.64947" lon="23.306">
        <ele>12.1</ele>
      </trkpt>
      <trkpt lat="58.64954" lon="23.3069">
        <ele>11.6</ele>
      </trkpt>
      <trkpt lat="58.64965" lon="23.30768">
        <ele>11.5</ele>
      </trkpt>
      <trkpt lat="58.64962" lon="23.30791">
        <ele>11.7</ele>
      </trkpt>
      <trkpt lat="58.64958" lon="23.30836">
        <ele>12.0</ele>
      </trkpt>
      <trkpt lat="58.64957" lon="23.3091">
        <ele>12.0</ele>
      </trkpt>
      <trkpt lat="58.64954" lon="23.30954">
        <ele>12.1</ele>
      </trkpt>
      <trkpt lat="58.64942" lon="23.30986">
        <ele>12.4</ele>
      </trkpt>
      <trkpt lat="58.64931" lon="23.30997">
        <ele>12.7</ele>
      </trkpt>
      <trkpt lat="58.64922" lon="23.31051">
        <ele>12.9</ele>
      </trkpt>
      <trkpt lat="58.6491" lon="23.31104">
        <ele>13.3</ele>
      </trkpt>
      <trkpt lat="58.64909" lon="23.31135">
        <ele>13.3</ele>
      </trkpt>
      <trkpt lat="58.64912" lon="23.3119">
        <ele>13.2</ele>
      </trkpt>
      <trkpt lat="58.64914" lon="23.31288">
        <ele>13.1</ele>
      </trkpt>
      <trkpt lat="58.64918" lon="23.31344">
        <ele>12.8</ele>
      </trkpt>
      <trkpt lat="58.64917" lon="23.31379">
        <ele>12.4</ele>
      </trkpt>
      <trkpt lat="58.64915" lon="23.31416">
        <ele>12.1</ele>
      </trkpt>
      <trkpt lat="58.6491" lon="23.31468">
        <ele>11.6</ele>
      </trkpt>
      <trkpt lat="58.64902" lon="23.315">
        <ele>11.5</ele>
      </trkpt>
      <trkpt lat="58.64899" lon="23.31507">
        <ele>11.6</ele>
      </trkpt>
      <trkpt lat="58.64896" lon="23.31513">
        <ele>11.6</ele>
      </trkpt>
      <trkpt lat="58.64885" lon="23.31525">
        <ele>11.8</ele>
      </trkpt>
      <trkpt lat="58.64873" lon="23.31535">
        <ele>12.2</ele>
      </trkpt>
      <trkpt lat="58.64825" lon="23.31604">
        <ele>13.0</ele>
      </trkpt>
      <trkpt lat="58.64817" lon="23.31623">
        <ele>12.9</ele>
      </trkpt>
      <trkpt lat="58.64816" lon="23.31648">
        <ele>12.6</ele>
      </trkpt>
      <trkpt lat="58.64812" lon="23.31673">
        <ele>12.4</ele>
      </trkpt>
      <trkpt lat="58.64795" lon="23.3173">
        <ele>12.2</ele>
      </trkpt>
      <trkpt lat="58.64793" lon="23.31761">
        <ele>11.8</ele>
      </trkpt>
      <trkpt lat="58.64793" lon="23.31768">
        <ele>11.6</ele>
      </trkpt>
      <trkpt lat="58.64784" lon="23.31796">
        <ele>11.4</ele>
      </trkpt>
      <trkpt lat="58.64776" lon="23.3182">
        <ele>11.3</ele>
      </trkpt>
      <trkpt lat="58.64759" lon="23.31892">
        <ele>11.7</ele>
      </trkpt>
      <trkpt lat="58.64751" lon="23.31919">
        <ele>12.0</ele>
      </trkpt>
      <trkpt lat="58.64747" lon="23.31944">
        <ele>12.1</ele>
      </trkpt>
      <trkpt lat="58.6475" lon="23.31958">
        <ele>12.0</ele>
      </trkpt>
      <trkpt lat="58.64751" lon="23.31968">
        <ele>12.0</ele>
      </trkpt>
      <trkpt lat="58.64761" lon="23.32006">
        <ele>11.5</ele>
      </trkpt>
      <trkpt lat="58.64783" lon="23.32069">
        <ele>10.3</ele>
      </trkpt>
      <trkpt lat="58.648" lon="23.32125">
        <ele>9.9</ele>
      </trkpt>
      <trkpt lat="58.6482" lon="23.32167">
        <ele>10.0</ele>
      </trkpt>
      <trkpt lat="58.64828" lon="23.32215">
        <ele>10.0</ele>
      </trkpt>
      <trkpt lat="58.64835" lon="23.32269">
        <ele>10.0</ele>
      </trkpt>
      <trkpt lat="58.64833" lon="23.32323">
        <ele>10.0</ele>
      </trkpt>
      <trkpt lat="58.64837" lon="23.32364">
        <ele>9.9</ele>
      </trkpt>
      <trkpt lat="58.64834" lon="23.32446">
        <ele>10.0</ele>
      </trkpt>
      <trkpt lat="58.64833" lon="23.32462">
        <ele>10.0</ele>
      </trkpt>
      <trkpt lat="58.6483" lon="23.32482">
        <ele>10.0</ele>
      </trkpt>
      <trkpt lat="58.64809" lon="23.32571">
        <ele>10.0</ele>
      </trkpt>
      <trkpt lat="58.64794" lon="23.32656">
        <ele>9.1</ele>
      </trkpt>
      <trkpt lat="58.64787" lon="23.32727">
        <ele>9.0</ele>
      </trkpt>
      <trkpt lat="58.64787" lon="23.32758">
        <ele>9.0</ele>
      </trkpt>
      <trkpt lat="58.64767" lon="23.32897">
        <ele>9.0</ele>
      </trkpt>
      <trkpt lat="58.64755" lon="23.32948">
        <ele>9.3</ele>
      </trkpt>
      <trkpt lat="58.64749" lon="23.32985">
        <ele>9.8</ele>
      </trkpt>
      <trkpt lat="58.64748" lon="23.33032">
        <ele>10.0</ele>
      </trkpt>
      <trkpt lat="58.64747" lon="23.3306">
        <ele>10.0</ele>
      </trkpt>
      <trkpt lat="58.64737" lon="23.33107">
        <ele>10.0</ele>
      </trkpt>
      <trkpt lat="58.6472" lon="23.33166">
        <ele>10.4</ele>
      </trkpt>
      <trkpt lat="58.64705" lon="23.33206">
        <ele>10.5</ele>
      </trkpt>
      <trkpt lat="58.64695" lon="23.33246">
        <ele>10.7</ele>
      </trkpt>
      <trkpt lat="58.64681" lon="23.33282">
        <ele>10.8</ele>
      </trkpt>
      <trkpt lat="58.64664" lon="23.33312">
        <ele>11.0</ele>
      </trkpt>
      <trkpt lat="58.64638" lon="23.3337">
        <ele>11.3</ele>
      </trkpt>
      <trkpt lat="58.64607" lon="23.33429">
        <ele>11.7</ele>
      </trkpt>
      <trkpt lat="58.64593" lon="23.33453">
        <ele>11.9</ele>
      </trkpt>
      <trkpt lat="58.64592" lon="23.33484">
        <ele>11.9</ele>
      </trkpt>
      <trkpt lat="58.64592" lon="23.33534">
        <ele>11.9</ele>
      </trkpt>
      <trkpt lat="58.6459" lon="23.33561">
        <ele>11.9</ele>
      </trkpt>
      <trkpt lat="58.64586" lon="23.33588">
        <ele>11.9</ele>
      </trkpt>
      <trkpt lat="58.64586" lon="23.33588">
        <ele>11.9</ele>
      </trkpt>
      <trkpt lat="58.64586" lon="23.33588">
        <ele>11.9</ele>
      </trkpt>
      <trkpt lat="58.64576" lon="23.33628">
        <ele>11.6</ele>
      </trkpt>
      <trkpt lat="58.64569" lon="23.33653">
        <ele>11.5</ele>
      </trkpt>
      <trkpt lat="58.64564" lon="23.33675">
        <ele>11.5</ele>
      </trkpt>
      <trkpt lat="58.6456" lon="23.33699">
        <ele>11.6</ele>
      </trkpt>
      <trkpt lat="58.64558" lon="23.33718">
        <ele>11.6</ele>
      </trkpt>
      <trkpt lat="58.64559" lon="23.33734">
        <ele>11.6</ele>
      </trkpt>
      <trkpt lat="58.64562" lon="23.33748">
        <ele>11.5</ele>
      </trkpt>
      <trkpt lat="58.64567" lon="23.3376">
        <ele>11.4</ele>
      </trkpt>
      <trkpt lat="58.64572" lon="23.33772">
        <ele>11.3</ele>
      </trkpt>
      <trkpt lat="58.64575" lon="23.33785">
        <ele>11.2</ele>
      </trkpt>
      <trkpt lat="58.64577" lon="23.33801">
        <ele>11.2</ele>
      </trkpt>
      <trkpt lat="58.64581" lon="23.33858">
        <ele>11.4</ele>
      </trkpt>
      <trkpt lat="58.64582" lon="23.33889">
        <ele>11.7</ele>
      </trkpt>
      <trkpt lat="58.64577" lon="23.34031">
        <ele>13.2</ele>
      </trkpt>
      <trkpt lat="58.64574" lon="23.34049">
        <ele>13.2</ele>
      </trkpt>
      <trkpt lat="58.6457" lon="23.3407">
        <ele>13.3</ele>
      </trkpt>
      <trkpt lat="58.64568" lon="23.34087">
        <ele>13.3</ele>
      </trkpt>
      <trkpt lat="58.64565" lon="23.3417">
        <ele>12.4</ele>
      </trkpt>
      <trkpt lat="58.64561" lon="23.34216">
        <ele>12.5</ele>
      </trkpt>
      <trkpt lat="58.64561" lon="23.34386">
        <ele>12.3</ele>
      </trkpt>
      <trkpt lat="58.64566" lon="23.34438">
        <ele>12.0</ele>
      </trkpt>
      <trkpt lat="58.64573" lon="23.34534">
        <ele>10.7</ele>
      </trkpt>
      <trkpt lat="58.64573" lon="23.34596">
        <ele>10.0</ele>
      </trkpt>
      <trkpt lat="58.64574" lon="23.34659">
        <ele>9.2</ele>
      </trkpt>
      <trkpt lat="58.64577" lon="23.3468">
        <ele>8.9</ele>
      </trkpt>
      <trkpt lat="58.64593" lon="23.34748">
        <ele>7.7</ele>
      </trkpt>
      <trkpt lat="58.64597" lon="23.34769">
        <ele>7.1</ele>
      </trkpt>
      <trkpt lat="58.64599" lon="23.34787">
        <ele>6.6</ele>
      </trkpt>
      <trkpt lat="58.64596" lon="23.3481">
        <ele>6.2</ele>
      </trkpt>
      <trkpt lat="58.64587" lon="23.34861">
        <ele>5.6</ele>
      </trkpt>
      <trkpt lat="58.64579" lon="23.34894">
        <ele>5.3</ele>
      </trkpt>
      <trkpt lat="58.6457" lon="23.34924">
        <ele>5.0</ele>
      </trkpt>
      <trkpt lat="58.6455" lon="23.34971">
        <ele>4.4</ele>
      </trkpt>
      <trkpt lat="58.64546" lon="23.3499">
        <ele>4.1</ele>
      </trkpt>
      <trkpt lat="58.64544" lon="23.35008">
        <ele>3.8</ele>
      </trkpt>
      <trkpt lat="58.64541" lon="23.35022">
        <ele>3.8</ele>
      </trkpt>
      <trkpt lat="58.64535" lon="23.35034">
        <ele>3.8</ele>
      </trkpt>
      <trkpt lat="58.64523" lon="23.35048">
        <ele>3.9</ele>
      </trkpt>
      <trkpt lat="58.64515" lon="23.35052">
        <ele>4.0</ele>
      </trkpt>
      <trkpt lat="58.64506" lon="23.35058">
        <ele>4.2</ele>
      </trkpt>
      <trkpt lat="58.64465" lon="23.351">
        <ele>5.8</ele>
      </trkpt>
      <trkpt lat="58.64424" lon="23.35143">
        <ele>7.2</ele>
      </trkpt>
      <trkpt lat="58.64401" lon="23.35163">
        <ele>8.0</ele>
      </trkpt>
      <trkpt lat="58.64394" lon="23.35171">
        <ele>8.3</ele>
      </trkpt>
      <trkpt lat="58.64376" lon="23.35211">
        <ele>8.4</ele>
      </trkpt>
      <trkpt lat="58.64369" lon="23.35224">
        <ele>8.4</ele>
      </trkpt>
      <trkpt lat="58.6436" lon="23.35231">
        <ele>8.6</ele>
      </trkpt>
      <trkpt lat="58.64352" lon="23.35235">
        <ele>8.8</ele>
      </trkpt>
      <trkpt lat="58.64346" lon="23.35245">
        <ele>8.7</ele>
      </trkpt>
      <trkpt lat="58.64331" lon="23.35282">
        <ele>7.6</ele>
      </trkpt>
      <trkpt lat="58.64313" lon="23.35319">
        <ele>6.6</ele>
      </trkpt>
      <trkpt lat="58.64314" lon="23.35321">
        <ele>6.5</ele>
      </trkpt>
      <trkpt lat="58.6431" lon="23.35327">
        <ele>6.4</ele>
      </trkpt>
      <trkpt lat="58.64262" lon="23.35394">
        <ele>7.1</ele>
      </trkpt>
      <trkpt lat="58.64237" lon="23.3543">
        <ele>7.1</ele>
      </trkpt>
      <trkpt lat="58.64224" lon="23.3545">
        <ele>6.9</ele>
      </trkpt>
      <trkpt lat="58.64223" lon="23.3545">
        <ele>7.0</ele>
      </trkpt>
      <trkpt lat="58.64208" lon="23.35469">
        <ele>6.8</ele>
      </trkpt>
      <trkpt lat="58.64186" lon="23.35497">
        <ele>6.4</ele>
      </trkpt>
      <trkpt lat="58.6418" lon="23.35502">
        <ele>6.5</ele>
      </trkpt>
      <trkpt lat="58.64174" lon="23.35506">
        <ele>6.7</ele>
      </trkpt>
      <trkpt lat="58.64166" lon="23.35508">
        <ele>6.9</ele>
      </trkpt>
      <trkpt lat="58.64143" lon="23.3551">
        <ele>8.2</ele>
      </trkpt>
      <trkpt lat="58.64127" lon="23.3551">
        <ele>9.1</ele>
      </trkpt>
      <trkpt lat="58.64125" lon="23.3551">
        <ele>9.3</ele>
      </trkpt>
      <trkpt lat="58.64123" lon="23.35511">
        <ele>9.3</ele>
      </trkpt>
      <trkpt lat="58.64121" lon="23.35512">
        <ele>9.4</ele>
      </trkpt>
      <trkpt lat="58.64118" lon="23.35515">
        <ele>9.5</ele>
      </trkpt>
      <trkpt lat="58.6411" lon="23.35532">
        <ele>9.5</ele>
      </trkpt>
      <trkpt lat="58.64088" lon="23.35577">
        <ele>9.1</ele>
      </trkpt>
      <trkpt lat="58.64026" lon="23.35663">
        <ele>10.2</ele>
      </trkpt>
      <trkpt lat="58.64008" lon="23.35689">
        <ele>10.7</ele>
      </trkpt>
      <trkpt lat="58.64001" lon="23.35695">
        <ele>10.9</ele>
      </trkpt>
      <trkpt lat="58.63994" lon="23.35701">
        <ele>11.1</ele>
      </trkpt>
      <trkpt lat="58.63981" lon="23.3571">
        <ele>11.4</ele>
      </trkpt>
      <trkpt lat="58.63979" lon="23.35712">
        <ele>11.4</ele>
      </trkpt>
      <trkpt lat="58.63971" lon="23.3572">
        <ele>11.5</ele>
      </trkpt>
      <trkpt lat="58.63955" lon="23.35741">
        <ele>11.5</ele>
      </trkpt>
      <trkpt lat="58.63949" lon="23.35749">
        <ele>11.5</ele>
      </trkpt>
      <trkpt lat="58.63935" lon="23.35771">
        <ele>11.4</ele>
      </trkpt>
      <trkpt lat="58.63931" lon="23.35778">
        <ele>11.3</ele>
      </trkpt>
      <trkpt lat="58.63925" lon="23.35787">
        <ele>11.3</ele>
      </trkpt>
      <trkpt lat="58.63918" lon="23.35799">
        <ele>11.2</ele>
      </trkpt>
      <trkpt lat="58.63912" lon="23.35808">
        <ele>10.9</ele>
      </trkpt>
      <trkpt lat="58.63908" lon="23.35816">
        <ele>10.6</ele>
      </trkpt>
      <trkpt lat="58.63882" lon="23.35857">
        <ele>9.1</ele>
      </trkpt>
      <trkpt lat="58.63851" lon="23.35901">
        <ele>7.6</ele>
      </trkpt>
      <trkpt lat="58.63837" lon="23.35922">
        <ele>6.8</ele>
      </trkpt>
      <trkpt lat="58.63829" lon="23.35934">
        <ele>6.5</ele>
      </trkpt>
      <trkpt lat="58.63821" lon="23.35939">
        <ele>6.7</ele>
      </trkpt>
      <trkpt lat="58.63796" lon="23.35956">
        <ele>7.1</ele>
      </trkpt>
      <trkpt lat="58.63742" lon="23.36018">
        <ele>7.7</ele>
      </trkpt>
      <trkpt lat="58.63741" lon="23.36019">
        <ele>7.7</ele>
      </trkpt>
      <trkpt lat="58.63728" lon="23.36036">
        <ele>7.4</ele>
      </trkpt>
      <trkpt lat="58.63727" lon="23.36038">
        <ele>7.4</ele>
      </trkpt>
      <trkpt lat="58.63686" lon="23.36094">
        <ele>6.4</ele>
      </trkpt>
      <trkpt lat="58.63676" lon="23.36105">
        <ele>6.1</ele>
      </trkpt>
      <trkpt lat="58.63667" lon="23.36114">
        <ele>5.9</ele>
      </trkpt>
      <trkpt lat="58.63665" lon="23.36116">
        <ele>5.8</ele>
      </trkpt>
      <trkpt lat="58.63653" lon="23.36121">
        <ele>5.8</ele>
      </trkpt>
      <trkpt lat="58.63645" lon="23.36123">
        <ele>5.8</ele>
      </trkpt>
      <trkpt lat="58.63634" lon="23.36123">
        <ele>6.0</ele>
      </trkpt>
      <trkpt lat="58.63632" lon="23.36123">
        <ele>6.0</ele>
      </trkpt>
      <trkpt lat="58.63614" lon="23.36122">
        <ele>6.2</ele>
      </trkpt>
      <trkpt lat="58.63551" lon="23.36121">
        <ele>6.5</ele>
      </trkpt>
      <trkpt lat="58.63534" lon="23.36125">
        <ele>6.2</ele>
      </trkpt>
      <trkpt lat="58.63521" lon="23.36129">
        <ele>5.9</ele>
      </trkpt>
      <trkpt lat="58.6351" lon="23.36136">
        <ele>5.5</ele>
      </trkpt>
      <trkpt lat="58.63496" lon="23.36145">
        <ele>5.1</ele>
      </trkpt>
      <trkpt lat="58.63482" lon="23.3615">
        <ele>5.1</ele>
      </trkpt>
      <trkpt lat="58.63473" lon="23.36153">
        <ele>5.2</ele>
      </trkpt>
      <trkpt lat="58.63457" lon="23.36148">
        <ele>5.7</ele>
      </trkpt>
      <trkpt lat="58.63444" lon="23.36146">
        <ele>6.0</ele>
      </trkpt>
      <trkpt lat="58.63435" lon="23.36145">
        <ele>6.2</ele>
      </trkpt>
      <trkpt lat="58.63423" lon="23.36144">
        <ele>6.4</ele>
      </trkpt>
      <trkpt lat="58.63411" lon="23.36149">
        <ele>6.5</ele>
      </trkpt>
      <trkpt lat="58.63401" lon="23.36156">
        <ele>6.4</ele>
      </trkpt>
      <trkpt lat="58.633466" lon="23.361968">
        <ele>5.6</ele>
      </trkpt>
      <trkpt lat="58.63342" lon="23.36197">
        <ele>5.7</ele>
      </trkpt>
      <trkpt lat="58.63308" lon="23.36195">
        <ele>6.4</ele>
      </trkpt>
      <trkpt lat="58.63278" lon="23.36188">
        <ele>7.1</ele>
      </trkpt>
      <trkpt lat="58.6326" lon="23.36177">
        <ele>7.6</ele>
      </trkpt>
      <trkpt lat="58.63252" lon="23.36176">
        <ele>7.7</ele>
      </trkpt>
      <trkpt lat="58.63239" lon="23.36173">
        <ele>7.8</ele>
      </trkpt>
      <trkpt lat="58.63224" lon="23.36168">
        <ele>8.0</ele>
      </trkpt>
      <trkpt lat="58.63208" lon="23.36166">
        <ele>8.0</ele>
      </trkpt>
      <trkpt lat="58.63199" lon="23.36162">
        <ele>8.1</ele>
      </trkpt>
      <trkpt lat="58.631997" lon="23.36166">
        <ele>8.0</ele>
      </trkpt>
      <trkpt lat="58.63196" lon="23.3616">
        <ele>8.1</ele>
      </trkpt>
      <trkpt lat="58.63187" lon="23.36146">
        <ele>8.2</ele>
      </trkpt>
      <trkpt lat="58.63181" lon="23.36136">
        <ele>8.4</ele>
      </trkpt>
      <trkpt lat="58.63175" lon="23.36121">
        <ele>8.5</ele>
      </trkpt>
      <trkpt lat="58.63135" lon="23.36025">
        <ele>9.0</ele>
      </trkpt>
      <trkpt lat="58.6313" lon="23.36004">
        <ele>9.0</ele>
      </trkpt>
      <trkpt lat="58.63127" lon="23.35987">
        <ele>9.2</ele>
      </trkpt>
      <trkpt lat="58.63127" lon="23.35967">
        <ele>9.4</ele>
      </trkpt>
      <trkpt lat="58.63129" lon="23.35899">
        <ele>10.1</ele>
      </trkpt>
      <trkpt lat="58.63131" lon="23.35853">
        <ele>10.4</ele>
      </trkpt>
      <trkpt lat="58.6313" lon="23.3584">
        <ele>10.5</ele>
      </trkpt>
      <trkpt lat="58.63129" lon="23.35831">
        <ele>10.6</ele>
      </trkpt>
      <trkpt lat="58.63126" lon="23.35824">
        <ele>10.7</ele>
      </trkpt>
      <trkpt lat="58.63118" lon="23.35813">
        <ele>10.8</ele>
      </trkpt>
      <trkpt lat="58.63083" lon="23.35782">
        <ele>10.6</ele>
      </trkpt>
      <trkpt lat="58.63028" lon="23.35689">
        <ele>11.1</ele>
      </trkpt>
      <trkpt lat="58.63015" lon="23.35666">
        <ele>11.2</ele>
      </trkpt>
      <trkpt lat="58.63002" lon="23.35644">
        <ele>11.3</ele>
      </trkpt>
      <trkpt lat="58.62991" lon="23.35622">
        <ele>11.6</ele>
      </trkpt>
      <trkpt lat="58.62956" lon="23.35582">
        <ele>12.5</ele>
      </trkpt>
      <trkpt lat="58.62947" lon="23.35574">
        <ele>12.7</ele>
      </trkpt>
      <trkpt lat="58.62941" lon="23.35572">
        <ele>12.8</ele>
      </trkpt>
      <trkpt lat="58.62939" lon="23.35572">
        <ele>12.9</ele>
      </trkpt>
      <trkpt lat="58.62932" lon="23.35573">
        <ele>12.9</ele>
      </trkpt>
      <trkpt lat="58.62923" lon="23.35579">
        <ele>13.0</ele>
      </trkpt>
      <trkpt lat="58.62923" lon="23.3558">
        <ele>13.0</ele>
      </trkpt>
      <trkpt lat="58.62918" lon="23.35585">
        <ele>12.9</ele>
      </trkpt>
      <trkpt lat="58.62903" lon="23.35612">
        <ele>12.3</ele>
      </trkpt>
      <trkpt lat="58.629" lon="23.35615">
        <ele>12.2</ele>
      </trkpt>
      <trkpt lat="58.628982" lon="23.356162">
        <ele>12.2</ele>
      </trkpt>
      <trkpt lat="58.628554" lon="23.35633">
        <ele>11.8</ele>
      </trkpt>
      <trkpt lat="58.628389" lon="23.355363">
        <ele>13.6</ele>
      </trkpt>
      <trkpt lat="58.62837" lon="23.35514">
        <ele>13.8</ele>
      </trkpt>
      <trkpt lat="58.62836" lon="23.35495">
        <ele>13.9</ele>
      </trkpt>
      <trkpt lat="58.62836" lon="23.35453">
        <ele>13.4</ele>
      </trkpt>
      <trkpt lat="58.62829" lon="23.3536">
        <ele>12.2</ele>
      </trkpt>
      <trkpt lat="58.6281" lon="23.3527">
        <ele>11.2</ele>
      </trkpt>
      <trkpt lat="58.62808" lon="23.3526">
        <ele>11.1</ele>
      </trkpt>
      <trkpt lat="58.62797" lon="23.3521">
        <ele>10.7</ele>
      </trkpt>
      <trkpt lat="58.627956" lon="23.352031">
        <ele>10.6</ele>
      </trkpt>
      <trkpt lat="58.62797" lon="23.35201">
        <ele>10.7</ele>
      </trkpt>
      <trkpt lat="58.62787" lon="23.35167">
        <ele>10.3</ele>
      </trkpt>
      <trkpt lat="58.62783" lon="23.35124">
        <ele>10.5</ele>
      </trkpt>
      <trkpt lat="58.6278" lon="23.35114">
        <ele>10.5</ele>
      </trkpt>
      <trkpt lat="58.62776" lon="23.35064">
        <ele>10.8</ele>
      </trkpt>
      <trkpt lat="58.62775" lon="23.35028">
        <ele>11.1</ele>
      </trkpt>
      <trkpt lat="58.62777" lon="23.34998">
        <ele>11.3</ele>
      </trkpt>
      <trkpt lat="58.62774" lon="23.34946">
        <ele>10.8</ele>
      </trkpt>
      <trkpt lat="58.62774" lon="23.34924">
        <ele>10.6</ele>
      </trkpt>
      <trkpt lat="58.62794" lon="23.34827">
        <ele>11.0</ele>
      </trkpt>
      <trkpt lat="58.62814" lon="23.3473">
        <ele>11.3</ele>
      </trkpt>
      <trkpt lat="58.62835" lon="23.34658">
        <ele>11.9</ele>
      </trkpt>
      <trkpt lat="58.62846" lon="23.34623">
        <ele>11.6</ele>
      </trkpt>
      <trkpt lat="58.62851" lon="23.3459">
        <ele>11.3</ele>
      </trkpt>
      <trkpt lat="58.62855" lon="23.34554">
        <ele>11.0</ele>
      </trkpt>
      <trkpt lat="58.62862" lon="23.34518">
        <ele>10.8</ele>
      </trkpt>
      <trkpt lat="58.62872" lon="23.34474">
        <ele>10.6</ele>
      </trkpt>
      <trkpt lat="58.62877" lon="23.34437">
        <ele>10.3</ele>
      </trkpt>
      <trkpt lat="58.62877" lon="23.34437">
        <ele>10.3</ele>
      </trkpt>
      <trkpt lat="58.62892" lon="23.34327">
        <ele>10.4</ele>
      </trkpt>
      <trkpt lat="58.62894" lon="23.34294">
        <ele>10.5</ele>
      </trkpt>
      <trkpt lat="58.62877" lon="23.3432">
        <ele>10.0</ele>
      </trkpt>
      <trkpt lat="58.62811" lon="23.34404">
        <ele>9.0</ele>
      </trkpt>
      <trkpt lat="58.628" lon="23.34421">
        <ele>9.0</ele>
      </trkpt>
      <trkpt lat="58.62771" lon="23.34481">
        <ele>9.2</ele>
      </trkpt>
      <trkpt lat="58.62735" lon="23.34535">
        <ele>9.5</ele>
      </trkpt>
      <trkpt lat="58.62724" lon="23.34556">
        <ele>9.7</ele>
      </trkpt>
      <trkpt lat="58.62692" lon="23.34646">
        <ele>9.9</ele>
      </trkpt>
      <trkpt lat="58.62677" lon="23.34682">
        <ele>9.9</ele>
      </trkpt>
      <trkpt lat="58.62648" lon="23.34736">
        <ele>9.3</ele>
      </trkpt>
      <trkpt lat="58.62641" lon="23.34728">
        <ele>9.1</ele>
      </trkpt>
      <trkpt lat="58.62638" lon="23.34706">
        <ele>9.0</ele>
      </trkpt>
      <trkpt lat="58.62634" lon="23.34666">
        <ele>8.8</ele>
      </trkpt>
      <trkpt lat="58.626336" lon="23.346662">
        <ele>8.8</ele>
      </trkpt>
      <trkpt lat="58.6263" lon="23.34627">
        <ele>8.9</ele>
      </trkpt>
      <trkpt lat="58.62627" lon="23.34593">
        <ele>9.0</ele>
      </trkpt>
      <trkpt lat="58.62627" lon="23.34574">
        <ele>9.2</ele>
      </trkpt>
      <trkpt lat="58.62627" lon="23.3456">
        <ele>9.2</ele>
      </trkpt>
      <trkpt lat="58.62626" lon="23.34543">
        <ele>9.3</ele>
      </trkpt>
      <trkpt lat="58.62627" lon="23.34539">
        <ele>9.4</ele>
      </trkpt>
      <trkpt lat="58.6263" lon="23.34505">
        <ele>9.8</ele>
      </trkpt>
      <trkpt lat="58.62632" lon="23.34477">
        <ele>9.9</ele>
      </trkpt>
      <trkpt lat="58.62635" lon="23.34437">
        <ele>9.9</ele>
      </trkpt>
      <trkpt lat="58.62633" lon="23.34395">
        <ele>9.6</ele>
      </trkpt>
      <trkpt lat="58.62626" lon="23.34335">
        <ele>9.0</ele>
      </trkpt>
      <trkpt lat="58.62625" lon="23.34327">
        <ele>9.0</ele>
      </trkpt>
      <trkpt lat="58.62622" lon="23.34304">
        <ele>9.1</ele>
      </trkpt>
      <trkpt lat="58.62621" lon="23.34301">
        <ele>9.1</ele>
      </trkpt>
      <trkpt lat="58.62618" lon="23.34287">
        <ele>9.2</ele>
      </trkpt>
      <trkpt lat="58.62612" lon="23.34263">
        <ele>9.2</ele>
      </trkpt>
      <trkpt lat="58.62581" lon="23.34183">
        <ele>9.8</ele>
      </trkpt>
      <trkpt lat="58.62535" lon="23.34039">
        <ele>11.0</ele>
      </trkpt>
      <trkpt lat="58.62531" lon="23.34027">
        <ele>11.0</ele>
      </trkpt>
      <trkpt lat="58.62516" lon="23.33981">
        <ele>10.8</ele>
      </trkpt>
      <trkpt lat="58.62506" lon="23.33952">
        <ele>10.5</ele>
      </trkpt>
      <trkpt lat="58.62496" lon="23.33923">
        <ele>10.1</ele>
      </trkpt>
      <trkpt lat="58.62476" lon="23.33865">
        <ele>9.8</ele>
      </trkpt>
      <trkpt lat="58.62434" lon="23.33741">
        <ele>7.3</ele>
      </trkpt>
      <trkpt lat="58.62411" lon="23.33659">
        <ele>6.2</ele>
      </trkpt>
      <trkpt lat="58.62408" lon="23.33649">
        <ele>6.4</ele>
      </trkpt>
      <trkpt lat="58.62404" lon="23.33627">
        <ele>6.8</ele>
      </trkpt>
      <trkpt lat="58.62398" lon="23.33594">
        <ele>7.3</ele>
      </trkpt>
      <trkpt lat="58.62394" lon="23.33568">
        <ele>7.7</ele>
      </trkpt>
      <trkpt lat="58.62385" lon="23.3347">
        <ele>8.6</ele>
      </trkpt>
      <trkpt lat="58.62372" lon="23.33323">
        <ele>9.5</ele>
      </trkpt>
      <trkpt lat="58.62366" lon="23.33255">
        <ele>9.6</ele>
      </trkpt>
      <trkpt lat="58.62357" lon="23.33153">
        <ele>9.7</ele>
      </trkpt>
      <trkpt lat="58.62353" lon="23.331">
        <ele>9.6</ele>
      </trkpt>
      <trkpt lat="58.62338" lon="23.32949">
        <ele>9.3</ele>
      </trkpt>
      <trkpt lat="58.62334" lon="23.32915">
        <ele>9.0</ele>
      </trkpt>
      <trkpt lat="58.62325" lon="23.32818">
        <ele>8.9</ele>
      </trkpt>
      <trkpt lat="58.62324" lon="23.32815">
        <ele>8.9</ele>
      </trkpt>
      <trkpt lat="58.62322" lon="23.32805">
        <ele>8.8</ele>
      </trkpt>
      <trkpt lat="58.62322" lon="23.32801">
        <ele>8.7</ele>
      </trkpt>
      <trkpt lat="58.62317" lon="23.32781">
        <ele>8.6</ele>
      </trkpt>
      <trkpt lat="58.62316" lon="23.32774">
        <ele>8.5</ele>
      </trkpt>
      <trkpt lat="58.6231" lon="23.32754">
        <ele>8.3</ele>
      </trkpt>
      <trkpt lat="58.62273" lon="23.32648">
        <ele>8.3</ele>
      </trkpt>
      <trkpt lat="58.62272" lon="23.3264">
        <ele>8.3</ele>
      </trkpt>
      <trkpt lat="58.62271" lon="23.32638">
        <ele>8.3</ele>
      </trkpt>
      <trkpt lat="58.62271" lon="23.32634">
        <ele>8.3</ele>
      </trkpt>
      <trkpt lat="58.62272" lon="23.326">
        <ele>8.1</ele>
      </trkpt>
      <trkpt lat="58.62274" lon="23.32576">
        <ele>8.0</ele>
      </trkpt>
      <trkpt lat="58.62274" lon="23.32553">
        <ele>8.0</ele>
      </trkpt>
      <trkpt lat="58.62274" lon="23.32541">
        <ele>8.0</ele>
      </trkpt>
      <trkpt lat="58.62273" lon="23.32525">
        <ele>8.0</ele>
      </trkpt>
      <trkpt lat="58.62272" lon="23.32517">
        <ele>8.0</ele>
      </trkpt>
      <trkpt lat="58.62255" lon="23.32409">
        <ele>8.9</ele>
      </trkpt>
      <trkpt lat="58.62251" lon="23.32387">
        <ele>9.0</ele>
      </trkpt>
      <trkpt lat="58.62231" lon="23.32304">
        <ele>9.1</ele>
      </trkpt>
      <trkpt lat="58.62212" lon="23.32217">
        <ele>9.6</ele>
      </trkpt>
      <trkpt lat="58.62205" lon="23.32171">
        <ele>10.1</ele>
      </trkpt>
      <trkpt lat="58.62202" lon="23.32155">
        <ele>10.3</ele>
      </trkpt>
      <trkpt lat="58.622" lon="23.32131">
        <ele>10.6</ele>
      </trkpt>
      <trkpt lat="58.62199" lon="23.32104">
        <ele>11.0</ele>
      </trkpt>
      <trkpt lat="58.62198" lon="23.32086">
        <ele>11.2</ele>
      </trkpt>
      <trkpt lat="58.62197" lon="23.32072">
        <ele>11.3</ele>
      </trkpt>
      <trkpt lat="58.62195" lon="23.32061">
        <ele>11.3</ele>
      </trkpt>
      <trkpt lat="58.62191" lon="23.32046">
        <ele>11.4</ele>
      </trkpt>
      <trkpt lat="58.62187" lon="23.3204">
        <ele>11.5</ele>
      </trkpt>
      <trkpt lat="58.62185" lon="23.32038">
        <ele>11.6</ele>
      </trkpt>
      <trkpt lat="58.62182" lon="23.32036">
        <ele>11.6</ele>
      </trkpt>
      <trkpt lat="58.62177" lon="23.32036">
        <ele>11.8</ele>
      </trkpt>
      <trkpt lat="58.62146" lon="23.32041">
        <ele>11.9</ele>
      </trkpt>
      <trkpt lat="58.62137" lon="23.32044">
        <ele>11.8</ele>
      </trkpt>
      <trkpt lat="58.62127" lon="23.32044">
        <ele>11.7</ele>
      </trkpt>
      <trkpt lat="58.6212" lon="23.32042">
        <ele>11.7</ele>
      </trkpt>
      <trkpt lat="58.62113" lon="23.32038">
        <ele>11.7</ele>
      </trkpt>
      <trkpt lat="58.62096" lon="23.32024">
        <ele>11.8</ele>
      </trkpt>
      <trkpt lat="58.6206" lon="23.32007">
        <ele>11.9</ele>
      </trkpt>
      <trkpt lat="58.62055" lon="23.32005">
        <ele>11.9</ele>
      </trkpt>
      <trkpt lat="58.62037" lon="23.31999">
        <ele>12.0</ele>
      </trkpt>
      <trkpt lat="58.620364" lon="23.319986">
        <ele>12.0</ele>
      </trkpt>
      <trkpt lat="58.62036" lon="23.31998">
        <ele>12.0</ele>
      </trkpt>
      <trkpt lat="58.62032" lon="23.31997">
        <ele>12.0</ele>
      </trkpt>
      <trkpt lat="58.61986" lon="23.3199">
        <ele>12.3</ele>
      </trkpt>
      <trkpt lat="58.61974" lon="23.31986">
        <ele>12.5</ele>
      </trkpt>
      <trkpt lat="58.61964" lon="23.31972">
        <ele>12.9</ele>
      </trkpt>
      <trkpt lat="58.61933" lon="23.31871">
        <ele>15.0</ele>
      </trkpt>
      <trkpt lat="58.61901" lon="23.3177">
        <ele>16.8</ele>
      </trkpt>
      <trkpt lat="58.61874" lon="23.31682">
        <ele>17.4</ele>
      </trkpt>
      <trkpt lat="58.61847" lon="23.31593">
        <ele>18.0</ele>
      </trkpt>
      <trkpt lat="58.61821" lon="23.31524">
        <ele>18.2</ele>
      </trkpt>
      <trkpt lat="58.61801" lon="23.3148">
        <ele>18.7</ele>
      </trkpt>
      <trkpt lat="58.61789" lon="23.31449">
        <ele>18.7</ele>
      </trkpt>
      <trkpt lat="58.61785" lon="23.31432">
        <ele>18.6</ele>
      </trkpt>
      <trkpt lat="58.61779" lon="23.3137">
        <ele>18.0</ele>
      </trkpt>
      <trkpt lat="58.61769" lon="23.31308">
        <ele>17.4</ele>
      </trkpt>
      <trkpt lat="58.61767" lon="23.3127">
        <ele>17.3</ele>
      </trkpt>
      <trkpt lat="58.61767" lon="23.31243">
        <ele>17.2</ele>
      </trkpt>
      <trkpt lat="58.61751" lon="23.31232">
        <ele>17.0</ele>
      </trkpt>
      <trkpt lat="58.61721" lon="23.31229">
        <ele>16.7</ele>
      </trkpt>
      <trkpt lat="58.61645" lon="23.31216">
        <ele>15.4</ele>
      </trkpt>
      <trkpt lat="58.61608" lon="23.31176">
        <ele>14.0</ele>
      </trkpt>
      <trkpt lat="58.61565" lon="23.31124">
        <ele>13.1</ele>
      </trkpt>
      <trkpt lat="58.61565" lon="23.31124">
        <ele>13.1</ele>
      </trkpt>
      <trkpt lat="58.61525" lon="23.31075">
        <ele>13.7</ele>
      </trkpt>
      <trkpt lat="58.61489" lon="23.31044">
        <ele>13.9</ele>
      </trkpt>
      <trkpt lat="58.61442" lon="23.30996">
        <ele>13.4</ele>
      </trkpt>
      <trkpt lat="58.61415" lon="23.30962">
        <ele>13.9</ele>
      </trkpt>
      <trkpt lat="58.61387" lon="23.30899">
        <ele>14.4</ele>
      </trkpt>
      <trkpt lat="58.61366" lon="23.30841">
        <ele>14.1</ele>
      </trkpt>
      <trkpt lat="58.61357" lon="23.30836">
        <ele>13.8</ele>
      </trkpt>
      <trkpt lat="58.61345" lon="23.30844">
        <ele>13.4</ele>
      </trkpt>
      <trkpt lat="58.61341" lon="23.30872">
        <ele>13.2</ele>
      </trkpt>
      <trkpt lat="58.61344" lon="23.30964">
        <ele>12.6</ele>
      </trkpt>
      <trkpt lat="58.61347" lon="23.31055">
        <ele>12.2</ele>
      </trkpt>
      <trkpt lat="58.61345" lon="23.31065">
        <ele>12.1</ele>
      </trkpt>
      <trkpt lat="58.61339" lon="23.3108">
        <ele>12.1</ele>
      </trkpt>
      <trkpt lat="58.61314" lon="23.31104">
        <ele>12.1</ele>
      </trkpt>
      <trkpt lat="58.61251" lon="23.31175">
        <ele>13.0</ele>
      </trkpt>
      <trkpt lat="58.61232" lon="23.31206">
        <ele>12.8</ele>
      </trkpt>
      <trkpt lat="58.61193" lon="23.31236">
        <ele>12.3</ele>
      </trkpt>
      <trkpt lat="58.61181" lon="23.31247">
        <ele>12.2</ele>
      </trkpt>
      <trkpt lat="58.61181" lon="23.31247">
        <ele>12.2</ele>
      </trkpt>
      <trkpt lat="58.61181" lon="23.31247">
        <ele>12.2</ele>
      </trkpt>
      <trkpt lat="58.6114" lon="23.31288">
        <ele>11.7</ele>
      </trkpt>
      <trkpt lat="58.61099" lon="23.31329">
        <ele>11.2</ele>
      </trkpt>
      <trkpt lat="58.6108" lon="23.31352">
        <ele>11.0</ele>
      </trkpt>
      <trkpt lat="58.61041" lon="23.31396">
        <ele>11.9</ele>
      </trkpt>
      <trkpt lat="58.61011" lon="23.31432">
        <ele>13.1</ele>
      </trkpt>
      <trkpt lat="58.61004" lon="23.31444">
        <ele>13.5</ele>
      </trkpt>
      <trkpt lat="58.609965" lon="23.31453">
        <ele>13.8</ele>
      </trkpt>
      <trkpt lat="58.60996" lon="23.3145">
        <ele>13.7</ele>
      </trkpt>
      <trkpt lat="58.60995" lon="23.31451">
        <ele>13.7</ele>
      </trkpt>
      <trkpt lat="58.6099" lon="23.31456">
        <ele>13.6</ele>
      </trkpt>
      <trkpt lat="58.60965" lon="23.31482">
        <ele>13.4</ele>
      </trkpt>
      <trkpt lat="58.6095" lon="23.31497">
        <ele>13.2</ele>
      </trkpt>
      <trkpt lat="58.60933" lon="23.31519">
        <ele>13.4</ele>
      </trkpt>
      <trkpt lat="58.60916" lon="23.31539">
        <ele>13.9</ele>
      </trkpt>
      <trkpt lat="58.60913" lon="23.31544">
        <ele>14.0</ele>
      </trkpt>
      <trkpt lat="58.60899" lon="23.31566">
        <ele>14.6</ele>
      </trkpt>
      <trkpt lat="58.60888" lon="23.31594">
        <ele>15.6</ele>
      </trkpt>
      <trkpt lat="58.6088" lon="23.31613">
        <ele>16.3</ele>
      </trkpt>
      <trkpt lat="58.60876" lon="23.31619">
        <ele>16.5</ele>
      </trkpt>
      <trkpt lat="58.60871" lon="23.31625">
        <ele>16.6</ele>
      </trkpt>
      <trkpt lat="58.60866" lon="23.31629">
        <ele>16.6</ele>
      </trkpt>
      <trkpt lat="58.6085" lon="23.31641">
        <ele>16.5</ele>
      </trkpt>
      <trkpt lat="58.6083" lon="23.31655">
        <ele>16.4</ele>
      </trkpt>
      <trkpt lat="58.60824" lon="23.31659">
        <ele>16.5</ele>
      </trkpt>
      <trkpt lat="58.60816" lon="23.31665">
        <ele>16.7</ele>
      </trkpt>
      <trkpt lat="58.6081" lon="23.31669">
        <ele>16.8</ele>
      </trkpt>
      <trkpt lat="58.60789" lon="23.31683">
        <ele>16.9</ele>
      </trkpt>
      <trkpt lat="58.60783" lon="23.31687">
        <ele>16.9</ele>
      </trkpt>
      <trkpt lat="58.60779" lon="23.31688">
        <ele>16.9</ele>
      </trkpt>
      <trkpt lat="58.6078" lon="23.31685">
        <ele>16.8</ele>
      </trkpt>
      <trkpt lat="58.60739" lon="23.31644">
        <ele>15.1</ele>
      </trkpt>
      <trkpt lat="58.60698" lon="23.31593">
        <ele>13.6</ele>
      </trkpt>
      <trkpt lat="58.60658" lon="23.31543">
        <ele>12.9</ele>
      </trkpt>
      <trkpt lat="58.60591" lon="23.31463">
        <ele>13.8</ele>
      </trkpt>
      <trkpt lat="58.6055" lon="23.31418">
        <ele>13.4</ele>
      </trkpt>
      <trkpt lat="58.6051" lon="23.31374">
        <ele>12.9</ele>
      </trkpt>
      <trkpt lat="58.60434" lon="23.3146">
        <ele>12.7</ele>
      </trkpt>
      <trkpt lat="58.60358" lon="23.31546">
        <ele>11.8</ele>
      </trkpt>
      <trkpt lat="58.60307" lon="23.31588">
        <ele>10.7</ele>
      </trkpt>
      <trkpt lat="58.60286" lon="23.31603">
        <ele>10.5</ele>
      </trkpt>
      <trkpt lat="58.60248" lon="23.3163">
        <ele>10.0</ele>
      </trkpt>
      <trkpt lat="58.60188" lon="23.31705">
        <ele>10.0</ele>
      </trkpt>
      <trkpt lat="58.60127" lon="23.3179">
        <ele>11.2</ele>
      </trkpt>
      <trkpt lat="58.60079" lon="23.31854">
        <ele>13.4</ele>
      </trkpt>
      <trkpt lat="58.6009" lon="23.31889">
        <ele>14.1</ele>
      </trkpt>
      <trkpt lat="58.60123" lon="23.32025">
        <ele>14.8</ele>
      </trkpt>
      <trkpt lat="58.60156" lon="23.32162">
        <ele>13.1</ele>
      </trkpt>
      <trkpt lat="58.60196" lon="23.32312">
        <ele>11.4</ele>
      </trkpt>
      <trkpt lat="58.60237" lon="23.32462">
        <ele>10.1</ele>
      </trkpt>
      <trkpt lat="58.60265" lon="23.32566">
        <ele>10.0</ele>
      </trkpt>
      <trkpt lat="58.60292" lon="23.32671">
        <ele>10.0</ele>
      </trkpt>
      <trkpt lat="58.60313" lon="23.32748">
        <ele>10.0</ele>
      </trkpt>
      <trkpt lat="58.60334" lon="23.32824">
        <ele>9.1</ele>
      </trkpt>
      <trkpt lat="58.60342" lon="23.32855">
        <ele>9.0</ele>
      </trkpt>
      <trkpt lat="58.60341" lon="23.32883">
        <ele>9.4</ele>
      </trkpt>
      <trkpt lat="58.60334" lon="23.32963">
        <ele>11.1</ele>
      </trkpt>
      <trkpt lat="58.60322" lon="23.33053">
        <ele>11.2</ele>
      </trkpt>
      <trkpt lat="58.60319" lon="23.33087">
        <ele>10.7</ele>
      </trkpt>
      <trkpt lat="58.60322" lon="23.33116">
        <ele>10.1</ele>
      </trkpt>
      <trkpt lat="58.60344" lon="23.33243">
        <ele>7.8</ele>
      </trkpt>
      <trkpt lat="58.60357" lon="23.33313">
        <ele>6.7</ele>
      </trkpt>
      <trkpt lat="58.60333" lon="23.33346">
        <ele>7.0</ele>
      </trkpt>
      <trkpt lat="58.6031" lon="23.33353">
        <ele>7.0</ele>
      </trkpt>
      <trkpt lat="58.60296" lon="23.33377">
        <ele>7.0</ele>
      </trkpt>
      <trkpt lat="58.60247" lon="23.33516">
        <ele>6.0</ele>
      </trkpt>
      <trkpt lat="58.602" lon="23.33643">
        <ele>6.1</ele>
      </trkpt>
      <trkpt lat="58.60153" lon="23.3377">
        <ele>5.8</ele>
      </trkpt>
      <trkpt lat="58.60106" lon="23.33897">
        <ele>5.5</ele>
      </trkpt>
      <trkpt lat="58.60072" lon="23.33998">
        <ele>5.7</ele>
      </trkpt>
      <trkpt lat="58.60037" lon="23.341">
        <ele>4.4</ele>
      </trkpt>
      <trkpt lat="58.60016" lon="23.34165">
        <ele>4.0</ele>
      </trkpt>
      <trkpt lat="58.60001" lon="23.34186">
        <ele>4.0</ele>
      </trkpt>
      <trkpt lat="58.59984" lon="23.34234">
        <ele>4.2</ele>
      </trkpt>
      <trkpt lat="58.59945" lon="23.34355">
        <ele>4.3</ele>
      </trkpt>
      <trkpt lat="58.59916" lon="23.34426">
        <ele>4.1</ele>
      </trkpt>
      <trkpt lat="58.59916" lon="23.34426">
        <ele>4.1</ele>
      </trkpt>
      <trkpt lat="58.598822" lon="23.34491">
        <ele>4.9</ele>
      </trkpt>
      <trkpt lat="58.598526" lon="23.345971">
        <ele>5.0</ele>
      </trkpt>
      <trkpt lat="58.598526" lon="23.345971">
        <ele>5.0</ele>
      </trkpt>
      <trkpt lat="58.598026" lon="23.34768">
        <ele>4.8</ele>
      </trkpt>
      <trkpt lat="58.598071" lon="23.347719">
        <ele>4.7</ele>
      </trkpt>
      <trkpt lat="58.59813" lon="23.34777">
        <ele>4.7</ele>
      </trkpt>
      <trkpt lat="58.59872" lon="23.3483">
        <ele>4.0</ele>
      </trkpt>
      <trkpt lat="58.59885" lon="23.34842">
        <ele>4.0</ele>
      </trkpt>
      <trkpt lat="58.59896" lon="23.34856">
        <ele>4.0</ele>
      </trkpt>
      <trkpt lat="58.59905" lon="23.34873">
        <ele>4.0</ele>
      </trkpt>
      <trkpt lat="58.59909" lon="23.34882">
        <ele>4.0</ele>
      </trkpt>
      <trkpt lat="58.59912" lon="23.34893">
        <ele>4.0</ele>
      </trkpt>
      <trkpt lat="58.59914" lon="23.34907">
        <ele>4.0</ele>
      </trkpt>
      <trkpt lat="58.59915" lon="23.34921">
        <ele>4.0</ele>
      </trkpt>
      <trkpt lat="58.59913" lon="23.3495">
        <ele>4.0</ele>
      </trkpt>
      <trkpt lat="58.59906" lon="23.34998">
        <ele>4.0</ele>
      </trkpt>
      <trkpt lat="58.59903" lon="23.35019">
        <ele>4.0</ele>
      </trkpt>
      <trkpt lat="58.59895" lon="23.35059">
        <ele>4.0</ele>
      </trkpt>
      <trkpt lat="58.5989" lon="23.35088">
        <ele>4.0</ele>
      </trkpt>
      <trkpt lat="58.59881" lon="23.35127">
        <ele>3.7</ele>
      </trkpt>
      <trkpt lat="58.59877" lon="23.35144">
        <ele>3.6</ele>
      </trkpt>
      <trkpt lat="58.59875" lon="23.35149">
        <ele>3.6</ele>
      </trkpt>
      <trkpt lat="58.59874" lon="23.35159">
        <ele>3.6</ele>
      </trkpt>
      <trkpt lat="58.59874" lon="23.35171">
        <ele>3.5</ele>
      </trkpt>
      <trkpt lat="58.59875" lon="23.35195">
        <ele>3.5</ele>
      </trkpt>
      <trkpt lat="58.59876" lon="23.35206">
        <ele>3.5</ele>
      </trkpt>
      <trkpt lat="58.59877" lon="23.35213">
        <ele>3.5</ele>
      </trkpt>
      <trkpt lat="58.59879" lon="23.35236">
        <ele>3.5</ele>
      </trkpt>
      <trkpt lat="58.5988" lon="23.35249">
        <ele>3.4</ele>
      </trkpt>
      <trkpt lat="58.5988" lon="23.35268">
        <ele>3.5</ele>
      </trkpt>
      <trkpt lat="58.5988" lon="23.35321">
        <ele>3.8</ele>
      </trkpt>
      <trkpt lat="58.5988" lon="23.35344">
        <ele>3.9</ele>
      </trkpt>
      <trkpt lat="58.59879" lon="23.35356">
        <ele>3.9</ele>
      </trkpt>
      <trkpt lat="58.59877" lon="23.35374">
        <ele>4.0</ele>
      </trkpt>
      <trkpt lat="58.59868" lon="23.35431">
        <ele>4.2</ele>
      </trkpt>
      <trkpt lat="58.59867" lon="23.35449">
        <ele>4.3</ele>
      </trkpt>
      <trkpt lat="58.59867" lon="23.3546">
        <ele>4.4</ele>
      </trkpt>
      <trkpt lat="58.59869" lon="23.35479">
        <ele>4.5</ele>
      </trkpt>
      <trkpt lat="58.5987" lon="23.35488">
        <ele>4.5</ele>
      </trkpt>
      <trkpt lat="58.59872" lon="23.35497">
        <ele>4.5</ele>
      </trkpt>
      <trkpt lat="58.59872" lon="23.35511">
        <ele>4.5</ele>
      </trkpt>
      <trkpt lat="58.59872" lon="23.35523">
        <ele>4.5</ele>
      </trkpt>
      <trkpt lat="58.5987" lon="23.35537">
        <ele>4.6</ele>
      </trkpt>
      <trkpt lat="58.59867" lon="23.35572">
        <ele>4.6</ele>
      </trkpt>
      <trkpt lat="58.59864" lon="23.35594">
        <ele>4.5</ele>
      </trkpt>
      <trkpt lat="58.59862" lon="23.35602">
        <ele>4.4</ele>
      </trkpt>
      <trkpt lat="58.59859" lon="23.35609">
        <ele>4.4</ele>
      </trkpt>
      <trkpt lat="58.59854" lon="23.35616">
        <ele>4.4</ele>
      </trkpt>
      <trkpt lat="58.5982" lon="23.3566">
        <ele>3.9</ele>
      </trkpt>
      <trkpt lat="58.59817" lon="23.35663">
        <ele>3.8</ele>
      </trkpt>
      <trkpt lat="58.59812" lon="23.35665">
        <ele>3.8</ele>
      </trkpt>
      <trkpt lat="58.59808" lon="23.35665">
        <ele>3.7</ele>
      </trkpt>
      <trkpt lat="58.59773" lon="23.35655">
        <ele>3.4</ele>
      </trkpt>
      <trkpt lat="58.59758" lon="23.35649">
        <ele>3.3</ele>
      </trkpt>
      <trkpt lat="58.59749" lon="23.35645">
        <ele>3.3</ele>
      </trkpt>
      <trkpt lat="58.59713" lon="23.35631">
        <ele>3.9</ele>
      </trkpt>
      <trkpt lat="58.59703" lon="23.35626">
        <ele>4.1</ele>
      </trkpt>
      <trkpt lat="58.59693" lon="23.35621">
        <ele>4.2</ele>
      </trkpt>
      <trkpt lat="58.59687" lon="23.35613">
        <ele>4.4</ele>
      </trkpt>
      <trkpt lat="58.59671" lon="23.35596">
        <ele>4.8</ele>
      </trkpt>
      <trkpt lat="58.5964" lon="23.35561">
        <ele>5.0</ele>
      </trkpt>
      <trkpt lat="58.5963" lon="23.3555">
        <ele>5.0</ele>
      </trkpt>
      <trkpt lat="58.59621" lon="23.35539">
        <ele>5.0</ele>
      </trkpt>
      <trkpt lat="58.59613" lon="23.35528">
        <ele>5.0</ele>
      </trkpt>
      <trkpt lat="58.5961" lon="23.35524">
        <ele>5.0</ele>
      </trkpt>
      <trkpt lat="58.59605" lon="23.35518">
        <ele>5.0</ele>
      </trkpt>
      <trkpt lat="58.59604" lon="23.35517">
        <ele>5.0</ele>
      </trkpt>
      <trkpt lat="58.59595" lon="23.35505">
        <ele>5.0</ele>
      </trkpt>
      <trkpt lat="58.59574" lon="23.35479">
        <ele>5.3</ele>
      </trkpt>
      <trkpt lat="58.59532" lon="23.35437">
        <ele>5.9</ele>
      </trkpt>
      <trkpt lat="58.59525" lon="23.3543">
        <ele>6.0</ele>
      </trkpt>
      <trkpt lat="58.59516" lon="23.35423">
        <ele>6.0</ele>
      </trkpt>
      <trkpt lat="58.59455" lon="23.35371">
        <ele>6.5</ele>
      </trkpt>
      <trkpt lat="58.59438" lon="23.35367">
        <ele>6.7</ele>
      </trkpt>
      <trkpt lat="58.59416" lon="23.35372">
        <ele>7.0</ele>
      </trkpt>
      <trkpt lat="58.59402" lon="23.35375">
        <ele>7.2</ele>
      </trkpt>
      <trkpt lat="58.59391" lon="23.35381">
        <ele>7.3</ele>
      </trkpt>
      <trkpt lat="58.59381" lon="23.35393">
        <ele>7.4</ele>
      </trkpt>
      <trkpt lat="58.59379" lon="23.35398">
        <ele>7.5</ele>
      </trkpt>
      <trkpt lat="58.59373" lon="23.35412">
        <ele>7.5</ele>
      </trkpt>
      <trkpt lat="58.59356" lon="23.35443">
        <ele>7.7</ele>
      </trkpt>
      <trkpt lat="58.59351" lon="23.35452">
        <ele>7.8</ele>
      </trkpt>
      <trkpt lat="58.59311" lon="23.35494">
        <ele>8.3</ele>
      </trkpt>
      <trkpt lat="58.5931" lon="23.35495">
        <ele>8.3</ele>
      </trkpt>
      <trkpt lat="58.59293" lon="23.35506">
        <ele>8.5</ele>
      </trkpt>
      <trkpt lat="58.59281" lon="23.35514">
        <ele>8.6</ele>
      </trkpt>
      <trkpt lat="58.59253" lon="23.35538">
        <ele>9.0</ele>
      </trkpt>
      <trkpt lat="58.5924" lon="23.35552">
        <ele>9.1</ele>
      </trkpt>
      <trkpt lat="58.5924" lon="23.35552">
        <ele>9.1</ele>
      </trkpt>
      <trkpt lat="58.59228" lon="23.35643">
        <ele>8.7</ele>
      </trkpt>
      <trkpt lat="58.59224" lon="23.35664">
        <ele>8.6</ele>
      </trkpt>
      <trkpt lat="58.59197" lon="23.35755">
        <ele>9.3</ele>
      </trkpt>
      <trkpt lat="58.59169" lon="23.3585">
        <ele>9.9</ele>
      </trkpt>
      <trkpt lat="58.59155" lon="23.35893">
        <ele>10.0</ele>
      </trkpt>
      <trkpt lat="58.59149" lon="23.359">
        <ele>10.0</ele>
      </trkpt>
      <trkpt lat="58.59147" lon="23.359">
        <ele>10.0</ele>
      </trkpt>
      <trkpt lat="58.5914" lon="23.35903">
        <ele>10.0</ele>
      </trkpt>
      <trkpt lat="58.59137" lon="23.35902">
        <ele>10.0</ele>
      </trkpt>
      <trkpt lat="58.5913" lon="23.359">
        <ele>10.0</ele>
      </trkpt>
      <trkpt lat="58.59104" lon="23.35874">
        <ele>10.0</ele>
      </trkpt>
      <trkpt lat="58.59082" lon="23.35852">
        <ele>10.0</ele>
      </trkpt>
      <trkpt lat="58.5907" lon="23.35841">
        <ele>10.2</ele>
      </trkpt>
      <trkpt lat="58.59059" lon="23.35831">
        <ele>10.3</ele>
      </trkpt>
      <trkpt lat="58.59047" lon="23.35823">
        <ele>10.6</ele>
      </trkpt>
      <trkpt lat="58.59042" lon="23.3582">
        <ele>10.7</ele>
      </trkpt>
      <trkpt lat="58.59037" lon="23.35816">
        <ele>10.8</ele>
      </trkpt>
      <trkpt lat="58.59034" lon="23.35815">
        <ele>10.8</ele>
      </trkpt>
      <trkpt lat="58.59032" lon="23.35813">
        <ele>10.9</ele>
      </trkpt>
      <trkpt lat="58.59031" lon="23.35813">
        <ele>10.9</ele>
      </trkpt>
      <trkpt lat="58.58963" lon="23.3577">
        <ele>11.8</ele>
      </trkpt>
      <trkpt lat="58.58963" lon="23.3577">
        <ele>11.8</ele>
      </trkpt>
      <trkpt lat="58.58887" lon="23.35702">
        <ele>12.4</ele>
      </trkpt>
      <trkpt lat="58.58805" lon="23.35631">
        <ele>12.3</ele>
      </trkpt>
      <trkpt lat="58.58754" lon="23.35586">
        <ele>13.0</ele>
      </trkpt>
      <trkpt lat="58.58723" lon="23.35559">
        <ele>13.2</ele>
      </trkpt>
      <trkpt lat="58.58666" lon="23.35501">
        <ele>13.0</ele>
      </trkpt>
      <trkpt lat="58.58649" lon="23.35478">
        <ele>12.8</ele>
      </trkpt>
      <trkpt lat="58.58627" lon="23.35449">
        <ele>12.8</ele>
      </trkpt>
      <trkpt lat="58.58627" lon="23.35449">
        <ele>12.8</ele>
      </trkpt>
      <trkpt lat="58.5863" lon="23.35536">
        <ele>12.8</ele>
      </trkpt>
      <trkpt lat="58.58646" lon="23.35652">
        <ele>14.1</ele>
      </trkpt>
      <trkpt lat="58.5865" lon="23.35684">
        <ele>14.2</ele>
      </trkpt>
      <trkpt lat="58.5865" lon="23.35686">
        <ele>14.2</ele>
      </trkpt>
      <trkpt lat="58.58674" lon="23.35826">
        <ele>13.1</ele>
      </trkpt>
      <trkpt lat="58.58679" lon="23.35849">
        <ele>13.2</ele>
      </trkpt>
      <trkpt lat="58.58681" lon="23.35857">
        <ele>13.3</ele>
      </trkpt>
      <trkpt lat="58.58682" lon="23.35861">
        <ele>13.3</ele>
      </trkpt>
      <trkpt lat="58.58688" lon="23.35879">
        <ele>13.5</ele>
      </trkpt>
      <trkpt lat="58.58699" lon="23.35917">
        <ele>14.0</ele>
      </trkpt>
      <trkpt lat="58.58701" lon="23.35933">
        <ele>14.3</ele>
      </trkpt>
      <trkpt lat="58.58702" lon="23.35947">
        <ele>14.5</ele>
      </trkpt>
      <trkpt lat="58.58704" lon="23.35973">
        <ele>15.0</ele>
      </trkpt>
      <trkpt lat="58.58704" lon="23.35976">
        <ele>15.0</ele>
      </trkpt>
      <trkpt lat="58.58705" lon="23.36002">
        <ele>15.5</ele>
      </trkpt>
      <trkpt lat="58.58704" lon="23.36027">
        <ele>15.8</ele>
      </trkpt>
      <trkpt lat="58.58701" lon="23.36044">
        <ele>15.9</ele>
      </trkpt>
      <trkpt lat="58.58698" lon="23.36057">
        <ele>16.1</ele>
      </trkpt>
      <trkpt lat="58.58662" lon="23.36114">
        <ele>16.4</ele>
      </trkpt>
      <trkpt lat="58.5862" lon="23.3618">
        <ele>17.6</ele>
      </trkpt>
      <trkpt lat="58.58596" lon="23.36218">
        <ele>17.9</ele>
      </trkpt>
      <trkpt lat="58.58593" lon="23.36224">
        <ele>18.0</ele>
      </trkpt>
      <trkpt lat="58.5859" lon="23.36229">
        <ele>18.0</ele>
      </trkpt>
      <trkpt lat="58.58587" lon="23.36234">
        <ele>18.0</ele>
      </trkpt>
      <trkpt lat="58.58582" lon="23.36241">
        <ele>18.0</ele>
      </trkpt>
      <trkpt lat="58.58579" lon="23.36247">
        <ele>17.9</ele>
      </trkpt>
      <trkpt lat="58.58558" lon="23.36283">
        <ele>17.7</ele>
      </trkpt>
      <trkpt lat="58.58539" lon="23.36316">
        <ele>17.5</ele>
      </trkpt>
      <trkpt lat="58.58516" lon="23.36354">
        <ele>17.2</ele>
      </trkpt>
      <trkpt lat="58.58472" lon="23.36431">
        <ele>17.7</ele>
      </trkpt>
      <trkpt lat="58.58471" lon="23.36432">
        <ele>17.7</ele>
      </trkpt>
      <trkpt lat="58.58463" lon="23.36446">
        <ele>17.8</ele>
      </trkpt>
      <trkpt lat="58.58451" lon="23.36466">
        <ele>17.7</ele>
      </trkpt>
      <trkpt lat="58.58448" lon="23.36471">
        <ele>17.7</ele>
      </trkpt>
      <trkpt lat="58.58446" lon="23.36474">
        <ele>17.6</ele>
      </trkpt>
      <trkpt lat="58.58431" lon="23.36501">
        <ele>17.2</ele>
      </trkpt>
      <trkpt lat="58.58415" lon="23.36528">
        <ele>17.0</ele>
      </trkpt>
      <trkpt lat="58.58409" lon="23.36538">
        <ele>17.0</ele>
      </trkpt>
      <trkpt lat="58.58405" lon="23.36546">
        <ele>17.0</ele>
      </trkpt>
      <trkpt lat="58.58395" lon="23.36566">
        <ele>17.0</ele>
      </trkpt>
      <trkpt lat="58.58384" lon="23.36581">
        <ele>17.0</ele>
      </trkpt>
      <trkpt lat="58.58382" lon="23.36582">
        <ele>17.0</ele>
      </trkpt>
      <trkpt lat="58.58377" lon="23.36585">
        <ele>17.0</ele>
      </trkpt>
      <trkpt lat="58.58376" lon="23.36585">
        <ele>17.0</ele>
      </trkpt>
      <trkpt lat="58.58369" lon="23.36588">
        <ele>17.0</ele>
      </trkpt>
      <trkpt lat="58.58364" lon="23.36585">
        <ele>17.0</ele>
      </trkpt>
      <trkpt lat="58.58358" lon="23.36582">
        <ele>17.0</ele>
      </trkpt>
      <trkpt lat="58.58353" lon="23.36578">
        <ele>17.0</ele>
      </trkpt>
      <trkpt lat="58.58348" lon="23.36574">
        <ele>17.0</ele>
      </trkpt>
      <trkpt lat="58.58343" lon="23.36567">
        <ele>17.0</ele>
      </trkpt>
      <trkpt lat="58.58333" lon="23.36554">
        <ele>17.0</ele>
      </trkpt>
      <trkpt lat="58.58328" lon="23.36547">
        <ele>16.9</ele>
      </trkpt>
      <trkpt lat="58.58306" lon="23.36522">
        <ele>16.7</ele>
      </trkpt>
      <trkpt lat="58.58281" lon="23.36494">
        <ele>16.4</ele>
      </trkpt>
      <trkpt lat="58.58278" lon="23.36491">
        <ele>16.3</ele>
      </trkpt>
      <trkpt lat="58.58271" lon="23.36483">
        <ele>16.3</ele>
      </trkpt>
      <trkpt lat="58.5825" lon="23.36459">
        <ele>16.0</ele>
      </trkpt>
      <trkpt lat="58.58225" lon="23.3643">
        <ele>16.3</ele>
      </trkpt>
      <trkpt lat="58.58209" lon="23.36412">
        <ele>16.5</ele>
      </trkpt>
      <trkpt lat="58.58178" lon="23.36377">
        <ele>16.9</ele>
      </trkpt>
      <trkpt lat="58.58173" lon="23.36371">
        <ele>16.9</ele>
      </trkpt>
      <trkpt lat="58.58116" lon="23.36306">
        <ele>16.7</ele>
      </trkpt>
      <trkpt lat="58.58116" lon="23.36306">
        <ele>16.7</ele>
      </trkpt>
      <trkpt lat="58.58033" lon="23.36502">
        <ele>16.0</ele>
      </trkpt>
      <trkpt lat="58.58021" lon="23.36527">
        <ele>15.9</ele>
      </trkpt>
      <trkpt lat="58.58003" lon="23.36569">
        <ele>16.0</ele>
      </trkpt>
      <trkpt lat="58.57995" lon="23.36591">
        <ele>15.8</ele>
      </trkpt>
      <trkpt lat="58.5798" lon="23.36632">
        <ele>15.2</ele>
      </trkpt>
      <trkpt lat="58.5798" lon="23.36633">
        <ele>15.2</ele>
      </trkpt>
      <trkpt lat="58.5796" lon="23.36691">
        <ele>15.0</ele>
      </trkpt>
      <trkpt lat="58.57948" lon="23.3673">
        <ele>15.0</ele>
      </trkpt>
      <trkpt lat="58.57942" lon="23.36751">
        <ele>15.0</ele>
      </trkpt>
      <trkpt lat="58.57928" lon="23.36814">
        <ele>14.9</ele>
      </trkpt>
      <trkpt lat="58.57912" lon="23.36865">
        <ele>14.9</ele>
      </trkpt>
      <trkpt lat="58.57879" lon="23.36973">
        <ele>13.7</ele>
      </trkpt>
      <trkpt lat="58.57877" lon="23.36979">
        <ele>13.7</ele>
      </trkpt>
      <trkpt lat="58.57862" lon="23.37025">
        <ele>13.2</ele>
      </trkpt>
      <trkpt lat="58.57861" lon="23.37028">
        <ele>13.2</ele>
      </trkpt>
      <trkpt lat="58.57855" lon="23.37045">
        <ele>13.1</ele>
      </trkpt>
      <trkpt lat="58.57827" lon="23.37126">
        <ele>12.4</ele>
      </trkpt>
      <trkpt lat="58.57798" lon="23.37188">
        <ele>11.6</ele>
      </trkpt>
      <trkpt lat="58.57764" lon="23.37226">
        <ele>11.2</ele>
      </trkpt>
      <trkpt lat="58.57739" lon="23.37243">
        <ele>11.0</ele>
      </trkpt>
      <trkpt lat="58.57736" lon="23.37245">
        <ele>11.0</ele>
      </trkpt>
      <trkpt lat="58.57728" lon="23.3725">
        <ele>11.0</ele>
      </trkpt>
      <trkpt lat="58.57724" lon="23.37253">
        <ele>11.0</ele>
      </trkpt>
      <trkpt lat="58.57718" lon="23.37255">
        <ele>11.0</ele>
      </trkpt>
      <trkpt lat="58.57715" lon="23.37256">
        <ele>11.0</ele>
      </trkpt>
      <trkpt lat="58.577" lon="23.3726">
        <ele>11.0</ele>
      </trkpt>
      <trkpt lat="58.57683" lon="23.37237">
        <ele>10.9</ele>
      </trkpt>
      <trkpt lat="58.5768" lon="23.37232">
        <ele>10.8</ele>
      </trkpt>
      <trkpt lat="58.57674" lon="23.37224">
        <ele>10.7</ele>
      </trkpt>
      <trkpt lat="58.57668" lon="23.37215">
        <ele>10.6</ele>
      </trkpt>
      <trkpt lat="58.5766" lon="23.37203">
        <ele>10.4</ele>
      </trkpt>
      <trkpt lat="58.57596" lon="23.37137">
        <ele>10.1</ele>
      </trkpt>
      <trkpt lat="58.57596" lon="23.37137">
        <ele>10.1</ele>
      </trkpt>
      <trkpt lat="58.57576" lon="23.37192">
        <ele>10.5</ele>
      </trkpt>
      <trkpt lat="58.57532" lon="23.37314">
        <ele>11.9</ele>
      </trkpt>
      <trkpt lat="58.57479" lon="23.37461">
        <ele>12.3</ele>
      </trkpt>
      <trkpt lat="58.57469" lon="23.37489">
        <ele>12.2</ele>
      </trkpt>
      <trkpt lat="58.57463" lon="23.37506">
        <ele>12.2</ele>
      </trkpt>
      <trkpt lat="58.57447" lon="23.3755">
        <ele>11.9</ele>
      </trkpt>
      <trkpt lat="58.57446" lon="23.37552">
        <ele>11.9</ele>
      </trkpt>
      <trkpt lat="58.5744" lon="23.37569">
        <ele>11.8</ele>
      </trkpt>
      <trkpt lat="58.57438" lon="23.37573">
        <ele>11.7</ele>
      </trkpt>
      <trkpt lat="58.5743" lon="23.37595">
        <ele>11.5</ele>
      </trkpt>
      <trkpt lat="58.57414" lon="23.37639">
        <ele>10.9</ele>
      </trkpt>
      <trkpt lat="58.5733" lon="23.37868">
        <ele>9.0</ele>
      </trkpt>
      <trkpt lat="58.5732" lon="23.37897">
        <ele>9.2</ele>
      </trkpt>
      <trkpt lat="58.57319" lon="23.37899">
        <ele>9.2</ele>
      </trkpt>
      <trkpt lat="58.57317" lon="23.37906">
        <ele>9.2</ele>
      </trkpt>
      <trkpt lat="58.57314" lon="23.37913">
        <ele>9.2</ele>
      </trkpt>
      <trkpt lat="58.57303" lon="23.37944">
        <ele>9.2</ele>
      </trkpt>
      <trkpt lat="58.57284" lon="23.37997">
        <ele>9.0</ele>
      </trkpt>
      <trkpt lat="58.57283" lon="23.38">
        <ele>9.0</ele>
      </trkpt>
      <trkpt lat="58.57281" lon="23.38008">
        <ele>9.1</ele>
      </trkpt>
      <trkpt lat="58.5727" lon="23.3805">
        <ele>9.5</ele>
      </trkpt>
      <trkpt lat="58.57263" lon="23.38082">
        <ele>9.8</ele>
      </trkpt>
      <trkpt lat="58.57257" lon="23.38111">
        <ele>10.2</ele>
      </trkpt>
      <trkpt lat="58.57251" lon="23.38142">
        <ele>10.7</ele>
      </trkpt>
      <trkpt lat="58.57238" lon="23.38242">
        <ele>10.1</ele>
      </trkpt>
      <trkpt lat="58.57238" lon="23.38248">
        <ele>10.0</ele>
      </trkpt>
      <trkpt lat="58.57234" lon="23.38282">
        <ele>9.3</ele>
      </trkpt>
      <trkpt lat="58.5723" lon="23.38334">
        <ele>8.2</ele>
      </trkpt>
      <trkpt lat="58.57229" lon="23.38388">
        <ele>8.1</ele>
      </trkpt>
      <trkpt lat="58.57228" lon="23.38483">
        <ele>7.2</ele>
      </trkpt>
      <trkpt lat="58.57231" lon="23.38554">
        <ele>6.5</ele>
      </trkpt>
      <trkpt lat="58.57241" lon="23.38622">
        <ele>5.2</ele>
      </trkpt>
      <trkpt lat="58.57247" lon="23.38667">
        <ele>4.1</ele>
      </trkpt>
      <trkpt lat="58.57247" lon="23.3867">
        <ele>4.1</ele>
      </trkpt>
      <trkpt lat="58.5725" lon="23.38691">
        <ele>4.0</ele>
      </trkpt>
      <trkpt lat="58.572573" lon="23.387367">
        <ele>4.1</ele>
      </trkpt>
      <trkpt lat="58.57258" lon="23.38741">
        <ele>4.1</ele>
      </trkpt>
      <trkpt lat="58.57261" lon="23.3876">
        <ele>4.2</ele>
      </trkpt>
      <trkpt lat="58.57265" lon="23.38773">
        <ele>4.4</ele>
      </trkpt>
      <trkpt lat="58.57265" lon="23.38773">
        <ele>4.4</ele>
      </trkpt>
      <trkpt lat="58.57265" lon="23.38775">
        <ele>4.4</ele>
      </trkpt>
      <trkpt lat="58.57266" lon="23.38777">
        <ele>4.5</ele>
      </trkpt>
      <trkpt lat="58.57272" lon="23.38795">
        <ele>4.7</ele>
      </trkpt>
      <trkpt lat="58.57275" lon="23.38802">
        <ele>4.7</ele>
      </trkpt>
      <trkpt lat="58.57279" lon="23.38809">
        <ele>4.8</ele>
      </trkpt>
      <trkpt lat="58.57281" lon="23.38813">
        <ele>4.8</ele>
      </trkpt>
      <trkpt lat="58.57281" lon="23.38813">
        <ele>4.8</ele>
      </trkpt>
      <trkpt lat="58.57277" lon="23.38834">
        <ele>5.0</ele>
      </trkpt>
      <trkpt lat="58.57298" lon="23.38963">
        <ele>5.2</ele>
      </trkpt>
      <trkpt lat="58.57303" lon="23.38993">
        <ele>5.3</ele>
      </trkpt>
      <trkpt lat="58.57304" lon="23.39003">
        <ele>5.3</ele>
      </trkpt>
      <trkpt lat="58.57314" lon="23.3909">
        <ele>4.1</ele>
      </trkpt>
      <trkpt lat="58.5732" lon="23.39142">
        <ele>3.3</ele>
      </trkpt>
      <trkpt lat="58.5732" lon="23.39185">
        <ele>2.9</ele>
      </trkpt>
      <trkpt lat="58.57318" lon="23.39223">
        <ele>2.6</ele>
      </trkpt>
      <trkpt lat="58.57308" lon="23.39367">
        <ele>2.8</ele>
      </trkpt>
      <trkpt lat="58.57307" lon="23.39376">
        <ele>2.7</ele>
      </trkpt>
      <trkpt lat="58.57307" lon="23.39386">
        <ele>2.7</ele>
      </trkpt>
      <trkpt lat="58.57308" lon="23.39401">
        <ele>2.7</ele>
      </trkpt>
      <trkpt lat="58.57311" lon="23.3942">
        <ele>2.7</ele>
      </trkpt>
      <trkpt lat="58.57321" lon="23.39466">
        <ele>2.8</ele>
      </trkpt>
      <trkpt lat="58.57322" lon="23.39471">
        <ele>2.9</ele>
      </trkpt>
    </trkseg>
  </trk>
</gpx>
