<?xml version="1.0" encoding="UTF-8"?>
<gpx xmlns:gpxdata="http://www.cluetrust.com/XML/GPXDATA/1/0" xmlns:xsi="http://www.w3.org/2001/XMLSchema-instance" xmlns="http://www.topografix.com/GPX/1/1" version="1.1" creator="http://ridewithgps.com/" xsi:schemaLocation="http://www.topografix.com/GPX/1/1 http://www.topografix.com/GPX/1/1/gpx.xsd http://www.cluetrust.com/XML/GPXDATA/1/0 http://www.cluetrust.com/Schemas/gpxdata10.xsd">
  <metadata>
    <name>1/3 (900/500) KÕKÕVA-26</name>
    <link href="https://ridewithgps.com/routes/56356162">
      <text>1/3 (900/500) KÕKÕVA-26</text>
    </link>
    <time>2026-07-27T17:12:54Z</time>
  </metadata>
  <wpt lat="59.42885121225035" lon="24.588053220952787">
    <name>Neutralised start until this point</name>
    <cmt>trailhead</cmt>
    <sym>Dot</sym>
    <type>info</type>
  </wpt>
  <wpt lat="59.44268798359539" lon="24.518791852355236">
    <name>Sketchy downhill singletrack</name>
    <cmt>caution</cmt>
    <sym>Dot</sym>
    <type>danger</type>
  </wpt>
  <wpt lat="59.43304256365366" lon="24.59326538191769">
    <name>Be careful: the roundabout is divided by curbs.</name>
    <cmt>caution</cmt>
    <sym>Dot</sym>
    <type>danger</type>
  </wpt>
  <wpt lat="59.414889596003874" lon="24.34405820705934">
    <name>No drafting from here!</name>
    <cmt>trailhead</cmt>
    <sym>Dot</sym>
    <type>info</type>
  </wpt>
  <trk>
    <name>1/3 (900/500) KÕKÕVA-26</name>
    <trkseg>
      <trkpt lat="59.4607" lon="24.70544">
        <ele>6.8</ele>
      </trkpt>
      <trkpt lat="59.46078" lon="24.70525">
        <ele>6.9</ele>
      </trkpt>
      <trkpt lat="59.46057" lon="24.70479">
        <ele>6.6</ele>
      </trkpt>
      <trkpt lat="59.46027" lon="24.70406">
        <ele>5.6</ele>
      </trkpt>
      <trkpt lat="59.45996" lon="24.70332">
        <ele>5.0</ele>
      </trkpt>
      <trkpt lat="59.45968" lon="24.70268">
        <ele>6.3</ele>
      </trkpt>
      <trkpt lat="59.45927" lon="24.70188">
        <ele>7.0</ele>
      </trkpt>
      <trkpt lat="59.4588" lon="24.70122">
        <ele>7.4</ele>
      </trkpt>
      <trkpt lat="59.45818" lon="24.70042">
        <ele>6.8</ele>
      </trkpt>
      <trkpt lat="59.45798" lon="24.70016">
        <ele>6.6</ele>
      </trkpt>
      <trkpt lat="59.45761" lon="24.69975">
        <ele>6.1</ele>
      </trkpt>
      <trkpt lat="59.45728" lon="24.69954">
        <ele>6.1</ele>
      </trkpt>
      <trkpt lat="59.45704" lon="24.69945">
        <ele>6.4</ele>
      </trkpt>
      <trkpt lat="59.45672" lon="24.6994">
        <ele>6.7</ele>
      </trkpt>
      <trkpt lat="59.45655" lon="24.6994">
        <ele>6.6</ele>
      </trkpt>
      <trkpt lat="59.45621" lon="24.69936">
        <ele>6.2</ele>
      </trkpt>
      <trkpt lat="59.45599" lon="24.69927">
        <ele>6.1</ele>
      </trkpt>
      <trkpt lat="59.45579" lon="24.69923">
        <ele>6.0</ele>
      </trkpt>
      <trkpt lat="59.45514" lon="24.69914">
        <ele>7.7</ele>
      </trkpt>
      <trkpt lat="59.4549" lon="24.69915">
        <ele>8.0</ele>
      </trkpt>
      <trkpt lat="59.45478" lon="24.6992">
        <ele>8.0</ele>
      </trkpt>
      <trkpt lat="59.45466" lon="24.69929">
        <ele>8.0</ele>
      </trkpt>
      <trkpt lat="59.45456" lon="24.6994">
        <ele>8.0</ele>
      </trkpt>
      <trkpt lat="59.45432" lon="24.69961">
        <ele>8.0</ele>
      </trkpt>
      <trkpt lat="59.45421" lon="24.69977">
        <ele>8.0</ele>
      </trkpt>
      <trkpt lat="59.45412" lon="24.7001">
        <ele>8.2</ele>
      </trkpt>
      <trkpt lat="59.45402" lon="24.70113">
        <ele>8.9</ele>
      </trkpt>
      <trkpt lat="59.45391" lon="24.70216">
        <ele>10.0</ele>
      </trkpt>
      <trkpt lat="59.45381" lon="24.70283">
        <ele>11.2</ele>
      </trkpt>
      <trkpt lat="59.45372" lon="24.70375">
        <ele>12.3</ele>
      </trkpt>
      <trkpt lat="59.45364" lon="24.7037">
        <ele>13.1</ele>
      </trkpt>
      <trkpt lat="59.45355" lon="24.70363">
        <ele>13.9</ele>
      </trkpt>
      <trkpt lat="59.4535" lon="24.70354">
        <ele>14.4</ele>
      </trkpt>
      <trkpt lat="59.45353" lon="24.7034">
        <ele>14.1</ele>
      </trkpt>
      <trkpt lat="59.45365" lon="24.70233">
        <ele>12.2</ele>
      </trkpt>
      <trkpt lat="59.45377" lon="24.70115">
        <ele>10.6</ele>
      </trkpt>
      <trkpt lat="59.45389" lon="24.69997">
        <ele>9.3</ele>
      </trkpt>
      <trkpt lat="59.454" lon="24.69879">
        <ele>8.5</ele>
      </trkpt>
      <trkpt lat="59.45417" lon="24.69735">
        <ele>9.0</ele>
      </trkpt>
      <trkpt lat="59.45433" lon="24.6959">
        <ele>9.2</ele>
      </trkpt>
      <trkpt lat="59.4545" lon="24.69446">
        <ele>9.9</ele>
      </trkpt>
      <trkpt lat="59.45466" lon="24.69312">
        <ele>11.1</ele>
      </trkpt>
      <trkpt lat="59.45482" lon="24.69178">
        <ele>11.6</ele>
      </trkpt>
      <trkpt lat="59.45498" lon="24.69045">
        <ele>12.0</ele>
      </trkpt>
      <trkpt lat="59.45504" lon="24.68971">
        <ele>13.2</ele>
      </trkpt>
      <trkpt lat="59.45503" lon="24.68914">
        <ele>15.1</ele>
      </trkpt>
      <trkpt lat="59.45502" lon="24.68888">
        <ele>15.7</ele>
      </trkpt>
      <trkpt lat="59.45497" lon="24.68886">
        <ele>15.7</ele>
      </trkpt>
      <trkpt lat="59.45486" lon="24.68886">
        <ele>15.5</ele>
      </trkpt>
      <trkpt lat="59.45477" lon="24.68895">
        <ele>15.2</ele>
      </trkpt>
      <trkpt lat="59.45473" lon="24.68905">
        <ele>14.9</ele>
      </trkpt>
      <trkpt lat="59.45429" lon="24.68857">
        <ele>15.0</ele>
      </trkpt>
      <trkpt lat="59.45361" lon="24.68779">
        <ele>15.9</ele>
      </trkpt>
      <trkpt lat="59.45293" lon="24.68701">
        <ele>15.6</ele>
      </trkpt>
      <trkpt lat="59.45225" lon="24.68623">
        <ele>15.6</ele>
      </trkpt>
      <trkpt lat="59.45225" lon="24.68624">
        <ele>15.6</ele>
      </trkpt>
      <trkpt lat="59.45157" lon="24.68546">
        <ele>15.1</ele>
      </trkpt>
      <trkpt lat="59.45089" lon="24.68468">
        <ele>11.5</ele>
      </trkpt>
      <trkpt lat="59.45046" lon="24.6842">
        <ele>9.6</ele>
      </trkpt>
      <trkpt lat="59.4504" lon="24.68417">
        <ele>9.5</ele>
      </trkpt>
      <trkpt lat="59.45037" lon="24.6842">
        <ele>9.5</ele>
      </trkpt>
      <trkpt lat="59.45034" lon="24.68429">
        <ele>9.6</ele>
      </trkpt>
      <trkpt lat="59.4502" lon="24.68474">
        <ele>10.1</ele>
      </trkpt>
      <trkpt lat="59.45013" lon="24.68487">
        <ele>10.1</ele>
      </trkpt>
      <trkpt lat="59.44981" lon="24.68531">
        <ele>10.1</ele>
      </trkpt>
      <trkpt lat="59.44931" lon="24.68603">
        <ele>9.6</ele>
      </trkpt>
      <trkpt lat="59.44931" lon="24.68602">
        <ele>9.6</ele>
      </trkpt>
      <trkpt lat="59.44931" lon="24.68602">
        <ele>9.6</ele>
      </trkpt>
      <trkpt lat="59.44895" lon="24.6865">
        <ele>9.7</ele>
      </trkpt>
      <trkpt lat="59.44886" lon="24.68654">
        <ele>9.8</ele>
      </trkpt>
      <trkpt lat="59.44833" lon="24.68666">
        <ele>10.0</ele>
      </trkpt>
      <trkpt lat="59.44781" lon="24.68678">
        <ele>10.6</ele>
      </trkpt>
      <trkpt lat="59.44781" lon="24.68678">
        <ele>10.6</ele>
      </trkpt>
      <trkpt lat="59.44693" lon="24.68695">
        <ele>10.3</ele>
      </trkpt>
      <trkpt lat="59.44605" lon="24.68711">
        <ele>8.5</ele>
      </trkpt>
      <trkpt lat="59.44516" lon="24.68728">
        <ele>8.6</ele>
      </trkpt>
      <trkpt lat="59.44428" lon="24.68745">
        <ele>7.2</ele>
      </trkpt>
      <trkpt lat="59.44405" lon="24.68746">
        <ele>7.1</ele>
      </trkpt>
      <trkpt lat="59.4439" lon="24.6874">
        <ele>7.2</ele>
      </trkpt>
      <trkpt lat="59.44342" lon="24.68717">
        <ele>7.9</ele>
      </trkpt>
      <trkpt lat="59.44294" lon="24.68693">
        <ele>8.1</ele>
      </trkpt>
      <trkpt lat="59.44246" lon="24.68672">
        <ele>8.2</ele>
      </trkpt>
      <trkpt lat="59.44226" lon="24.686633">
        <ele>8.5</ele>
      </trkpt>
      <trkpt lat="59.441797" lon="24.686423">
        <ele>9.4</ele>
      </trkpt>
      <trkpt lat="59.441542" lon="24.686305">
        <ele>9.9</ele>
      </trkpt>
      <trkpt lat="59.44115" lon="24.68609">
        <ele>10.3</ele>
      </trkpt>
      <trkpt lat="59.44044" lon="24.68571">
        <ele>9.6</ele>
      </trkpt>
      <trkpt lat="59.43973" lon="24.68532">
        <ele>8.9</ele>
      </trkpt>
      <trkpt lat="59.43973" lon="24.68532">
        <ele>8.9</ele>
      </trkpt>
      <trkpt lat="59.43891" lon="24.68489">
        <ele>9.0</ele>
      </trkpt>
      <trkpt lat="59.4381" lon="24.68446">
        <ele>10.4</ele>
      </trkpt>
      <trkpt lat="59.43729" lon="24.68403">
        <ele>10.2</ele>
      </trkpt>
      <trkpt lat="59.43648" lon="24.68361">
        <ele>11.7</ele>
      </trkpt>
      <trkpt lat="59.43648" lon="24.6836">
        <ele>11.6</ele>
      </trkpt>
      <trkpt lat="59.43648" lon="24.6836">
        <ele>11.6</ele>
      </trkpt>
      <trkpt lat="59.43573" lon="24.68319">
        <ele>10.0</ele>
      </trkpt>
      <trkpt lat="59.43544" lon="24.68295">
        <ele>8.2</ele>
      </trkpt>
      <trkpt lat="59.43502" lon="24.68233">
        <ele>6.0</ele>
      </trkpt>
      <trkpt lat="59.43461" lon="24.68172">
        <ele>6.0</ele>
      </trkpt>
      <trkpt lat="59.43442" lon="24.68133">
        <ele>5.6</ele>
      </trkpt>
      <trkpt lat="59.43433" lon="24.68101">
        <ele>5.2</ele>
      </trkpt>
      <trkpt lat="59.4342" lon="24.68037">
        <ele>4.4</ele>
      </trkpt>
      <trkpt lat="59.43393" lon="24.67969">
        <ele>4.7</ele>
      </trkpt>
      <trkpt lat="59.43357" lon="24.67878">
        <ele>5.4</ele>
      </trkpt>
      <trkpt lat="59.4333" lon="24.67833">
        <ele>6.0</ele>
      </trkpt>
      <trkpt lat="59.43326" lon="24.67819">
        <ele>5.9</ele>
      </trkpt>
      <trkpt lat="59.43324" lon="24.67779">
        <ele>5.5</ele>
      </trkpt>
      <trkpt lat="59.43321" lon="24.67763">
        <ele>5.3</ele>
      </trkpt>
      <trkpt lat="59.43313" lon="24.67749">
        <ele>5.2</ele>
      </trkpt>
      <trkpt lat="59.43305" lon="24.67741">
        <ele>5.3</ele>
      </trkpt>
      <trkpt lat="59.43291" lon="24.67741">
        <ele>5.5</ele>
      </trkpt>
      <trkpt lat="59.43214" lon="24.67751">
        <ele>6.0</ele>
      </trkpt>
      <trkpt lat="59.432" lon="24.67747">
        <ele>5.9</ele>
      </trkpt>
      <trkpt lat="59.43185" lon="24.67736">
        <ele>5.9</ele>
      </trkpt>
      <trkpt lat="59.43168" lon="24.67714">
        <ele>5.9</ele>
      </trkpt>
      <trkpt lat="59.43153" lon="24.67676">
        <ele>5.8</ele>
      </trkpt>
      <trkpt lat="59.43129" lon="24.67537">
        <ele>5.7</ele>
      </trkpt>
      <trkpt lat="59.43104" lon="24.67398">
        <ele>5.6</ele>
      </trkpt>
      <trkpt lat="59.43096" lon="24.67364">
        <ele>5.6</ele>
      </trkpt>
      <trkpt lat="59.43083" lon="24.67329">
        <ele>5.6</ele>
      </trkpt>
      <trkpt lat="59.43083" lon="24.67329">
        <ele>5.6</ele>
      </trkpt>
      <trkpt lat="59.43073" lon="24.67309">
        <ele>5.6</ele>
      </trkpt>
      <trkpt lat="59.43057" lon="24.67286">
        <ele>5.5</ele>
      </trkpt>
      <trkpt lat="59.43011" lon="24.67248">
        <ele>5.5</ele>
      </trkpt>
      <trkpt lat="59.42966" lon="24.6721">
        <ele>5.4</ele>
      </trkpt>
      <trkpt lat="59.42951" lon="24.67191">
        <ele>5.4</ele>
      </trkpt>
      <trkpt lat="59.42944" lon="24.67172">
        <ele>5.4</ele>
      </trkpt>
      <trkpt lat="59.42937" lon="24.6715">
        <ele>5.4</ele>
      </trkpt>
      <trkpt lat="59.42921" lon="24.67085">
        <ele>5.0</ele>
      </trkpt>
      <trkpt lat="59.42868" lon="24.66962">
        <ele>5.7</ele>
      </trkpt>
      <trkpt lat="59.42853" lon="24.66909">
        <ele>5.5</ele>
      </trkpt>
      <trkpt lat="59.42837" lon="24.66756">
        <ele>5.0</ele>
      </trkpt>
      <trkpt lat="59.4282" lon="24.66603">
        <ele>5.0</ele>
      </trkpt>
      <trkpt lat="59.42816" lon="24.66554">
        <ele>5.0</ele>
      </trkpt>
      <trkpt lat="59.42805" lon="24.66461">
        <ele>5.5</ele>
      </trkpt>
      <trkpt lat="59.42794" lon="24.66367">
        <ele>5.9</ele>
      </trkpt>
      <trkpt lat="59.42794" lon="24.6635">
        <ele>5.9</ele>
      </trkpt>
      <trkpt lat="59.42796" lon="24.66332">
        <ele>5.8</ele>
      </trkpt>
      <trkpt lat="59.42803" lon="24.6631">
        <ele>5.6</ele>
      </trkpt>
      <trkpt lat="59.4283" lon="24.66259">
        <ele>5.0</ele>
      </trkpt>
      <trkpt lat="59.42834" lon="24.66244">
        <ele>5.0</ele>
      </trkpt>
      <trkpt lat="59.42835" lon="24.66218">
        <ele>4.9</ele>
      </trkpt>
      <trkpt lat="59.42866" lon="24.6613">
        <ele>4.1</ele>
      </trkpt>
      <trkpt lat="59.42897" lon="24.66041">
        <ele>3.1</ele>
      </trkpt>
      <trkpt lat="59.42897" lon="24.66041">
        <ele>3.1</ele>
      </trkpt>
      <trkpt lat="59.42903" lon="24.66018">
        <ele>2.8</ele>
      </trkpt>
      <trkpt lat="59.42903" lon="24.65995">
        <ele>2.9</ele>
      </trkpt>
      <trkpt lat="59.42894" lon="24.65851">
        <ele>4.9</ele>
      </trkpt>
      <trkpt lat="59.42886" lon="24.65706">
        <ele>4.5</ele>
      </trkpt>
      <trkpt lat="59.42886" lon="24.65688">
        <ele>4.5</ele>
      </trkpt>
      <trkpt lat="59.42889" lon="24.65669">
        <ele>4.3</ele>
      </trkpt>
      <trkpt lat="59.42902" lon="24.65639">
        <ele>4.6</ele>
      </trkpt>
      <trkpt lat="59.42909" lon="24.65629">
        <ele>4.7</ele>
      </trkpt>
      <trkpt lat="59.42913" lon="24.6561">
        <ele>4.9</ele>
      </trkpt>
      <trkpt lat="59.42913" lon="24.65575">
        <ele>5.2</ele>
      </trkpt>
      <trkpt lat="59.42915" lon="24.65561">
        <ele>5.3</ele>
      </trkpt>
      <trkpt lat="59.4292" lon="24.65541">
        <ele>5.3</ele>
      </trkpt>
      <trkpt lat="59.42928" lon="24.65527">
        <ele>4.9</ele>
      </trkpt>
      <trkpt lat="59.42951" lon="24.65436">
        <ele>5.7</ele>
      </trkpt>
      <trkpt lat="59.42953" lon="24.65423">
        <ele>6.0</ele>
      </trkpt>
      <trkpt lat="59.42952" lon="24.65406">
        <ele>6.5</ele>
      </trkpt>
      <trkpt lat="59.42948" lon="24.65392">
        <ele>7.0</ele>
      </trkpt>
      <trkpt lat="59.42946" lon="24.65371">
        <ele>7.5</ele>
      </trkpt>
      <trkpt lat="59.42946" lon="24.65357">
        <ele>7.8</ele>
      </trkpt>
      <trkpt lat="59.42949" lon="24.65336">
        <ele>8.2</ele>
      </trkpt>
      <trkpt lat="59.42956" lon="24.65322">
        <ele>8.5</ele>
      </trkpt>
      <trkpt lat="59.43011" lon="24.65271">
        <ele>10.2</ele>
      </trkpt>
      <trkpt lat="59.43032" lon="24.65247">
        <ele>11.9</ele>
      </trkpt>
      <trkpt lat="59.43045" lon="24.65222">
        <ele>13.5</ele>
      </trkpt>
      <trkpt lat="59.43059" lon="24.65213">
        <ele>14.4</ele>
      </trkpt>
      <trkpt lat="59.43068" lon="24.65195">
        <ele>15.7</ele>
      </trkpt>
      <trkpt lat="59.43069" lon="24.65177">
        <ele>16.7</ele>
      </trkpt>
      <trkpt lat="59.43068" lon="24.6513">
        <ele>18.3</ele>
      </trkpt>
      <trkpt lat="59.43063" lon="24.65083">
        <ele>19.5</ele>
      </trkpt>
      <trkpt lat="59.43057" lon="24.65062">
        <ele>19.8</ele>
      </trkpt>
      <trkpt lat="59.4305" lon="24.65051">
        <ele>19.9</ele>
      </trkpt>
      <trkpt lat="59.43053" lon="24.6503">
        <ele>20.4</ele>
      </trkpt>
      <trkpt lat="59.43053" lon="24.649998">
        <ele>21.0</ele>
      </trkpt>
      <trkpt lat="59.43053" lon="24.64998">
        <ele>21.0</ele>
      </trkpt>
      <trkpt lat="59.43046" lon="24.64998">
        <ele>21.0</ele>
      </trkpt>
      <trkpt lat="59.430461" lon="24.649884">
        <ele>21.2</ele>
      </trkpt>
      <trkpt lat="59.43047" lon="24.6493">
        <ele>22.2</ele>
      </trkpt>
      <trkpt lat="59.43053" lon="24.64765">
        <ele>24.5</ele>
      </trkpt>
      <trkpt lat="59.43058" lon="24.6461">
        <ele>26.0</ele>
      </trkpt>
      <trkpt lat="59.430602" lon="24.645424">
        <ele>26.8</ele>
      </trkpt>
      <trkpt lat="59.43063" lon="24.64455">
        <ele>27.2</ele>
      </trkpt>
      <trkpt lat="59.43069" lon="24.643">
        <ele>26.8</ele>
      </trkpt>
      <trkpt lat="59.43074" lon="24.64145">
        <ele>24.9</ele>
      </trkpt>
      <trkpt lat="59.43079" lon="24.64009">
        <ele>24.1</ele>
      </trkpt>
      <trkpt lat="59.43088" lon="24.63916">
        <ele>25.0</ele>
      </trkpt>
      <trkpt lat="59.43098" lon="24.63823">
        <ele>24.7</ele>
      </trkpt>
      <trkpt lat="59.43108" lon="24.63747">
        <ele>23.7</ele>
      </trkpt>
      <trkpt lat="59.43039" lon="24.63651">
        <ele>24.9</ele>
      </trkpt>
      <trkpt lat="59.4297" lon="24.63555">
        <ele>24.3</ele>
      </trkpt>
      <trkpt lat="59.42901" lon="24.63458">
        <ele>21.9</ele>
      </trkpt>
      <trkpt lat="59.42833" lon="24.63362">
        <ele>19.0</ele>
      </trkpt>
      <trkpt lat="59.42764" lon="24.63266">
        <ele>19.0</ele>
      </trkpt>
      <trkpt lat="59.42784" lon="24.63234">
        <ele>18.6</ele>
      </trkpt>
      <trkpt lat="59.42813" lon="24.63191">
        <ele>18.2</ele>
      </trkpt>
      <trkpt lat="59.42836" lon="24.63151">
        <ele>18.1</ele>
      </trkpt>
      <trkpt lat="59.4286" lon="24.63092">
        <ele>18.7</ele>
      </trkpt>
      <trkpt lat="59.42868" lon="24.63069">
        <ele>18.8</ele>
      </trkpt>
      <trkpt lat="59.42901" lon="24.62991">
        <ele>18.8</ele>
      </trkpt>
      <trkpt lat="59.42909" lon="24.62967">
        <ele>18.9</ele>
      </trkpt>
      <trkpt lat="59.4291" lon="24.62965">
        <ele>18.9</ele>
      </trkpt>
      <trkpt lat="59.4291" lon="24.62965">
        <ele>18.9</ele>
      </trkpt>
      <trkpt lat="59.42946" lon="24.62879">
        <ele>19.5</ele>
      </trkpt>
      <trkpt lat="59.42978" lon="24.62798">
        <ele>19.3</ele>
      </trkpt>
      <trkpt lat="59.43011" lon="24.62717">
        <ele>18.8</ele>
      </trkpt>
      <trkpt lat="59.43071" lon="24.6261">
        <ele>18.3</ele>
      </trkpt>
      <trkpt lat="59.43124" lon="24.62547">
        <ele>18.5</ele>
      </trkpt>
      <trkpt lat="59.43187" lon="24.62474">
        <ele>19.6</ele>
      </trkpt>
      <trkpt lat="59.43187" lon="24.62474">
        <ele>19.6</ele>
      </trkpt>
      <trkpt lat="59.43235" lon="24.6242">
        <ele>20.0</ele>
      </trkpt>
      <trkpt lat="59.43241" lon="24.62401">
        <ele>20.0</ele>
      </trkpt>
      <trkpt lat="59.43254" lon="24.62332">
        <ele>20.1</ele>
      </trkpt>
      <trkpt lat="59.43262" lon="24.62299">
        <ele>20.0</ele>
      </trkpt>
      <trkpt lat="59.433" lon="24.62208">
        <ele>19.7</ele>
      </trkpt>
      <trkpt lat="59.43266" lon="24.62095">
        <ele>16.0</ele>
      </trkpt>
      <trkpt lat="59.43262" lon="24.62076">
        <ele>15.3</ele>
      </trkpt>
      <trkpt lat="59.43304" lon="24.62026">
        <ele>15.6</ele>
      </trkpt>
      <trkpt lat="59.4332" lon="24.62008">
        <ele>15.7</ele>
      </trkpt>
      <trkpt lat="59.43335" lon="24.61995">
        <ele>16.0</ele>
      </trkpt>
      <trkpt lat="59.4338" lon="24.61963">
        <ele>17.7</ele>
      </trkpt>
      <trkpt lat="59.43397" lon="24.61948">
        <ele>18.1</ele>
      </trkpt>
      <trkpt lat="59.4342" lon="24.61926">
        <ele>18.4</ele>
      </trkpt>
      <trkpt lat="59.4343" lon="24.61914">
        <ele>18.4</ele>
      </trkpt>
      <trkpt lat="59.43437" lon="24.61903">
        <ele>18.5</ele>
      </trkpt>
      <trkpt lat="59.43455" lon="24.61865">
        <ele>18.7</ele>
      </trkpt>
      <trkpt lat="59.43466" lon="24.61836">
        <ele>19.0</ele>
      </trkpt>
      <trkpt lat="59.43479" lon="24.61793">
        <ele>18.8</ele>
      </trkpt>
      <trkpt lat="59.43497" lon="24.61722">
        <ele>18.2</ele>
      </trkpt>
      <trkpt lat="59.43515" lon="24.61648">
        <ele>17.9</ele>
      </trkpt>
      <trkpt lat="59.43524" lon="24.61601">
        <ele>18.2</ele>
      </trkpt>
      <trkpt lat="59.43529" lon="24.61571">
        <ele>18.4</ele>
      </trkpt>
      <trkpt lat="59.43532" lon="24.61539">
        <ele>18.7</ele>
      </trkpt>
      <trkpt lat="59.43537" lon="24.61461">
        <ele>18.6</ele>
      </trkpt>
      <trkpt lat="59.43543" lon="24.61398">
        <ele>18.5</ele>
      </trkpt>
      <trkpt lat="59.43556" lon="24.61302">
        <ele>18.4</ele>
      </trkpt>
      <trkpt lat="59.43567" lon="24.61251">
        <ele>18.0</ele>
      </trkpt>
      <trkpt lat="59.43575" lon="24.61223">
        <ele>18.2</ele>
      </trkpt>
      <trkpt lat="59.43584" lon="24.61194">
        <ele>18.4</ele>
      </trkpt>
      <trkpt lat="59.43613" lon="24.61118">
        <ele>18.8</ele>
      </trkpt>
      <trkpt lat="59.43624" lon="24.61088">
        <ele>19.0</ele>
      </trkpt>
      <trkpt lat="59.43644" lon="24.61023">
        <ele>19.4</ele>
      </trkpt>
      <trkpt lat="59.43654" lon="24.60983">
        <ele>19.6</ele>
      </trkpt>
      <trkpt lat="59.43657" lon="24.60965">
        <ele>19.4</ele>
      </trkpt>
      <trkpt lat="59.43658" lon="24.60946">
        <ele>19.1</ele>
      </trkpt>
      <trkpt lat="59.43659" lon="24.60927">
        <ele>18.8</ele>
      </trkpt>
      <trkpt lat="59.43658" lon="24.60904">
        <ele>18.3</ele>
      </trkpt>
      <trkpt lat="59.43649" lon="24.60843">
        <ele>17.2</ele>
      </trkpt>
      <trkpt lat="59.4364" lon="24.60783">
        <ele>15.9</ele>
      </trkpt>
      <trkpt lat="59.43636" lon="24.60757">
        <ele>15.4</ele>
      </trkpt>
      <trkpt lat="59.43635" lon="24.60732">
        <ele>15.1</ele>
      </trkpt>
      <trkpt lat="59.43635" lon="24.60705">
        <ele>14.9</ele>
      </trkpt>
      <trkpt lat="59.43636" lon="24.60689">
        <ele>14.8</ele>
      </trkpt>
      <trkpt lat="59.43638" lon="24.60668">
        <ele>14.7</ele>
      </trkpt>
      <trkpt lat="59.43656" lon="24.60565">
        <ele>14.4</ele>
      </trkpt>
      <trkpt lat="59.43658" lon="24.6054">
        <ele>14.4</ele>
      </trkpt>
      <trkpt lat="59.43659" lon="24.60523">
        <ele>14.4</ele>
      </trkpt>
      <trkpt lat="59.43658" lon="24.6049">
        <ele>14.3</ele>
      </trkpt>
      <trkpt lat="59.43655" lon="24.60462">
        <ele>13.8</ele>
      </trkpt>
      <trkpt lat="59.43647" lon="24.60422">
        <ele>13.3</ele>
      </trkpt>
      <trkpt lat="59.4362" lon="24.60313">
        <ele>13.3</ele>
      </trkpt>
      <trkpt lat="59.43614" lon="24.60282">
        <ele>12.8</ele>
      </trkpt>
      <trkpt lat="59.43606" lon="24.60238">
        <ele>12.0</ele>
      </trkpt>
      <trkpt lat="59.435948" lon="24.601501">
        <ele>10.9</ele>
      </trkpt>
      <trkpt lat="59.43594" lon="24.60144">
        <ele>10.9</ele>
      </trkpt>
      <trkpt lat="59.43584" lon="24.60078">
        <ele>11.0</ele>
      </trkpt>
      <trkpt lat="59.43575" lon="24.60036">
        <ele>11.0</ele>
      </trkpt>
      <trkpt lat="59.4356" lon="24.59984">
        <ele>11.0</ele>
      </trkpt>
      <trkpt lat="59.43545" lon="24.59931">
        <ele>11.0</ele>
      </trkpt>
      <trkpt lat="59.43535" lon="24.59904">
        <ele>11.0</ele>
      </trkpt>
      <trkpt lat="59.43525" lon="24.5988">
        <ele>11.0</ele>
      </trkpt>
      <trkpt lat="59.43512" lon="24.5986">
        <ele>11.0</ele>
      </trkpt>
      <trkpt lat="59.43474" lon="24.59814">
        <ele>10.8</ele>
      </trkpt>
      <trkpt lat="59.43463" lon="24.59798">
        <ele>10.7</ele>
      </trkpt>
      <trkpt lat="59.43447" lon="24.59773">
        <ele>10.7</ele>
      </trkpt>
      <trkpt lat="59.43439" lon="24.59754">
        <ele>10.7</ele>
      </trkpt>
      <trkpt lat="59.43431" lon="24.59732">
        <ele>10.8</ele>
      </trkpt>
      <trkpt lat="59.43419" lon="24.59683">
        <ele>11.0</ele>
      </trkpt>
      <trkpt lat="59.43415" lon="24.59661">
        <ele>11.0</ele>
      </trkpt>
      <trkpt lat="59.43402" lon="24.59574">
        <ele>11.3</ele>
      </trkpt>
      <trkpt lat="59.4339" lon="24.59487">
        <ele>10.8</ele>
      </trkpt>
      <trkpt lat="59.43384" lon="24.59455">
        <ele>10.5</ele>
      </trkpt>
      <trkpt lat="59.43379" lon="24.59438">
        <ele>10.3</ele>
      </trkpt>
      <trkpt lat="59.43372" lon="24.5942">
        <ele>9.8</ele>
      </trkpt>
      <trkpt lat="59.43364" lon="24.59407">
        <ele>9.3</ele>
      </trkpt>
      <trkpt lat="59.43331" lon="24.59367">
        <ele>7.0</ele>
      </trkpt>
      <trkpt lat="59.43314" lon="24.59351">
        <ele>7.0</ele>
      </trkpt>
      <trkpt lat="59.4331" lon="24.59345">
        <ele>7.0</ele>
      </trkpt>
      <trkpt lat="59.43305" lon="24.59331">
        <ele>7.0</ele>
      </trkpt>
      <trkpt lat="59.433043" lon="24.593265">
        <ele>7.0</ele>
      </trkpt>
      <trkpt lat="59.43304" lon="24.59325">
        <ele>7.0</ele>
      </trkpt>
      <trkpt lat="59.43302" lon="24.59313">
        <ele>7.1</ele>
      </trkpt>
      <trkpt lat="59.43299" lon="24.59303">
        <ele>7.1</ele>
      </trkpt>
      <trkpt lat="59.43294" lon="24.59296">
        <ele>7.0</ele>
      </trkpt>
      <trkpt lat="59.43288" lon="24.59293">
        <ele>7.0</ele>
      </trkpt>
      <trkpt lat="59.43282" lon="24.59294">
        <ele>6.9</ele>
      </trkpt>
      <trkpt lat="59.43277" lon="24.59298">
        <ele>6.9</ele>
      </trkpt>
      <trkpt lat="59.43271" lon="24.59296">
        <ele>6.8</ele>
      </trkpt>
      <trkpt lat="59.43254" lon="24.5928">
        <ele>6.4</ele>
      </trkpt>
      <trkpt lat="59.43245" lon="24.59277">
        <ele>6.5</ele>
      </trkpt>
      <trkpt lat="59.43188" lon="24.59199">
        <ele>6.9</ele>
      </trkpt>
      <trkpt lat="59.43169" lon="24.59171">
        <ele>6.2</ele>
      </trkpt>
      <trkpt lat="59.43118" lon="24.59074">
        <ele>5.6</ele>
      </trkpt>
      <trkpt lat="59.43081" lon="24.59001">
        <ele>6.0</ele>
      </trkpt>
      <trkpt lat="59.430653" lon="24.5897">
        <ele>6.4</ele>
      </trkpt>
      <trkpt lat="59.43044" lon="24.58928">
        <ele>6.5</ele>
      </trkpt>
      <trkpt lat="59.42996" lon="24.58834">
        <ele>6.0</ele>
      </trkpt>
      <trkpt lat="59.42948" lon="24.58741">
        <ele>6.2</ele>
      </trkpt>
      <trkpt lat="59.42941" lon="24.58715">
        <ele>6.4</ele>
      </trkpt>
      <trkpt lat="59.42929" lon="24.58724">
        <ele>6.7</ele>
      </trkpt>
      <trkpt lat="59.42912" lon="24.58747">
        <ele>7.0</ele>
      </trkpt>
      <trkpt lat="59.428851" lon="24.588053">
        <ele>6.3</ele>
      </trkpt>
      <trkpt lat="59.428786" lon="24.588195">
        <ele>6.2</ele>
      </trkpt>
      <trkpt lat="59.428769" lon="24.588232">
        <ele>6.1</ele>
      </trkpt>
      <trkpt lat="59.428693" lon="24.588395">
        <ele>6.0</ele>
      </trkpt>
      <trkpt lat="59.42859" lon="24.58862">
        <ele>6.0</ele>
      </trkpt>
      <trkpt lat="59.42805" lon="24.58983">
        <ele>6.0</ele>
      </trkpt>
      <trkpt lat="59.4275" lon="24.59104">
        <ele>6.0</ele>
      </trkpt>
      <trkpt lat="59.42696" lon="24.59224">
        <ele>6.6</ele>
      </trkpt>
      <trkpt lat="59.42642" lon="24.59345">
        <ele>7.0</ele>
      </trkpt>
      <trkpt lat="59.42588" lon="24.59466">
        <ele>7.0</ele>
      </trkpt>
      <trkpt lat="59.42534" lon="24.59586">
        <ele>8.1</ele>
      </trkpt>
      <trkpt lat="59.42499" lon="24.59661">
        <ele>9.8</ele>
      </trkpt>
      <trkpt lat="59.42451" lon="24.59766">
        <ele>11.7</ele>
      </trkpt>
      <trkpt lat="59.42443" lon="24.59776">
        <ele>11.5</ele>
      </trkpt>
      <trkpt lat="59.42433" lon="24.59783">
        <ele>11.0</ele>
      </trkpt>
      <trkpt lat="59.42432" lon="24.59772">
        <ele>10.6</ele>
      </trkpt>
      <trkpt lat="59.42425" lon="24.59773">
        <ele>10.1</ele>
      </trkpt>
      <trkpt lat="59.42417" lon="24.59769">
        <ele>9.5</ele>
      </trkpt>
      <trkpt lat="59.42411" lon="24.59765">
        <ele>9.2</ele>
      </trkpt>
      <trkpt lat="59.42378" lon="24.59712">
        <ele>7.6</ele>
      </trkpt>
      <trkpt lat="59.42328" lon="24.59627">
        <ele>7.5</ele>
      </trkpt>
      <trkpt lat="59.42328" lon="24.596271">
        <ele>7.5</ele>
      </trkpt>
      <trkpt lat="59.42325" lon="24.59635">
        <ele>7.4</ele>
      </trkpt>
      <trkpt lat="59.42262" lon="24.5953">
        <ele>8.0</ele>
      </trkpt>
      <trkpt lat="59.42199" lon="24.59425">
        <ele>8.4</ele>
      </trkpt>
      <trkpt lat="59.42136" lon="24.5932">
        <ele>7.7</ele>
      </trkpt>
      <trkpt lat="59.42094" lon="24.59252">
        <ele>7.9</ele>
      </trkpt>
      <trkpt lat="59.4208" lon="24.59225">
        <ele>7.7</ele>
      </trkpt>
      <trkpt lat="59.42063" lon="24.59205">
        <ele>7.6</ele>
      </trkpt>
      <trkpt lat="59.42" lon="24.59101">
        <ele>8.0</ele>
      </trkpt>
      <trkpt lat="59.41938" lon="24.58997">
        <ele>11.0</ele>
      </trkpt>
      <trkpt lat="59.41876" lon="24.58893">
        <ele>13.5</ele>
      </trkpt>
      <trkpt lat="59.41847" lon="24.58836">
        <ele>13.8</ele>
      </trkpt>
      <trkpt lat="59.41817" lon="24.58781">
        <ele>15.0</ele>
      </trkpt>
      <trkpt lat="59.41768" lon="24.58708">
        <ele>15.5</ele>
      </trkpt>
      <trkpt lat="59.41719" lon="24.58635">
        <ele>14.2</ele>
      </trkpt>
      <trkpt lat="59.41696" lon="24.58601">
        <ele>13.9</ele>
      </trkpt>
      <trkpt lat="59.41688" lon="24.58592">
        <ele>13.9</ele>
      </trkpt>
      <trkpt lat="59.41629" lon="24.58532">
        <ele>14.0</ele>
      </trkpt>
      <trkpt lat="59.41571" lon="24.58472">
        <ele>14.3</ele>
      </trkpt>
      <trkpt lat="59.41571" lon="24.58472">
        <ele>14.3</ele>
      </trkpt>
      <trkpt lat="59.41531" lon="24.58431">
        <ele>15.8</ele>
      </trkpt>
      <trkpt lat="59.41491" lon="24.58389">
        <ele>17.8</ele>
      </trkpt>
      <trkpt lat="59.41486" lon="24.58379">
        <ele>18.1</ele>
      </trkpt>
      <trkpt lat="59.41485" lon="24.58376">
        <ele>18.2</ele>
      </trkpt>
      <trkpt lat="59.41484" lon="24.58367">
        <ele>18.4</ele>
      </trkpt>
      <trkpt lat="59.41485" lon="24.58357">
        <ele>18.4</ele>
      </trkpt>
      <trkpt lat="59.41488" lon="24.58341">
        <ele>18.5</ele>
      </trkpt>
      <trkpt lat="59.41497" lon="24.58309">
        <ele>18.4</ele>
      </trkpt>
      <trkpt lat="59.41519" lon="24.58237">
        <ele>18.1</ele>
      </trkpt>
      <trkpt lat="59.41525" lon="24.58214">
        <ele>17.8</ele>
      </trkpt>
      <trkpt lat="59.41527" lon="24.58198">
        <ele>17.7</ele>
      </trkpt>
      <trkpt lat="59.41528" lon="24.58181">
        <ele>17.7</ele>
      </trkpt>
      <trkpt lat="59.41529" lon="24.58164">
        <ele>17.6</ele>
      </trkpt>
      <trkpt lat="59.41527" lon="24.58144">
        <ele>17.6</ele>
      </trkpt>
      <trkpt lat="59.41522" lon="24.58116">
        <ele>17.7</ele>
      </trkpt>
      <trkpt lat="59.41519" lon="24.58102">
        <ele>17.7</ele>
      </trkpt>
      <trkpt lat="59.41515" lon="24.5809">
        <ele>17.7</ele>
      </trkpt>
      <trkpt lat="59.41502" lon="24.58065">
        <ele>18.0</ele>
      </trkpt>
      <trkpt lat="59.41473" lon="24.58013">
        <ele>19.3</ele>
      </trkpt>
      <trkpt lat="59.41465" lon="24.58002">
        <ele>19.7</ele>
      </trkpt>
      <trkpt lat="59.41444" lon="24.57982">
        <ele>21.0</ele>
      </trkpt>
      <trkpt lat="59.4143" lon="24.57966">
        <ele>22.1</ele>
      </trkpt>
      <trkpt lat="59.41405" lon="24.57931">
        <ele>24.4</ele>
      </trkpt>
      <trkpt lat="59.41378" lon="24.57889">
        <ele>26.7</ele>
      </trkpt>
      <trkpt lat="59.41318" lon="24.57786">
        <ele>30.7</ele>
      </trkpt>
      <trkpt lat="59.41311" lon="24.57772">
        <ele>30.9</ele>
      </trkpt>
      <trkpt lat="59.41304" lon="24.57756">
        <ele>31.0</ele>
      </trkpt>
      <trkpt lat="59.41274" lon="24.57653">
        <ele>30.2</ele>
      </trkpt>
      <trkpt lat="59.41266" lon="24.57615">
        <ele>29.7</ele>
      </trkpt>
      <trkpt lat="59.41258" lon="24.57559">
        <ele>29.2</ele>
      </trkpt>
      <trkpt lat="59.41251" lon="24.57538">
        <ele>29.0</ele>
      </trkpt>
      <trkpt lat="59.41244" lon="24.57522">
        <ele>29.1</ele>
      </trkpt>
      <trkpt lat="59.41235" lon="24.57509">
        <ele>29.2</ele>
      </trkpt>
      <trkpt lat="59.41225" lon="24.575">
        <ele>29.3</ele>
      </trkpt>
      <trkpt lat="59.41197" lon="24.57483">
        <ele>29.4</ele>
      </trkpt>
      <trkpt lat="59.41188" lon="24.57474">
        <ele>29.4</ele>
      </trkpt>
      <trkpt lat="59.41177" lon="24.57457">
        <ele>29.4</ele>
      </trkpt>
      <trkpt lat="59.411699" lon="24.574385">
        <ele>29.2</ele>
      </trkpt>
      <trkpt lat="59.4117" lon="24.57439">
        <ele>29.2</ele>
      </trkpt>
      <trkpt lat="59.41166" lon="24.57427">
        <ele>29.1</ele>
      </trkpt>
      <trkpt lat="59.41183" lon="24.57417">
        <ele>28.8</ele>
      </trkpt>
      <trkpt lat="59.41195" lon="24.57376">
        <ele>28.7</ele>
      </trkpt>
      <trkpt lat="59.41204" lon="24.57337">
        <ele>28.6</ele>
      </trkpt>
      <trkpt lat="59.41203" lon="24.57317">
        <ele>28.4</ele>
      </trkpt>
      <trkpt lat="59.41218" lon="24.57265">
        <ele>27.6</ele>
      </trkpt>
      <trkpt lat="59.41237" lon="24.57167">
        <ele>27.2</ele>
      </trkpt>
      <trkpt lat="59.41252" lon="24.5707">
        <ele>27.0</ele>
      </trkpt>
      <trkpt lat="59.41267" lon="24.56974">
        <ele>27.5</ele>
      </trkpt>
      <trkpt lat="59.41285" lon="24.56919">
        <ele>28.0</ele>
      </trkpt>
      <trkpt lat="59.41332" lon="24.56796">
        <ele>28.4</ele>
      </trkpt>
      <trkpt lat="59.41378" lon="24.56672">
        <ele>31.1</ele>
      </trkpt>
      <trkpt lat="59.41405" lon="24.56542">
        <ele>31.2</ele>
      </trkpt>
      <trkpt lat="59.41431" lon="24.56412">
        <ele>31.0</ele>
      </trkpt>
      <trkpt lat="59.41449" lon="24.56323">
        <ele>31.8</ele>
      </trkpt>
      <trkpt lat="59.41467" lon="24.56231">
        <ele>31.9</ele>
      </trkpt>
      <trkpt lat="59.41484" lon="24.5614">
        <ele>31.9</ele>
      </trkpt>
      <trkpt lat="59.41506" lon="24.56066">
        <ele>32.2</ele>
      </trkpt>
      <trkpt lat="59.4155" lon="24.55934">
        <ele>32.5</ele>
      </trkpt>
      <trkpt lat="59.41593" lon="24.55802">
        <ele>31.7</ele>
      </trkpt>
      <trkpt lat="59.41637" lon="24.5567">
        <ele>31.6</ele>
      </trkpt>
      <trkpt lat="59.41684" lon="24.55541">
        <ele>32.8</ele>
      </trkpt>
      <trkpt lat="59.41732" lon="24.55412">
        <ele>33.3</ele>
      </trkpt>
      <trkpt lat="59.41779" lon="24.55284">
        <ele>33.1</ele>
      </trkpt>
      <trkpt lat="59.41827" lon="24.55155">
        <ele>32.7</ele>
      </trkpt>
      <trkpt lat="59.41874" lon="24.55027">
        <ele>32.8</ele>
      </trkpt>
      <trkpt lat="59.41922" lon="24.54898">
        <ele>34.1</ele>
      </trkpt>
      <trkpt lat="59.4197" lon="24.5477">
        <ele>33.9</ele>
      </trkpt>
      <trkpt lat="59.42017" lon="24.54641">
        <ele>34.3</ele>
      </trkpt>
      <trkpt lat="59.4206" lon="24.5453">
        <ele>34.5</ele>
      </trkpt>
      <trkpt lat="59.4206" lon="24.5453">
        <ele>34.5</ele>
      </trkpt>
      <trkpt lat="59.4206" lon="24.5453">
        <ele>34.5</ele>
      </trkpt>
      <trkpt lat="59.42074" lon="24.54493">
        <ele>34.5</ele>
      </trkpt>
      <trkpt lat="59.42106" lon="24.54403">
        <ele>33.4</ele>
      </trkpt>
      <trkpt lat="59.42139" lon="24.54313">
        <ele>33.1</ele>
      </trkpt>
      <trkpt lat="59.42156" lon="24.5427">
        <ele>33.0</ele>
      </trkpt>
      <trkpt lat="59.4216" lon="24.54249">
        <ele>32.8</ele>
      </trkpt>
      <trkpt lat="59.42163" lon="24.54217">
        <ele>32.9</ele>
      </trkpt>
      <trkpt lat="59.42162" lon="24.54127">
        <ele>32.9</ele>
      </trkpt>
      <trkpt lat="59.42161" lon="24.54009">
        <ele>32.9</ele>
      </trkpt>
      <trkpt lat="59.4217" lon="24.53984">
        <ele>32.8</ele>
      </trkpt>
      <trkpt lat="59.42204" lon="24.53905">
        <ele>32.5</ele>
      </trkpt>
      <trkpt lat="59.4221" lon="24.53913">
        <ele>32.5</ele>
      </trkpt>
      <trkpt lat="59.42244" lon="24.53974">
        <ele>32.3</ele>
      </trkpt>
      <trkpt lat="59.42263" lon="24.54003">
        <ele>31.8</ele>
      </trkpt>
      <trkpt lat="59.42298" lon="24.54047">
        <ele>31.4</ele>
      </trkpt>
      <trkpt lat="59.422981" lon="24.540469">
        <ele>31.4</ele>
      </trkpt>
      <trkpt lat="59.42334" lon="24.54092">
        <ele>31.0</ele>
      </trkpt>
      <trkpt lat="59.42405" lon="24.54181">
        <ele>32.7</ele>
      </trkpt>
      <trkpt lat="59.42477" lon="24.5427">
        <ele>33.2</ele>
      </trkpt>
      <trkpt lat="59.4252" lon="24.54319">
        <ele>33.6</ele>
      </trkpt>
      <trkpt lat="59.42564" lon="24.54368">
        <ele>33.3</ele>
      </trkpt>
      <trkpt lat="59.42586" lon="24.54398">
        <ele>33.1</ele>
      </trkpt>
      <trkpt lat="59.4265" lon="24.54514">
        <ele>34.6</ele>
      </trkpt>
      <trkpt lat="59.42665" lon="24.54541">
        <ele>35.0</ele>
      </trkpt>
      <trkpt lat="59.4268" lon="24.54572">
        <ele>35.5</ele>
      </trkpt>
      <trkpt lat="59.42723" lon="24.54636">
        <ele>36.8</ele>
      </trkpt>
      <trkpt lat="59.42747" lon="24.5466">
        <ele>37.0</ele>
      </trkpt>
      <trkpt lat="59.42775" lon="24.54676">
        <ele>37.1</ele>
      </trkpt>
      <trkpt lat="59.42792" lon="24.54676">
        <ele>37.1</ele>
      </trkpt>
      <trkpt lat="59.42855" lon="24.54713">
        <ele>37.3</ele>
      </trkpt>
      <trkpt lat="59.42855" lon="24.54713">
        <ele>37.3</ele>
      </trkpt>
      <trkpt lat="59.42855" lon="24.54713">
        <ele>37.3</ele>
      </trkpt>
      <trkpt lat="59.42907" lon="24.5474">
        <ele>37.0</ele>
      </trkpt>
      <trkpt lat="59.42943" lon="24.54752">
        <ele>37.7</ele>
      </trkpt>
      <trkpt lat="59.43031" lon="24.54754">
        <ele>39.4</ele>
      </trkpt>
      <trkpt lat="59.43031" lon="24.54754">
        <ele>39.4</ele>
      </trkpt>
      <trkpt lat="59.43085" lon="24.54749">
        <ele>40.0</ele>
      </trkpt>
      <trkpt lat="59.431143" lon="24.547457">
        <ele>39.6</ele>
      </trkpt>
      <trkpt lat="59.43139" lon="24.54743">
        <ele>39.3</ele>
      </trkpt>
      <trkpt lat="59.431599" lon="24.547434">
        <ele>39.1</ele>
      </trkpt>
      <trkpt lat="59.43194" lon="24.54744">
        <ele>40.0</ele>
      </trkpt>
      <trkpt lat="59.4325" lon="24.54745">
        <ele>42.0</ele>
      </trkpt>
      <trkpt lat="59.43322" lon="24.54771">
        <ele>40.7</ele>
      </trkpt>
      <trkpt lat="59.43329" lon="24.54777">
        <ele>40.4</ele>
      </trkpt>
      <trkpt lat="59.43338" lon="24.54775">
        <ele>40.1</ele>
      </trkpt>
      <trkpt lat="59.43344" lon="24.54769">
        <ele>39.9</ele>
      </trkpt>
      <trkpt lat="59.43351" lon="24.54748">
        <ele>40.2</ele>
      </trkpt>
      <trkpt lat="59.43357" lon="24.54739">
        <ele>40.2</ele>
      </trkpt>
      <trkpt lat="59.43366" lon="24.54738">
        <ele>39.9</ele>
      </trkpt>
      <trkpt lat="59.43376" lon="24.54731">
        <ele>39.8</ele>
      </trkpt>
      <trkpt lat="59.43383" lon="24.54719">
        <ele>40.0</ele>
      </trkpt>
      <trkpt lat="59.43404" lon="24.5469">
        <ele>40.9</ele>
      </trkpt>
      <trkpt lat="59.43415" lon="24.54693">
        <ele>40.5</ele>
      </trkpt>
      <trkpt lat="59.43431" lon="24.54663">
        <ele>41.0</ele>
      </trkpt>
      <trkpt lat="59.43445" lon="24.54646">
        <ele>40.5</ele>
      </trkpt>
      <trkpt lat="59.43477" lon="24.54582">
        <ele>40.9</ele>
      </trkpt>
      <trkpt lat="59.43495" lon="24.54554">
        <ele>41.5</ele>
      </trkpt>
      <trkpt lat="59.43525" lon="24.54507">
        <ele>41.5</ele>
      </trkpt>
      <trkpt lat="59.43557" lon="24.54468">
        <ele>40.0</ele>
      </trkpt>
      <trkpt lat="59.43574" lon="24.5442">
        <ele>40.3</ele>
      </trkpt>
      <trkpt lat="59.43585" lon="24.54399">
        <ele>40.2</ele>
      </trkpt>
      <trkpt lat="59.43648" lon="24.5432">
        <ele>37.9</ele>
      </trkpt>
      <trkpt lat="59.43682" lon="24.54254">
        <ele>36.2</ele>
      </trkpt>
      <trkpt lat="59.43694" lon="24.54236">
        <ele>34.8</ele>
      </trkpt>
      <trkpt lat="59.43715" lon="24.54184">
        <ele>34.9</ele>
      </trkpt>
      <trkpt lat="59.43735" lon="24.54141">
        <ele>34.6</ele>
      </trkpt>
      <trkpt lat="59.4374" lon="24.54128">
        <ele>34.6</ele>
      </trkpt>
      <trkpt lat="59.43742" lon="24.54113">
        <ele>35.2</ele>
      </trkpt>
      <trkpt lat="59.43756" lon="24.54079">
        <ele>34.5</ele>
      </trkpt>
      <trkpt lat="59.43764" lon="24.54062">
        <ele>33.3</ele>
      </trkpt>
      <trkpt lat="59.43801" lon="24.53963">
        <ele>30.4</ele>
      </trkpt>
      <trkpt lat="59.43805" lon="24.53942">
        <ele>31.3</ele>
      </trkpt>
      <trkpt lat="59.4383" lon="24.53854">
        <ele>36.0</ele>
      </trkpt>
      <trkpt lat="59.43856" lon="24.53766">
        <ele>36.2</ele>
      </trkpt>
      <trkpt lat="59.43864" lon="24.53729">
        <ele>36.1</ele>
      </trkpt>
      <trkpt lat="59.43875" lon="24.53651">
        <ele>37.1</ele>
      </trkpt>
      <trkpt lat="59.43884" lon="24.53627">
        <ele>37.3</ele>
      </trkpt>
      <trkpt lat="59.43915" lon="24.5357">
        <ele>37.7</ele>
      </trkpt>
      <trkpt lat="59.43926" lon="24.5352">
        <ele>38.6</ele>
      </trkpt>
      <trkpt lat="59.43939" lon="24.53481">
        <ele>40.1</ele>
      </trkpt>
      <trkpt lat="59.43953" lon="24.53409">
        <ele>40.5</ele>
      </trkpt>
      <trkpt lat="59.43963" lon="24.53381">
        <ele>40.3</ele>
      </trkpt>
      <trkpt lat="59.43973" lon="24.53336">
        <ele>40.2</ele>
      </trkpt>
      <trkpt lat="59.43976" lon="24.53327">
        <ele>40.2</ele>
      </trkpt>
      <trkpt lat="59.43992" lon="24.53303">
        <ele>39.6</ele>
      </trkpt>
      <trkpt lat="59.43996" lon="24.53294">
        <ele>39.7</ele>
      </trkpt>
      <trkpt lat="59.44019" lon="24.53176">
        <ele>40.1</ele>
      </trkpt>
      <trkpt lat="59.44027" lon="24.53154">
        <ele>40.5</ele>
      </trkpt>
      <trkpt lat="59.44037" lon="24.53113">
        <ele>39.9</ele>
      </trkpt>
      <trkpt lat="59.44045" lon="24.53094">
        <ele>39.7</ele>
      </trkpt>
      <trkpt lat="59.44056" lon="24.53051">
        <ele>40.1</ele>
      </trkpt>
      <trkpt lat="59.4409" lon="24.52952">
        <ele>40.7</ele>
      </trkpt>
      <trkpt lat="59.44124" lon="24.52853">
        <ele>38.2</ele>
      </trkpt>
      <trkpt lat="59.44144" lon="24.52773">
        <ele>39.2</ele>
      </trkpt>
      <trkpt lat="59.44161" lon="24.52725">
        <ele>40.4</ele>
      </trkpt>
      <trkpt lat="59.44167" lon="24.52696">
        <ele>41.5</ele>
      </trkpt>
      <trkpt lat="59.44169" lon="24.5267">
        <ele>42.2</ele>
      </trkpt>
      <trkpt lat="59.4418" lon="24.52632">
        <ele>39.9</ele>
      </trkpt>
      <trkpt lat="59.44185" lon="24.52577">
        <ele>39.9</ele>
      </trkpt>
      <trkpt lat="59.442" lon="24.52501">
        <ele>38.4</ele>
      </trkpt>
      <trkpt lat="59.44215" lon="24.52456">
        <ele>37.4</ele>
      </trkpt>
      <trkpt lat="59.44223" lon="24.52412">
        <ele>38.1</ele>
      </trkpt>
      <trkpt lat="59.44223" lon="24.52412">
        <ele>38.1</ele>
      </trkpt>
      <trkpt lat="59.44234" lon="24.5235">
        <ele>39.3</ele>
      </trkpt>
      <trkpt lat="59.44252" lon="24.52283">
        <ele>40.1</ele>
      </trkpt>
      <trkpt lat="59.44272" lon="24.52152">
        <ele>37.1</ele>
      </trkpt>
      <trkpt lat="59.44274" lon="24.52134">
        <ele>36.4</ele>
      </trkpt>
      <trkpt lat="59.44287" lon="24.52087">
        <ele>33.1</ele>
      </trkpt>
      <trkpt lat="59.44292" lon="24.52058">
        <ele>32.2</ele>
      </trkpt>
      <trkpt lat="59.44295" lon="24.52015">
        <ele>32.2</ele>
      </trkpt>
      <trkpt lat="59.44295" lon="24.51985">
        <ele>32.4</ele>
      </trkpt>
      <trkpt lat="59.44292" lon="24.51967">
        <ele>32.7</ele>
      </trkpt>
      <trkpt lat="59.44278" lon="24.51905">
        <ele>34.2</ele>
      </trkpt>
      <trkpt lat="59.44272" lon="24.51893">
        <ele>34.9</ele>
      </trkpt>
      <trkpt lat="59.44269" lon="24.51881">
        <ele>35.2</ele>
      </trkpt>
      <trkpt lat="59.442688" lon="24.518792">
        <ele>35.2</ele>
      </trkpt>
      <trkpt lat="59.44267" lon="24.51863">
        <ele>35.2</ele>
      </trkpt>
      <trkpt lat="59.44282" lon="24.51738">
        <ele>36.2</ele>
      </trkpt>
      <trkpt lat="59.44283" lon="24.51723">
        <ele>36.5</ele>
      </trkpt>
      <trkpt lat="59.4428" lon="24.51698">
        <ele>37.4</ele>
      </trkpt>
      <trkpt lat="59.44288" lon="24.51674">
        <ele>37.5</ele>
      </trkpt>
      <trkpt lat="59.44294" lon="24.5165">
        <ele>37.6</ele>
      </trkpt>
      <trkpt lat="59.44311" lon="24.51542">
        <ele>37.7</ele>
      </trkpt>
      <trkpt lat="59.44323" lon="24.5148">
        <ele>37.3</ele>
      </trkpt>
      <trkpt lat="59.44324" lon="24.51395">
        <ele>36.6</ele>
      </trkpt>
      <trkpt lat="59.4432" lon="24.51335">
        <ele>36.8</ele>
      </trkpt>
      <trkpt lat="59.44323" lon="24.51298">
        <ele>36.2</ele>
      </trkpt>
      <trkpt lat="59.44316" lon="24.51237">
        <ele>36.1</ele>
      </trkpt>
      <trkpt lat="59.44311" lon="24.51163">
        <ele>36.0</ele>
      </trkpt>
      <trkpt lat="59.44302" lon="24.51123">
        <ele>37.5</ele>
      </trkpt>
      <trkpt lat="59.44312" lon="24.51108">
        <ele>37.0</ele>
      </trkpt>
      <trkpt lat="59.44325" lon="24.5108">
        <ele>36.7</ele>
      </trkpt>
      <trkpt lat="59.44343" lon="24.51027">
        <ele>36.7</ele>
      </trkpt>
      <trkpt lat="59.44364" lon="24.50964">
        <ele>36.0</ele>
      </trkpt>
      <trkpt lat="59.44376" lon="24.50909">
        <ele>35.5</ele>
      </trkpt>
      <trkpt lat="59.44393" lon="24.50809">
        <ele>35.5</ele>
      </trkpt>
      <trkpt lat="59.44424" lon="24.50666">
        <ele>37.1</ele>
      </trkpt>
      <trkpt lat="59.44444" lon="24.50577">
        <ele>36.5</ele>
      </trkpt>
      <trkpt lat="59.44465" lon="24.50489">
        <ele>36.1</ele>
      </trkpt>
      <trkpt lat="59.44493" lon="24.5036">
        <ele>36.1</ele>
      </trkpt>
      <trkpt lat="59.44515" lon="24.50248">
        <ele>35.6</ele>
      </trkpt>
      <trkpt lat="59.44534" lon="24.50168">
        <ele>34.1</ele>
      </trkpt>
      <trkpt lat="59.44534" lon="24.50168">
        <ele>34.1</ele>
      </trkpt>
      <trkpt lat="59.44545" lon="24.50119">
        <ele>34.1</ele>
      </trkpt>
      <trkpt lat="59.44572" lon="24.50021">
        <ele>34.1</ele>
      </trkpt>
      <trkpt lat="59.44598" lon="24.49922">
        <ele>33.2</ele>
      </trkpt>
      <trkpt lat="59.44603" lon="24.49884">
        <ele>32.8</ele>
      </trkpt>
      <trkpt lat="59.44602" lon="24.49833">
        <ele>33.6</ele>
      </trkpt>
      <trkpt lat="59.44609" lon="24.49786">
        <ele>33.9</ele>
      </trkpt>
      <trkpt lat="59.44636" lon="24.49684">
        <ele>33.4</ele>
      </trkpt>
      <trkpt lat="59.44633" lon="24.49666">
        <ele>34.5</ele>
      </trkpt>
      <trkpt lat="59.44616" lon="24.49661">
        <ele>36.8</ele>
      </trkpt>
      <trkpt lat="59.44581" lon="24.49628">
        <ele>40.4</ele>
      </trkpt>
      <trkpt lat="59.44546" lon="24.49575">
        <ele>37.6</ele>
      </trkpt>
      <trkpt lat="59.44535" lon="24.49564">
        <ele>36.7</ele>
      </trkpt>
      <trkpt lat="59.44517" lon="24.49523">
        <ele>34.7</ele>
      </trkpt>
      <trkpt lat="59.44521" lon="24.49508">
        <ele>34.7</ele>
      </trkpt>
      <trkpt lat="59.44524" lon="24.49484">
        <ele>34.7</ele>
      </trkpt>
      <trkpt lat="59.44522" lon="24.49465">
        <ele>34.6</ele>
      </trkpt>
      <trkpt lat="59.44586" lon="24.49412">
        <ele>35.8</ele>
      </trkpt>
      <trkpt lat="59.4465" lon="24.4936">
        <ele>34.2</ele>
      </trkpt>
      <trkpt lat="59.44715" lon="24.49307">
        <ele>31.3</ele>
      </trkpt>
      <trkpt lat="59.44744" lon="24.4926">
        <ele>30.9</ele>
      </trkpt>
      <trkpt lat="59.44799" lon="24.49141">
        <ele>31.0</ele>
      </trkpt>
      <trkpt lat="59.44814" lon="24.49116">
        <ele>31.1</ele>
      </trkpt>
      <trkpt lat="59.44829" lon="24.49096">
        <ele>30.9</ele>
      </trkpt>
      <trkpt lat="59.44887" lon="24.4904">
        <ele>27.9</ele>
      </trkpt>
      <trkpt lat="59.44944" lon="24.48984">
        <ele>24.6</ele>
      </trkpt>
      <trkpt lat="59.44952" lon="24.48972">
        <ele>24.0</ele>
      </trkpt>
      <trkpt lat="59.44964" lon="24.48945">
        <ele>23.6</ele>
      </trkpt>
      <trkpt lat="59.44975" lon="24.48932">
        <ele>22.9</ele>
      </trkpt>
      <trkpt lat="59.45036" lon="24.48878">
        <ele>21.6</ele>
      </trkpt>
      <trkpt lat="59.45097" lon="24.48824">
        <ele>22.8</ele>
      </trkpt>
      <trkpt lat="59.45125" lon="24.48801">
        <ele>22.6</ele>
      </trkpt>
      <trkpt lat="59.45134" lon="24.48798">
        <ele>22.5</ele>
      </trkpt>
      <trkpt lat="59.45161" lon="24.48798">
        <ele>22.0</ele>
      </trkpt>
      <trkpt lat="59.45179" lon="24.48789">
        <ele>20.9</ele>
      </trkpt>
      <trkpt lat="59.45232" lon="24.48748">
        <ele>18.4</ele>
      </trkpt>
      <trkpt lat="59.45254" lon="24.4872">
        <ele>18.6</ele>
      </trkpt>
      <trkpt lat="59.45292" lon="24.4865">
        <ele>17.7</ele>
      </trkpt>
      <trkpt lat="59.45304" lon="24.4863">
        <ele>17.1</ele>
      </trkpt>
      <trkpt lat="59.45364" lon="24.48575">
        <ele>16.8</ele>
      </trkpt>
      <trkpt lat="59.45418" lon="24.48478">
        <ele>20.4</ele>
      </trkpt>
      <trkpt lat="59.45448" lon="24.48434">
        <ele>19.2</ele>
      </trkpt>
      <trkpt lat="59.45521" lon="24.48349">
        <ele>15.0</ele>
      </trkpt>
      <trkpt lat="59.45553" lon="24.48303">
        <ele>13.5</ele>
      </trkpt>
      <trkpt lat="59.45565" lon="24.48278">
        <ele>13.3</ele>
      </trkpt>
      <trkpt lat="59.45573" lon="24.48253">
        <ele>13.7</ele>
      </trkpt>
      <trkpt lat="59.45594" lon="24.48139">
        <ele>16.7</ele>
      </trkpt>
      <trkpt lat="59.45628" lon="24.48031">
        <ele>16.8</ele>
      </trkpt>
      <trkpt lat="59.45662" lon="24.47924">
        <ele>15.6</ele>
      </trkpt>
      <trkpt lat="59.45694" lon="24.47854">
        <ele>14.2</ele>
      </trkpt>
      <trkpt lat="59.45741" lon="24.47784">
        <ele>14.3</ele>
      </trkpt>
      <trkpt lat="59.45788" lon="24.47715">
        <ele>12.8</ele>
      </trkpt>
      <trkpt lat="59.45802" lon="24.47693">
        <ele>12.6</ele>
      </trkpt>
      <trkpt lat="59.45813" lon="24.4767">
        <ele>12.5</ele>
      </trkpt>
      <trkpt lat="59.45813" lon="24.4767">
        <ele>12.5</ele>
      </trkpt>
      <trkpt lat="59.45871" lon="24.47556">
        <ele>12.2</ele>
      </trkpt>
      <trkpt lat="59.45928" lon="24.47442">
        <ele>10.5</ele>
      </trkpt>
      <trkpt lat="59.45986" lon="24.47327">
        <ele>11.6</ele>
      </trkpt>
      <trkpt lat="59.46043" lon="24.47213">
        <ele>16.0</ele>
      </trkpt>
      <trkpt lat="59.46081" lon="24.47147">
        <ele>16.4</ele>
      </trkpt>
      <trkpt lat="59.46107" lon="24.4712">
        <ele>16.9</ele>
      </trkpt>
      <trkpt lat="59.46162" lon="24.47071">
        <ele>17.8</ele>
      </trkpt>
      <trkpt lat="59.46216" lon="24.47022">
        <ele>18.8</ele>
      </trkpt>
      <trkpt lat="59.46271" lon="24.46974">
        <ele>18.0</ele>
      </trkpt>
      <trkpt lat="59.46308" lon="24.4693">
        <ele>16.8</ele>
      </trkpt>
      <trkpt lat="59.46328" lon="24.46896">
        <ele>16.7</ele>
      </trkpt>
      <trkpt lat="59.46386" lon="24.46776">
        <ele>14.9</ele>
      </trkpt>
      <trkpt lat="59.46435" lon="24.46668">
        <ele>17.2</ele>
      </trkpt>
      <trkpt lat="59.46485" lon="24.4656">
        <ele>20.1</ele>
      </trkpt>
      <trkpt lat="59.4654" lon="24.46458">
        <ele>20.8</ele>
      </trkpt>
      <trkpt lat="59.46545" lon="24.46467">
        <ele>20.4</ele>
      </trkpt>
      <trkpt lat="59.46606" lon="24.46363">
        <ele>18.9</ele>
      </trkpt>
      <trkpt lat="59.46612" lon="24.46358">
        <ele>18.5</ele>
      </trkpt>
      <trkpt lat="59.46624" lon="24.46339">
        <ele>18.0</ele>
      </trkpt>
      <trkpt lat="59.46625" lon="24.46322">
        <ele>18.3</ele>
      </trkpt>
      <trkpt lat="59.46646" lon="24.46279">
        <ele>17.8</ele>
      </trkpt>
      <trkpt lat="59.46653" lon="24.46258">
        <ele>17.8</ele>
      </trkpt>
      <trkpt lat="59.46661" lon="24.46224">
        <ele>18.0</ele>
      </trkpt>
      <trkpt lat="59.46667" lon="24.46211">
        <ele>17.9</ele>
      </trkpt>
      <trkpt lat="59.4667" lon="24.46192">
        <ele>18.4</ele>
      </trkpt>
      <trkpt lat="59.46671" lon="24.46173">
        <ele>18.9</ele>
      </trkpt>
      <trkpt lat="59.46673" lon="24.46095">
        <ele>19.7</ele>
      </trkpt>
      <trkpt lat="59.46678" lon="24.46011">
        <ele>19.7</ele>
      </trkpt>
      <trkpt lat="59.46671" lon="24.45894">
        <ele>20.9</ele>
      </trkpt>
      <trkpt lat="59.46673" lon="24.45862">
        <ele>20.8</ele>
      </trkpt>
      <trkpt lat="59.46676" lon="24.45837">
        <ele>20.8</ele>
      </trkpt>
      <trkpt lat="59.46675" lon="24.45818">
        <ele>20.8</ele>
      </trkpt>
      <trkpt lat="59.46681" lon="24.45808">
        <ele>20.7</ele>
      </trkpt>
      <trkpt lat="59.467" lon="24.45793">
        <ele>20.2</ele>
      </trkpt>
      <trkpt lat="59.46709" lon="24.45796">
        <ele>20.0</ele>
      </trkpt>
      <trkpt lat="59.46715" lon="24.45812">
        <ele>19.8</ele>
      </trkpt>
      <trkpt lat="59.46727" lon="24.45872">
        <ele>19.6</ele>
      </trkpt>
      <trkpt lat="59.46735" lon="24.45879">
        <ele>19.4</ele>
      </trkpt>
      <trkpt lat="59.46742" lon="24.45876">
        <ele>19.2</ele>
      </trkpt>
      <trkpt lat="59.4675" lon="24.45863">
        <ele>19.0</ele>
      </trkpt>
      <trkpt lat="59.46756" lon="24.45816">
        <ele>19.0</ele>
      </trkpt>
      <trkpt lat="59.46761" lon="24.45803">
        <ele>19.0</ele>
      </trkpt>
      <trkpt lat="59.46792" lon="24.45753">
        <ele>18.5</ele>
      </trkpt>
      <trkpt lat="59.46813" lon="24.45703">
        <ele>17.8</ele>
      </trkpt>
      <trkpt lat="59.46813" lon="24.45689">
        <ele>17.7</ele>
      </trkpt>
      <trkpt lat="59.46809" lon="24.45664">
        <ele>17.6</ele>
      </trkpt>
      <trkpt lat="59.46813" lon="24.45496">
        <ele>18.0</ele>
      </trkpt>
      <trkpt lat="59.46818" lon="24.45417">
        <ele>18.2</ele>
      </trkpt>
      <trkpt lat="59.46818" lon="24.45417">
        <ele>18.2</ele>
      </trkpt>
      <trkpt lat="59.46821" lon="24.45366">
        <ele>18.1</ele>
      </trkpt>
      <trkpt lat="59.46826" lon="24.45329">
        <ele>18.1</ele>
      </trkpt>
      <trkpt lat="59.46832" lon="24.45292">
        <ele>18.5</ele>
      </trkpt>
      <trkpt lat="59.46842" lon="24.45266">
        <ele>18.3</ele>
      </trkpt>
      <trkpt lat="59.46848" lon="24.4524">
        <ele>18.3</ele>
      </trkpt>
      <trkpt lat="59.46852" lon="24.45207">
        <ele>18.5</ele>
      </trkpt>
      <trkpt lat="59.46848" lon="24.45041">
        <ele>22.5</ele>
      </trkpt>
      <trkpt lat="59.46863" lon="24.44881">
        <ele>23.3</ele>
      </trkpt>
      <trkpt lat="59.46866" lon="24.44864">
        <ele>23.2</ele>
      </trkpt>
      <trkpt lat="59.46903" lon="24.44815">
        <ele>22.4</ele>
      </trkpt>
      <trkpt lat="59.46933" lon="24.44739">
        <ele>19.7</ele>
      </trkpt>
      <trkpt lat="59.4693" lon="24.44722">
        <ele>20.2</ele>
      </trkpt>
      <trkpt lat="59.4693" lon="24.44616">
        <ele>20.4</ele>
      </trkpt>
      <trkpt lat="59.4693" lon="24.4451">
        <ele>20.4</ele>
      </trkpt>
      <trkpt lat="59.46911" lon="24.44493">
        <ele>22.6</ele>
      </trkpt>
      <trkpt lat="59.46868" lon="24.44428">
        <ele>26.7</ele>
      </trkpt>
      <trkpt lat="59.46857" lon="24.44411">
        <ele>27.6</ele>
      </trkpt>
      <trkpt lat="59.46846" lon="24.44365">
        <ele>28.4</ele>
      </trkpt>
      <trkpt lat="59.46837" lon="24.44355">
        <ele>28.8</ele>
      </trkpt>
      <trkpt lat="59.46827" lon="24.44351">
        <ele>29.1</ele>
      </trkpt>
      <trkpt lat="59.46795" lon="24.44315">
        <ele>29.6</ele>
      </trkpt>
      <trkpt lat="59.46764" lon="24.44273">
        <ele>30.0</ele>
      </trkpt>
      <trkpt lat="59.46756" lon="24.44255">
        <ele>30.0</ele>
      </trkpt>
      <trkpt lat="59.46768" lon="24.44231">
        <ele>30.0</ele>
      </trkpt>
      <trkpt lat="59.46782" lon="24.4421">
        <ele>30.0</ele>
      </trkpt>
      <trkpt lat="59.46801" lon="24.4416">
        <ele>30.1</ele>
      </trkpt>
      <trkpt lat="59.46816" lon="24.44082">
        <ele>31.0</ele>
      </trkpt>
      <trkpt lat="59.46835" lon="24.43997">
        <ele>31.0</ele>
      </trkpt>
      <trkpt lat="59.46855" lon="24.43911">
        <ele>32.3</ele>
      </trkpt>
      <trkpt lat="59.46866" lon="24.43886">
        <ele>32.2</ele>
      </trkpt>
      <trkpt lat="59.46881" lon="24.4386">
        <ele>32.0</ele>
      </trkpt>
      <trkpt lat="59.46882" lon="24.43837">
        <ele>32.2</ele>
      </trkpt>
      <trkpt lat="59.46891" lon="24.43814">
        <ele>31.7</ele>
      </trkpt>
      <trkpt lat="59.46893" lon="24.43793">
        <ele>31.4</ele>
      </trkpt>
      <trkpt lat="59.46887" lon="24.43769">
        <ele>31.3</ele>
      </trkpt>
      <trkpt lat="59.46888" lon="24.43756">
        <ele>31.1</ele>
      </trkpt>
      <trkpt lat="59.46896" lon="24.43713">
        <ele>30.4</ele>
      </trkpt>
      <trkpt lat="59.46928" lon="24.43685">
        <ele>28.4</ele>
      </trkpt>
      <trkpt lat="59.46955" lon="24.43645">
        <ele>26.5</ele>
      </trkpt>
      <trkpt lat="59.4696" lon="24.43634">
        <ele>26.3</ele>
      </trkpt>
      <trkpt lat="59.4697" lon="24.4357">
        <ele>26.6</ele>
      </trkpt>
      <trkpt lat="59.46988" lon="24.43508">
        <ele>27.1</ele>
      </trkpt>
      <trkpt lat="59.46997" lon="24.43473">
        <ele>26.7</ele>
      </trkpt>
      <trkpt lat="59.46997" lon="24.43449">
        <ele>26.5</ele>
      </trkpt>
      <trkpt lat="59.47062" lon="24.43404">
        <ele>22.4</ele>
      </trkpt>
      <trkpt lat="59.47079" lon="24.43384">
        <ele>21.6</ele>
      </trkpt>
      <trkpt lat="59.47089" lon="24.43347">
        <ele>20.3</ele>
      </trkpt>
      <trkpt lat="59.47105" lon="24.43212">
        <ele>18.9</ele>
      </trkpt>
      <trkpt lat="59.47126" lon="24.43128">
        <ele>19.2</ele>
      </trkpt>
      <trkpt lat="59.47133" lon="24.43089">
        <ele>18.5</ele>
      </trkpt>
      <trkpt lat="59.47143" lon="24.43061">
        <ele>17.6</ele>
      </trkpt>
      <trkpt lat="59.47159" lon="24.42991">
        <ele>16.6</ele>
      </trkpt>
      <trkpt lat="59.47163" lon="24.42963">
        <ele>16.7</ele>
      </trkpt>
      <trkpt lat="59.47164" lon="24.42944">
        <ele>16.8</ele>
      </trkpt>
      <trkpt lat="59.47155" lon="24.42926">
        <ele>17.6</ele>
      </trkpt>
      <trkpt lat="59.47155" lon="24.42912">
        <ele>17.7</ele>
      </trkpt>
      <trkpt lat="59.47162" lon="24.42885">
        <ele>17.6</ele>
      </trkpt>
      <trkpt lat="59.47167" lon="24.42854">
        <ele>17.7</ele>
      </trkpt>
      <trkpt lat="59.47191" lon="24.4279">
        <ele>12.4</ele>
      </trkpt>
      <trkpt lat="59.47212" lon="24.42701">
        <ele>13.6</ele>
      </trkpt>
      <trkpt lat="59.47217" lon="24.42673">
        <ele>17.0</ele>
      </trkpt>
      <trkpt lat="59.47224" lon="24.42654">
        <ele>18.0</ele>
      </trkpt>
      <trkpt lat="59.47247" lon="24.42635">
        <ele>18.5</ele>
      </trkpt>
      <trkpt lat="59.47271" lon="24.42633">
        <ele>13.9</ele>
      </trkpt>
      <trkpt lat="59.47287" lon="24.42637">
        <ele>10.4</ele>
      </trkpt>
      <trkpt lat="59.47297" lon="24.42633">
        <ele>8.1</ele>
      </trkpt>
      <trkpt lat="59.47304" lon="24.4262">
        <ele>6.5</ele>
      </trkpt>
      <trkpt lat="59.47311" lon="24.42576">
        <ele>4.8</ele>
      </trkpt>
      <trkpt lat="59.47273" lon="24.42473">
        <ele>12.1</ele>
      </trkpt>
      <trkpt lat="59.47275" lon="24.42454">
        <ele>11.1</ele>
      </trkpt>
      <trkpt lat="59.47277" lon="24.42449">
        <ele>10.5</ele>
      </trkpt>
      <trkpt lat="59.47274" lon="24.42408">
        <ele>9.7</ele>
      </trkpt>
      <trkpt lat="59.47274" lon="24.42408">
        <ele>9.7</ele>
      </trkpt>
      <trkpt lat="59.47273" lon="24.42398">
        <ele>9.5</ele>
      </trkpt>
      <trkpt lat="59.47259" lon="24.4233">
        <ele>8.7</ele>
      </trkpt>
      <trkpt lat="59.47226" lon="24.42213">
        <ele>6.3</ele>
      </trkpt>
      <trkpt lat="59.4722" lon="24.42172">
        <ele>5.6</ele>
      </trkpt>
      <trkpt lat="59.4721" lon="24.42149">
        <ele>7.1</ele>
      </trkpt>
      <trkpt lat="59.47196" lon="24.42098">
        <ele>9.2</ele>
      </trkpt>
      <trkpt lat="59.47193" lon="24.4209">
        <ele>9.6</ele>
      </trkpt>
      <trkpt lat="59.4719" lon="24.42081">
        <ele>10.1</ele>
      </trkpt>
      <trkpt lat="59.4719" lon="24.4207">
        <ele>10.1</ele>
      </trkpt>
      <trkpt lat="59.47196" lon="24.42051">
        <ele>9.1</ele>
      </trkpt>
      <trkpt lat="59.47197" lon="24.42037">
        <ele>8.9</ele>
      </trkpt>
      <trkpt lat="59.47194" lon="24.42014">
        <ele>9.4</ele>
      </trkpt>
      <trkpt lat="59.47196" lon="24.41997">
        <ele>9.0</ele>
      </trkpt>
      <trkpt lat="59.472" lon="24.41988">
        <ele>8.3</ele>
      </trkpt>
      <trkpt lat="59.47202" lon="24.41976">
        <ele>7.9</ele>
      </trkpt>
      <trkpt lat="59.472" lon="24.41954">
        <ele>8.1</ele>
      </trkpt>
      <trkpt lat="59.47197" lon="24.41942">
        <ele>8.5</ele>
      </trkpt>
      <trkpt lat="59.47195" lon="24.4192">
        <ele>8.6</ele>
      </trkpt>
      <trkpt lat="59.47189" lon="24.41901">
        <ele>9.5</ele>
      </trkpt>
      <trkpt lat="59.47196" lon="24.4188">
        <ele>8.4</ele>
      </trkpt>
      <trkpt lat="59.47198" lon="24.41861">
        <ele>8.1</ele>
      </trkpt>
      <trkpt lat="59.47205" lon="24.41848">
        <ele>7.0</ele>
      </trkpt>
      <trkpt lat="59.47218" lon="24.41831">
        <ele>5.1</ele>
      </trkpt>
      <trkpt lat="59.4725" lon="24.4181">
        <ele>1.4</ele>
      </trkpt>
      <trkpt lat="59.47255" lon="24.41803">
        <ele>1.7</ele>
      </trkpt>
      <trkpt lat="59.47261" lon="24.41781">
        <ele>2.7</ele>
      </trkpt>
      <trkpt lat="59.47265" lon="24.41769">
        <ele>3.2</ele>
      </trkpt>
      <trkpt lat="59.47264" lon="24.4175">
        <ele>4.2</ele>
      </trkpt>
      <trkpt lat="59.4727" lon="24.41666">
        <ele>6.9</ele>
      </trkpt>
      <trkpt lat="59.47284" lon="24.41624">
        <ele>7.2</ele>
      </trkpt>
      <trkpt lat="59.47285" lon="24.41614">
        <ele>7.2</ele>
      </trkpt>
      <trkpt lat="59.47292" lon="24.41584">
        <ele>7.4</ele>
      </trkpt>
      <trkpt lat="59.47295" lon="24.41568">
        <ele>7.6</ele>
      </trkpt>
      <trkpt lat="59.47305" lon="24.41466">
        <ele>9.9</ele>
      </trkpt>
      <trkpt lat="59.47303" lon="24.4139">
        <ele>11.8</ele>
      </trkpt>
      <trkpt lat="59.47303" lon="24.41386">
        <ele>11.9</ele>
      </trkpt>
      <trkpt lat="59.47303" lon="24.41381">
        <ele>12.1</ele>
      </trkpt>
      <trkpt lat="59.47298" lon="24.41382">
        <ele>12.3</ele>
      </trkpt>
      <trkpt lat="59.47273" lon="24.41398">
        <ele>13.7</ele>
      </trkpt>
      <trkpt lat="59.47229" lon="24.4142">
        <ele>18.8</ele>
      </trkpt>
      <trkpt lat="59.47217" lon="24.41424">
        <ele>19.2</ele>
      </trkpt>
      <trkpt lat="59.47214" lon="24.41422">
        <ele>19.3</ele>
      </trkpt>
      <trkpt lat="59.47153" lon="24.41454">
        <ele>21.1</ele>
      </trkpt>
      <trkpt lat="59.47149" lon="24.41455">
        <ele>21.1</ele>
      </trkpt>
      <trkpt lat="59.47143" lon="24.41451">
        <ele>21.1</ele>
      </trkpt>
      <trkpt lat="59.47152" lon="24.41401">
        <ele>21.0</ele>
      </trkpt>
      <trkpt lat="59.47153" lon="24.4137">
        <ele>20.9</ele>
      </trkpt>
      <trkpt lat="59.47151" lon="24.41336">
        <ele>20.8</ele>
      </trkpt>
      <trkpt lat="59.47147" lon="24.41312">
        <ele>20.8</ele>
      </trkpt>
      <trkpt lat="59.47113" lon="24.41214">
        <ele>20.4</ele>
      </trkpt>
      <trkpt lat="59.47104" lon="24.41163">
        <ele>20.2</ele>
      </trkpt>
      <trkpt lat="59.471" lon="24.41142">
        <ele>20.1</ele>
      </trkpt>
      <trkpt lat="59.471005" lon="24.411417">
        <ele>20.1</ele>
      </trkpt>
      <trkpt lat="59.47081" lon="24.41025">
        <ele>20.0</ele>
      </trkpt>
      <trkpt lat="59.47064" lon="24.40934">
        <ele>18.4</ele>
      </trkpt>
      <trkpt lat="59.47063" lon="24.40907">
        <ele>17.9</ele>
      </trkpt>
      <trkpt lat="59.47064" lon="24.40894">
        <ele>17.8</ele>
      </trkpt>
      <trkpt lat="59.47067" lon="24.40882">
        <ele>17.7</ele>
      </trkpt>
      <trkpt lat="59.47078" lon="24.40858">
        <ele>17.3</ele>
      </trkpt>
      <trkpt lat="59.47146" lon="24.40753">
        <ele>15.9</ele>
      </trkpt>
      <trkpt lat="59.47156" lon="24.40732">
        <ele>15.4</ele>
      </trkpt>
      <trkpt lat="59.4716" lon="24.40719">
        <ele>15.2</ele>
      </trkpt>
      <trkpt lat="59.47162" lon="24.4068">
        <ele>14.3</ele>
      </trkpt>
      <trkpt lat="59.47162" lon="24.40658">
        <ele>13.8</ele>
      </trkpt>
      <trkpt lat="59.47157" lon="24.40625">
        <ele>13.4</ele>
      </trkpt>
      <trkpt lat="59.47149" lon="24.40589">
        <ele>13.1</ele>
      </trkpt>
      <trkpt lat="59.47143" lon="24.40571">
        <ele>13.0</ele>
      </trkpt>
      <trkpt lat="59.47106" lon="24.40484">
        <ele>12.9</ele>
      </trkpt>
      <trkpt lat="59.4707" lon="24.40398">
        <ele>12.8</ele>
      </trkpt>
      <trkpt lat="59.47065" lon="24.40394">
        <ele>12.8</ele>
      </trkpt>
      <trkpt lat="59.47018" lon="24.40416">
        <ele>12.2</ele>
      </trkpt>
      <trkpt lat="59.46992" lon="24.40266">
        <ele>12.2</ele>
      </trkpt>
      <trkpt lat="59.46966" lon="24.40117">
        <ele>12.5</ele>
      </trkpt>
      <trkpt lat="59.46966" lon="24.40117">
        <ele>12.5</ele>
      </trkpt>
      <trkpt lat="59.46944" lon="24.39996">
        <ele>12.4</ele>
      </trkpt>
      <trkpt lat="59.46923" lon="24.39875">
        <ele>13.5</ele>
      </trkpt>
      <trkpt lat="59.46923" lon="24.39851">
        <ele>13.8</ele>
      </trkpt>
      <trkpt lat="59.46933" lon="24.39726">
        <ele>13.7</ele>
      </trkpt>
      <trkpt lat="59.46942" lon="24.39601">
        <ele>13.4</ele>
      </trkpt>
      <trkpt lat="59.46952" lon="24.39476">
        <ele>14.0</ele>
      </trkpt>
      <trkpt lat="59.46953" lon="24.39421">
        <ele>15.9</ele>
      </trkpt>
      <trkpt lat="59.46942" lon="24.39352">
        <ele>17.8</ele>
      </trkpt>
      <trkpt lat="59.46941" lon="24.39336">
        <ele>18.2</ele>
      </trkpt>
      <trkpt lat="59.46931" lon="24.39337">
        <ele>18.1</ele>
      </trkpt>
      <trkpt lat="59.46931" lon="24.39161">
        <ele>23.2</ele>
      </trkpt>
      <trkpt lat="59.46931" lon="24.38985">
        <ele>24.1</ele>
      </trkpt>
      <trkpt lat="59.46931" lon="24.38809">
        <ele>24.3</ele>
      </trkpt>
      <trkpt lat="59.4693" lon="24.38633">
        <ele>21.8</ele>
      </trkpt>
      <trkpt lat="59.4693" lon="24.38457">
        <ele>21.9</ele>
      </trkpt>
      <trkpt lat="59.4693" lon="24.38281">
        <ele>22.9</ele>
      </trkpt>
      <trkpt lat="59.4693" lon="24.38105">
        <ele>21.9</ele>
      </trkpt>
      <trkpt lat="59.4693" lon="24.37929">
        <ele>21.0</ele>
      </trkpt>
      <trkpt lat="59.46929" lon="24.37911">
        <ele>20.8</ele>
      </trkpt>
      <trkpt lat="59.46924" lon="24.37895">
        <ele>20.7</ele>
      </trkpt>
      <trkpt lat="59.46917" lon="24.37885">
        <ele>20.6</ele>
      </trkpt>
      <trkpt lat="59.46913" lon="24.37883">
        <ele>20.7</ele>
      </trkpt>
      <trkpt lat="59.46915" lon="24.37864">
        <ele>20.4</ele>
      </trkpt>
      <trkpt lat="59.46928" lon="24.3783">
        <ele>20.0</ele>
      </trkpt>
      <trkpt lat="59.46986" lon="24.37697">
        <ele>20.3</ele>
      </trkpt>
      <trkpt lat="59.47" lon="24.37656">
        <ele>20.0</ele>
      </trkpt>
      <trkpt lat="59.4702" lon="24.37579">
        <ele>19.8</ele>
      </trkpt>
      <trkpt lat="59.47029" lon="24.37515">
        <ele>19.7</ele>
      </trkpt>
      <trkpt lat="59.4703" lon="24.37451">
        <ele>19.3</ele>
      </trkpt>
      <trkpt lat="59.47027" lon="24.37386">
        <ele>18.8</ele>
      </trkpt>
      <trkpt lat="59.47023" lon="24.37354">
        <ele>18.5</ele>
      </trkpt>
      <trkpt lat="59.47016" lon="24.37318">
        <ele>18.0</ele>
      </trkpt>
      <trkpt lat="59.46992" lon="24.37239">
        <ele>17.0</ele>
      </trkpt>
      <trkpt lat="59.46947" lon="24.3712">
        <ele>16.1</ele>
      </trkpt>
      <trkpt lat="59.46903" lon="24.37001">
        <ele>16.5</ele>
      </trkpt>
      <trkpt lat="59.46859" lon="24.36882">
        <ele>17.8</ele>
      </trkpt>
      <trkpt lat="59.46814" lon="24.36764">
        <ele>18.4</ele>
      </trkpt>
      <trkpt lat="59.4677" lon="24.36645">
        <ele>17.5</ele>
      </trkpt>
      <trkpt lat="59.46725" lon="24.36526">
        <ele>16.5</ele>
      </trkpt>
      <trkpt lat="59.46709" lon="24.36476">
        <ele>16.4</ele>
      </trkpt>
      <trkpt lat="59.46699" lon="24.36432">
        <ele>16.1</ele>
      </trkpt>
      <trkpt lat="59.46667" lon="24.36435">
        <ele>16.2</ele>
      </trkpt>
      <trkpt lat="59.46657" lon="24.36434">
        <ele>16.1</ele>
      </trkpt>
      <trkpt lat="59.46575" lon="24.3637">
        <ele>14.9</ele>
      </trkpt>
      <trkpt lat="59.46493" lon="24.36307">
        <ele>14.1</ele>
      </trkpt>
      <trkpt lat="59.46411" lon="24.36243">
        <ele>14.2</ele>
      </trkpt>
      <trkpt lat="59.46329" lon="24.3618">
        <ele>15.6</ele>
      </trkpt>
      <trkpt lat="59.4628" lon="24.36128">
        <ele>15.7</ele>
      </trkpt>
      <trkpt lat="59.46243" lon="24.36065">
        <ele>14.8</ele>
      </trkpt>
      <trkpt lat="59.46204" lon="24.35983">
        <ele>15.3</ele>
      </trkpt>
      <trkpt lat="59.46165" lon="24.35901">
        <ele>18.0</ele>
      </trkpt>
      <trkpt lat="59.46117" lon="24.35799">
        <ele>18.0</ele>
      </trkpt>
      <trkpt lat="59.46069" lon="24.35698">
        <ele>18.0</ele>
      </trkpt>
      <trkpt lat="59.46069" lon="24.35698">
        <ele>18.0</ele>
      </trkpt>
      <trkpt lat="59.46013" lon="24.3558">
        <ele>17.2</ele>
      </trkpt>
      <trkpt lat="59.45957" lon="24.35462">
        <ele>16.4</ele>
      </trkpt>
      <trkpt lat="59.45902" lon="24.35343">
        <ele>17.5</ele>
      </trkpt>
      <trkpt lat="59.45874" lon="24.35306">
        <ele>17.0</ele>
      </trkpt>
      <trkpt lat="59.45852" lon="24.3529">
        <ele>16.7</ele>
      </trkpt>
      <trkpt lat="59.45834" lon="24.35279">
        <ele>16.7</ele>
      </trkpt>
      <trkpt lat="59.45802" lon="24.35271">
        <ele>16.9</ele>
      </trkpt>
      <trkpt lat="59.4577" lon="24.35277">
        <ele>16.9</ele>
      </trkpt>
      <trkpt lat="59.45698" lon="24.35305">
        <ele>17.1</ele>
      </trkpt>
      <trkpt lat="59.45644" lon="24.35331">
        <ele>17.3</ele>
      </trkpt>
      <trkpt lat="59.4559" lon="24.35358">
        <ele>17.6</ele>
      </trkpt>
      <trkpt lat="59.45542" lon="24.35406">
        <ele>17.6</ele>
      </trkpt>
      <trkpt lat="59.45483" lon="24.35481">
        <ele>16.5</ele>
      </trkpt>
      <trkpt lat="59.45425" lon="24.35556">
        <ele>15.4</ele>
      </trkpt>
      <trkpt lat="59.4538" lon="24.35608">
        <ele>15.6</ele>
      </trkpt>
      <trkpt lat="59.45328" lon="24.35638">
        <ele>16.4</ele>
      </trkpt>
      <trkpt lat="59.45304" lon="24.35646">
        <ele>16.6</ele>
      </trkpt>
      <trkpt lat="59.45258" lon="24.35627">
        <ele>17.4</ele>
      </trkpt>
      <trkpt lat="59.45201" lon="24.35588">
        <ele>17.4</ele>
      </trkpt>
      <trkpt lat="59.45145" lon="24.35549">
        <ele>17.5</ele>
      </trkpt>
      <trkpt lat="59.45082" lon="24.35508">
        <ele>19.0</ele>
      </trkpt>
      <trkpt lat="59.45018" lon="24.35466">
        <ele>15.0</ele>
      </trkpt>
      <trkpt lat="59.45006" lon="24.355">
        <ele>16.2</ele>
      </trkpt>
      <trkpt lat="59.44986" lon="24.35543">
        <ele>17.1</ele>
      </trkpt>
      <trkpt lat="59.44969" lon="24.35563">
        <ele>17.6</ele>
      </trkpt>
      <trkpt lat="59.44954" lon="24.35591">
        <ele>18.2</ele>
      </trkpt>
      <trkpt lat="59.44936" lon="24.35628">
        <ele>18.8</ele>
      </trkpt>
      <trkpt lat="59.44918" lon="24.35685">
        <ele>19.2</ele>
      </trkpt>
      <trkpt lat="59.44911" lon="24.35696">
        <ele>19.1</ele>
      </trkpt>
      <trkpt lat="59.449" lon="24.35709">
        <ele>18.8</ele>
      </trkpt>
      <trkpt lat="59.44887" lon="24.35708">
        <ele>18.3</ele>
      </trkpt>
      <trkpt lat="59.44858" lon="24.35696">
        <ele>17.0</ele>
      </trkpt>
      <trkpt lat="59.44835" lon="24.35692">
        <ele>16.1</ele>
      </trkpt>
      <trkpt lat="59.44787" lon="24.35709">
        <ele>16.8</ele>
      </trkpt>
      <trkpt lat="59.44707" lon="24.35718">
        <ele>19.0</ele>
      </trkpt>
      <trkpt lat="59.44661" lon="24.35735">
        <ele>20.7</ele>
      </trkpt>
      <trkpt lat="59.44622" lon="24.35746">
        <ele>21.5</ele>
      </trkpt>
      <trkpt lat="59.44622" lon="24.35745">
        <ele>21.4</ele>
      </trkpt>
      <trkpt lat="59.44586" lon="24.35755">
        <ele>22.1</ele>
      </trkpt>
      <trkpt lat="59.44576" lon="24.35762">
        <ele>22.0</ele>
      </trkpt>
      <trkpt lat="59.44544" lon="24.35805">
        <ele>21.6</ele>
      </trkpt>
      <trkpt lat="59.44528" lon="24.35853">
        <ele>21.5</ele>
      </trkpt>
      <trkpt lat="59.44516" lon="24.35873">
        <ele>21.2</ele>
      </trkpt>
      <trkpt lat="59.44483" lon="24.35915">
        <ele>20.0</ele>
      </trkpt>
      <trkpt lat="59.44465" lon="24.35935">
        <ele>19.2</ele>
      </trkpt>
      <trkpt lat="59.44457" lon="24.3594">
        <ele>18.8</ele>
      </trkpt>
      <trkpt lat="59.44437" lon="24.35937">
        <ele>17.5</ele>
      </trkpt>
      <trkpt lat="59.44375" lon="24.36003">
        <ele>15.6</ele>
      </trkpt>
      <trkpt lat="59.443" lon="24.36071">
        <ele>15.8</ele>
      </trkpt>
      <trkpt lat="59.44274" lon="24.36108">
        <ele>16.3</ele>
      </trkpt>
      <trkpt lat="59.44271" lon="24.36118">
        <ele>16.5</ele>
      </trkpt>
      <trkpt lat="59.44263" lon="24.36114">
        <ele>16.2</ele>
      </trkpt>
      <trkpt lat="59.44249" lon="24.36114">
        <ele>15.7</ele>
      </trkpt>
      <trkpt lat="59.44215" lon="24.36141">
        <ele>15.7</ele>
      </trkpt>
      <trkpt lat="59.44204" lon="24.36147">
        <ele>15.6</ele>
      </trkpt>
      <trkpt lat="59.44196" lon="24.36148">
        <ele>15.4</ele>
      </trkpt>
      <trkpt lat="59.44179" lon="24.3613">
        <ele>14.8</ele>
      </trkpt>
      <trkpt lat="59.44173" lon="24.36127">
        <ele>14.6</ele>
      </trkpt>
      <trkpt lat="59.44151" lon="24.36135">
        <ele>15.3</ele>
      </trkpt>
      <trkpt lat="59.44114" lon="24.36143">
        <ele>16.8</ele>
      </trkpt>
      <trkpt lat="59.44098" lon="24.36142">
        <ele>17.4</ele>
      </trkpt>
      <trkpt lat="59.44079" lon="24.36128">
        <ele>18.0</ele>
      </trkpt>
      <trkpt lat="59.44062" lon="24.36104">
        <ele>18.4</ele>
      </trkpt>
      <trkpt lat="59.44017" lon="24.36066">
        <ele>19.9</ele>
      </trkpt>
      <trkpt lat="59.43969" lon="24.3601">
        <ele>21.1</ele>
      </trkpt>
      <trkpt lat="59.43947" lon="24.35966">
        <ele>20.8</ele>
      </trkpt>
      <trkpt lat="59.43927" lon="24.35939">
        <ele>20.8</ele>
      </trkpt>
      <trkpt lat="59.43899" lon="24.3589">
        <ele>20.4</ele>
      </trkpt>
      <trkpt lat="59.43861" lon="24.35748">
        <ele>16.3</ele>
      </trkpt>
      <trkpt lat="59.43846" lon="24.35736">
        <ele>15.8</ele>
      </trkpt>
      <trkpt lat="59.43762" lon="24.35695">
        <ele>15.2</ele>
      </trkpt>
      <trkpt lat="59.43741" lon="24.35692">
        <ele>15.4</ele>
      </trkpt>
      <trkpt lat="59.436868" lon="24.357039">
        <ele>15.9</ele>
      </trkpt>
      <trkpt lat="59.43682" lon="24.35705">
        <ele>15.9</ele>
      </trkpt>
      <trkpt lat="59.43657" lon="24.35705">
        <ele>15.9</ele>
      </trkpt>
      <trkpt lat="59.436267" lon="24.357009">
        <ele>15.7</ele>
      </trkpt>
      <trkpt lat="59.43569" lon="24.35693">
        <ele>14.6</ele>
      </trkpt>
      <trkpt lat="59.43569" lon="24.35693">
        <ele>14.6</ele>
      </trkpt>
      <trkpt lat="59.43569" lon="24.35693">
        <ele>14.6</ele>
      </trkpt>
      <trkpt lat="59.43571" lon="24.35638">
        <ele>14.1</ele>
      </trkpt>
      <trkpt lat="59.43571" lon="24.35548">
        <ele>13.2</ele>
      </trkpt>
      <trkpt lat="59.43573" lon="24.35437">
        <ele>12.1</ele>
      </trkpt>
      <trkpt lat="59.43574" lon="24.35326">
        <ele>11.7</ele>
      </trkpt>
      <trkpt lat="59.43579" lon="24.35185">
        <ele>8.4</ele>
      </trkpt>
      <trkpt lat="59.43579" lon="24.35142">
        <ele>6.8</ele>
      </trkpt>
      <trkpt lat="59.43581" lon="24.35117">
        <ele>5.6</ele>
      </trkpt>
      <trkpt lat="59.43587" lon="24.35063">
        <ele>2.9</ele>
      </trkpt>
      <trkpt lat="59.43586" lon="24.35048">
        <ele>2.2</ele>
      </trkpt>
      <trkpt lat="59.43562" lon="24.35022">
        <ele>0.8</ele>
      </trkpt>
      <trkpt lat="59.43505" lon="24.34986">
        <ele>0.0</ele>
      </trkpt>
      <trkpt lat="59.43448" lon="24.3495">
        <ele>0.0</ele>
      </trkpt>
      <trkpt lat="59.43391" lon="24.34914">
        <ele>0.6</ele>
      </trkpt>
      <trkpt lat="59.43327" lon="24.34871">
        <ele>1.1</ele>
      </trkpt>
      <trkpt lat="59.43262" lon="24.34825">
        <ele>2.3</ele>
      </trkpt>
      <trkpt lat="59.43197" lon="24.3478">
        <ele>2.1</ele>
      </trkpt>
      <trkpt lat="59.43121" lon="24.34723">
        <ele>3.0</ele>
      </trkpt>
      <trkpt lat="59.4309" lon="24.347">
        <ele>3.6</ele>
      </trkpt>
      <trkpt lat="59.43025" lon="24.34643">
        <ele>3.0</ele>
      </trkpt>
      <trkpt lat="59.42961" lon="24.34585">
        <ele>3.0</ele>
      </trkpt>
      <trkpt lat="59.42897" lon="24.34528">
        <ele>3.3</ele>
      </trkpt>
      <trkpt lat="59.42853" lon="24.34488">
        <ele>2.6</ele>
      </trkpt>
      <trkpt lat="59.42809" lon="24.34448">
        <ele>1.7</ele>
      </trkpt>
      <trkpt lat="59.42767" lon="24.34409">
        <ele>1.4</ele>
      </trkpt>
      <trkpt lat="59.42725" lon="24.34369">
        <ele>0.6</ele>
      </trkpt>
      <trkpt lat="59.42669" lon="24.34308">
        <ele>0.9</ele>
      </trkpt>
      <trkpt lat="59.42655" lon="24.34303">
        <ele>0.4</ele>
      </trkpt>
      <trkpt lat="59.42622" lon="24.34335">
        <ele>3.0</ele>
      </trkpt>
      <trkpt lat="59.42617" lon="24.34338">
        <ele>3.4</ele>
      </trkpt>
      <trkpt lat="59.42584" lon="24.34371">
        <ele>6.1</ele>
      </trkpt>
      <trkpt lat="59.425749" lon="24.343868">
        <ele>7.0</ele>
      </trkpt>
      <trkpt lat="59.42575" lon="24.34387">
        <ele>7.0</ele>
      </trkpt>
      <trkpt lat="59.42584" lon="24.34371">
        <ele>5.9</ele>
      </trkpt>
      <trkpt lat="59.42577" lon="24.34372">
        <ele>6.5</ele>
      </trkpt>
      <trkpt lat="59.4257" lon="24.34375">
        <ele>7.1</ele>
      </trkpt>
      <trkpt lat="59.42559" lon="24.34372">
        <ele>8.0</ele>
      </trkpt>
      <trkpt lat="59.42535" lon="24.34324">
        <ele>9.2</ele>
      </trkpt>
      <trkpt lat="59.42528" lon="24.34302">
        <ele>8.9</ele>
      </trkpt>
      <trkpt lat="59.42512" lon="24.34278">
        <ele>9.7</ele>
      </trkpt>
      <trkpt lat="59.4247" lon="24.34221">
        <ele>10.8</ele>
      </trkpt>
      <trkpt lat="59.42462" lon="24.34204">
        <ele>10.9</ele>
      </trkpt>
      <trkpt lat="59.42452" lon="24.34192">
        <ele>11.4</ele>
      </trkpt>
      <trkpt lat="59.42445" lon="24.34173">
        <ele>11.7</ele>
      </trkpt>
      <trkpt lat="59.42435" lon="24.34153">
        <ele>11.7</ele>
      </trkpt>
      <trkpt lat="59.42426" lon="24.34121">
        <ele>10.8</ele>
      </trkpt>
      <trkpt lat="59.42405" lon="24.34079">
        <ele>10.1</ele>
      </trkpt>
      <trkpt lat="59.42395" lon="24.34047">
        <ele>9.0</ele>
      </trkpt>
      <trkpt lat="59.42381" lon="24.34029">
        <ele>8.8</ele>
      </trkpt>
      <trkpt lat="59.4237" lon="24.34011">
        <ele>8.6</ele>
      </trkpt>
      <trkpt lat="59.42358" lon="24.33995">
        <ele>8.7</ele>
      </trkpt>
      <trkpt lat="59.42356" lon="24.33981">
        <ele>8.6</ele>
      </trkpt>
      <trkpt lat="59.4235" lon="24.33958">
        <ele>8.5</ele>
      </trkpt>
      <trkpt lat="59.42342" lon="24.33939">
        <ele>8.7</ele>
      </trkpt>
      <trkpt lat="59.423405" lon="24.339331">
        <ele>8.7</ele>
      </trkpt>
      <trkpt lat="59.423487" lon="24.338743">
        <ele>7.2</ele>
      </trkpt>
      <trkpt lat="59.423743" lon="24.338487">
        <ele>4.4</ele>
      </trkpt>
      <trkpt lat="59.423722" lon="24.338112">
        <ele>4.0</ele>
      </trkpt>
      <trkpt lat="59.423509" lon="24.337139">
        <ele>4.4</ele>
      </trkpt>
      <trkpt lat="59.423509" lon="24.337139">
        <ele>4.4</ele>
      </trkpt>
      <trkpt lat="59.423253" lon="24.335277">
        <ele>2.3</ele>
      </trkpt>
      <trkpt lat="59.422997" lon="24.333415">
        <ele>9.6</ele>
      </trkpt>
      <trkpt lat="59.42302" lon="24.33313">
        <ele>9.9</ele>
      </trkpt>
      <trkpt lat="59.42302" lon="24.3329">
        <ele>10.4</ele>
      </trkpt>
      <trkpt lat="59.423" lon="24.33275">
        <ele>11.2</ele>
      </trkpt>
      <trkpt lat="59.42297" lon="24.33268">
        <ele>12.0</ele>
      </trkpt>
      <trkpt lat="59.4227" lon="24.33289">
        <ele>17.0</ele>
      </trkpt>
      <trkpt lat="59.42263" lon="24.33289">
        <ele>18.4</ele>
      </trkpt>
      <trkpt lat="59.42256" lon="24.3328">
        <ele>20.1</ele>
      </trkpt>
      <trkpt lat="59.4225" lon="24.33268">
        <ele>21.6</ele>
      </trkpt>
      <trkpt lat="59.42244" lon="24.3326">
        <ele>22.5</ele>
      </trkpt>
      <trkpt lat="59.42236" lon="24.33261">
        <ele>23.4</ele>
      </trkpt>
      <trkpt lat="59.42226" lon="24.33258">
        <ele>24.7</ele>
      </trkpt>
      <trkpt lat="59.42222" lon="24.33239">
        <ele>25.6</ele>
      </trkpt>
      <trkpt lat="59.42215" lon="24.33215">
        <ele>27.0</ele>
      </trkpt>
      <trkpt lat="59.42214" lon="24.33204">
        <ele>27.4</ele>
      </trkpt>
      <trkpt lat="59.42214" lon="24.33196">
        <ele>27.6</ele>
      </trkpt>
      <trkpt lat="59.42219" lon="24.33184">
        <ele>27.3</ele>
      </trkpt>
      <trkpt lat="59.42223" lon="24.33174">
        <ele>27.1</ele>
      </trkpt>
      <trkpt lat="59.42227" lon="24.33154">
        <ele>26.4</ele>
      </trkpt>
      <trkpt lat="59.42228" lon="24.33142">
        <ele>25.9</ele>
      </trkpt>
      <trkpt lat="59.42228" lon="24.33115">
        <ele>25.1</ele>
      </trkpt>
      <trkpt lat="59.42221" lon="24.33078">
        <ele>25.1</ele>
      </trkpt>
      <trkpt lat="59.42218" lon="24.3306">
        <ele>25.3</ele>
      </trkpt>
      <trkpt lat="59.42213" lon="24.33062">
        <ele>26.0</ele>
      </trkpt>
      <trkpt lat="59.42211" lon="24.33048">
        <ele>26.2</ele>
      </trkpt>
      <trkpt lat="59.42196" lon="24.33077">
        <ele>28.7</ele>
      </trkpt>
      <trkpt lat="59.42188" lon="24.33087">
        <ele>30.0</ele>
      </trkpt>
      <trkpt lat="59.42191" lon="24.33123">
        <ele>30.2</ele>
      </trkpt>
      <trkpt lat="59.42191" lon="24.33141">
        <ele>30.6</ele>
      </trkpt>
      <trkpt lat="59.42189" lon="24.33176">
        <ele>31.1</ele>
      </trkpt>
      <trkpt lat="59.42183" lon="24.33215">
        <ele>30.9</ele>
      </trkpt>
      <trkpt lat="59.42174" lon="24.33249">
        <ele>31.1</ele>
      </trkpt>
      <trkpt lat="59.42162" lon="24.33284">
        <ele>31.4</ele>
      </trkpt>
      <trkpt lat="59.42148" lon="24.33314">
        <ele>31.3</ele>
      </trkpt>
      <trkpt lat="59.42123" lon="24.33353">
        <ele>30.9</ele>
      </trkpt>
      <trkpt lat="59.42078" lon="24.3341">
        <ele>30.6</ele>
      </trkpt>
      <trkpt lat="59.42034" lon="24.33468">
        <ele>30.6</ele>
      </trkpt>
      <trkpt lat="59.41978" lon="24.33533">
        <ele>30.5</ele>
      </trkpt>
      <trkpt lat="59.41946" lon="24.33564">
        <ele>29.8</ele>
      </trkpt>
      <trkpt lat="59.41923" lon="24.3358">
        <ele>29.9</ele>
      </trkpt>
      <trkpt lat="59.41855" lon="24.33616">
        <ele>29.2</ele>
      </trkpt>
      <trkpt lat="59.41787" lon="24.33651">
        <ele>28.9</ele>
      </trkpt>
      <trkpt lat="59.41762" lon="24.3367">
        <ele>28.6</ele>
      </trkpt>
      <trkpt lat="59.41748" lon="24.33683">
        <ele>28.5</ele>
      </trkpt>
      <trkpt lat="59.41718" lon="24.33727">
        <ele>28.6</ele>
      </trkpt>
      <trkpt lat="59.41696" lon="24.33768">
        <ele>28.7</ele>
      </trkpt>
      <trkpt lat="59.41645" lon="24.33875">
        <ele>28.3</ele>
      </trkpt>
      <trkpt lat="59.41593" lon="24.33983">
        <ele>28.5</ele>
      </trkpt>
      <trkpt lat="59.41541" lon="24.3409">
        <ele>26.1</ele>
      </trkpt>
      <trkpt lat="59.41524" lon="24.34132">
        <ele>24.2</ele>
      </trkpt>
      <trkpt lat="59.41516" lon="24.3416">
        <ele>22.7</ele>
      </trkpt>
      <trkpt lat="59.4151" lon="24.34188">
        <ele>22.0</ele>
      </trkpt>
      <trkpt lat="59.41508" lon="24.34212">
        <ele>21.6</ele>
      </trkpt>
      <trkpt lat="59.41508" lon="24.34245">
        <ele>20.8</ele>
      </trkpt>
      <trkpt lat="59.41512" lon="24.34275">
        <ele>19.7</ele>
      </trkpt>
      <trkpt lat="59.41519" lon="24.34309">
        <ele>18.4</ele>
      </trkpt>
      <trkpt lat="59.4153" lon="24.34343">
        <ele>17.2</ele>
      </trkpt>
      <trkpt lat="59.41518" lon="24.34372">
        <ele>17.2</ele>
      </trkpt>
      <trkpt lat="59.415169" lon="24.343739">
        <ele>17.2</ele>
      </trkpt>
      <trkpt lat="59.41506" lon="24.343935">
        <ele>17.2</ele>
      </trkpt>
      <trkpt lat="59.41499" lon="24.34406">
        <ele>17.1</ele>
      </trkpt>
      <trkpt lat="59.41489" lon="24.344058">
        <ele>17.1</ele>
      </trkpt>
      <trkpt lat="59.41443" lon="24.34405">
        <ele>17.0</ele>
      </trkpt>
      <trkpt lat="59.41388" lon="24.34405">
        <ele>18.0</ele>
      </trkpt>
      <trkpt lat="59.41359" lon="24.34413">
        <ele>19.1</ele>
      </trkpt>
      <trkpt lat="59.4131" lon="24.34434">
        <ele>20.8</ele>
      </trkpt>
      <trkpt lat="59.413" lon="24.34437">
        <ele>21.2</ele>
      </trkpt>
      <trkpt lat="59.41275" lon="24.34433">
        <ele>22.3</ele>
      </trkpt>
      <trkpt lat="59.41247" lon="24.34418">
        <ele>24.1</ele>
      </trkpt>
      <trkpt lat="59.41186" lon="24.34393">
        <ele>28.3</ele>
      </trkpt>
      <trkpt lat="59.41153" lon="24.34389">
        <ele>29.8</ele>
      </trkpt>
      <trkpt lat="59.41127" lon="24.34425">
        <ele>27.9</ele>
      </trkpt>
      <trkpt lat="59.41092" lon="24.34479">
        <ele>25.1</ele>
      </trkpt>
      <trkpt lat="59.41075" lon="24.34515">
        <ele>24.7</ele>
      </trkpt>
      <trkpt lat="59.41062" lon="24.34575">
        <ele>25.6</ele>
      </trkpt>
      <trkpt lat="59.41041" lon="24.34696">
        <ele>25.2</ele>
      </trkpt>
      <trkpt lat="59.41019" lon="24.34818">
        <ele>24.4</ele>
      </trkpt>
      <trkpt lat="59.40998" lon="24.34939">
        <ele>24.0</ele>
      </trkpt>
      <trkpt lat="59.40986" lon="24.35038">
        <ele>24.7</ele>
      </trkpt>
      <trkpt lat="59.40973" lon="24.35137">
        <ele>25.8</ele>
      </trkpt>
      <trkpt lat="59.40969" lon="24.35175">
        <ele>26.2</ele>
      </trkpt>
      <trkpt lat="59.4097" lon="24.35193">
        <ele>26.2</ele>
      </trkpt>
      <trkpt lat="59.40973" lon="24.35234">
        <ele>26.1</ele>
      </trkpt>
      <trkpt lat="59.4097" lon="24.35262">
        <ele>26.7</ele>
      </trkpt>
      <trkpt lat="59.40954" lon="24.3537">
        <ele>29.0</ele>
      </trkpt>
      <trkpt lat="59.40938" lon="24.35479">
        <ele>28.6</ele>
      </trkpt>
      <trkpt lat="59.40918" lon="24.35554">
        <ele>28.6</ele>
      </trkpt>
      <trkpt lat="59.40896" lon="24.35621">
        <ele>28.2</ele>
      </trkpt>
      <trkpt lat="59.40884" lon="24.35665">
        <ele>28.2</ele>
      </trkpt>
      <trkpt lat="59.40875" lon="24.35708">
        <ele>28.8</ele>
      </trkpt>
      <trkpt lat="59.40862" lon="24.35782">
        <ele>29.0</ele>
      </trkpt>
      <trkpt lat="59.40862" lon="24.35782">
        <ele>29.0</ele>
      </trkpt>
      <trkpt lat="59.40851" lon="24.35835">
        <ele>28.7</ele>
      </trkpt>
      <trkpt lat="59.40837" lon="24.35886">
        <ele>28.5</ele>
      </trkpt>
      <trkpt lat="59.40814" lon="24.35938">
        <ele>28.2</ele>
      </trkpt>
      <trkpt lat="59.40776" lon="24.36022">
        <ele>26.9</ele>
      </trkpt>
      <trkpt lat="59.40738" lon="24.36105">
        <ele>24.0</ele>
      </trkpt>
      <trkpt lat="59.40716" lon="24.36158">
        <ele>21.7</ele>
      </trkpt>
      <trkpt lat="59.40691" lon="24.36201">
        <ele>21.5</ele>
      </trkpt>
      <trkpt lat="59.40633" lon="24.3633">
        <ele>19.1</ele>
      </trkpt>
      <trkpt lat="59.40575" lon="24.36459">
        <ele>19.2</ele>
      </trkpt>
      <trkpt lat="59.40563" lon="24.36504">
        <ele>19.5</ele>
      </trkpt>
      <trkpt lat="59.40542" lon="24.3658">
        <ele>21.0</ele>
      </trkpt>
      <trkpt lat="59.40516" lon="24.3668">
        <ele>22.2</ele>
      </trkpt>
      <trkpt lat="59.40507" lon="24.36718">
        <ele>22.7</ele>
      </trkpt>
      <trkpt lat="59.40498" lon="24.36786">
        <ele>22.7</ele>
      </trkpt>
      <trkpt lat="59.40485" lon="24.36953">
        <ele>22.7</ele>
      </trkpt>
      <trkpt lat="59.40477" lon="24.37075">
        <ele>23.1</ele>
      </trkpt>
      <trkpt lat="59.40469" lon="24.37197">
        <ele>23.7</ele>
      </trkpt>
      <trkpt lat="59.40461" lon="24.37319">
        <ele>23.5</ele>
      </trkpt>
      <trkpt lat="59.40455" lon="24.37373">
        <ele>23.4</ele>
      </trkpt>
      <trkpt lat="59.40448" lon="24.37415">
        <ele>23.3</ele>
      </trkpt>
      <trkpt lat="59.40425" lon="24.37512">
        <ele>22.9</ele>
      </trkpt>
      <trkpt lat="59.40418" lon="24.37525">
        <ele>23.0</ele>
      </trkpt>
      <trkpt lat="59.40413" lon="24.37526">
        <ele>23.2</ele>
      </trkpt>
      <trkpt lat="59.40404" lon="24.37518">
        <ele>23.9</ele>
      </trkpt>
      <trkpt lat="59.40397" lon="24.37507">
        <ele>24.4</ele>
      </trkpt>
      <trkpt lat="59.40389" lon="24.37503">
        <ele>25.0</ele>
      </trkpt>
      <trkpt lat="59.4038" lon="24.37518">
        <ele>25.5</ele>
      </trkpt>
      <trkpt lat="59.40372" lon="24.37533">
        <ele>26.0</ele>
      </trkpt>
      <trkpt lat="59.40355" lon="24.37573">
        <ele>26.8</ele>
      </trkpt>
      <trkpt lat="59.40348" lon="24.37596">
        <ele>26.8</ele>
      </trkpt>
      <trkpt lat="59.4034" lon="24.37613">
        <ele>26.9</ele>
      </trkpt>
      <trkpt lat="59.40334" lon="24.37619">
        <ele>27.1</ele>
      </trkpt>
      <trkpt lat="59.40327" lon="24.37622">
        <ele>27.2</ele>
      </trkpt>
      <trkpt lat="59.4032" lon="24.3762">
        <ele>27.4</ele>
      </trkpt>
      <trkpt lat="59.40303" lon="24.37599">
        <ele>28.1</ele>
      </trkpt>
      <trkpt lat="59.40291" lon="24.3763">
        <ele>28.0</ele>
      </trkpt>
      <trkpt lat="59.40281" lon="24.37657">
        <ele>28.0</ele>
      </trkpt>
      <trkpt lat="59.40253" lon="24.37738">
        <ele>28.8</ele>
      </trkpt>
      <trkpt lat="59.40239" lon="24.37772">
        <ele>28.6</ele>
      </trkpt>
      <trkpt lat="59.4023" lon="24.37789">
        <ele>28.3</ele>
      </trkpt>
      <trkpt lat="59.40218" lon="24.37829">
        <ele>27.7</ele>
      </trkpt>
      <trkpt lat="59.40179" lon="24.37928">
        <ele>27.1</ele>
      </trkpt>
      <trkpt lat="59.40169" lon="24.37941">
        <ele>27.3</ele>
      </trkpt>
      <trkpt lat="59.40159" lon="24.37975">
        <ele>27.7</ele>
      </trkpt>
      <trkpt lat="59.40123" lon="24.3804">
        <ele>27.5</ele>
      </trkpt>
      <trkpt lat="59.4011" lon="24.38065">
        <ele>27.5</ele>
      </trkpt>
      <trkpt lat="59.40049" lon="24.38142">
        <ele>27.3</ele>
      </trkpt>
      <trkpt lat="59.40026" lon="24.38181">
        <ele>26.9</ele>
      </trkpt>
      <trkpt lat="59.40011" lon="24.3821">
        <ele>26.9</ele>
      </trkpt>
      <trkpt lat="59.40003" lon="24.38242">
        <ele>27.0</ele>
      </trkpt>
      <trkpt lat="59.39999" lon="24.38273">
        <ele>26.7</ele>
      </trkpt>
      <trkpt lat="59.3998" lon="24.38321">
        <ele>26.6</ele>
      </trkpt>
      <trkpt lat="59.39972" lon="24.38378">
        <ele>26.1</ele>
      </trkpt>
      <trkpt lat="59.39971" lon="24.38394">
        <ele>26.0</ele>
      </trkpt>
      <trkpt lat="59.39971" lon="24.38442">
        <ele>25.4</ele>
      </trkpt>
      <trkpt lat="59.39975" lon="24.38475">
        <ele>24.9</ele>
      </trkpt>
      <trkpt lat="59.39997" lon="24.38528">
        <ele>23.4</ele>
      </trkpt>
      <trkpt lat="59.40005" lon="24.38553">
        <ele>22.7</ele>
      </trkpt>
      <trkpt lat="59.40019" lon="24.38605">
        <ele>21.8</ele>
      </trkpt>
      <trkpt lat="59.4002" lon="24.38605">
        <ele>21.8</ele>
      </trkpt>
      <trkpt lat="59.40029" lon="24.38766">
        <ele>21.0</ele>
      </trkpt>
      <trkpt lat="59.40038" lon="24.38883">
        <ele>21.4</ele>
      </trkpt>
      <trkpt lat="59.40046" lon="24.39001">
        <ele>20.7</ele>
      </trkpt>
      <trkpt lat="59.4005" lon="24.39097">
        <ele>20.9</ele>
      </trkpt>
      <trkpt lat="59.40057" lon="24.39231">
        <ele>21.7</ele>
      </trkpt>
      <trkpt lat="59.40064" lon="24.39364">
        <ele>21.1</ele>
      </trkpt>
      <trkpt lat="59.40071" lon="24.39447">
        <ele>21.5</ele>
      </trkpt>
      <trkpt lat="59.40072" lon="24.39542">
        <ele>22.1</ele>
      </trkpt>
      <trkpt lat="59.40076" lon="24.39636">
        <ele>23.4</ele>
      </trkpt>
      <trkpt lat="59.40083" lon="24.3973">
        <ele>24.0</ele>
      </trkpt>
      <trkpt lat="59.40087" lon="24.39799">
        <ele>24.1</ele>
      </trkpt>
      <trkpt lat="59.40089" lon="24.39845">
        <ele>24.1</ele>
      </trkpt>
      <trkpt lat="59.40088" lon="24.39877">
        <ele>24.1</ele>
      </trkpt>
      <trkpt lat="59.40082" lon="24.39956">
        <ele>23.4</ele>
      </trkpt>
      <trkpt lat="59.40084" lon="24.39992">
        <ele>23.1</ele>
      </trkpt>
      <trkpt lat="59.40095" lon="24.40096">
        <ele>23.4</ele>
      </trkpt>
      <trkpt lat="59.40105" lon="24.40207">
        <ele>22.7</ele>
      </trkpt>
      <trkpt lat="59.40108" lon="24.40262">
        <ele>21.9</ele>
      </trkpt>
      <trkpt lat="59.40109" lon="24.40321">
        <ele>20.5</ele>
      </trkpt>
      <trkpt lat="59.40111" lon="24.40353">
        <ele>20.3</ele>
      </trkpt>
      <trkpt lat="59.40116" lon="24.4039">
        <ele>20.3</ele>
      </trkpt>
      <trkpt lat="59.40119" lon="24.40426">
        <ele>20.2</ele>
      </trkpt>
      <trkpt lat="59.40118" lon="24.40509">
        <ele>19.8</ele>
      </trkpt>
      <trkpt lat="59.40121" lon="24.40538">
        <ele>19.9</ele>
      </trkpt>
      <trkpt lat="59.40133" lon="24.40598">
        <ele>20.0</ele>
      </trkpt>
      <trkpt lat="59.40146" lon="24.40652">
        <ele>19.7</ele>
      </trkpt>
      <trkpt lat="59.40154" lon="24.40706">
        <ele>19.3</ele>
      </trkpt>
      <trkpt lat="59.40162" lon="24.4079">
        <ele>18.5</ele>
      </trkpt>
      <trkpt lat="59.40164" lon="24.40883">
        <ele>18.5</ele>
      </trkpt>
      <trkpt lat="59.40169" lon="24.41036">
        <ele>20.0</ele>
      </trkpt>
      <trkpt lat="59.40167" lon="24.41052">
        <ele>20.0</ele>
      </trkpt>
      <trkpt lat="59.40163" lon="24.41064">
        <ele>19.8</ele>
      </trkpt>
      <trkpt lat="59.40136" lon="24.41114">
        <ele>18.4</ele>
      </trkpt>
      <trkpt lat="59.4011" lon="24.41165">
        <ele>17.6</ele>
      </trkpt>
      <trkpt lat="59.40104" lon="24.41188">
        <ele>17.4</ele>
      </trkpt>
      <trkpt lat="59.40104" lon="24.41208">
        <ele>17.4</ele>
      </trkpt>
      <trkpt lat="59.40051" lon="24.41238">
        <ele>16.2</ele>
      </trkpt>
      <trkpt lat="59.40014" lon="24.41253">
        <ele>15.4</ele>
      </trkpt>
      <trkpt lat="59.39971" lon="24.41267">
        <ele>15.6</ele>
      </trkpt>
      <trkpt lat="59.39927" lon="24.41275">
        <ele>16.0</ele>
      </trkpt>
      <trkpt lat="59.39869" lon="24.4128">
        <ele>16.2</ele>
      </trkpt>
      <trkpt lat="59.39803" lon="24.41282">
        <ele>16.7</ele>
      </trkpt>
      <trkpt lat="59.39723" lon="24.41282">
        <ele>17.7</ele>
      </trkpt>
      <trkpt lat="59.39644" lon="24.41281">
        <ele>18.9</ele>
      </trkpt>
      <trkpt lat="59.39664" lon="24.4134">
        <ele>19.1</ele>
      </trkpt>
      <trkpt lat="59.39699" lon="24.41473">
        <ele>19.0</ele>
      </trkpt>
      <trkpt lat="59.39733" lon="24.41606">
        <ele>22.0</ele>
      </trkpt>
      <trkpt lat="59.39767" lon="24.41739">
        <ele>23.6</ele>
      </trkpt>
      <trkpt lat="59.39802" lon="24.41872">
        <ele>23.0</ele>
      </trkpt>
      <trkpt lat="59.39808" lon="24.41915">
        <ele>23.5</ele>
      </trkpt>
      <trkpt lat="59.39821" lon="24.42079">
        <ele>24.7</ele>
      </trkpt>
      <trkpt lat="59.39834" lon="24.42242">
        <ele>21.1</ele>
      </trkpt>
      <trkpt lat="59.39837" lon="24.42284">
        <ele>20.2</ele>
      </trkpt>
      <trkpt lat="59.39841" lon="24.42339">
        <ele>19.1</ele>
      </trkpt>
      <trkpt lat="59.39849" lon="24.42397">
        <ele>20.5</ele>
      </trkpt>
      <trkpt lat="59.39872" lon="24.42498">
        <ele>24.4</ele>
      </trkpt>
      <trkpt lat="59.39895" lon="24.42598">
        <ele>27.7</ele>
      </trkpt>
      <trkpt lat="59.3988" lon="24.42684">
        <ele>29.1</ele>
      </trkpt>
      <trkpt lat="59.39866" lon="24.42714">
        <ele>28.2</ele>
      </trkpt>
      <trkpt lat="59.39844" lon="24.42773">
        <ele>26.4</ele>
      </trkpt>
      <trkpt lat="59.39837" lon="24.428">
        <ele>25.7</ele>
      </trkpt>
      <trkpt lat="59.39832" lon="24.42831">
        <ele>24.9</ele>
      </trkpt>
      <trkpt lat="59.3983" lon="24.42905">
        <ele>25.5</ele>
      </trkpt>
      <trkpt lat="59.39824" lon="24.42973">
        <ele>25.8</ele>
      </trkpt>
      <trkpt lat="59.39818" lon="24.43013">
        <ele>25.7</ele>
      </trkpt>
      <trkpt lat="59.39797" lon="24.43078">
        <ele>24.9</ele>
      </trkpt>
      <trkpt lat="59.39758" lon="24.43191">
        <ele>24.7</ele>
      </trkpt>
      <trkpt lat="59.39746" lon="24.43204">
        <ele>24.2</ele>
      </trkpt>
      <trkpt lat="59.39697" lon="24.43245">
        <ele>22.3</ele>
      </trkpt>
      <trkpt lat="59.39648" lon="24.43285">
        <ele>22.8</ele>
      </trkpt>
      <trkpt lat="59.39633" lon="24.43312">
        <ele>24.3</ele>
      </trkpt>
      <trkpt lat="59.39623" lon="24.43325">
        <ele>25.2</ele>
      </trkpt>
      <trkpt lat="59.39611" lon="24.43326">
        <ele>25.7</ele>
      </trkpt>
      <trkpt lat="59.39598" lon="24.43322">
        <ele>26.0</ele>
      </trkpt>
      <trkpt lat="59.39572" lon="24.43297">
        <ele>24.9</ele>
      </trkpt>
      <trkpt lat="59.39546" lon="24.43288">
        <ele>23.8</ele>
      </trkpt>
      <trkpt lat="59.39514" lon="24.43274">
        <ele>22.6</ele>
      </trkpt>
      <trkpt lat="59.39475" lon="24.43264">
        <ele>23.1</ele>
      </trkpt>
      <trkpt lat="59.39467" lon="24.43275">
        <ele>23.6</ele>
      </trkpt>
      <trkpt lat="59.39467" lon="24.43293">
        <ele>23.9</ele>
      </trkpt>
      <trkpt lat="59.39471" lon="24.43312">
        <ele>24.0</ele>
      </trkpt>
      <trkpt lat="59.39478" lon="24.43336">
        <ele>24.1</ele>
      </trkpt>
      <trkpt lat="59.39494" lon="24.434">
        <ele>24.8</ele>
      </trkpt>
      <trkpt lat="59.39497" lon="24.4342">
        <ele>25.1</ele>
      </trkpt>
      <trkpt lat="59.39498" lon="24.43444">
        <ele>25.7</ele>
      </trkpt>
      <trkpt lat="59.39496" lon="24.43468">
        <ele>26.2</ele>
      </trkpt>
      <trkpt lat="59.3947" lon="24.43549">
        <ele>27.0</ele>
      </trkpt>
      <trkpt lat="59.3946" lon="24.43621">
        <ele>27.5</ele>
      </trkpt>
      <trkpt lat="59.39453" lon="24.43701">
        <ele>26.9</ele>
      </trkpt>
      <trkpt lat="59.39454" lon="24.43725">
        <ele>26.4</ele>
      </trkpt>
      <trkpt lat="59.39461" lon="24.43762">
        <ele>25.7</ele>
      </trkpt>
      <trkpt lat="59.39472" lon="24.43805">
        <ele>24.7</ele>
      </trkpt>
      <trkpt lat="59.39472" lon="24.43805">
        <ele>24.7</ele>
      </trkpt>
      <trkpt lat="59.3948" lon="24.43837">
        <ele>24.1</ele>
      </trkpt>
      <trkpt lat="59.39486" lon="24.4387">
        <ele>24.8</ele>
      </trkpt>
      <trkpt lat="59.3949" lon="24.43906">
        <ele>25.4</ele>
      </trkpt>
      <trkpt lat="59.39488" lon="24.43944">
        <ele>25.8</ele>
      </trkpt>
      <trkpt lat="59.39481" lon="24.4397">
        <ele>25.7</ele>
      </trkpt>
      <trkpt lat="59.39474" lon="24.4399">
        <ele>25.6</ele>
      </trkpt>
      <trkpt lat="59.39465" lon="24.44">
        <ele>25.3</ele>
      </trkpt>
      <trkpt lat="59.39446" lon="24.44035">
        <ele>25.0</ele>
      </trkpt>
      <trkpt lat="59.39428" lon="24.44077">
        <ele>25.1</ele>
      </trkpt>
      <trkpt lat="59.39419" lon="24.44113">
        <ele>26.1</ele>
      </trkpt>
      <trkpt lat="59.39397" lon="24.44177">
        <ele>28.0</ele>
      </trkpt>
      <trkpt lat="59.39366" lon="24.44279">
        <ele>28.2</ele>
      </trkpt>
      <trkpt lat="59.39332" lon="24.44334">
        <ele>29.0</ele>
      </trkpt>
      <trkpt lat="59.3931" lon="24.44391">
        <ele>28.5</ele>
      </trkpt>
      <trkpt lat="59.39287" lon="24.44431">
        <ele>27.8</ele>
      </trkpt>
      <trkpt lat="59.39271" lon="24.44482">
        <ele>26.5</ele>
      </trkpt>
      <trkpt lat="59.39261" lon="24.44507">
        <ele>25.9</ele>
      </trkpt>
      <trkpt lat="59.39244" lon="24.44532">
        <ele>26.2</ele>
      </trkpt>
      <trkpt lat="59.39228" lon="24.44547">
        <ele>26.7</ele>
      </trkpt>
      <trkpt lat="59.39207" lon="24.44564">
        <ele>27.0</ele>
      </trkpt>
      <trkpt lat="59.39185" lon="24.44602">
        <ele>27.6</ele>
      </trkpt>
      <trkpt lat="59.39182" lon="24.44622">
        <ele>27.9</ele>
      </trkpt>
      <trkpt lat="59.39185" lon="24.44642">
        <ele>28.4</ele>
      </trkpt>
      <trkpt lat="59.39199" lon="24.44697">
        <ele>30.1</ele>
      </trkpt>
      <trkpt lat="59.392" lon="24.44718">
        <ele>30.6</ele>
      </trkpt>
      <trkpt lat="59.39197" lon="24.44748">
        <ele>31.1</ele>
      </trkpt>
      <trkpt lat="59.39197" lon="24.44779">
        <ele>31.7</ele>
      </trkpt>
      <trkpt lat="59.39191" lon="24.44808">
        <ele>32.1</ele>
      </trkpt>
      <trkpt lat="59.39179" lon="24.44844">
        <ele>32.3</ele>
      </trkpt>
      <trkpt lat="59.39176" lon="24.44865">
        <ele>32.2</ele>
      </trkpt>
      <trkpt lat="59.39169" lon="24.44888">
        <ele>32.1</ele>
      </trkpt>
      <trkpt lat="59.39157" lon="24.44944">
        <ele>31.7</ele>
      </trkpt>
      <trkpt lat="59.39157" lon="24.44982">
        <ele>31.2</ele>
      </trkpt>
      <trkpt lat="59.39155" lon="24.45007">
        <ele>30.9</ele>
      </trkpt>
      <trkpt lat="59.39152" lon="24.45026">
        <ele>30.7</ele>
      </trkpt>
      <trkpt lat="59.39145" lon="24.45047">
        <ele>30.6</ele>
      </trkpt>
      <trkpt lat="59.3914" lon="24.45065">
        <ele>30.5</ele>
      </trkpt>
      <trkpt lat="59.39133" lon="24.45088">
        <ele>30.3</ele>
      </trkpt>
      <trkpt lat="59.39132" lon="24.45108">
        <ele>30.1</ele>
      </trkpt>
      <trkpt lat="59.39132" lon="24.45127">
        <ele>29.9</ele>
      </trkpt>
      <trkpt lat="59.39133" lon="24.45143">
        <ele>29.7</ele>
      </trkpt>
      <trkpt lat="59.39213" lon="24.45213">
        <ele>30.9</ele>
      </trkpt>
      <trkpt lat="59.39253" lon="24.45254">
        <ele>32.1</ele>
      </trkpt>
      <trkpt lat="59.39282" lon="24.45295">
        <ele>32.7</ele>
      </trkpt>
      <trkpt lat="59.3929" lon="24.45309">
        <ele>32.8</ele>
      </trkpt>
      <trkpt lat="59.39306" lon="24.45358">
        <ele>33.0</ele>
      </trkpt>
      <trkpt lat="59.39334" lon="24.45462">
        <ele>33.5</ele>
      </trkpt>
      <trkpt lat="59.39372" lon="24.45611">
        <ele>30.8</ele>
      </trkpt>
      <trkpt lat="59.39413" lon="24.45726">
        <ele>30.0</ele>
      </trkpt>
      <trkpt lat="59.39455" lon="24.4584">
        <ele>29.9</ele>
      </trkpt>
      <trkpt lat="59.39497" lon="24.45955">
        <ele>31.4</ele>
      </trkpt>
      <trkpt lat="59.39539" lon="24.46069">
        <ele>31.5</ele>
      </trkpt>
      <trkpt lat="59.39587" lon="24.46205">
        <ele>30.6</ele>
      </trkpt>
      <trkpt lat="59.39609" lon="24.46249">
        <ele>31.9</ele>
      </trkpt>
      <trkpt lat="59.39634" lon="24.46285">
        <ele>33.9</ele>
      </trkpt>
      <trkpt lat="59.39662" lon="24.46317">
        <ele>36.2</ele>
      </trkpt>
      <trkpt lat="59.39667" lon="24.46327">
        <ele>36.8</ele>
      </trkpt>
      <trkpt lat="59.3967" lon="24.46352">
        <ele>37.2</ele>
      </trkpt>
      <trkpt lat="59.39676" lon="24.46381">
        <ele>37.4</ele>
      </trkpt>
      <trkpt lat="59.39683" lon="24.46411">
        <ele>37.6</ele>
      </trkpt>
      <trkpt lat="59.39642" lon="24.46447">
        <ele>38.6</ele>
      </trkpt>
      <trkpt lat="59.39617" lon="24.46472">
        <ele>39.5</ele>
      </trkpt>
      <trkpt lat="59.39574" lon="24.46505">
        <ele>40.7</ele>
      </trkpt>
      <trkpt lat="59.3954" lon="24.46525">
        <ele>39.7</ele>
      </trkpt>
      <trkpt lat="59.39507" lon="24.4656">
        <ele>39.0</ele>
      </trkpt>
      <trkpt lat="59.39459" lon="24.46615">
        <ele>38.2</ele>
      </trkpt>
      <trkpt lat="59.3941" lon="24.46671">
        <ele>38.6</ele>
      </trkpt>
      <trkpt lat="59.39374" lon="24.46704">
        <ele>37.0</ele>
      </trkpt>
      <trkpt lat="59.39362" lon="24.4672">
        <ele>36.8</ele>
      </trkpt>
      <trkpt lat="59.39362" lon="24.4672">
        <ele>36.8</ele>
      </trkpt>
      <trkpt lat="59.39362" lon="24.4672">
        <ele>36.8</ele>
      </trkpt>
      <trkpt lat="59.3931" lon="24.46787">
        <ele>38.0</ele>
      </trkpt>
      <trkpt lat="59.39281" lon="24.46815">
        <ele>39.4</ele>
      </trkpt>
      <trkpt lat="59.39254" lon="24.46852">
        <ele>40.9</ele>
      </trkpt>
      <trkpt lat="59.39229" lon="24.46879">
        <ele>41.1</ele>
      </trkpt>
      <trkpt lat="59.39209" lon="24.46897">
        <ele>41.4</ele>
      </trkpt>
      <trkpt lat="59.39167" lon="24.46922">
        <ele>42.1</ele>
      </trkpt>
      <trkpt lat="59.3911" lon="24.46978">
        <ele>42.4</ele>
      </trkpt>
      <trkpt lat="59.39052" lon="24.47035">
        <ele>41.8</ele>
      </trkpt>
      <trkpt lat="59.3902" lon="24.47057">
        <ele>41.1</ele>
      </trkpt>
      <trkpt lat="59.39003" lon="24.47065">
        <ele>40.8</ele>
      </trkpt>
      <trkpt lat="59.38987" lon="24.47066">
        <ele>40.4</ele>
      </trkpt>
      <trkpt lat="59.38959" lon="24.47047">
        <ele>39.4</ele>
      </trkpt>
      <trkpt lat="59.38925" lon="24.47043">
        <ele>38.3</ele>
      </trkpt>
      <trkpt lat="59.38905" lon="24.4705">
        <ele>37.9</ele>
      </trkpt>
      <trkpt lat="59.38873" lon="24.47068">
        <ele>37.5</ele>
      </trkpt>
      <trkpt lat="59.388" lon="24.47098">
        <ele>35.9</ele>
      </trkpt>
      <trkpt lat="59.38727" lon="24.47127">
        <ele>33.7</ele>
      </trkpt>
      <trkpt lat="59.38663" lon="24.47161">
        <ele>31.9</ele>
      </trkpt>
      <trkpt lat="59.38602" lon="24.47186">
        <ele>31.3</ele>
      </trkpt>
      <trkpt lat="59.38578" lon="24.47201">
        <ele>31.6</ele>
      </trkpt>
      <trkpt lat="59.38529" lon="24.47243">
        <ele>32.5</ele>
      </trkpt>
      <trkpt lat="59.38465" lon="24.47306">
        <ele>33.0</ele>
      </trkpt>
      <trkpt lat="59.38401" lon="24.47369">
        <ele>33.5</ele>
      </trkpt>
      <trkpt lat="59.38375" lon="24.47385">
        <ele>34.0</ele>
      </trkpt>
      <trkpt lat="59.38314" lon="24.47395">
        <ele>33.6</ele>
      </trkpt>
      <trkpt lat="59.38242" lon="24.4743">
        <ele>33.3</ele>
      </trkpt>
      <trkpt lat="59.3817" lon="24.47466">
        <ele>31.7</ele>
      </trkpt>
      <trkpt lat="59.38161" lon="24.47465">
        <ele>31.5</ele>
      </trkpt>
      <trkpt lat="59.38154" lon="24.47455">
        <ele>31.3</ele>
      </trkpt>
      <trkpt lat="59.38142" lon="24.47423">
        <ele>31.0</ele>
      </trkpt>
      <trkpt lat="59.38107" lon="24.47313">
        <ele>30.3</ele>
      </trkpt>
      <trkpt lat="59.38098" lon="24.47279">
        <ele>29.6</ele>
      </trkpt>
      <trkpt lat="59.38077" lon="24.4718">
        <ele>28.4</ele>
      </trkpt>
      <trkpt lat="59.38056" lon="24.47081">
        <ele>27.6</ele>
      </trkpt>
      <trkpt lat="59.38044" lon="24.47059">
        <ele>27.5</ele>
      </trkpt>
      <trkpt lat="59.38025" lon="24.47047">
        <ele>27.7</ele>
      </trkpt>
      <trkpt lat="59.37996" lon="24.47052">
        <ele>28.1</ele>
      </trkpt>
      <trkpt lat="59.37933" lon="24.47054">
        <ele>25.4</ele>
      </trkpt>
      <trkpt lat="59.37898" lon="24.47051">
        <ele>24.5</ele>
      </trkpt>
      <trkpt lat="59.37887" lon="24.47033">
        <ele>24.3</ele>
      </trkpt>
      <trkpt lat="59.37876" lon="24.4701">
        <ele>24.1</ele>
      </trkpt>
      <trkpt lat="59.37863" lon="24.46948">
        <ele>24.4</ele>
      </trkpt>
      <trkpt lat="59.37859" lon="24.46903">
        <ele>24.7</ele>
      </trkpt>
      <trkpt lat="59.37852" lon="24.4687">
        <ele>24.8</ele>
      </trkpt>
      <trkpt lat="59.37827" lon="24.46836">
        <ele>24.9</ele>
      </trkpt>
      <trkpt lat="59.37815" lon="24.46832">
        <ele>24.6</ele>
      </trkpt>
      <trkpt lat="59.3781" lon="24.46826">
        <ele>24.4</ele>
      </trkpt>
      <trkpt lat="59.37794" lon="24.46803">
        <ele>24.0</ele>
      </trkpt>
      <trkpt lat="59.37786" lon="24.46799">
        <ele>23.8</ele>
      </trkpt>
      <trkpt lat="59.37777" lon="24.46801">
        <ele>23.6</ele>
      </trkpt>
      <trkpt lat="59.37752" lon="24.46826">
        <ele>23.0</ele>
      </trkpt>
      <trkpt lat="59.37669" lon="24.46879">
        <ele>22.1</ele>
      </trkpt>
      <trkpt lat="59.37586" lon="24.46932">
        <ele>22.8</ele>
      </trkpt>
      <trkpt lat="59.37555" lon="24.46948">
        <ele>22.8</ele>
      </trkpt>
      <trkpt lat="59.37538" lon="24.46939">
        <ele>23.1</ele>
      </trkpt>
      <trkpt lat="59.37543" lon="24.46901">
        <ele>23.6</ele>
      </trkpt>
      <trkpt lat="59.37567" lon="24.46763">
        <ele>23.9</ele>
      </trkpt>
      <trkpt lat="59.37566" lon="24.46745">
        <ele>24.0</ele>
      </trkpt>
      <trkpt lat="59.37561" lon="24.46738">
        <ele>24.0</ele>
      </trkpt>
      <trkpt lat="59.37583" lon="24.4664">
        <ele>24.0</ele>
      </trkpt>
      <trkpt lat="59.37604" lon="24.46525">
        <ele>23.8</ele>
      </trkpt>
      <trkpt lat="59.37622" lon="24.46412">
        <ele>24.1</ele>
      </trkpt>
      <trkpt lat="59.37564" lon="24.46371">
        <ele>25.7</ele>
      </trkpt>
      <trkpt lat="59.37506" lon="24.46329">
        <ele>28.8</ele>
      </trkpt>
      <trkpt lat="59.37448" lon="24.46288">
        <ele>29.8</ele>
      </trkpt>
      <trkpt lat="59.37405" lon="24.46259">
        <ele>29.6</ele>
      </trkpt>
      <trkpt lat="59.37362" lon="24.46231">
        <ele>28.2</ele>
      </trkpt>
      <trkpt lat="59.37333" lon="24.4622">
        <ele>27.4</ele>
      </trkpt>
      <trkpt lat="59.37285" lon="24.46234">
        <ele>28.4</ele>
      </trkpt>
      <trkpt lat="59.37216" lon="24.46265">
        <ele>28.6</ele>
      </trkpt>
      <trkpt lat="59.37148" lon="24.46296">
        <ele>26.9</ele>
      </trkpt>
      <trkpt lat="59.37069" lon="24.46333">
        <ele>23.7</ele>
      </trkpt>
      <trkpt lat="59.3699" lon="24.4637">
        <ele>23.2</ele>
      </trkpt>
      <trkpt lat="59.36911" lon="24.46407">
        <ele>23.6</ele>
      </trkpt>
      <trkpt lat="59.36832" lon="24.46443">
        <ele>25.2</ele>
      </trkpt>
      <trkpt lat="59.36753" lon="24.4648">
        <ele>22.9</ele>
      </trkpt>
      <trkpt lat="59.36674" lon="24.46517">
        <ele>21.2</ele>
      </trkpt>
      <trkpt lat="59.36629" lon="24.46536">
        <ele>21.7</ele>
      </trkpt>
      <trkpt lat="59.36584" lon="24.46556">
        <ele>22.3</ele>
      </trkpt>
      <trkpt lat="59.36519" lon="24.46587">
        <ele>25.0</ele>
      </trkpt>
      <trkpt lat="59.36455" lon="24.46618">
        <ele>25.5</ele>
      </trkpt>
      <trkpt lat="59.36391" lon="24.46649">
        <ele>25.4</ele>
      </trkpt>
      <trkpt lat="59.36324" lon="24.4668">
        <ele>24.8</ele>
      </trkpt>
      <trkpt lat="59.36257" lon="24.46711">
        <ele>24.0</ele>
      </trkpt>
      <trkpt lat="59.3619" lon="24.46742">
        <ele>21.7</ele>
      </trkpt>
      <trkpt lat="59.3611" lon="24.46778">
        <ele>20.7</ele>
      </trkpt>
      <trkpt lat="59.3603" lon="24.46815">
        <ele>20.6</ele>
      </trkpt>
      <trkpt lat="59.35951" lon="24.46851">
        <ele>21.0</ele>
      </trkpt>
      <trkpt lat="59.35871" lon="24.46887">
        <ele>21.0</ele>
      </trkpt>
      <trkpt lat="59.35791" lon="24.46924">
        <ele>21.4</ele>
      </trkpt>
      <trkpt lat="59.35712" lon="24.4696">
        <ele>21.7</ele>
      </trkpt>
      <trkpt lat="59.35632" lon="24.46996">
        <ele>21.6</ele>
      </trkpt>
      <trkpt lat="59.35589" lon="24.46877">
        <ele>21.1</ele>
      </trkpt>
      <trkpt lat="59.35546" lon="24.46758">
        <ele>21.4</ele>
      </trkpt>
      <trkpt lat="59.35503" lon="24.46639">
        <ele>21.7</ele>
      </trkpt>
      <trkpt lat="59.3546" lon="24.4652">
        <ele>22.0</ele>
      </trkpt>
      <trkpt lat="59.35417" lon="24.46401">
        <ele>23.0</ele>
      </trkpt>
      <trkpt lat="59.35406" lon="24.46373">
        <ele>23.1</ele>
      </trkpt>
      <trkpt lat="59.35392" lon="24.46352">
        <ele>23.1</ele>
      </trkpt>
      <trkpt lat="59.35379" lon="24.46341">
        <ele>23.0</ele>
      </trkpt>
      <trkpt lat="59.35369" lon="24.46325">
        <ele>23.0</ele>
      </trkpt>
      <trkpt lat="59.35317" lon="24.46183">
        <ele>23.2</ele>
      </trkpt>
      <trkpt lat="59.35266" lon="24.46042">
        <ele>24.0</ele>
      </trkpt>
      <trkpt lat="59.35214" lon="24.459">
        <ele>25.9</ele>
      </trkpt>
      <trkpt lat="59.35163" lon="24.45758">
        <ele>28.9</ele>
      </trkpt>
      <trkpt lat="59.35143" lon="24.45778">
        <ele>28.9</ele>
      </trkpt>
      <trkpt lat="59.35091" lon="24.45854">
        <ele>28.0</ele>
      </trkpt>
      <trkpt lat="59.35039" lon="24.45929">
        <ele>27.9</ele>
      </trkpt>
      <trkpt lat="59.34987" lon="24.46005">
        <ele>27.8</ele>
      </trkpt>
      <trkpt lat="59.34968" lon="24.46021">
        <ele>27.5</ele>
      </trkpt>
      <trkpt lat="59.34953" lon="24.46023">
        <ele>27.3</ele>
      </trkpt>
      <trkpt lat="59.34936" lon="24.46018">
        <ele>27.2</ele>
      </trkpt>
      <trkpt lat="59.3492" lon="24.46">
        <ele>27.0</ele>
      </trkpt>
      <trkpt lat="59.34906" lon="24.45968">
        <ele>28.2</ele>
      </trkpt>
      <trkpt lat="59.34871" lon="24.45868">
        <ele>31.2</ele>
      </trkpt>
      <trkpt lat="59.34835" lon="24.45768">
        <ele>34.3</ele>
      </trkpt>
      <trkpt lat="59.34819" lon="24.45735">
        <ele>35.0</ele>
      </trkpt>
      <trkpt lat="59.34806" lon="24.45723">
        <ele>34.8</ele>
      </trkpt>
      <trkpt lat="59.34792" lon="24.45721">
        <ele>34.4</ele>
      </trkpt>
      <trkpt lat="59.34728" lon="24.45736">
        <ele>32.7</ele>
      </trkpt>
      <trkpt lat="59.34663" lon="24.45751">
        <ele>32.0</ele>
      </trkpt>
      <trkpt lat="59.34599" lon="24.45766">
        <ele>31.8</ele>
      </trkpt>
      <trkpt lat="59.34574" lon="24.45766">
        <ele>32.1</ele>
      </trkpt>
      <trkpt lat="59.34531" lon="24.4575">
        <ele>33.9</ele>
      </trkpt>
      <trkpt lat="59.34487" lon="24.45719">
        <ele>35.4</ele>
      </trkpt>
      <trkpt lat="59.34455" lon="24.45683">
        <ele>35.8</ele>
      </trkpt>
      <trkpt lat="59.34437" lon="24.45648">
        <ele>35.8</ele>
      </trkpt>
      <trkpt lat="59.34402" lon="24.4556">
        <ele>34.6</ele>
      </trkpt>
      <trkpt lat="59.34385" lon="24.45524">
        <ele>34.2</ele>
      </trkpt>
      <trkpt lat="59.3436" lon="24.45489">
        <ele>34.1</ele>
      </trkpt>
      <trkpt lat="59.34302" lon="24.45419">
        <ele>35.7</ele>
      </trkpt>
      <trkpt lat="59.34244" lon="24.45349">
        <ele>36.9</ele>
      </trkpt>
      <trkpt lat="59.3416" lon="24.45287">
        <ele>35.4</ele>
      </trkpt>
      <trkpt lat="59.34077" lon="24.45225">
        <ele>35.1</ele>
      </trkpt>
      <trkpt lat="59.34012" lon="24.45146">
        <ele>36.1</ele>
      </trkpt>
      <trkpt lat="59.33946" lon="24.45067">
        <ele>39.7</ele>
      </trkpt>
      <trkpt lat="59.33943" lon="24.45073">
        <ele>39.8</ele>
      </trkpt>
      <trkpt lat="59.339" lon="24.45013">
        <ele>41.8</ele>
      </trkpt>
      <trkpt lat="59.33858" lon="24.44953">
        <ele>42.2</ele>
      </trkpt>
      <trkpt lat="59.33843" lon="24.44944">
        <ele>42.5</ele>
      </trkpt>
      <trkpt lat="59.33831" lon="24.44945">
        <ele>42.7</ele>
      </trkpt>
      <trkpt lat="59.33792" lon="24.44971">
        <ele>42.3</ele>
      </trkpt>
      <trkpt lat="59.33721" lon="24.45034">
        <ele>41.4</ele>
      </trkpt>
      <trkpt lat="59.3365" lon="24.45098">
        <ele>41.1</ele>
      </trkpt>
      <trkpt lat="59.33649" lon="24.45085">
        <ele>41.0</ele>
      </trkpt>
      <trkpt lat="59.33634" lon="24.45081">
        <ele>41.0</ele>
      </trkpt>
      <trkpt lat="59.33617" lon="24.45064">
        <ele>41.0</ele>
      </trkpt>
      <trkpt lat="59.33604" lon="24.45041">
        <ele>41.0</ele>
      </trkpt>
      <trkpt lat="59.33566" lon="24.44947">
        <ele>41.4</ele>
      </trkpt>
      <trkpt lat="59.33527" lon="24.44853">
        <ele>40.1</ele>
      </trkpt>
      <trkpt lat="59.335268" lon="24.448537">
        <ele>40.1</ele>
      </trkpt>
      <trkpt lat="59.33495" lon="24.44776">
        <ele>38.3</ele>
      </trkpt>
      <trkpt lat="59.3344" lon="24.44643">
        <ele>37.3</ele>
      </trkpt>
      <trkpt lat="59.33386" lon="24.4451">
        <ele>36.6</ele>
      </trkpt>
      <trkpt lat="59.33328" lon="24.44403">
        <ele>34.9</ele>
      </trkpt>
      <trkpt lat="59.3327" lon="24.44296">
        <ele>34.1</ele>
      </trkpt>
      <trkpt lat="59.33255" lon="24.44287">
        <ele>34.0</ele>
      </trkpt>
      <trkpt lat="59.33216" lon="24.44382">
        <ele>34.0</ele>
      </trkpt>
      <trkpt lat="59.33177" lon="24.44477">
        <ele>34.7</ele>
      </trkpt>
      <trkpt lat="59.33155" lon="24.445">
        <ele>34.6</ele>
      </trkpt>
      <trkpt lat="59.33093" lon="24.44516">
        <ele>32.3</ele>
      </trkpt>
      <trkpt lat="59.3303" lon="24.4457">
        <ele>30.7</ele>
      </trkpt>
      <trkpt lat="59.32967" lon="24.44623">
        <ele>30.3</ele>
      </trkpt>
      <trkpt lat="59.32905" lon="24.44677">
        <ele>30.9</ele>
      </trkpt>
      <trkpt lat="59.32842" lon="24.44731">
        <ele>30.8</ele>
      </trkpt>
      <trkpt lat="59.32763" lon="24.448">
        <ele>33.0</ele>
      </trkpt>
      <trkpt lat="59.32684" lon="24.44869">
        <ele>33.7</ele>
      </trkpt>
      <trkpt lat="59.32605" lon="24.44938">
        <ele>35.0</ele>
      </trkpt>
      <trkpt lat="59.32526" lon="24.45007">
        <ele>36.3</ele>
      </trkpt>
      <trkpt lat="59.32447" lon="24.45076">
        <ele>36.7</ele>
      </trkpt>
      <trkpt lat="59.32449" lon="24.45091">
        <ele>36.5</ele>
      </trkpt>
      <trkpt lat="59.32383" lon="24.45153">
        <ele>36.9</ele>
      </trkpt>
      <trkpt lat="59.32363" lon="24.45186">
        <ele>37.1</ele>
      </trkpt>
      <trkpt lat="59.32332" lon="24.45223">
        <ele>37.3</ele>
      </trkpt>
      <trkpt lat="59.32289" lon="24.45327">
        <ele>36.6</ele>
      </trkpt>
      <trkpt lat="59.32247" lon="24.45431">
        <ele>35.8</ele>
      </trkpt>
      <trkpt lat="59.32242" lon="24.45445">
        <ele>35.7</ele>
      </trkpt>
      <trkpt lat="59.3224" lon="24.4546">
        <ele>35.6</ele>
      </trkpt>
      <trkpt lat="59.32231" lon="24.45491">
        <ele>35.5</ele>
      </trkpt>
      <trkpt lat="59.32195" lon="24.45589">
        <ele>36.3</ele>
      </trkpt>
      <trkpt lat="59.32158" lon="24.45687">
        <ele>36.0</ele>
      </trkpt>
      <trkpt lat="59.32132" lon="24.45754">
        <ele>36.0</ele>
      </trkpt>
      <trkpt lat="59.3207" lon="24.45636">
        <ele>35.9</ele>
      </trkpt>
      <trkpt lat="59.32008" lon="24.45518">
        <ele>36.8</ele>
      </trkpt>
      <trkpt lat="59.31953" lon="24.45402">
        <ele>37.7</ele>
      </trkpt>
      <trkpt lat="59.31897" lon="24.45286">
        <ele>38.9</ele>
      </trkpt>
      <trkpt lat="59.31845" lon="24.45174">
        <ele>39.7</ele>
      </trkpt>
      <trkpt lat="59.31793" lon="24.45061">
        <ele>38.6</ele>
      </trkpt>
      <trkpt lat="59.31741" lon="24.44949">
        <ele>37.3</ele>
      </trkpt>
      <trkpt lat="59.31716" lon="24.44903">
        <ele>37.8</ele>
      </trkpt>
      <trkpt lat="59.31688" lon="24.44847">
        <ele>38.5</ele>
      </trkpt>
      <trkpt lat="59.31687" lon="24.44821">
        <ele>38.4</ele>
      </trkpt>
      <trkpt lat="59.31648" lon="24.44682">
        <ele>36.5</ele>
      </trkpt>
      <trkpt lat="59.31609" lon="24.44542">
        <ele>33.5</ele>
      </trkpt>
      <trkpt lat="59.3157" lon="24.44403">
        <ele>31.8</ele>
      </trkpt>
      <trkpt lat="59.31531" lon="24.44263">
        <ele>29.8</ele>
      </trkpt>
      <trkpt lat="59.31494" lon="24.44147">
        <ele>28.9</ele>
      </trkpt>
      <trkpt lat="59.31449" lon="24.44034">
        <ele>28.6</ele>
      </trkpt>
      <trkpt lat="59.314" lon="24.43947">
        <ele>28.6</ele>
      </trkpt>
      <trkpt lat="59.31347" lon="24.43889">
        <ele>28.8</ele>
      </trkpt>
      <trkpt lat="59.31294" lon="24.43831">
        <ele>29.0</ele>
      </trkpt>
      <trkpt lat="59.31246" lon="24.4377">
        <ele>29.8</ele>
      </trkpt>
      <trkpt lat="59.31198" lon="24.43709">
        <ele>30.5</ele>
      </trkpt>
      <trkpt lat="59.311905" lon="24.437006">
        <ele>30.6</ele>
      </trkpt>
      <trkpt lat="59.31191" lon="24.43701">
        <ele>30.6</ele>
      </trkpt>
      <trkpt lat="59.31165" lon="24.43672">
        <ele>30.9</ele>
      </trkpt>
      <trkpt lat="59.31152" lon="24.43649">
        <ele>30.8</ele>
      </trkpt>
      <trkpt lat="59.31151" lon="24.43638">
        <ele>30.7</ele>
      </trkpt>
      <trkpt lat="59.31153" lon="24.43617">
        <ele>30.4</ele>
      </trkpt>
      <trkpt lat="59.31163" lon="24.43569">
        <ele>30.0</ele>
      </trkpt>
      <trkpt lat="59.31165" lon="24.43561">
        <ele>30.0</ele>
      </trkpt>
      <trkpt lat="59.31164" lon="24.43551">
        <ele>30.0</ele>
      </trkpt>
      <trkpt lat="59.3116" lon="24.43538">
        <ele>30.0</ele>
      </trkpt>
      <trkpt lat="59.3113" lon="24.43509">
        <ele>29.6</ele>
      </trkpt>
      <trkpt lat="59.31119" lon="24.43512">
        <ele>29.5</ele>
      </trkpt>
      <trkpt lat="59.31109" lon="24.43541">
        <ele>29.6</ele>
      </trkpt>
      <trkpt lat="59.31105" lon="24.43558">
        <ele>29.8</ele>
      </trkpt>
      <trkpt lat="59.3107" lon="24.43542">
        <ele>29.7</ele>
      </trkpt>
      <trkpt lat="59.31054" lon="24.43485">
        <ele>30.2</ele>
      </trkpt>
      <trkpt lat="59.31044" lon="24.43456">
        <ele>30.5</ele>
      </trkpt>
      <trkpt lat="59.31031" lon="24.43415">
        <ele>31.0</ele>
      </trkpt>
      <trkpt lat="59.31016" lon="24.433699">
        <ele>31.4</ele>
      </trkpt>
      <trkpt lat="59.31016" lon="24.4337">
        <ele>31.4</ele>
      </trkpt>
      <trkpt lat="59.31012" lon="24.43358">
        <ele>31.6</ele>
      </trkpt>
      <trkpt lat="59.31009" lon="24.4336">
        <ele>31.7</ele>
      </trkpt>
      <trkpt lat="59.3102" lon="24.43406">
        <ele>31.3</ele>
      </trkpt>
      <trkpt lat="59.31016" lon="24.43425">
        <ele>31.3</ele>
      </trkpt>
      <trkpt lat="59.30997" lon="24.43438">
        <ele>31.7</ele>
      </trkpt>
      <trkpt lat="59.30989" lon="24.43438">
        <ele>31.7</ele>
      </trkpt>
      <trkpt lat="59.30947" lon="24.43458">
        <ele>31.5</ele>
      </trkpt>
      <trkpt lat="59.30919" lon="24.43475">
        <ele>31.3</ele>
      </trkpt>
      <trkpt lat="59.30906" lon="24.4348">
        <ele>31.4</ele>
      </trkpt>
      <trkpt lat="59.30873" lon="24.43481">
        <ele>31.8</ele>
      </trkpt>
      <trkpt lat="59.30856" lon="24.43478">
        <ele>32.0</ele>
      </trkpt>
      <trkpt lat="59.30844" lon="24.43471">
        <ele>32.2</ele>
      </trkpt>
      <trkpt lat="59.30795" lon="24.43478">
        <ele>32.3</ele>
      </trkpt>
      <trkpt lat="59.30732" lon="24.43501">
        <ele>32.4</ele>
      </trkpt>
      <trkpt lat="59.30705" lon="24.43517">
        <ele>33.1</ele>
      </trkpt>
      <trkpt lat="59.30673" lon="24.43537">
        <ele>33.8</ele>
      </trkpt>
      <trkpt lat="59.30667" lon="24.4353">
        <ele>34.0</ele>
      </trkpt>
      <trkpt lat="59.3065" lon="24.43494">
        <ele>34.6</ele>
      </trkpt>
      <trkpt lat="59.30622" lon="24.43456">
        <ele>35.1</ele>
      </trkpt>
      <trkpt lat="59.3061" lon="24.43473">
        <ele>35.4</ele>
      </trkpt>
      <trkpt lat="59.30596" lon="24.43493">
        <ele>35.7</ele>
      </trkpt>
      <trkpt lat="59.30586" lon="24.43506">
        <ele>35.9</ele>
      </trkpt>
      <trkpt lat="59.305741" lon="24.435271">
        <ele>36.8</ele>
      </trkpt>
      <trkpt lat="59.30574" lon="24.43527">
        <ele>36.8</ele>
      </trkpt>
      <trkpt lat="59.30557" lon="24.43558">
        <ele>36.8</ele>
      </trkpt>
      <trkpt lat="59.30543" lon="24.43545">
        <ele>37.2</ele>
      </trkpt>
      <trkpt lat="59.30517" lon="24.43549">
        <ele>37.7</ele>
      </trkpt>
      <trkpt lat="59.30488" lon="24.43558">
        <ele>38.0</ele>
      </trkpt>
      <trkpt lat="59.30452" lon="24.43543">
        <ele>38.0</ele>
      </trkpt>
      <trkpt lat="59.30444" lon="24.43517">
        <ele>38.0</ele>
      </trkpt>
      <trkpt lat="59.30431" lon="24.43509">
        <ele>38.0</ele>
      </trkpt>
      <trkpt lat="59.3041" lon="24.43518">
        <ele>38.0</ele>
      </trkpt>
      <trkpt lat="59.30404" lon="24.43518">
        <ele>38.0</ele>
      </trkpt>
      <trkpt lat="59.30404" lon="24.43518">
        <ele>38.0</ele>
      </trkpt>
      <trkpt lat="59.30369" lon="24.43514">
        <ele>38.0</ele>
      </trkpt>
      <trkpt lat="59.30349" lon="24.43516">
        <ele>38.0</ele>
      </trkpt>
      <trkpt lat="59.30301" lon="24.43528">
        <ele>37.6</ele>
      </trkpt>
      <trkpt lat="59.30284" lon="24.43517">
        <ele>37.4</ele>
      </trkpt>
      <trkpt lat="59.30266" lon="24.43489">
        <ele>37.3</ele>
      </trkpt>
      <trkpt lat="59.30231" lon="24.43475">
        <ele>37.4</ele>
      </trkpt>
      <trkpt lat="59.30212" lon="24.43472">
        <ele>37.5</ele>
      </trkpt>
      <trkpt lat="59.30198" lon="24.43443">
        <ele>37.5</ele>
      </trkpt>
      <trkpt lat="59.30198" lon="24.43443">
        <ele>37.5</ele>
      </trkpt>
      <trkpt lat="59.30198" lon="24.43443">
        <ele>37.5</ele>
      </trkpt>
      <trkpt lat="59.30168" lon="24.43381">
        <ele>37.0</ele>
      </trkpt>
      <trkpt lat="59.30154" lon="24.43338">
        <ele>36.7</ele>
      </trkpt>
      <trkpt lat="59.30146" lon="24.43334">
        <ele>36.7</ele>
      </trkpt>
      <trkpt lat="59.30146" lon="24.43324">
        <ele>36.6</ele>
      </trkpt>
      <trkpt lat="59.30147" lon="24.43302">
        <ele>36.5</ele>
      </trkpt>
      <trkpt lat="59.30149" lon="24.43295">
        <ele>36.5</ele>
      </trkpt>
      <trkpt lat="59.30164" lon="24.4329">
        <ele>36.4</ele>
      </trkpt>
      <trkpt lat="59.30174" lon="24.43279">
        <ele>36.4</ele>
      </trkpt>
      <trkpt lat="59.30158" lon="24.43237">
        <ele>35.7</ele>
      </trkpt>
      <trkpt lat="59.30139" lon="24.432">
        <ele>35.0</ele>
      </trkpt>
      <trkpt lat="59.30133" lon="24.4319">
        <ele>34.8</ele>
      </trkpt>
      <trkpt lat="59.30124" lon="24.43187">
        <ele>34.5</ele>
      </trkpt>
      <trkpt lat="59.30113" lon="24.43234">
        <ele>34.1</ele>
      </trkpt>
      <trkpt lat="59.30108" lon="24.43273">
        <ele>34.2</ele>
      </trkpt>
      <trkpt lat="59.30102" lon="24.4329">
        <ele>34.2</ele>
      </trkpt>
      <trkpt lat="59.30089" lon="24.43317">
        <ele>34.0</ele>
      </trkpt>
      <trkpt lat="59.30059" lon="24.43361">
        <ele>33.4</ele>
      </trkpt>
      <trkpt lat="59.30036" lon="24.43403">
        <ele>32.9</ele>
      </trkpt>
      <trkpt lat="59.30027" lon="24.43421">
        <ele>32.7</ele>
      </trkpt>
      <trkpt lat="59.30017" lon="24.43446">
        <ele>32.7</ele>
      </trkpt>
      <trkpt lat="59.30009" lon="24.43472">
        <ele>32.9</ele>
      </trkpt>
      <trkpt lat="59.3" lon="24.43496">
        <ele>32.9</ele>
      </trkpt>
      <trkpt lat="59.29996" lon="24.43518">
        <ele>33.1</ele>
      </trkpt>
      <trkpt lat="59.29992" lon="24.43563">
        <ele>33.4</ele>
      </trkpt>
      <trkpt lat="59.29985" lon="24.43602">
        <ele>33.7</ele>
      </trkpt>
      <trkpt lat="59.29966" lon="24.43665">
        <ele>33.9</ele>
      </trkpt>
      <trkpt lat="59.29939" lon="24.43746">
        <ele>32.1</ele>
      </trkpt>
      <trkpt lat="59.29924" lon="24.43784">
        <ele>31.7</ele>
      </trkpt>
      <trkpt lat="59.29901" lon="24.4382">
        <ele>31.5</ele>
      </trkpt>
      <trkpt lat="59.2983" lon="24.43916">
        <ele>30.0</ele>
      </trkpt>
      <trkpt lat="59.29759" lon="24.44013">
        <ele>31.9</ele>
      </trkpt>
      <trkpt lat="59.29688" lon="24.44109">
        <ele>31.7</ele>
      </trkpt>
      <trkpt lat="59.29617" lon="24.44206">
        <ele>32.1</ele>
      </trkpt>
      <trkpt lat="59.29554" lon="24.44295">
        <ele>31.8</ele>
      </trkpt>
      <trkpt lat="59.29523" lon="24.44332">
        <ele>31.5</ele>
      </trkpt>
      <trkpt lat="59.29487" lon="24.44345">
        <ele>30.8</ele>
      </trkpt>
      <trkpt lat="59.29475" lon="24.44352">
        <ele>30.7</ele>
      </trkpt>
      <trkpt lat="59.29464" lon="24.44365">
        <ele>30.6</ele>
      </trkpt>
      <trkpt lat="59.29453" lon="24.44385">
        <ele>30.4</ele>
      </trkpt>
      <trkpt lat="59.29408" lon="24.44484">
        <ele>30.8</ele>
      </trkpt>
      <trkpt lat="59.29395" lon="24.445">
        <ele>31.0</ele>
      </trkpt>
      <trkpt lat="59.29379" lon="24.44503">
        <ele>31.0</ele>
      </trkpt>
      <trkpt lat="59.29338" lon="24.44484">
        <ele>30.8</ele>
      </trkpt>
      <trkpt lat="59.29315" lon="24.4447">
        <ele>30.9</ele>
      </trkpt>
      <trkpt lat="59.29254" lon="24.44424">
        <ele>31.0</ele>
      </trkpt>
      <trkpt lat="59.29242" lon="24.4442">
        <ele>30.9</ele>
      </trkpt>
      <trkpt lat="59.29231" lon="24.44422">
        <ele>30.9</ele>
      </trkpt>
      <trkpt lat="59.29216" lon="24.44437">
        <ele>30.9</ele>
      </trkpt>
      <trkpt lat="59.2916" lon="24.44514">
        <ele>31.7</ele>
      </trkpt>
      <trkpt lat="59.29105" lon="24.44591">
        <ele>30.3</ele>
      </trkpt>
      <trkpt lat="59.29081" lon="24.44634">
        <ele>30.6</ele>
      </trkpt>
      <trkpt lat="59.29065" lon="24.44669">
        <ele>30.8</ele>
      </trkpt>
      <trkpt lat="59.29022" lon="24.44785">
        <ele>30.2</ele>
      </trkpt>
      <trkpt lat="59.28979" lon="24.44902">
        <ele>30.0</ele>
      </trkpt>
      <trkpt lat="59.28948" lon="24.45">
        <ele>30.6</ele>
      </trkpt>
      <trkpt lat="59.28934" lon="24.45029">
        <ele>30.8</ele>
      </trkpt>
      <trkpt lat="59.28865" lon="24.44932">
        <ele>29.5</ele>
      </trkpt>
      <trkpt lat="59.28796" lon="24.44835">
        <ele>29.0</ele>
      </trkpt>
      <trkpt lat="59.28728" lon="24.44738">
        <ele>29.0</ele>
      </trkpt>
      <trkpt lat="59.28659" lon="24.44641">
        <ele>29.4</ele>
      </trkpt>
      <trkpt lat="59.28645" lon="24.44618">
        <ele>29.7</ele>
      </trkpt>
      <trkpt lat="59.28592" lon="24.44546">
        <ele>30.0</ele>
      </trkpt>
      <trkpt lat="59.28538" lon="24.44474">
        <ele>29.1</ele>
      </trkpt>
      <trkpt lat="59.28485" lon="24.44401">
        <ele>28.2</ele>
      </trkpt>
      <trkpt lat="59.28423" lon="24.44316">
        <ele>28.7</ele>
      </trkpt>
      <trkpt lat="59.28362" lon="24.44231">
        <ele>28.7</ele>
      </trkpt>
      <trkpt lat="59.283" lon="24.44146">
        <ele>29.4</ele>
      </trkpt>
      <trkpt lat="59.28239" lon="24.44061">
        <ele>29.9</ele>
      </trkpt>
      <trkpt lat="59.28177" lon="24.43976">
        <ele>29.4</ele>
      </trkpt>
      <trkpt lat="59.28116" lon="24.4389">
        <ele>30.0</ele>
      </trkpt>
      <trkpt lat="59.2805" lon="24.43797">
        <ele>29.8</ele>
      </trkpt>
      <trkpt lat="59.27984" lon="24.43706">
        <ele>30.7</ele>
      </trkpt>
      <trkpt lat="59.27919" lon="24.43616">
        <ele>33.8</ele>
      </trkpt>
      <trkpt lat="59.27854" lon="24.43526">
        <ele>34.9</ele>
      </trkpt>
      <trkpt lat="59.27788" lon="24.43436">
        <ele>34.8</ele>
      </trkpt>
      <trkpt lat="59.27723" lon="24.43346">
        <ele>34.5</ele>
      </trkpt>
      <trkpt lat="59.27657" lon="24.43256">
        <ele>34.4</ele>
      </trkpt>
      <trkpt lat="59.27588" lon="24.43162">
        <ele>34.3</ele>
      </trkpt>
      <trkpt lat="59.27519" lon="24.43068">
        <ele>34.6</ele>
      </trkpt>
      <trkpt lat="59.2745" lon="24.42977">
        <ele>32.7</ele>
      </trkpt>
      <trkpt lat="59.2738" lon="24.42874">
        <ele>31.0</ele>
      </trkpt>
      <trkpt lat="59.27336" lon="24.42817">
        <ele>30.8</ele>
      </trkpt>
      <trkpt lat="59.27292" lon="24.42761">
        <ele>29.6</ele>
      </trkpt>
      <trkpt lat="59.27225" lon="24.42665">
        <ele>29.3</ele>
      </trkpt>
      <trkpt lat="59.27158" lon="24.42569">
        <ele>29.2</ele>
      </trkpt>
      <trkpt lat="59.27089" lon="24.42474">
        <ele>30.6</ele>
      </trkpt>
      <trkpt lat="59.2702" lon="24.4238">
        <ele>30.8</ele>
      </trkpt>
      <trkpt lat="59.26951" lon="24.42285">
        <ele>32.4</ele>
      </trkpt>
      <trkpt lat="59.26883" lon="24.4219">
        <ele>31.9</ele>
      </trkpt>
      <trkpt lat="59.26817" lon="24.42099">
        <ele>31.6</ele>
      </trkpt>
      <trkpt lat="59.26752" lon="24.42008">
        <ele>31.2</ele>
      </trkpt>
      <trkpt lat="59.26687" lon="24.41916">
        <ele>30.8</ele>
      </trkpt>
      <trkpt lat="59.26622" lon="24.41825">
        <ele>30.9</ele>
      </trkpt>
      <trkpt lat="59.26556" lon="24.41734">
        <ele>30.0</ele>
      </trkpt>
      <trkpt lat="59.26491" lon="24.41643">
        <ele>30.3</ele>
      </trkpt>
      <trkpt lat="59.26485" lon="24.41627">
        <ele>30.5</ele>
      </trkpt>
      <trkpt lat="59.26486" lon="24.41606">
        <ele>30.7</ele>
      </trkpt>
      <trkpt lat="59.26497" lon="24.41588">
        <ele>30.9</ele>
      </trkpt>
      <trkpt lat="59.26552" lon="24.41511">
        <ele>31.0</ele>
      </trkpt>
      <trkpt lat="59.26607" lon="24.41434">
        <ele>31.5</ele>
      </trkpt>
      <trkpt lat="59.26662" lon="24.41357">
        <ele>31.1</ele>
      </trkpt>
      <trkpt lat="59.26668" lon="24.41339">
        <ele>31.1</ele>
      </trkpt>
      <trkpt lat="59.26665" lon="24.4132">
        <ele>31.0</ele>
      </trkpt>
      <trkpt lat="59.26635" lon="24.41194">
        <ele>31.4</ele>
      </trkpt>
      <trkpt lat="59.26605" lon="24.41068">
        <ele>32.5</ele>
      </trkpt>
      <trkpt lat="59.26575" lon="24.40943">
        <ele>33.7</ele>
      </trkpt>
      <trkpt lat="59.26545" lon="24.40817">
        <ele>35.5</ele>
      </trkpt>
      <trkpt lat="59.26551" lon="24.40788">
        <ele>36.4</ele>
      </trkpt>
      <trkpt lat="59.26592" lon="24.40669">
        <ele>39.1</ele>
      </trkpt>
      <trkpt lat="59.26634" lon="24.4055">
        <ele>38.5</ele>
      </trkpt>
      <trkpt lat="59.26675" lon="24.40431">
        <ele>38.2</ele>
      </trkpt>
      <trkpt lat="59.26706" lon="24.40345">
        <ele>38.0</ele>
      </trkpt>
      <trkpt lat="59.26737" lon="24.40258">
        <ele>36.6</ele>
      </trkpt>
      <trkpt lat="59.26744" lon="24.40229">
        <ele>36.5</ele>
      </trkpt>
      <trkpt lat="59.26739" lon="24.40219">
        <ele>36.8</ele>
      </trkpt>
      <trkpt lat="59.26686" lon="24.4014">
        <ele>39.2</ele>
      </trkpt>
      <trkpt lat="59.26634" lon="24.40062">
        <ele>39.6</ele>
      </trkpt>
      <trkpt lat="59.26628" lon="24.40047">
        <ele>39.4</ele>
      </trkpt>
      <trkpt lat="59.26626" lon="24.40017">
        <ele>39.5</ele>
      </trkpt>
      <trkpt lat="59.2663" lon="24.39888">
        <ele>39.2</ele>
      </trkpt>
      <trkpt lat="59.26634" lon="24.3986">
        <ele>39.2</ele>
      </trkpt>
      <trkpt lat="59.26642" lon="24.39833">
        <ele>39.5</ele>
      </trkpt>
      <trkpt lat="59.26672" lon="24.39785">
        <ele>39.3</ele>
      </trkpt>
      <trkpt lat="59.2669" lon="24.39741">
        <ele>38.0</ele>
      </trkpt>
      <trkpt lat="59.26713" lon="24.39669">
        <ele>36.2</ele>
      </trkpt>
      <trkpt lat="59.26749" lon="24.39529">
        <ele>36.0</ele>
      </trkpt>
      <trkpt lat="59.26776" lon="24.39411">
        <ele>37.8</ele>
      </trkpt>
      <trkpt lat="59.26798" lon="24.39282">
        <ele>39.6</ele>
      </trkpt>
      <trkpt lat="59.26812" lon="24.39183">
        <ele>40.1</ele>
      </trkpt>
      <trkpt lat="59.26827" lon="24.39084">
        <ele>39.6</ele>
      </trkpt>
      <trkpt lat="59.26834" lon="24.39046">
        <ele>39.6</ele>
      </trkpt>
      <trkpt lat="59.26848" lon="24.39002">
        <ele>40.3</ele>
      </trkpt>
      <trkpt lat="59.26885" lon="24.38927">
        <ele>41.0</ele>
      </trkpt>
      <trkpt lat="59.26922" lon="24.38853">
        <ele>40.6</ele>
      </trkpt>
      <trkpt lat="59.26933" lon="24.38821">
        <ele>39.7</ele>
      </trkpt>
      <trkpt lat="59.26938" lon="24.3878">
        <ele>39.8</ele>
      </trkpt>
      <trkpt lat="59.26935" lon="24.38744">
        <ele>40.0</ele>
      </trkpt>
      <trkpt lat="59.2692" lon="24.38668">
        <ele>40.1</ele>
      </trkpt>
      <trkpt lat="59.26919" lon="24.3863">
        <ele>40.9</ele>
      </trkpt>
      <trkpt lat="59.26921" lon="24.38588">
        <ele>41.9</ele>
      </trkpt>
      <trkpt lat="59.26928" lon="24.3854">
        <ele>42.7</ele>
      </trkpt>
      <trkpt lat="59.26946" lon="24.38466">
        <ele>42.8</ele>
      </trkpt>
      <trkpt lat="59.26951" lon="24.3842">
        <ele>42.3</ele>
      </trkpt>
      <trkpt lat="59.2695" lon="24.3836">
        <ele>41.8</ele>
      </trkpt>
      <trkpt lat="59.26952" lon="24.38308">
        <ele>41.1</ele>
      </trkpt>
      <trkpt lat="59.26956" lon="24.38275">
        <ele>40.5</ele>
      </trkpt>
      <trkpt lat="59.26968" lon="24.38226">
        <ele>40.0</ele>
      </trkpt>
      <trkpt lat="59.26973" lon="24.38189">
        <ele>39.5</ele>
      </trkpt>
      <trkpt lat="59.26985" lon="24.38074">
        <ele>40.6</ele>
      </trkpt>
      <trkpt lat="59.2698" lon="24.38009">
        <ele>41.2</ele>
      </trkpt>
      <trkpt lat="59.26972" lon="24.37924">
        <ele>41.9</ele>
      </trkpt>
      <trkpt lat="59.26975" lon="24.37884">
        <ele>42.5</ele>
      </trkpt>
      <trkpt lat="59.26999" lon="24.37786">
        <ele>44.3</ele>
      </trkpt>
      <trkpt lat="59.27005" lon="24.37742">
        <ele>44.0</ele>
      </trkpt>
      <trkpt lat="59.27007" lon="24.37699">
        <ele>43.6</ele>
      </trkpt>
      <trkpt lat="59.27001" lon="24.37629">
        <ele>43.5</ele>
      </trkpt>
      <trkpt lat="59.2699" lon="24.37571">
        <ele>43.5</ele>
      </trkpt>
      <trkpt lat="59.26963" lon="24.37513">
        <ele>42.6</ele>
      </trkpt>
      <trkpt lat="59.26921" lon="24.37446">
        <ele>41.5</ele>
      </trkpt>
      <trkpt lat="59.26894" lon="24.37381">
        <ele>41.0</ele>
      </trkpt>
      <trkpt lat="59.26848" lon="24.37255">
        <ele>39.0</ele>
      </trkpt>
      <trkpt lat="59.26802" lon="24.3713">
        <ele>37.1</ele>
      </trkpt>
      <trkpt lat="59.26809" lon="24.37085">
        <ele>37.0</ele>
      </trkpt>
      <trkpt lat="59.26798" lon="24.37066">
        <ele>37.1</ele>
      </trkpt>
      <trkpt lat="59.26765" lon="24.36985">
        <ele>37.5</ele>
      </trkpt>
      <trkpt lat="59.26728" lon="24.36921">
        <ele>36.1</ele>
      </trkpt>
      <trkpt lat="59.26683" lon="24.36879">
        <ele>35.9</ele>
      </trkpt>
      <trkpt lat="59.26609" lon="24.36866">
        <ele>35.3</ele>
      </trkpt>
      <trkpt lat="59.26534" lon="24.36853">
        <ele>35.5</ele>
      </trkpt>
      <trkpt lat="59.2646" lon="24.36839">
        <ele>36.0</ele>
      </trkpt>
      <trkpt lat="59.26415" lon="24.36821">
        <ele>35.9</ele>
      </trkpt>
      <trkpt lat="59.26358" lon="24.36717">
        <ele>35.4</ele>
      </trkpt>
      <trkpt lat="59.26322" lon="24.36641">
        <ele>35.5</ele>
      </trkpt>
      <trkpt lat="59.26286" lon="24.36566">
        <ele>37.4</ele>
      </trkpt>
      <trkpt lat="59.2625" lon="24.36524">
        <ele>40.0</ele>
      </trkpt>
      <trkpt lat="59.26178" lon="24.36488">
        <ele>39.3</ele>
      </trkpt>
      <trkpt lat="59.26125" lon="24.36467">
        <ele>38.4</ele>
      </trkpt>
      <trkpt lat="59.26072" lon="24.36446">
        <ele>37.8</ele>
      </trkpt>
      <trkpt lat="59.26001" lon="24.36429">
        <ele>38.3</ele>
      </trkpt>
      <trkpt lat="59.2593" lon="24.36412">
        <ele>39.6</ele>
      </trkpt>
      <trkpt lat="59.25903" lon="24.36403">
        <ele>39.6</ele>
      </trkpt>
      <trkpt lat="59.25873" lon="24.36386">
        <ele>39.1</ele>
      </trkpt>
      <trkpt lat="59.25817" lon="24.36348">
        <ele>38.6</ele>
      </trkpt>
      <trkpt lat="59.25761" lon="24.36311">
        <ele>37.2</ele>
      </trkpt>
      <trkpt lat="59.25675" lon="24.36273">
        <ele>35.2</ele>
      </trkpt>
      <trkpt lat="59.25655" lon="24.36242">
        <ele>35.3</ele>
      </trkpt>
      <trkpt lat="59.25648" lon="24.36212">
        <ele>35.7</ele>
      </trkpt>
      <trkpt lat="59.25647" lon="24.36183">
        <ele>35.9</ele>
      </trkpt>
      <trkpt lat="59.2565" lon="24.3612">
        <ele>35.8</ele>
      </trkpt>
      <trkpt lat="59.2566" lon="24.36005">
        <ele>35.3</ele>
      </trkpt>
      <trkpt lat="59.25687" lon="24.35894">
        <ele>34.0</ele>
      </trkpt>
      <trkpt lat="59.25696" lon="24.35792">
        <ele>35.5</ele>
      </trkpt>
      <trkpt lat="59.25686" lon="24.35716">
        <ele>37.9</ele>
      </trkpt>
      <trkpt lat="59.25663" lon="24.35649">
        <ele>38.7</ele>
      </trkpt>
      <trkpt lat="59.25631" lon="24.3554">
        <ele>38.4</ele>
      </trkpt>
      <trkpt lat="59.25599" lon="24.35431">
        <ele>39.0</ele>
      </trkpt>
      <trkpt lat="59.25568" lon="24.35323">
        <ele>39.1</ele>
      </trkpt>
      <trkpt lat="59.25545" lon="24.35259">
        <ele>38.1</ele>
      </trkpt>
      <trkpt lat="59.25487" lon="24.35168">
        <ele>37.5</ele>
      </trkpt>
      <trkpt lat="59.25429" lon="24.35078">
        <ele>36.0</ele>
      </trkpt>
      <trkpt lat="59.25384" lon="24.34993">
        <ele>37.0</ele>
      </trkpt>
      <trkpt lat="59.25339" lon="24.34909">
        <ele>37.9</ele>
      </trkpt>
      <trkpt lat="59.25308" lon="24.3484">
        <ele>40.2</ele>
      </trkpt>
      <trkpt lat="59.25278" lon="24.34772">
        <ele>39.7</ele>
      </trkpt>
      <trkpt lat="59.25247" lon="24.34689">
        <ele>37.9</ele>
      </trkpt>
      <trkpt lat="59.25235" lon="24.34634">
        <ele>38.5</ele>
      </trkpt>
      <trkpt lat="59.25217" lon="24.34494">
        <ele>42.6</ele>
      </trkpt>
      <trkpt lat="59.25201" lon="24.34392">
        <ele>43.2</ele>
      </trkpt>
      <trkpt lat="59.25185" lon="24.3429">
        <ele>43.4</ele>
      </trkpt>
      <trkpt lat="59.2516" lon="24.34142">
        <ele>41.8</ele>
      </trkpt>
      <trkpt lat="59.25135" lon="24.33994">
        <ele>41.8</ele>
      </trkpt>
      <trkpt lat="59.25116" lon="24.33871">
        <ele>41.9</ele>
      </trkpt>
      <trkpt lat="59.25096" lon="24.33747">
        <ele>42.3</ele>
      </trkpt>
      <trkpt lat="59.25085" lon="24.33707">
        <ele>42.1</ele>
      </trkpt>
      <trkpt lat="59.25058" lon="24.33648">
        <ele>41.8</ele>
      </trkpt>
      <trkpt lat="59.25007" lon="24.33565">
        <ele>42.6</ele>
      </trkpt>
      <trkpt lat="59.24957" lon="24.33482">
        <ele>42.6</ele>
      </trkpt>
      <trkpt lat="59.24907" lon="24.334">
        <ele>41.7</ele>
      </trkpt>
      <trkpt lat="59.24896" lon="24.33365">
        <ele>41.4</ele>
      </trkpt>
      <trkpt lat="59.24899" lon="24.33304">
        <ele>41.2</ele>
      </trkpt>
      <trkpt lat="59.2492" lon="24.33138">
        <ele>40.4</ele>
      </trkpt>
      <trkpt lat="59.2494" lon="24.32972">
        <ele>37.9</ele>
      </trkpt>
      <trkpt lat="59.24961" lon="24.32807">
        <ele>35.3</ele>
      </trkpt>
      <trkpt lat="59.24982" lon="24.32641">
        <ele>34.5</ele>
      </trkpt>
      <trkpt lat="59.25002" lon="24.32476">
        <ele>30.8</ele>
      </trkpt>
      <trkpt lat="59.25017" lon="24.32349">
        <ele>30.3</ele>
      </trkpt>
      <trkpt lat="59.25032" lon="24.32222">
        <ele>31.5</ele>
      </trkpt>
      <trkpt lat="59.25047" lon="24.32095">
        <ele>32.1</ele>
      </trkpt>
      <trkpt lat="59.25042" lon="24.32058">
        <ele>32.0</ele>
      </trkpt>
      <trkpt lat="59.25" lon="24.31985">
        <ele>30.8</ele>
      </trkpt>
      <trkpt lat="59.24963" lon="24.31949">
        <ele>30.2</ele>
      </trkpt>
      <trkpt lat="59.2495" lon="24.31921">
        <ele>30.0</ele>
      </trkpt>
      <trkpt lat="59.24917" lon="24.31788">
        <ele>29.5</ele>
      </trkpt>
      <trkpt lat="59.24885" lon="24.31655">
        <ele>29.7</ele>
      </trkpt>
      <trkpt lat="59.24852" lon="24.31522">
        <ele>32.1</ele>
      </trkpt>
      <trkpt lat="59.24819" lon="24.31389">
        <ele>33.2</ele>
      </trkpt>
      <trkpt lat="59.24752" lon="24.31307">
        <ele>35.0</ele>
      </trkpt>
      <trkpt lat="59.24686" lon="24.31226">
        <ele>32.9</ele>
      </trkpt>
      <trkpt lat="59.24619" lon="24.31144">
        <ele>33.1</ele>
      </trkpt>
      <trkpt lat="59.24553" lon="24.31062">
        <ele>32.6</ele>
      </trkpt>
      <trkpt lat="59.24486" lon="24.30981">
        <ele>32.2</ele>
      </trkpt>
      <trkpt lat="59.24482" lon="24.30919">
        <ele>33.0</ele>
      </trkpt>
      <trkpt lat="59.24473" lon="24.30873">
        <ele>33.2</ele>
      </trkpt>
      <trkpt lat="59.24448" lon="24.30708">
        <ele>33.6</ele>
      </trkpt>
      <trkpt lat="59.24439" lon="24.3066">
        <ele>33.7</ele>
      </trkpt>
      <trkpt lat="59.24426" lon="24.30642">
        <ele>33.6</ele>
      </trkpt>
      <trkpt lat="59.24412" lon="24.30637">
        <ele>33.8</ele>
      </trkpt>
      <trkpt lat="59.2439" lon="24.30652">
        <ele>34.5</ele>
      </trkpt>
      <trkpt lat="59.24336" lon="24.30724">
        <ele>35.9</ele>
      </trkpt>
      <trkpt lat="59.24319" lon="24.30732">
        <ele>35.8</ele>
      </trkpt>
      <trkpt lat="59.24297" lon="24.30731">
        <ele>35.6</ele>
      </trkpt>
      <trkpt lat="59.24287" lon="24.30727">
        <ele>35.4</ele>
      </trkpt>
      <trkpt lat="59.24277" lon="24.30718">
        <ele>35.3</ele>
      </trkpt>
      <trkpt lat="59.24271" lon="24.30701">
        <ele>35.3</ele>
      </trkpt>
      <trkpt lat="59.24269" lon="24.30667">
        <ele>35.2</ele>
      </trkpt>
      <trkpt lat="59.24252" lon="24.30567">
        <ele>34.0</ele>
      </trkpt>
      <trkpt lat="59.24235" lon="24.30467">
        <ele>33.6</ele>
      </trkpt>
      <trkpt lat="59.242297" lon="24.30453">
        <ele>33.5</ele>
      </trkpt>
      <trkpt lat="59.2423" lon="24.30453">
        <ele>33.5</ele>
      </trkpt>
      <trkpt lat="59.2421" lon="24.30401">
        <ele>33.6</ele>
      </trkpt>
      <trkpt lat="59.24225" lon="24.30313">
        <ele>33.7</ele>
      </trkpt>
      <trkpt lat="59.24238" lon="24.30255">
        <ele>34.0</ele>
      </trkpt>
      <trkpt lat="59.24245" lon="24.30217">
        <ele>34.0</ele>
      </trkpt>
      <trkpt lat="59.24248" lon="24.30193">
        <ele>34.0</ele>
      </trkpt>
      <trkpt lat="59.24258" lon="24.30092">
        <ele>34.9</ele>
      </trkpt>
      <trkpt lat="59.24268" lon="24.29991">
        <ele>35.1</ele>
      </trkpt>
      <trkpt lat="59.24205" lon="24.29924">
        <ele>35.9</ele>
      </trkpt>
      <trkpt lat="59.24142" lon="24.29857">
        <ele>35.6</ele>
      </trkpt>
      <trkpt lat="59.24142" lon="24.29857">
        <ele>35.6</ele>
      </trkpt>
      <trkpt lat="59.24073" lon="24.29785">
        <ele>35.5</ele>
      </trkpt>
      <trkpt lat="59.24005" lon="24.29712">
        <ele>35.1</ele>
      </trkpt>
      <trkpt lat="59.23936" lon="24.2964">
        <ele>34.8</ele>
      </trkpt>
      <trkpt lat="59.23882" lon="24.29584">
        <ele>34.0</ele>
      </trkpt>
      <trkpt lat="59.23827" lon="24.29527">
        <ele>33.9</ele>
      </trkpt>
      <trkpt lat="59.23772" lon="24.29471">
        <ele>33.4</ele>
      </trkpt>
      <trkpt lat="59.23734" lon="24.29437">
        <ele>33.8</ele>
      </trkpt>
      <trkpt lat="59.23714" lon="24.29402">
        <ele>34.1</ele>
      </trkpt>
      <trkpt lat="59.23699" lon="24.29368">
        <ele>34.2</ele>
      </trkpt>
      <trkpt lat="59.2365" lon="24.29243">
        <ele>34.8</ele>
      </trkpt>
      <trkpt lat="59.23621" lon="24.29208">
        <ele>34.5</ele>
      </trkpt>
      <trkpt lat="59.23556" lon="24.29142">
        <ele>33.8</ele>
      </trkpt>
      <trkpt lat="59.23556" lon="24.29142">
        <ele>33.8</ele>
      </trkpt>
      <trkpt lat="59.23477" lon="24.29062">
        <ele>34.0</ele>
      </trkpt>
      <trkpt lat="59.23436" lon="24.29017">
        <ele>34.0</ele>
      </trkpt>
      <trkpt lat="59.23422" lon="24.28994">
        <ele>34.0</ele>
      </trkpt>
      <trkpt lat="59.23392" lon="24.28916">
        <ele>34.9</ele>
      </trkpt>
      <trkpt lat="59.23393" lon="24.28874">
        <ele>35.0</ele>
      </trkpt>
      <trkpt lat="59.23396" lon="24.28822">
        <ele>35.0</ele>
      </trkpt>
      <trkpt lat="59.23408" lon="24.28678">
        <ele>34.2</ele>
      </trkpt>
      <trkpt lat="59.2342" lon="24.28534">
        <ele>33.0</ele>
      </trkpt>
      <trkpt lat="59.23418" lon="24.28517">
        <ele>33.0</ele>
      </trkpt>
      <trkpt lat="59.23412" lon="24.28499">
        <ele>33.0</ele>
      </trkpt>
      <trkpt lat="59.23397" lon="24.28467">
        <ele>32.9</ele>
      </trkpt>
      <trkpt lat="59.23382" lon="24.28442">
        <ele>32.7</ele>
      </trkpt>
      <trkpt lat="59.233816" lon="24.284422">
        <ele>32.7</ele>
      </trkpt>
      <trkpt lat="59.23348" lon="24.28388">
        <ele>32.2</ele>
      </trkpt>
      <trkpt lat="59.23337" lon="24.28356">
        <ele>32.0</ele>
      </trkpt>
      <trkpt lat="59.23331" lon="24.2833">
        <ele>31.9</ele>
      </trkpt>
      <trkpt lat="59.23322" lon="24.28257">
        <ele>30.8</ele>
      </trkpt>
      <trkpt lat="59.23345" lon="24.28183">
        <ele>31.3</ele>
      </trkpt>
      <trkpt lat="59.2335" lon="24.28165">
        <ele>31.4</ele>
      </trkpt>
      <trkpt lat="59.23357" lon="24.28123">
        <ele>31.3</ele>
      </trkpt>
      <trkpt lat="59.233618" lon="24.280818">
        <ele>31.4</ele>
      </trkpt>
      <trkpt lat="59.2333" lon="24.280719">
        <ele>29.9</ele>
      </trkpt>
      <trkpt lat="59.233328" lon="24.279384">
        <ele>30.7</ele>
      </trkpt>
      <trkpt lat="59.233221" lon="24.278996">
        <ele>31.1</ele>
      </trkpt>
      <trkpt lat="59.232908" lon="24.278552">
        <ele>31.6</ele>
      </trkpt>
      <trkpt lat="59.232621" lon="24.278498">
        <ele>31.6</ele>
      </trkpt>
      <trkpt lat="59.232374" lon="24.278691">
        <ele>30.5</ele>
      </trkpt>
      <trkpt lat="59.232079" lon="24.278423">
        <ele>29.3</ele>
      </trkpt>
      <trkpt lat="59.231821" lon="24.277828">
        <ele>29.6</ele>
      </trkpt>
      <trkpt lat="59.231624" lon="24.277464">
        <ele>29.9</ele>
      </trkpt>
      <trkpt lat="59.231323" lon="24.277272">
        <ele>29.1</ele>
      </trkpt>
      <trkpt lat="59.231081" lon="24.276653">
        <ele>29.5</ele>
      </trkpt>
      <trkpt lat="59.230928" lon="24.275765">
        <ele>30.6</ele>
      </trkpt>
      <trkpt lat="59.231009" lon="24.275462">
        <ele>31.5</ele>
      </trkpt>
      <trkpt lat="59.231009" lon="24.275462">
        <ele>31.5</ele>
      </trkpt>
      <trkpt lat="59.230193" lon="24.27444">
        <ele>32.6</ele>
      </trkpt>
      <trkpt lat="59.229378" lon="24.273418">
        <ele>33.9</ele>
      </trkpt>
      <trkpt lat="59.228562" lon="24.272396">
        <ele>30.8</ele>
      </trkpt>
      <trkpt lat="59.228099" lon="24.272013">
        <ele>29.7</ele>
      </trkpt>
      <trkpt lat="59.227754" lon="24.271676">
        <ele>29.3</ele>
      </trkpt>
      <trkpt lat="59.22773" lon="24.27108">
        <ele>28.6</ele>
      </trkpt>
      <trkpt lat="59.22773" lon="24.27108">
        <ele>28.6</ele>
      </trkpt>
      <trkpt lat="59.22767" lon="24.27026">
        <ele>28.2</ele>
      </trkpt>
      <trkpt lat="59.22767" lon="24.26997">
        <ele>28.2</ele>
      </trkpt>
      <trkpt lat="59.22772" lon="24.26967">
        <ele>28.4</ele>
      </trkpt>
      <trkpt lat="59.22775" lon="24.26922">
        <ele>28.6</ele>
      </trkpt>
      <trkpt lat="59.22773" lon="24.26901">
        <ele>28.6</ele>
      </trkpt>
      <trkpt lat="59.22772" lon="24.26868">
        <ele>28.5</ele>
      </trkpt>
      <trkpt lat="59.22756" lon="24.26796">
        <ele>27.7</ele>
      </trkpt>
      <trkpt lat="59.22752" lon="24.26761">
        <ele>27.2</ele>
      </trkpt>
      <trkpt lat="59.22753" lon="24.26699">
        <ele>27.0</ele>
      </trkpt>
      <trkpt lat="59.22749" lon="24.26587">
        <ele>27.0</ele>
      </trkpt>
      <trkpt lat="59.22745" lon="24.26475">
        <ele>26.6</ele>
      </trkpt>
      <trkpt lat="59.22741" lon="24.26328">
        <ele>25.8</ele>
      </trkpt>
      <trkpt lat="59.22743" lon="24.26265">
        <ele>25.8</ele>
      </trkpt>
      <trkpt lat="59.22747" lon="24.26236">
        <ele>25.9</ele>
      </trkpt>
      <trkpt lat="59.22749" lon="24.26204">
        <ele>26.0</ele>
      </trkpt>
      <trkpt lat="59.22753" lon="24.2619">
        <ele>26.0</ele>
      </trkpt>
      <trkpt lat="59.22764" lon="24.26174">
        <ele>26.0</ele>
      </trkpt>
      <trkpt lat="59.22815" lon="24.26135">
        <ele>26.3</ele>
      </trkpt>
      <trkpt lat="59.22871" lon="24.26068">
        <ele>26.5</ele>
      </trkpt>
      <trkpt lat="59.22875" lon="24.26052">
        <ele>26.5</ele>
      </trkpt>
      <trkpt lat="59.22877" lon="24.25998">
        <ele>26.5</ele>
      </trkpt>
      <trkpt lat="59.22882" lon="24.25978">
        <ele>26.2</ele>
      </trkpt>
      <trkpt lat="59.22899" lon="24.25952">
        <ele>25.6</ele>
      </trkpt>
      <trkpt lat="59.22955" lon="24.25882">
        <ele>24.5</ele>
      </trkpt>
      <trkpt lat="59.23016" lon="24.25803">
        <ele>24.4</ele>
      </trkpt>
      <trkpt lat="59.23076" lon="24.25724">
        <ele>25.0</ele>
      </trkpt>
      <trkpt lat="59.23087" lon="24.25713">
        <ele>24.9</ele>
      </trkpt>
      <trkpt lat="59.23099" lon="24.2571">
        <ele>24.6</ele>
      </trkpt>
      <trkpt lat="59.23109" lon="24.25712">
        <ele>24.4</ele>
      </trkpt>
      <trkpt lat="59.2312" lon="24.25709">
        <ele>24.1</ele>
      </trkpt>
      <trkpt lat="59.23156" lon="24.25674">
        <ele>23.3</ele>
      </trkpt>
      <trkpt lat="59.23118" lon="24.25521">
        <ele>24.8</ele>
      </trkpt>
      <trkpt lat="59.23106" lon="24.25458">
        <ele>26.3</ele>
      </trkpt>
      <trkpt lat="59.23099" lon="24.25428">
        <ele>27.0</ele>
      </trkpt>
      <trkpt lat="59.23093" lon="24.25399">
        <ele>27.7</ele>
      </trkpt>
      <trkpt lat="59.23091" lon="24.25394">
        <ele>27.9</ele>
      </trkpt>
      <trkpt lat="59.23085" lon="24.25386">
        <ele>28.3</ele>
      </trkpt>
      <trkpt lat="59.23084" lon="24.25382">
        <ele>28.4</ele>
      </trkpt>
      <trkpt lat="59.23083" lon="24.25372">
        <ele>28.5</ele>
      </trkpt>
      <trkpt lat="59.23086" lon="24.25365">
        <ele>28.5</ele>
      </trkpt>
      <trkpt lat="59.2309" lon="24.25313">
        <ele>28.5</ele>
      </trkpt>
      <trkpt lat="59.23095" lon="24.25143">
        <ele>26.9</ele>
      </trkpt>
      <trkpt lat="59.23101" lon="24.25008">
        <ele>26.8</ele>
      </trkpt>
      <trkpt lat="59.23101" lon="24.25008">
        <ele>26.8</ele>
      </trkpt>
      <trkpt lat="59.23106" lon="24.24911">
        <ele>26.5</ele>
      </trkpt>
      <trkpt lat="59.23111" lon="24.24815">
        <ele>26.2</ele>
      </trkpt>
      <trkpt lat="59.23071" lon="24.2478">
        <ele>26.6</ele>
      </trkpt>
      <trkpt lat="59.23052" lon="24.24769">
        <ele>26.7</ele>
      </trkpt>
      <trkpt lat="59.23024" lon="24.24757">
        <ele>26.9</ele>
      </trkpt>
      <trkpt lat="59.230235" lon="24.247568">
        <ele>26.9</ele>
      </trkpt>
      <trkpt lat="59.22998" lon="24.24746">
        <ele>26.9</ele>
      </trkpt>
      <trkpt lat="59.22925" lon="24.2473">
        <ele>26.7</ele>
      </trkpt>
      <trkpt lat="59.22852" lon="24.24713">
        <ele>25.8</ele>
      </trkpt>
      <trkpt lat="59.22779" lon="24.24697">
        <ele>27.1</ele>
      </trkpt>
      <trkpt lat="59.22742" lon="24.24695">
        <ele>28.0</ele>
      </trkpt>
      <trkpt lat="59.22745" lon="24.24587">
        <ele>29.1</ele>
      </trkpt>
      <trkpt lat="59.22749" lon="24.24433">
        <ele>32.5</ele>
      </trkpt>
      <trkpt lat="59.22752" lon="24.24279">
        <ele>35.4</ele>
      </trkpt>
      <trkpt lat="59.22756" lon="24.24125">
        <ele>34.9</ele>
      </trkpt>
      <trkpt lat="59.22759" lon="24.23971">
        <ele>32.2</ele>
      </trkpt>
      <trkpt lat="59.22763" lon="24.23817">
        <ele>27.6</ele>
      </trkpt>
      <trkpt lat="59.22768" lon="24.23744">
        <ele>27.0</ele>
      </trkpt>
      <trkpt lat="59.227685" lon="24.237341">
        <ele>27.0</ele>
      </trkpt>
      <trkpt lat="59.22769" lon="24.23734">
        <ele>27.0</ele>
      </trkpt>
      <trkpt lat="59.22772" lon="24.23665">
        <ele>27.3</ele>
      </trkpt>
      <trkpt lat="59.22774" lon="24.23656">
        <ele>27.3</ele>
      </trkpt>
      <trkpt lat="59.22779" lon="24.23645">
        <ele>27.3</ele>
      </trkpt>
      <trkpt lat="59.22779" lon="24.23645">
        <ele>27.3</ele>
      </trkpt>
      <trkpt lat="59.22774" lon="24.23656">
        <ele>27.3</ele>
      </trkpt>
      <trkpt lat="59.22772" lon="24.23665">
        <ele>27.3</ele>
      </trkpt>
      <trkpt lat="59.22773" lon="24.23622">
        <ele>27.3</ele>
      </trkpt>
      <trkpt lat="59.22752" lon="24.23574">
        <ele>27.0</ele>
      </trkpt>
      <trkpt lat="59.22735" lon="24.23529">
        <ele>27.2</ele>
      </trkpt>
      <trkpt lat="59.22707" lon="24.23503">
        <ele>27.5</ele>
      </trkpt>
      <trkpt lat="59.22693" lon="24.23474">
        <ele>26.7</ele>
      </trkpt>
      <trkpt lat="59.22668" lon="24.234">
        <ele>24.6</ele>
      </trkpt>
      <trkpt lat="59.22657" lon="24.23378">
        <ele>24.5</ele>
      </trkpt>
      <trkpt lat="59.22651" lon="24.23373">
        <ele>24.7</ele>
      </trkpt>
      <trkpt lat="59.2257" lon="24.23375">
        <ele>28.4</ele>
      </trkpt>
      <trkpt lat="59.2249" lon="24.23378">
        <ele>30.5</ele>
      </trkpt>
      <trkpt lat="59.2241" lon="24.2338">
        <ele>29.6</ele>
      </trkpt>
      <trkpt lat="59.2233" lon="24.23382">
        <ele>28.8</ele>
      </trkpt>
      <trkpt lat="59.2225" lon="24.23384">
        <ele>28.8</ele>
      </trkpt>
      <trkpt lat="59.22238" lon="24.23379">
        <ele>28.2</ele>
      </trkpt>
      <trkpt lat="59.22236" lon="24.23365">
        <ele>27.7</ele>
      </trkpt>
      <trkpt lat="59.22237" lon="24.23283">
        <ele>26.8</ele>
      </trkpt>
      <trkpt lat="59.22233" lon="24.23127">
        <ele>27.2</ele>
      </trkpt>
      <trkpt lat="59.2223" lon="24.22971">
        <ele>27.6</ele>
      </trkpt>
      <trkpt lat="59.22226" lon="24.22859">
        <ele>27.7</ele>
      </trkpt>
      <trkpt lat="59.22226" lon="24.2281">
        <ele>28.0</ele>
      </trkpt>
      <trkpt lat="59.22228" lon="24.22752">
        <ele>28.7</ele>
      </trkpt>
      <trkpt lat="59.22233" lon="24.22677">
        <ele>29.5</ele>
      </trkpt>
      <trkpt lat="59.22242" lon="24.22593">
        <ele>30.1</ele>
      </trkpt>
      <trkpt lat="59.2225" lon="24.22533">
        <ele>30.0</ele>
      </trkpt>
      <trkpt lat="59.22252" lon="24.22511">
        <ele>29.8</ele>
      </trkpt>
      <trkpt lat="59.22254" lon="24.22446">
        <ele>30.3</ele>
      </trkpt>
      <trkpt lat="59.22255" lon="24.22437">
        <ele>30.4</ele>
      </trkpt>
      <trkpt lat="59.22255" lon="24.22397">
        <ele>30.7</ele>
      </trkpt>
      <trkpt lat="59.22262" lon="24.22329">
        <ele>30.5</ele>
      </trkpt>
      <trkpt lat="59.22265" lon="24.22253">
        <ele>32.2</ele>
      </trkpt>
      <trkpt lat="59.22296" lon="24.2209">
        <ele>32.2</ele>
      </trkpt>
      <trkpt lat="59.2232" lon="24.21928">
        <ele>31.7</ele>
      </trkpt>
      <trkpt lat="59.22331" lon="24.21806">
        <ele>32.8</ele>
      </trkpt>
      <trkpt lat="59.22339" lon="24.21747">
        <ele>33.8</ele>
      </trkpt>
      <trkpt lat="59.22339" lon="24.21747">
        <ele>33.8</ele>
      </trkpt>
      <trkpt lat="59.22353" lon="24.21639">
        <ele>34.0</ele>
      </trkpt>
      <trkpt lat="59.22359" lon="24.21502">
        <ele>33.2</ele>
      </trkpt>
      <trkpt lat="59.22365" lon="24.21364">
        <ele>31.5</ele>
      </trkpt>
      <trkpt lat="59.22387" lon="24.2125">
        <ele>31.1</ele>
      </trkpt>
      <trkpt lat="59.22391" lon="24.21212">
        <ele>30.9</ele>
      </trkpt>
      <trkpt lat="59.22388" lon="24.21142">
        <ele>31.2</ele>
      </trkpt>
      <trkpt lat="59.22391" lon="24.21041">
        <ele>32.0</ele>
      </trkpt>
      <trkpt lat="59.22393" lon="24.20932">
        <ele>31.7</ele>
      </trkpt>
      <trkpt lat="59.22395" lon="24.20825">
        <ele>30.8</ele>
      </trkpt>
      <trkpt lat="59.22397" lon="24.20718">
        <ele>31.2</ele>
      </trkpt>
      <trkpt lat="59.22398" lon="24.20596">
        <ele>32.1</ele>
      </trkpt>
      <trkpt lat="59.224" lon="24.20498">
        <ele>32.2</ele>
      </trkpt>
      <trkpt lat="59.22395" lon="24.2035">
        <ele>33.0</ele>
      </trkpt>
      <trkpt lat="59.22394" lon="24.2026">
        <ele>32.1</ele>
      </trkpt>
      <trkpt lat="59.22394" lon="24.20169">
        <ele>32.0</ele>
      </trkpt>
      <trkpt lat="59.22399" lon="24.20071">
        <ele>33.0</ele>
      </trkpt>
      <trkpt lat="59.22403" lon="24.20052">
        <ele>33.1</ele>
      </trkpt>
      <trkpt lat="59.22406" lon="24.20021">
        <ele>33.1</ele>
      </trkpt>
      <trkpt lat="59.22414" lon="24.19856">
        <ele>33.1</ele>
      </trkpt>
      <trkpt lat="59.22414" lon="24.19773">
        <ele>32.4</ele>
      </trkpt>
      <trkpt lat="59.22411" lon="24.19623">
        <ele>30.8</ele>
      </trkpt>
      <trkpt lat="59.22407" lon="24.19474">
        <ele>30.4</ele>
      </trkpt>
      <trkpt lat="59.22404" lon="24.19325">
        <ele>31.0</ele>
      </trkpt>
      <trkpt lat="59.22404" lon="24.19293">
        <ele>32.1</ele>
      </trkpt>
      <trkpt lat="59.22412" lon="24.19263">
        <ele>32.7</ele>
      </trkpt>
      <trkpt lat="59.22429" lon="24.19238">
        <ele>32.7</ele>
      </trkpt>
      <trkpt lat="59.22506" lon="24.19152">
        <ele>31.1</ele>
      </trkpt>
      <trkpt lat="59.22583" lon="24.19066">
        <ele>28.2</ele>
      </trkpt>
      <trkpt lat="59.22636" lon="24.19029">
        <ele>28.7</ele>
      </trkpt>
      <trkpt lat="59.22677" lon="24.18992">
        <ele>27.0</ele>
      </trkpt>
      <trkpt lat="59.22684" lon="24.18987">
        <ele>27.1</ele>
      </trkpt>
      <trkpt lat="59.22737" lon="24.18971">
        <ele>27.8</ele>
      </trkpt>
      <trkpt lat="59.22756" lon="24.18964">
        <ele>28.0</ele>
      </trkpt>
      <trkpt lat="59.22771" lon="24.18954">
        <ele>27.9</ele>
      </trkpt>
      <trkpt lat="59.22789" lon="24.1895">
        <ele>27.7</ele>
      </trkpt>
      <trkpt lat="59.22844" lon="24.1892">
        <ele>27.4</ele>
      </trkpt>
      <trkpt lat="59.22879" lon="24.18907">
        <ele>28.6</ele>
      </trkpt>
      <trkpt lat="59.22902" lon="24.18904">
        <ele>29.5</ele>
      </trkpt>
      <trkpt lat="59.22888" lon="24.1887">
        <ele>29.0</ele>
      </trkpt>
      <trkpt lat="59.22847" lon="24.18809">
        <ele>27.4</ele>
      </trkpt>
      <trkpt lat="59.228473" lon="24.188087">
        <ele>27.5</ele>
      </trkpt>
      <trkpt lat="59.22817" lon="24.18763">
        <ele>27.0</ele>
      </trkpt>
      <trkpt lat="59.22784" lon="24.18696">
        <ele>27.0</ele>
      </trkpt>
      <trkpt lat="59.22759" lon="24.18632">
        <ele>26.7</ele>
      </trkpt>
      <trkpt lat="59.22732" lon="24.18503">
        <ele>25.8</ele>
      </trkpt>
      <trkpt lat="59.22705" lon="24.18375">
        <ele>27.5</ele>
      </trkpt>
      <trkpt lat="59.22696" lon="24.1829">
        <ele>29.6</ele>
      </trkpt>
      <trkpt lat="59.22693" lon="24.18189">
        <ele>33.2</ele>
      </trkpt>
      <trkpt lat="59.2269" lon="24.18089">
        <ele>34.0</ele>
      </trkpt>
      <trkpt lat="59.2268" lon="24.17998">
        <ele>34.0</ele>
      </trkpt>
      <trkpt lat="59.22674" lon="24.17879">
        <ele>33.8</ele>
      </trkpt>
      <trkpt lat="59.22667" lon="24.1776">
        <ele>33.1</ele>
      </trkpt>
      <trkpt lat="59.22667" lon="24.17668">
        <ele>32.0</ele>
      </trkpt>
      <trkpt lat="59.22674" lon="24.17576">
        <ele>30.9</ele>
      </trkpt>
      <trkpt lat="59.227" lon="24.17459">
        <ele>29.4</ele>
      </trkpt>
      <trkpt lat="59.22726" lon="24.17343">
        <ele>27.1</ele>
      </trkpt>
      <trkpt lat="59.22739" lon="24.17245">
        <ele>26.0</ele>
      </trkpt>
      <trkpt lat="59.22753" lon="24.17148">
        <ele>25.8</ele>
      </trkpt>
      <trkpt lat="59.2277" lon="24.17053">
        <ele>25.8</ele>
      </trkpt>
      <trkpt lat="59.22788" lon="24.16958">
        <ele>27.3</ele>
      </trkpt>
      <trkpt lat="59.22791" lon="24.16918">
        <ele>28.0</ele>
      </trkpt>
      <trkpt lat="59.22797" lon="24.16905">
        <ele>28.3</ele>
      </trkpt>
      <trkpt lat="59.22782" lon="24.16799">
        <ele>27.9</ele>
      </trkpt>
      <trkpt lat="59.22767" lon="24.16692">
        <ele>28.5</ele>
      </trkpt>
      <trkpt lat="59.22748" lon="24.16569">
        <ele>27.0</ele>
      </trkpt>
      <trkpt lat="59.22734" lon="24.16499">
        <ele>27.4</ele>
      </trkpt>
      <trkpt lat="59.2272" lon="24.165">
        <ele>27.7</ele>
      </trkpt>
      <trkpt lat="59.22711" lon="24.16493">
        <ele>27.8</ele>
      </trkpt>
      <trkpt lat="59.22705" lon="24.16483">
        <ele>27.8</ele>
      </trkpt>
      <trkpt lat="59.22698" lon="24.1648">
        <ele>27.9</ele>
      </trkpt>
      <trkpt lat="59.22687" lon="24.16486">
        <ele>28.3</ele>
      </trkpt>
      <trkpt lat="59.22675" lon="24.16456">
        <ele>28.2</ele>
      </trkpt>
      <trkpt lat="59.22666" lon="24.16423">
        <ele>28.1</ele>
      </trkpt>
      <trkpt lat="59.22659" lon="24.1638">
        <ele>27.8</ele>
      </trkpt>
      <trkpt lat="59.22656" lon="24.16348">
        <ele>27.5</ele>
      </trkpt>
      <trkpt lat="59.22649" lon="24.16353">
        <ele>27.8</ele>
      </trkpt>
      <trkpt lat="59.22623" lon="24.16351">
        <ele>28.7</ele>
      </trkpt>
      <trkpt lat="59.22594" lon="24.16334">
        <ele>29.6</ele>
      </trkpt>
      <trkpt lat="59.22573" lon="24.1631">
        <ele>29.1</ele>
      </trkpt>
      <trkpt lat="59.22541" lon="24.16261">
        <ele>27.8</ele>
      </trkpt>
      <trkpt lat="59.22464" lon="24.1617">
        <ele>27.9</ele>
      </trkpt>
      <trkpt lat="59.22442" lon="24.16151">
        <ele>28.3</ele>
      </trkpt>
      <trkpt lat="59.22413" lon="24.16142">
        <ele>29.0</ele>
      </trkpt>
      <trkpt lat="59.22362" lon="24.16145">
        <ele>29.2</ele>
      </trkpt>
      <trkpt lat="59.22344" lon="24.16143">
        <ele>29.2</ele>
      </trkpt>
      <trkpt lat="59.2226" lon="24.16171">
        <ele>28.8</ele>
      </trkpt>
      <trkpt lat="59.22176" lon="24.16199">
        <ele>29.6</ele>
      </trkpt>
      <trkpt lat="59.22092" lon="24.16226">
        <ele>30.7</ele>
      </trkpt>
      <trkpt lat="59.22008" lon="24.16254">
        <ele>27.2</ele>
      </trkpt>
      <trkpt lat="59.21925" lon="24.16274">
        <ele>25.8</ele>
      </trkpt>
      <trkpt lat="59.219" lon="24.16269">
        <ele>26.0</ele>
      </trkpt>
      <trkpt lat="59.21883" lon="24.16257">
        <ele>26.3</ele>
      </trkpt>
      <trkpt lat="59.21844" lon="24.16219">
        <ele>27.2</ele>
      </trkpt>
      <trkpt lat="59.21818" lon="24.16212">
        <ele>27.5</ele>
      </trkpt>
      <trkpt lat="59.21762" lon="24.16213">
        <ele>27.4</ele>
      </trkpt>
      <trkpt lat="59.21706" lon="24.16214">
        <ele>26.4</ele>
      </trkpt>
      <trkpt lat="59.21642" lon="24.16246">
        <ele>25.3</ele>
      </trkpt>
      <trkpt lat="59.21566" lon="24.16183">
        <ele>26.0</ele>
      </trkpt>
      <trkpt lat="59.21543" lon="24.16192">
        <ele>26.0</ele>
      </trkpt>
      <trkpt lat="59.21513" lon="24.16227">
        <ele>26.0</ele>
      </trkpt>
      <trkpt lat="59.21487" lon="24.16223">
        <ele>26.0</ele>
      </trkpt>
      <trkpt lat="59.21466" lon="24.16207">
        <ele>26.0</ele>
      </trkpt>
      <trkpt lat="59.21408" lon="24.16206">
        <ele>25.8</ele>
      </trkpt>
      <trkpt lat="59.21384" lon="24.16176">
        <ele>25.2</ele>
      </trkpt>
      <trkpt lat="59.21342" lon="24.16106">
        <ele>24.8</ele>
      </trkpt>
      <trkpt lat="59.21342" lon="24.16106">
        <ele>24.8</ele>
      </trkpt>
      <trkpt lat="59.21277" lon="24.1603">
        <ele>26.3</ele>
      </trkpt>
      <trkpt lat="59.21252" lon="24.16006">
        <ele>26.9</ele>
      </trkpt>
      <trkpt lat="59.2118" lon="24.1598">
        <ele>26.8</ele>
      </trkpt>
      <trkpt lat="59.21109" lon="24.15953">
        <ele>26.1</ele>
      </trkpt>
      <trkpt lat="59.21038" lon="24.15926">
        <ele>26.1</ele>
      </trkpt>
      <trkpt lat="59.2097" lon="24.15901">
        <ele>26.4</ele>
      </trkpt>
      <trkpt lat="59.20914" lon="24.15914">
        <ele>28.1</ele>
      </trkpt>
      <trkpt lat="59.20859" lon="24.15927">
        <ele>30.3</ele>
      </trkpt>
      <trkpt lat="59.20808" lon="24.15926">
        <ele>30.9</ele>
      </trkpt>
      <trkpt lat="59.20758" lon="24.15925">
        <ele>30.3</ele>
      </trkpt>
      <trkpt lat="59.20734" lon="24.15919">
        <ele>29.7</ele>
      </trkpt>
      <trkpt lat="59.20672" lon="24.15872">
        <ele>26.6</ele>
      </trkpt>
      <trkpt lat="59.20658" lon="24.15842">
        <ele>25.4</ele>
      </trkpt>
      <trkpt lat="59.20643" lon="24.1578">
        <ele>25.9</ele>
      </trkpt>
      <trkpt lat="59.20631" lon="24.15747">
        <ele>26.5</ele>
      </trkpt>
      <trkpt lat="59.2062" lon="24.1573">
        <ele>26.8</ele>
      </trkpt>
      <trkpt lat="59.20607" lon="24.15719">
        <ele>27.1</ele>
      </trkpt>
      <trkpt lat="59.20576" lon="24.15722">
        <ele>27.9</ele>
      </trkpt>
      <trkpt lat="59.20556" lon="24.15692">
        <ele>28.5</ele>
      </trkpt>
      <trkpt lat="59.2053" lon="24.15636">
        <ele>29.8</ele>
      </trkpt>
      <trkpt lat="59.20518" lon="24.15564">
        <ele>31.0</ele>
      </trkpt>
      <trkpt lat="59.20515" lon="24.15512">
        <ele>31.7</ele>
      </trkpt>
      <trkpt lat="59.20529" lon="24.15421">
        <ele>31.3</ele>
      </trkpt>
      <trkpt lat="59.20547" lon="24.15365">
        <ele>30.9</ele>
      </trkpt>
      <trkpt lat="59.20545" lon="24.15267">
        <ele>31.3</ele>
      </trkpt>
      <trkpt lat="59.20552" lon="24.15241">
        <ele>31.2</ele>
      </trkpt>
      <trkpt lat="59.20554" lon="24.15218">
        <ele>31.2</ele>
      </trkpt>
      <trkpt lat="59.20541" lon="24.15066">
        <ele>32.5</ele>
      </trkpt>
      <trkpt lat="59.20529" lon="24.14914">
        <ele>31.9</ele>
      </trkpt>
      <trkpt lat="59.20516" lon="24.14761">
        <ele>32.5</ele>
      </trkpt>
      <trkpt lat="59.20504" lon="24.14609">
        <ele>31.0</ele>
      </trkpt>
      <trkpt lat="59.20501" lon="24.14525">
        <ele>28.7</ele>
      </trkpt>
      <trkpt lat="59.20504" lon="24.14364">
        <ele>25.1</ele>
      </trkpt>
      <trkpt lat="59.20506" lon="24.14203">
        <ele>26.1</ele>
      </trkpt>
      <trkpt lat="59.20508" lon="24.14041">
        <ele>27.7</ele>
      </trkpt>
      <trkpt lat="59.205" lon="24.1404">
        <ele>27.0</ele>
      </trkpt>
      <trkpt lat="59.20424" lon="24.14027">
        <ele>24.3</ele>
      </trkpt>
      <trkpt lat="59.20345" lon="24.14018">
        <ele>22.5</ele>
      </trkpt>
      <trkpt lat="59.20265" lon="24.14008">
        <ele>22.0</ele>
      </trkpt>
      <trkpt lat="59.20186" lon="24.13999">
        <ele>22.8</ele>
      </trkpt>
      <trkpt lat="59.20107" lon="24.1399">
        <ele>23.0</ele>
      </trkpt>
      <trkpt lat="59.20028" lon="24.1398">
        <ele>23.7</ele>
      </trkpt>
      <trkpt lat="59.19949" lon="24.13971">
        <ele>24.4</ele>
      </trkpt>
      <trkpt lat="59.19892" lon="24.13966">
        <ele>25.2</ele>
      </trkpt>
      <trkpt lat="59.19835" lon="24.13961">
        <ele>26.5</ele>
      </trkpt>
      <trkpt lat="59.19811" lon="24.13955">
        <ele>27.4</ele>
      </trkpt>
      <trkpt lat="59.19797" lon="24.1394">
        <ele>27.7</ele>
      </trkpt>
      <trkpt lat="59.19775" lon="24.13886">
        <ele>27.5</ele>
      </trkpt>
      <trkpt lat="59.19766" lon="24.13875">
        <ele>27.5</ele>
      </trkpt>
      <trkpt lat="59.19754" lon="24.13868">
        <ele>27.7</ele>
      </trkpt>
      <trkpt lat="59.19724" lon="24.13876">
        <ele>28.5</ele>
      </trkpt>
      <trkpt lat="59.19673" lon="24.13895">
        <ele>30.1</ele>
      </trkpt>
      <trkpt lat="59.19623" lon="24.13924">
        <ele>31.8</ele>
      </trkpt>
      <trkpt lat="59.19551" lon="24.1395">
        <ele>34.8</ele>
      </trkpt>
      <trkpt lat="59.19479" lon="24.13976">
        <ele>37.3</ele>
      </trkpt>
      <trkpt lat="59.19441" lon="24.13995">
        <ele>38.2</ele>
      </trkpt>
      <trkpt lat="59.19413" lon="24.14005">
        <ele>38.9</ele>
      </trkpt>
      <trkpt lat="59.19384" lon="24.14009">
        <ele>38.8</ele>
      </trkpt>
      <trkpt lat="59.19315" lon="24.13992">
        <ele>39.2</ele>
      </trkpt>
      <trkpt lat="59.19268" lon="24.13994">
        <ele>39.1</ele>
      </trkpt>
      <trkpt lat="59.19224" lon="24.13982">
        <ele>39.1</ele>
      </trkpt>
      <trkpt lat="59.19168" lon="24.13963">
        <ele>38.9</ele>
      </trkpt>
      <trkpt lat="59.19121" lon="24.13966">
        <ele>39.4</ele>
      </trkpt>
      <trkpt lat="59.19073" lon="24.13968">
        <ele>39.4</ele>
      </trkpt>
      <trkpt lat="59.19001" lon="24.13964">
        <ele>37.3</ele>
      </trkpt>
      <trkpt lat="59.18929" lon="24.1396">
        <ele>36.6</ele>
      </trkpt>
      <trkpt lat="59.18873" lon="24.13959">
        <ele>36.8</ele>
      </trkpt>
      <trkpt lat="59.1885" lon="24.13951">
        <ele>37.0</ele>
      </trkpt>
      <trkpt lat="59.18814" lon="24.13931">
        <ele>36.6</ele>
      </trkpt>
      <trkpt lat="59.18799" lon="24.13926">
        <ele>36.3</ele>
      </trkpt>
      <trkpt lat="59.18782" lon="24.13929">
        <ele>36.0</ele>
      </trkpt>
      <trkpt lat="59.18762" lon="24.13942">
        <ele>35.8</ele>
      </trkpt>
      <trkpt lat="59.18713" lon="24.13989">
        <ele>37.2</ele>
      </trkpt>
      <trkpt lat="59.18664" lon="24.14035">
        <ele>38.4</ele>
      </trkpt>
      <trkpt lat="59.18624" lon="24.14062">
        <ele>38.2</ele>
      </trkpt>
      <trkpt lat="59.1855" lon="24.14103">
        <ele>39.7</ele>
      </trkpt>
      <trkpt lat="59.18506" lon="24.14121">
        <ele>41.7</ele>
      </trkpt>
      <trkpt lat="59.18481" lon="24.1412">
        <ele>41.5</ele>
      </trkpt>
      <trkpt lat="59.18435" lon="24.14107">
        <ele>40.4</ele>
      </trkpt>
      <trkpt lat="59.18368" lon="24.1406">
        <ele>38.2</ele>
      </trkpt>
      <trkpt lat="59.18303" lon="24.13995">
        <ele>36.6</ele>
      </trkpt>
      <trkpt lat="59.18239" lon="24.1393">
        <ele>35.4</ele>
      </trkpt>
      <trkpt lat="59.18192" lon="24.13858">
        <ele>36.4</ele>
      </trkpt>
      <trkpt lat="59.1817" lon="24.13817">
        <ele>37.1</ele>
      </trkpt>
      <trkpt lat="59.18157" lon="24.13785">
        <ele>37.4</ele>
      </trkpt>
      <trkpt lat="59.18151" lon="24.1376">
        <ele>37.5</ele>
      </trkpt>
      <trkpt lat="59.18148" lon="24.1372">
        <ele>37.6</ele>
      </trkpt>
      <trkpt lat="59.18141" lon="24.13676">
        <ele>37.4</ele>
      </trkpt>
      <trkpt lat="59.18121" lon="24.13608">
        <ele>37.6</ele>
      </trkpt>
      <trkpt lat="59.18104" lon="24.13566">
        <ele>37.7</ele>
      </trkpt>
      <trkpt lat="59.18085" lon="24.13529">
        <ele>37.7</ele>
      </trkpt>
      <trkpt lat="59.18063" lon="24.13496">
        <ele>38.6</ele>
      </trkpt>
      <trkpt lat="59.18036" lon="24.13475">
        <ele>39.6</ele>
      </trkpt>
      <trkpt lat="59.18021" lon="24.1346">
        <ele>40.1</ele>
      </trkpt>
      <trkpt lat="59.17981" lon="24.13396">
        <ele>41.2</ele>
      </trkpt>
      <trkpt lat="59.17916" lon="24.13322">
        <ele>41.1</ele>
      </trkpt>
      <trkpt lat="59.17861" lon="24.13244">
        <ele>40.7</ele>
      </trkpt>
      <trkpt lat="59.17801" lon="24.13193">
        <ele>39.6</ele>
      </trkpt>
      <trkpt lat="59.1777" lon="24.13159">
        <ele>39.4</ele>
      </trkpt>
      <trkpt lat="59.17733" lon="24.13157">
        <ele>39.1</ele>
      </trkpt>
      <trkpt lat="59.17711" lon="24.13165">
        <ele>39.0</ele>
      </trkpt>
      <trkpt lat="59.17642" lon="24.13212">
        <ele>38.7</ele>
      </trkpt>
      <trkpt lat="59.17573" lon="24.13259">
        <ele>37.9</ele>
      </trkpt>
      <trkpt lat="59.17515" lon="24.13286">
        <ele>37.2</ele>
      </trkpt>
      <trkpt lat="59.17464" lon="24.13304">
        <ele>37.6</ele>
      </trkpt>
      <trkpt lat="59.17412" lon="24.13336">
        <ele>38.2</ele>
      </trkpt>
      <trkpt lat="59.17361" lon="24.13369">
        <ele>39.6</ele>
      </trkpt>
      <trkpt lat="59.17318" lon="24.13409">
        <ele>40.2</ele>
      </trkpt>
      <trkpt lat="59.17291" lon="24.13442">
        <ele>40.5</ele>
      </trkpt>
      <trkpt lat="59.1724" lon="24.13516">
        <ele>40.1</ele>
      </trkpt>
      <trkpt lat="59.17193" lon="24.13597">
        <ele>40.6</ele>
      </trkpt>
      <trkpt lat="59.17147" lon="24.13677">
        <ele>40.8</ele>
      </trkpt>
      <trkpt lat="59.17129" lon="24.13701">
        <ele>40.4</ele>
      </trkpt>
      <trkpt lat="59.17082" lon="24.13742">
        <ele>40.1</ele>
      </trkpt>
      <trkpt lat="59.17059" lon="24.13754">
        <ele>39.6</ele>
      </trkpt>
      <trkpt lat="59.17007" lon="24.13765">
        <ele>38.9</ele>
      </trkpt>
      <trkpt lat="59.1699" lon="24.1377">
        <ele>38.6</ele>
      </trkpt>
      <trkpt lat="59.16976" lon="24.13779">
        <ele>38.2</ele>
      </trkpt>
      <trkpt lat="59.16958" lon="24.13803">
        <ele>37.2</ele>
      </trkpt>
      <trkpt lat="59.16918" lon="24.13873">
        <ele>35.5</ele>
      </trkpt>
      <trkpt lat="59.16892" lon="24.13913">
        <ele>36.2</ele>
      </trkpt>
      <trkpt lat="59.16875" lon="24.13933">
        <ele>37.0</ele>
      </trkpt>
      <trkpt lat="59.16854" lon="24.13947">
        <ele>37.8</ele>
      </trkpt>
      <trkpt lat="59.16783" lon="24.13979">
        <ele>37.7</ele>
      </trkpt>
      <trkpt lat="59.16767" lon="24.13988">
        <ele>37.4</ele>
      </trkpt>
      <trkpt lat="59.16752" lon="24.14008">
        <ele>37.3</ele>
      </trkpt>
      <trkpt lat="59.16712" lon="24.14096">
        <ele>37.6</ele>
      </trkpt>
      <trkpt lat="59.16694" lon="24.14122">
        <ele>37.4</ele>
      </trkpt>
      <trkpt lat="59.16667" lon="24.14148">
        <ele>36.6</ele>
      </trkpt>
      <trkpt lat="59.1664" lon="24.14163">
        <ele>36.6</ele>
      </trkpt>
      <trkpt lat="59.16613" lon="24.14167">
        <ele>36.4</ele>
      </trkpt>
      <trkpt lat="59.16584" lon="24.14181">
        <ele>36.2</ele>
      </trkpt>
      <trkpt lat="59.16536" lon="24.14211">
        <ele>35.1</ele>
      </trkpt>
      <trkpt lat="59.16488" lon="24.1424">
        <ele>34.0</ele>
      </trkpt>
      <trkpt lat="59.16447" lon="24.14252">
        <ele>34.0</ele>
      </trkpt>
      <trkpt lat="59.16384" lon="24.14256">
        <ele>33.6</ele>
      </trkpt>
      <trkpt lat="59.16321" lon="24.1426">
        <ele>33.3</ele>
      </trkpt>
      <trkpt lat="59.16257" lon="24.14264">
        <ele>35.1</ele>
      </trkpt>
      <trkpt lat="59.16234" lon="24.14271">
        <ele>35.4</ele>
      </trkpt>
      <trkpt lat="59.16153" lon="24.14311">
        <ele>34.1</ele>
      </trkpt>
      <trkpt lat="59.16071" lon="24.14351">
        <ele>33.1</ele>
      </trkpt>
      <trkpt lat="59.16024" lon="24.14363">
        <ele>34.3</ele>
      </trkpt>
      <trkpt lat="59.15977" lon="24.14375">
        <ele>36.1</ele>
      </trkpt>
      <trkpt lat="59.1593" lon="24.14405">
        <ele>38.4</ele>
      </trkpt>
      <trkpt lat="59.15914" lon="24.14409">
        <ele>39.0</ele>
      </trkpt>
      <trkpt lat="59.15849" lon="24.14403">
        <ele>39.1</ele>
      </trkpt>
      <trkpt lat="59.15796" lon="24.144">
        <ele>38.7</ele>
      </trkpt>
      <trkpt lat="59.15743" lon="24.14398">
        <ele>38.0</ele>
      </trkpt>
      <trkpt lat="59.15689" lon="24.14399">
        <ele>38.0</ele>
      </trkpt>
      <trkpt lat="59.15663" lon="24.14407">
        <ele>38.1</ele>
      </trkpt>
      <trkpt lat="59.15613" lon="24.14428">
        <ele>39.3</ele>
      </trkpt>
      <trkpt lat="59.15564" lon="24.14448">
        <ele>39.8</ele>
      </trkpt>
      <trkpt lat="59.15544" lon="24.14452">
        <ele>39.5</ele>
      </trkpt>
      <trkpt lat="59.15513" lon="24.14451">
        <ele>39.2</ele>
      </trkpt>
      <trkpt lat="59.15483" lon="24.14455">
        <ele>39.1</ele>
      </trkpt>
      <trkpt lat="59.15438" lon="24.14474">
        <ele>39.5</ele>
      </trkpt>
      <trkpt lat="59.15392" lon="24.14493">
        <ele>39.3</ele>
      </trkpt>
      <trkpt lat="59.15347" lon="24.14514">
        <ele>38.0</ele>
      </trkpt>
      <trkpt lat="59.15302" lon="24.14534">
        <ele>38.1</ele>
      </trkpt>
      <trkpt lat="59.15288" lon="24.14546">
        <ele>38.3</ele>
      </trkpt>
      <trkpt lat="59.15277" lon="24.14562">
        <ele>38.4</ele>
      </trkpt>
      <trkpt lat="59.15263" lon="24.14589">
        <ele>38.4</ele>
      </trkpt>
      <trkpt lat="59.15254" lon="24.1462">
        <ele>38.0</ele>
      </trkpt>
      <trkpt lat="59.15243" lon="24.14696">
        <ele>37.1</ele>
      </trkpt>
      <trkpt lat="59.15231" lon="24.1476">
        <ele>36.9</ele>
      </trkpt>
      <trkpt lat="59.15217" lon="24.1486">
        <ele>36.5</ele>
      </trkpt>
      <trkpt lat="59.15209" lon="24.14883">
        <ele>36.6</ele>
      </trkpt>
      <trkpt lat="59.15174" lon="24.14963">
        <ele>38.6</ele>
      </trkpt>
      <trkpt lat="59.15154" lon="24.14998">
        <ele>40.4</ele>
      </trkpt>
      <trkpt lat="59.15108" lon="24.15062">
        <ele>42.3</ele>
      </trkpt>
      <trkpt lat="59.15061" lon="24.15125">
        <ele>42.5</ele>
      </trkpt>
      <trkpt lat="59.15047" lon="24.1514">
        <ele>42.5</ele>
      </trkpt>
      <trkpt lat="59.15036" lon="24.15144">
        <ele>42.5</ele>
      </trkpt>
      <trkpt lat="59.15021" lon="24.15143">
        <ele>42.6</ele>
      </trkpt>
      <trkpt lat="59.1499" lon="24.15119">
        <ele>42.0</ele>
      </trkpt>
      <trkpt lat="59.14973" lon="24.15113">
        <ele>41.2</ele>
      </trkpt>
      <trkpt lat="59.14957" lon="24.15113">
        <ele>40.5</ele>
      </trkpt>
      <trkpt lat="59.14922" lon="24.1513">
        <ele>39.3</ele>
      </trkpt>
      <trkpt lat="59.14898" lon="24.15137">
        <ele>38.7</ele>
      </trkpt>
      <trkpt lat="59.14809" lon="24.15141">
        <ele>38.1</ele>
      </trkpt>
      <trkpt lat="59.1472" lon="24.15146">
        <ele>41.1</ele>
      </trkpt>
      <trkpt lat="59.14697" lon="24.15151">
        <ele>41.0</ele>
      </trkpt>
      <trkpt lat="59.14676" lon="24.15158">
        <ele>40.9</ele>
      </trkpt>
      <trkpt lat="59.14653" lon="24.15177">
        <ele>41.3</ele>
      </trkpt>
      <trkpt lat="59.14614" lon="24.15232">
        <ele>41.9</ele>
      </trkpt>
      <trkpt lat="59.14561" lon="24.15331">
        <ele>42.0</ele>
      </trkpt>
      <trkpt lat="59.14544" lon="24.15371">
        <ele>42.0</ele>
      </trkpt>
      <trkpt lat="59.14527" lon="24.15423">
        <ele>42.0</ele>
      </trkpt>
      <trkpt lat="59.14495" lon="24.15562">
        <ele>41.0</ele>
      </trkpt>
      <trkpt lat="59.14463" lon="24.15701">
        <ele>42.4</ele>
      </trkpt>
      <trkpt lat="59.1445" lon="24.15748">
        <ele>42.6</ele>
      </trkpt>
      <trkpt lat="59.14433" lon="24.15782">
        <ele>43.2</ele>
      </trkpt>
      <trkpt lat="59.1442" lon="24.15802">
        <ele>43.6</ele>
      </trkpt>
      <trkpt lat="59.14405" lon="24.15816">
        <ele>43.5</ele>
      </trkpt>
      <trkpt lat="59.14372" lon="24.15832">
        <ele>42.9</ele>
      </trkpt>
      <trkpt lat="59.14338" lon="24.1586">
        <ele>42.1</ele>
      </trkpt>
      <trkpt lat="59.14321" lon="24.15885">
        <ele>42.2</ele>
      </trkpt>
      <trkpt lat="59.14307" lon="24.15912">
        <ele>42.3</ele>
      </trkpt>
      <trkpt lat="59.1429" lon="24.15951">
        <ele>41.9</ele>
      </trkpt>
      <trkpt lat="59.14253" lon="24.16068">
        <ele>41.8</ele>
      </trkpt>
      <trkpt lat="59.14216" lon="24.16184">
        <ele>42.2</ele>
      </trkpt>
      <trkpt lat="59.14194" lon="24.16243">
        <ele>43.1</ele>
      </trkpt>
      <trkpt lat="59.14147" lon="24.1634">
        <ele>44.6</ele>
      </trkpt>
      <trkpt lat="59.14101" lon="24.16438">
        <ele>41.4</ele>
      </trkpt>
      <trkpt lat="59.14043" lon="24.16538">
        <ele>39.3</ele>
      </trkpt>
      <trkpt lat="59.13986" lon="24.16645">
        <ele>37.1</ele>
      </trkpt>
      <trkpt lat="59.13924" lon="24.16738">
        <ele>36.1</ele>
      </trkpt>
      <trkpt lat="59.13901" lon="24.16779">
        <ele>36.5</ele>
      </trkpt>
      <trkpt lat="59.13886" lon="24.16813">
        <ele>37.3</ele>
      </trkpt>
      <trkpt lat="59.13867" lon="24.16878">
        <ele>38.4</ele>
      </trkpt>
      <trkpt lat="59.1385" lon="24.1696">
        <ele>39.7</ele>
      </trkpt>
      <trkpt lat="59.13841" lon="24.1701">
        <ele>40.6</ele>
      </trkpt>
      <trkpt lat="59.13833" lon="24.1712">
        <ele>41.0</ele>
      </trkpt>
      <trkpt lat="59.13828" lon="24.17205">
        <ele>42.2</ele>
      </trkpt>
      <trkpt lat="59.13817" lon="24.17367">
        <ele>45.7</ele>
      </trkpt>
      <trkpt lat="59.13817" lon="24.17464">
        <ele>44.9</ele>
      </trkpt>
      <trkpt lat="59.13815" lon="24.17541">
        <ele>43.3</ele>
      </trkpt>
      <trkpt lat="59.13805" lon="24.17659">
        <ele>39.6</ele>
      </trkpt>
      <trkpt lat="59.13773" lon="24.17633">
        <ele>40.9</ele>
      </trkpt>
      <trkpt lat="59.13703" lon="24.17551">
        <ele>41.9</ele>
      </trkpt>
      <trkpt lat="59.13703" lon="24.175515">
        <ele>41.9</ele>
      </trkpt>
      <trkpt lat="59.137" lon="24.17548">
        <ele>41.9</ele>
      </trkpt>
      <trkpt lat="59.13651" lon="24.17473">
        <ele>42.4</ele>
      </trkpt>
      <trkpt lat="59.13602" lon="24.17398">
        <ele>42.8</ele>
      </trkpt>
      <trkpt lat="59.13553" lon="24.17324">
        <ele>42.0</ele>
      </trkpt>
      <trkpt lat="59.13542" lon="24.17303">
        <ele>41.6</ele>
      </trkpt>
      <trkpt lat="59.13532" lon="24.17276">
        <ele>41.4</ele>
      </trkpt>
      <trkpt lat="59.1352" lon="24.17231">
        <ele>41.6</ele>
      </trkpt>
      <trkpt lat="59.13501" lon="24.17174">
        <ele>41.9</ele>
      </trkpt>
      <trkpt lat="59.13453" lon="24.17076">
        <ele>42.4</ele>
      </trkpt>
      <trkpt lat="59.13445" lon="24.17053">
        <ele>42.3</ele>
      </trkpt>
      <trkpt lat="59.13435" lon="24.17002">
        <ele>42.2</ele>
      </trkpt>
      <trkpt lat="59.1343" lon="24.16987">
        <ele>42.2</ele>
      </trkpt>
      <trkpt lat="59.13387" lon="24.16931">
        <ele>41.3</ele>
      </trkpt>
      <trkpt lat="59.13361" lon="24.16871">
        <ele>40.7</ele>
      </trkpt>
      <trkpt lat="59.13334" lon="24.16789">
        <ele>40.6</ele>
      </trkpt>
      <trkpt lat="59.13304" lon="24.1667">
        <ele>40.6</ele>
      </trkpt>
      <trkpt lat="59.13304" lon="24.1667">
        <ele>40.6</ele>
      </trkpt>
      <trkpt lat="59.13287" lon="24.1664">
        <ele>41.1</ele>
      </trkpt>
      <trkpt lat="59.13229" lon="24.16568">
        <ele>42.5</ele>
      </trkpt>
      <trkpt lat="59.13198" lon="24.16537">
        <ele>43.5</ele>
      </trkpt>
      <trkpt lat="59.13161" lon="24.16526">
        <ele>44.4</ele>
      </trkpt>
      <trkpt lat="59.13112" lon="24.16504">
        <ele>45.0</ele>
      </trkpt>
      <trkpt lat="59.13075" lon="24.16497">
        <ele>44.9</ele>
      </trkpt>
      <trkpt lat="59.13056" lon="24.16498">
        <ele>44.7</ele>
      </trkpt>
      <trkpt lat="59.1304" lon="24.16501">
        <ele>44.5</ele>
      </trkpt>
      <trkpt lat="59.13022" lon="24.16509">
        <ele>44.2</ele>
      </trkpt>
      <trkpt lat="59.12955" lon="24.16566">
        <ele>43.2</ele>
      </trkpt>
      <trkpt lat="59.12898" lon="24.1659">
        <ele>43.2</ele>
      </trkpt>
      <trkpt lat="59.12822" lon="24.16635">
        <ele>45.2</ele>
      </trkpt>
      <trkpt lat="59.12811" lon="24.16636">
        <ele>45.7</ele>
      </trkpt>
      <trkpt lat="59.12772" lon="24.16626">
        <ele>47.5</ele>
      </trkpt>
      <trkpt lat="59.12725" lon="24.16644">
        <ele>48.3</ele>
      </trkpt>
      <trkpt lat="59.12704" lon="24.16647">
        <ele>47.9</ele>
      </trkpt>
      <trkpt lat="59.12638" lon="24.16642">
        <ele>47.0</ele>
      </trkpt>
      <trkpt lat="59.12614" lon="24.16632">
        <ele>46.8</ele>
      </trkpt>
      <trkpt lat="59.12572" lon="24.16629">
        <ele>46.3</ele>
      </trkpt>
      <trkpt lat="59.12535" lon="24.16609">
        <ele>45.9</ele>
      </trkpt>
      <trkpt lat="59.12502" lon="24.166">
        <ele>45.2</ele>
      </trkpt>
      <trkpt lat="59.1246" lon="24.16568">
        <ele>44.9</ele>
      </trkpt>
      <trkpt lat="59.12444" lon="24.16552">
        <ele>44.7</ele>
      </trkpt>
      <trkpt lat="59.12432" lon="24.16536">
        <ele>44.5</ele>
      </trkpt>
      <trkpt lat="59.12382" lon="24.16447">
        <ele>44.1</ele>
      </trkpt>
      <trkpt lat="59.12368" lon="24.16421">
        <ele>43.8</ele>
      </trkpt>
      <trkpt lat="59.1236" lon="24.16392">
        <ele>43.6</ele>
      </trkpt>
      <trkpt lat="59.12344" lon="24.16366">
        <ele>43.3</ele>
      </trkpt>
      <trkpt lat="59.12304" lon="24.16338">
        <ele>43.7</ele>
      </trkpt>
      <trkpt lat="59.12265" lon="24.16328">
        <ele>44.5</ele>
      </trkpt>
      <trkpt lat="59.1223" lon="24.16307">
        <ele>45.0</ele>
      </trkpt>
      <trkpt lat="59.12161" lon="24.16247">
        <ele>46.2</ele>
      </trkpt>
      <trkpt lat="59.12125" lon="24.16205">
        <ele>47.2</ele>
      </trkpt>
      <trkpt lat="59.12073" lon="24.16185">
        <ele>50.0</ele>
      </trkpt>
      <trkpt lat="59.12021" lon="24.16166">
        <ele>50.0</ele>
      </trkpt>
      <trkpt lat="59.11997" lon="24.16163">
        <ele>49.9</ele>
      </trkpt>
      <trkpt lat="59.11966" lon="24.1617">
        <ele>49.6</ele>
      </trkpt>
      <trkpt lat="59.11914" lon="24.16165">
        <ele>48.9</ele>
      </trkpt>
      <trkpt lat="59.11888" lon="24.16154">
        <ele>48.1</ele>
      </trkpt>
      <trkpt lat="59.11829" lon="24.16114">
        <ele>46.3</ele>
      </trkpt>
      <trkpt lat="59.11807" lon="24.16112">
        <ele>45.7</ele>
      </trkpt>
      <trkpt lat="59.11744" lon="24.16122">
        <ele>44.6</ele>
      </trkpt>
      <trkpt lat="59.11679" lon="24.16107">
        <ele>46.4</ele>
      </trkpt>
      <trkpt lat="59.11645" lon="24.16095">
        <ele>46.9</ele>
      </trkpt>
      <trkpt lat="59.11573" lon="24.16051">
        <ele>47.0</ele>
      </trkpt>
      <trkpt lat="59.11526" lon="24.15991">
        <ele>46.9</ele>
      </trkpt>
      <trkpt lat="59.11494" lon="24.15961">
        <ele>46.4</ele>
      </trkpt>
      <trkpt lat="59.11432" lon="24.15909">
        <ele>44.4</ele>
      </trkpt>
      <trkpt lat="59.11369" lon="24.15857">
        <ele>45.0</ele>
      </trkpt>
      <trkpt lat="59.11307" lon="24.15805">
        <ele>46.3</ele>
      </trkpt>
      <trkpt lat="59.11278" lon="24.15786">
        <ele>46.8</ele>
      </trkpt>
      <trkpt lat="59.11245" lon="24.15768">
        <ele>47.4</ele>
      </trkpt>
      <trkpt lat="59.11198" lon="24.15758">
        <ele>49.0</ele>
      </trkpt>
      <trkpt lat="59.11152" lon="24.15748">
        <ele>50.3</ele>
      </trkpt>
      <trkpt lat="59.11091" lon="24.15711">
        <ele>52.2</ele>
      </trkpt>
      <trkpt lat="59.11066" lon="24.15701">
        <ele>52.2</ele>
      </trkpt>
      <trkpt lat="59.11031" lon="24.15699">
        <ele>51.4</ele>
      </trkpt>
      <trkpt lat="59.10972" lon="24.15716">
        <ele>50.4</ele>
      </trkpt>
      <trkpt lat="59.10914" lon="24.15734">
        <ele>50.2</ele>
      </trkpt>
      <trkpt lat="59.10825" lon="24.1575">
        <ele>49.7</ele>
      </trkpt>
      <trkpt lat="59.10775" lon="24.15746">
        <ele>48.0</ele>
      </trkpt>
      <trkpt lat="59.10725" lon="24.1573">
        <ele>47.2</ele>
      </trkpt>
      <trkpt lat="59.10683" lon="24.15712">
        <ele>47.5</ele>
      </trkpt>
      <trkpt lat="59.10619" lon="24.15674">
        <ele>48.5</ele>
      </trkpt>
      <trkpt lat="59.10551" lon="24.15637">
        <ele>49.0</ele>
      </trkpt>
      <trkpt lat="59.10483" lon="24.156">
        <ele>49.8</ele>
      </trkpt>
      <trkpt lat="59.10414" lon="24.15564">
        <ele>49.0</ele>
      </trkpt>
      <trkpt lat="59.10368" lon="24.1555">
        <ele>49.1</ele>
      </trkpt>
      <trkpt lat="59.10352" lon="24.15539">
        <ele>49.5</ele>
      </trkpt>
      <trkpt lat="59.10335" lon="24.1552">
        <ele>50.3</ele>
      </trkpt>
      <trkpt lat="59.10301" lon="24.15466">
        <ele>51.3</ele>
      </trkpt>
      <trkpt lat="59.10288" lon="24.15452">
        <ele>51.5</ele>
      </trkpt>
      <trkpt lat="59.10276" lon="24.15443">
        <ele>51.7</ele>
      </trkpt>
      <trkpt lat="59.10256" lon="24.15435">
        <ele>52.2</ele>
      </trkpt>
      <trkpt lat="59.10191" lon="24.15394">
        <ele>51.3</ele>
      </trkpt>
      <trkpt lat="59.10107" lon="24.15356">
        <ele>52.2</ele>
      </trkpt>
      <trkpt lat="59.10075" lon="24.15335">
        <ele>53.0</ele>
      </trkpt>
      <trkpt lat="59.10034" lon="24.15313">
        <ele>52.4</ele>
      </trkpt>
      <trkpt lat="59.10019" lon="24.15304">
        <ele>52.2</ele>
      </trkpt>
      <trkpt lat="59.09971" lon="24.15267">
        <ele>52.2</ele>
      </trkpt>
      <trkpt lat="59.09959" lon="24.15262">
        <ele>52.6</ele>
      </trkpt>
      <trkpt lat="59.09946" lon="24.15262">
        <ele>53.0</ele>
      </trkpt>
      <trkpt lat="59.0991" lon="24.15276">
        <ele>53.3</ele>
      </trkpt>
      <trkpt lat="59.09901" lon="24.15274">
        <ele>52.9</ele>
      </trkpt>
      <trkpt lat="59.09858" lon="24.15245">
        <ele>52.1</ele>
      </trkpt>
      <trkpt lat="59.09792" lon="24.15219">
        <ele>52.5</ele>
      </trkpt>
      <trkpt lat="59.09727" lon="24.15192">
        <ele>53.3</ele>
      </trkpt>
      <trkpt lat="59.09662" lon="24.15166">
        <ele>52.9</ele>
      </trkpt>
      <trkpt lat="59.09596" lon="24.15125">
        <ele>51.7</ele>
      </trkpt>
      <trkpt lat="59.09512" lon="24.1507">
        <ele>52.7</ele>
      </trkpt>
      <trkpt lat="59.09493" lon="24.15064">
        <ele>53.2</ele>
      </trkpt>
      <trkpt lat="59.09473" lon="24.15063">
        <ele>53.6</ele>
      </trkpt>
      <trkpt lat="59.09456" lon="24.15065">
        <ele>54.1</ele>
      </trkpt>
      <trkpt lat="59.09408" lon="24.15103">
        <ele>54.8</ele>
      </trkpt>
      <trkpt lat="59.09359" lon="24.1514">
        <ele>55.3</ele>
      </trkpt>
      <trkpt lat="59.09343" lon="24.15146">
        <ele>55.6</ele>
      </trkpt>
      <trkpt lat="59.09328" lon="24.15145">
        <ele>55.8</ele>
      </trkpt>
      <trkpt lat="59.093" lon="24.15137">
        <ele>56.2</ele>
      </trkpt>
      <trkpt lat="59.09283" lon="24.15136">
        <ele>56.4</ele>
      </trkpt>
      <trkpt lat="59.09227" lon="24.15154">
        <ele>56.5</ele>
      </trkpt>
      <trkpt lat="59.09164" lon="24.15162">
        <ele>53.9</ele>
      </trkpt>
      <trkpt lat="59.0912" lon="24.15158">
        <ele>52.3</ele>
      </trkpt>
      <trkpt lat="59.09055" lon="24.15125">
        <ele>51.5</ele>
      </trkpt>
      <trkpt lat="59.0899" lon="24.15091">
        <ele>51.6</ele>
      </trkpt>
      <trkpt lat="59.08926" lon="24.15058">
        <ele>54.3</ele>
      </trkpt>
      <trkpt lat="59.08896" lon="24.15055">
        <ele>54.9</ele>
      </trkpt>
      <trkpt lat="59.0889" lon="24.1505">
        <ele>54.9</ele>
      </trkpt>
      <trkpt lat="59.08889" lon="24.1504">
        <ele>54.8</ele>
      </trkpt>
      <trkpt lat="59.08891" lon="24.15026">
        <ele>54.6</ele>
      </trkpt>
      <trkpt lat="59.08951" lon="24.14979">
        <ele>53.1</ele>
      </trkpt>
      <trkpt lat="59.08974" lon="24.14967">
        <ele>52.6</ele>
      </trkpt>
      <trkpt lat="59.08997" lon="24.14936">
        <ele>52.6</ele>
      </trkpt>
      <trkpt lat="59.09016" lon="24.14891">
        <ele>54.2</ele>
      </trkpt>
      <trkpt lat="59.09037" lon="24.14815">
        <ele>56.3</ele>
      </trkpt>
      <trkpt lat="59.09065" lon="24.14727">
        <ele>57.3</ele>
      </trkpt>
      <trkpt lat="59.09093" lon="24.14639">
        <ele>57.1</ele>
      </trkpt>
      <trkpt lat="59.09123" lon="24.14508">
        <ele>53.2</ele>
      </trkpt>
      <trkpt lat="59.09136" lon="24.14411">
        <ele>55.4</ele>
      </trkpt>
      <trkpt lat="59.09146" lon="24.14354">
        <ele>56.4</ele>
      </trkpt>
      <trkpt lat="59.09169" lon="24.14275">
        <ele>57.0</ele>
      </trkpt>
      <trkpt lat="59.09187" lon="24.14199">
        <ele>57.2</ele>
      </trkpt>
      <trkpt lat="59.09194" lon="24.14152">
        <ele>57.1</ele>
      </trkpt>
      <trkpt lat="59.0921" lon="24.14103">
        <ele>56.4</ele>
      </trkpt>
      <trkpt lat="59.09214" lon="24.14067">
        <ele>55.8</ele>
      </trkpt>
      <trkpt lat="59.09215" lon="24.14025">
        <ele>55.3</ele>
      </trkpt>
      <trkpt lat="59.0921" lon="24.14">
        <ele>55.0</ele>
      </trkpt>
      <trkpt lat="59.092" lon="24.13972">
        <ele>54.8</ele>
      </trkpt>
      <trkpt lat="59.0916" lon="24.139">
        <ele>54.2</ele>
      </trkpt>
      <trkpt lat="59.09098" lon="24.1381">
        <ele>55.7</ele>
      </trkpt>
      <trkpt lat="59.09036" lon="24.13719">
        <ele>53.3</ele>
      </trkpt>
      <trkpt lat="59.08989" lon="24.13641">
        <ele>51.4</ele>
      </trkpt>
      <trkpt lat="59.08989" lon="24.13641">
        <ele>51.4</ele>
      </trkpt>
      <trkpt lat="59.08989" lon="24.13641">
        <ele>51.4</ele>
      </trkpt>
      <trkpt lat="59.08964" lon="24.13591">
        <ele>51.0</ele>
      </trkpt>
      <trkpt lat="59.08951" lon="24.13547">
        <ele>51.1</ele>
      </trkpt>
      <trkpt lat="59.08932" lon="24.13505">
        <ele>51.6</ele>
      </trkpt>
      <trkpt lat="59.08923" lon="24.13474">
        <ele>52.7</ele>
      </trkpt>
      <trkpt lat="59.08917" lon="24.13443">
        <ele>54.0</ele>
      </trkpt>
      <trkpt lat="59.08913" lon="24.13378">
        <ele>56.4</ele>
      </trkpt>
      <trkpt lat="59.08911" lon="24.13296">
        <ele>58.4</ele>
      </trkpt>
      <trkpt lat="59.08902" lon="24.13248">
        <ele>58.8</ele>
      </trkpt>
      <trkpt lat="59.08861" lon="24.13154">
        <ele>58.8</ele>
      </trkpt>
      <trkpt lat="59.0885" lon="24.13052">
        <ele>57.6</ele>
      </trkpt>
      <trkpt lat="59.08841" lon="24.12908">
        <ele>55.0</ele>
      </trkpt>
      <trkpt lat="59.08832" lon="24.12764">
        <ele>52.4</ele>
      </trkpt>
      <trkpt lat="59.08823" lon="24.12666">
        <ele>51.2</ele>
      </trkpt>
      <trkpt lat="59.08831" lon="24.12577">
        <ele>48.0</ele>
      </trkpt>
      <trkpt lat="59.0884" lon="24.12487">
        <ele>46.4</ele>
      </trkpt>
      <trkpt lat="59.08847" lon="24.12454">
        <ele>47.0</ele>
      </trkpt>
      <trkpt lat="59.08883" lon="24.12353">
        <ele>48.2</ele>
      </trkpt>
      <trkpt lat="59.08898" lon="24.12306">
        <ele>49.8</ele>
      </trkpt>
      <trkpt lat="59.08919" lon="24.12267">
        <ele>52.1</ele>
      </trkpt>
      <trkpt lat="59.0893" lon="24.12235">
        <ele>53.2</ele>
      </trkpt>
      <trkpt lat="59.08934" lon="24.12193">
        <ele>55.1</ele>
      </trkpt>
      <trkpt lat="59.08925" lon="24.12146">
        <ele>57.5</ele>
      </trkpt>
      <trkpt lat="59.08914" lon="24.12118">
        <ele>58.6</ele>
      </trkpt>
      <trkpt lat="59.08906" lon="24.12069">
        <ele>60.0</ele>
      </trkpt>
      <trkpt lat="59.08891" lon="24.12012">
        <ele>61.3</ele>
      </trkpt>
      <trkpt lat="59.08877" lon="24.11958">
        <ele>60.0</ele>
      </trkpt>
      <trkpt lat="59.08866" lon="24.11871">
        <ele>57.1</ele>
      </trkpt>
      <trkpt lat="59.08866" lon="24.11827">
        <ele>55.5</ele>
      </trkpt>
      <trkpt lat="59.0887" lon="24.11767">
        <ele>50.9</ele>
      </trkpt>
      <trkpt lat="59.08872" lon="24.11731">
        <ele>48.3</ele>
      </trkpt>
      <trkpt lat="59.08873" lon="24.11707">
        <ele>46.7</ele>
      </trkpt>
      <trkpt lat="59.08874" lon="24.11607">
        <ele>42.9</ele>
      </trkpt>
      <trkpt lat="59.08872" lon="24.11478">
        <ele>42.8</ele>
      </trkpt>
      <trkpt lat="59.08874" lon="24.11383">
        <ele>46.0</ele>
      </trkpt>
      <trkpt lat="59.08874" lon="24.1136">
        <ele>46.7</ele>
      </trkpt>
      <trkpt lat="59.08871" lon="24.11343">
        <ele>47.0</ele>
      </trkpt>
      <trkpt lat="59.08863" lon="24.11325">
        <ele>46.6</ele>
      </trkpt>
      <trkpt lat="59.08803" lon="24.1126">
        <ele>43.2</ele>
      </trkpt>
      <trkpt lat="59.08792" lon="24.1124">
        <ele>42.9</ele>
      </trkpt>
      <trkpt lat="59.08785" lon="24.11219">
        <ele>42.8</ele>
      </trkpt>
      <trkpt lat="59.08782" lon="24.11192">
        <ele>42.7</ele>
      </trkpt>
      <trkpt lat="59.08782" lon="24.11162">
        <ele>42.6</ele>
      </trkpt>
      <trkpt lat="59.08785" lon="24.11142">
        <ele>42.5</ele>
      </trkpt>
      <trkpt lat="59.08789" lon="24.1113">
        <ele>42.5</ele>
      </trkpt>
      <trkpt lat="59.088" lon="24.1111">
        <ele>42.7</ele>
      </trkpt>
      <trkpt lat="59.08859" lon="24.11028">
        <ele>45.7</ele>
      </trkpt>
      <trkpt lat="59.089" lon="24.10991">
        <ele>47.5</ele>
      </trkpt>
      <trkpt lat="59.08914" lon="24.10974">
        <ele>48.2</ele>
      </trkpt>
      <trkpt lat="59.08932" lon="24.10925">
        <ele>48.5</ele>
      </trkpt>
      <trkpt lat="59.08939" lon="24.10891">
        <ele>48.7</ele>
      </trkpt>
      <trkpt lat="59.08944" lon="24.10848">
        <ele>48.9</ele>
      </trkpt>
      <trkpt lat="59.08945" lon="24.10822">
        <ele>48.9</ele>
      </trkpt>
      <trkpt lat="59.08943" lon="24.10792">
        <ele>48.9</ele>
      </trkpt>
      <trkpt lat="59.08938" lon="24.10766">
        <ele>48.8</ele>
      </trkpt>
      <trkpt lat="59.08931" lon="24.10743">
        <ele>48.8</ele>
      </trkpt>
      <trkpt lat="59.08908" lon="24.10689">
        <ele>47.9</ele>
      </trkpt>
      <trkpt lat="59.08888" lon="24.10626">
        <ele>46.8</ele>
      </trkpt>
      <trkpt lat="59.08872" lon="24.1057">
        <ele>45.8</ele>
      </trkpt>
      <trkpt lat="59.08871" lon="24.10539">
        <ele>45.5</ele>
      </trkpt>
      <trkpt lat="59.08885" lon="24.10442">
        <ele>45.4</ele>
      </trkpt>
      <trkpt lat="59.089" lon="24.1036">
        <ele>46.0</ele>
      </trkpt>
      <trkpt lat="59.08932" lon="24.10286">
        <ele>46.8</ele>
      </trkpt>
      <trkpt lat="59.08964" lon="24.10212">
        <ele>46.9</ele>
      </trkpt>
      <trkpt lat="59.08985" lon="24.10153">
        <ele>46.7</ele>
      </trkpt>
      <trkpt lat="59.08998" lon="24.1011">
        <ele>46.3</ele>
      </trkpt>
      <trkpt lat="59.08965" lon="24.10063">
        <ele>46.8</ele>
      </trkpt>
      <trkpt lat="59.08901" lon="24.09965">
        <ele>47.9</ele>
      </trkpt>
      <trkpt lat="59.08855" lon="24.09908">
        <ele>47.0</ele>
      </trkpt>
      <trkpt lat="59.08826" lon="24.09878">
        <ele>47.0</ele>
      </trkpt>
      <trkpt lat="59.08779" lon="24.09851">
        <ele>47.4</ele>
      </trkpt>
      <trkpt lat="59.08732" lon="24.09824">
        <ele>47.9</ele>
      </trkpt>
      <trkpt lat="59.08688" lon="24.09788">
        <ele>47.1</ele>
      </trkpt>
      <trkpt lat="59.08647" lon="24.09734">
        <ele>45.8</ele>
      </trkpt>
      <trkpt lat="59.08607" lon="24.09679">
        <ele>45.1</ele>
      </trkpt>
      <trkpt lat="59.08543" lon="24.09584">
        <ele>45.5</ele>
      </trkpt>
      <trkpt lat="59.08527" lon="24.09568">
        <ele>45.3</ele>
      </trkpt>
      <trkpt lat="59.08497" lon="24.09547">
        <ele>45.0</ele>
      </trkpt>
      <trkpt lat="59.08461" lon="24.09511">
        <ele>44.6</ele>
      </trkpt>
      <trkpt lat="59.08407" lon="24.09449">
        <ele>43.1</ele>
      </trkpt>
      <trkpt lat="59.08363" lon="24.09388">
        <ele>44.5</ele>
      </trkpt>
      <trkpt lat="59.08303" lon="24.09299">
        <ele>44.9</ele>
      </trkpt>
      <trkpt lat="59.08244" lon="24.09209">
        <ele>43.0</ele>
      </trkpt>
      <trkpt lat="59.08185" lon="24.0912">
        <ele>44.9</ele>
      </trkpt>
      <trkpt lat="59.08124" lon="24.09034">
        <ele>47.6</ele>
      </trkpt>
      <trkpt lat="59.08064" lon="24.08949">
        <ele>48.5</ele>
      </trkpt>
      <trkpt lat="59.08021" lon="24.08892">
        <ele>48.3</ele>
      </trkpt>
      <trkpt lat="59.07978" lon="24.08835">
        <ele>48.0</ele>
      </trkpt>
      <trkpt lat="59.07933" lon="24.08764">
        <ele>48.7</ele>
      </trkpt>
      <trkpt lat="59.07889" lon="24.08693">
        <ele>47.8</ele>
      </trkpt>
      <trkpt lat="59.0786" lon="24.08651">
        <ele>46.3</ele>
      </trkpt>
      <trkpt lat="59.07844" lon="24.08622">
        <ele>45.9</ele>
      </trkpt>
      <trkpt lat="59.07836" lon="24.08602">
        <ele>45.9</ele>
      </trkpt>
      <trkpt lat="59.07832" lon="24.08564">
        <ele>46.0</ele>
      </trkpt>
      <trkpt lat="59.07829" lon="24.08509">
        <ele>45.9</ele>
      </trkpt>
      <trkpt lat="59.07828" lon="24.08418">
        <ele>46.9</ele>
      </trkpt>
      <trkpt lat="59.07826" lon="24.08375">
        <ele>47.0</ele>
      </trkpt>
      <trkpt lat="59.07823" lon="24.08349">
        <ele>47.1</ele>
      </trkpt>
      <trkpt lat="59.07816" lon="24.08314">
        <ele>47.0</ele>
      </trkpt>
      <trkpt lat="59.07794" lon="24.08254">
        <ele>46.5</ele>
      </trkpt>
      <trkpt lat="59.0778" lon="24.08208">
        <ele>46.6</ele>
      </trkpt>
      <trkpt lat="59.0777" lon="24.08147">
        <ele>46.3</ele>
      </trkpt>
      <trkpt lat="59.07753" lon="24.08005">
        <ele>43.1</ele>
      </trkpt>
      <trkpt lat="59.07737" lon="24.07863">
        <ele>43.4</ele>
      </trkpt>
      <trkpt lat="59.0773" lon="24.07785">
        <ele>42.9</ele>
      </trkpt>
      <trkpt lat="59.0771" lon="24.0765">
        <ele>42.8</ele>
      </trkpt>
      <trkpt lat="59.0769" lon="24.07515">
        <ele>42.4</ele>
      </trkpt>
      <trkpt lat="59.07688" lon="24.07486">
        <ele>42.2</ele>
      </trkpt>
      <trkpt lat="59.07689" lon="24.07465">
        <ele>41.6</ele>
      </trkpt>
      <trkpt lat="59.07693" lon="24.07445">
        <ele>41.0</ele>
      </trkpt>
      <trkpt lat="59.07705" lon="24.07411">
        <ele>39.9</ele>
      </trkpt>
      <trkpt lat="59.0773" lon="24.07385">
        <ele>38.7</ele>
      </trkpt>
      <trkpt lat="59.07773" lon="24.07346">
        <ele>37.8</ele>
      </trkpt>
      <trkpt lat="59.07793" lon="24.07309">
        <ele>37.3</ele>
      </trkpt>
      <trkpt lat="59.07795" lon="24.07287">
        <ele>36.7</ele>
      </trkpt>
      <trkpt lat="59.07794" lon="24.07266">
        <ele>36.0</ele>
      </trkpt>
      <trkpt lat="59.07767" lon="24.0717">
        <ele>33.9</ele>
      </trkpt>
      <trkpt lat="59.07766" lon="24.07152">
        <ele>34.1</ele>
      </trkpt>
      <trkpt lat="59.07767" lon="24.07138">
        <ele>34.4</ele>
      </trkpt>
      <trkpt lat="59.07773" lon="24.07095">
        <ele>35.2</ele>
      </trkpt>
      <trkpt lat="59.07769" lon="24.07081">
        <ele>35.6</ele>
      </trkpt>
      <trkpt lat="59.07756" lon="24.07068">
        <ele>36.0</ele>
      </trkpt>
      <trkpt lat="59.07742" lon="24.07065">
        <ele>36.5</ele>
      </trkpt>
      <trkpt lat="59.07724" lon="24.07054">
        <ele>37.3</ele>
      </trkpt>
      <trkpt lat="59.07716" lon="24.07043">
        <ele>37.7</ele>
      </trkpt>
      <trkpt lat="59.07713" lon="24.07033">
        <ele>37.9</ele>
      </trkpt>
      <trkpt lat="59.07706" lon="24.07037">
        <ele>38.1</ele>
      </trkpt>
      <trkpt lat="59.0768" lon="24.07033">
        <ele>39.1</ele>
      </trkpt>
      <trkpt lat="59.07635" lon="24.06998">
        <ele>40.4</ele>
      </trkpt>
      <trkpt lat="59.07565" lon="24.06966">
        <ele>41.1</ele>
      </trkpt>
      <trkpt lat="59.07521" lon="24.06931">
        <ele>41.0</ele>
      </trkpt>
      <trkpt lat="59.07477" lon="24.06896">
        <ele>41.3</ele>
      </trkpt>
      <trkpt lat="59.07426" lon="24.06866">
        <ele>41.9</ele>
      </trkpt>
      <trkpt lat="59.074" lon="24.06867">
        <ele>41.7</ele>
      </trkpt>
      <trkpt lat="59.0732" lon="24.06836">
        <ele>41.3</ele>
      </trkpt>
      <trkpt lat="59.07245" lon="24.06765">
        <ele>41.2</ele>
      </trkpt>
      <trkpt lat="59.07191" lon="24.06734">
        <ele>41.4</ele>
      </trkpt>
      <trkpt lat="59.07143" lon="24.06714">
        <ele>41.6</ele>
      </trkpt>
      <trkpt lat="59.0708" lon="24.06677">
        <ele>42.6</ele>
      </trkpt>
      <trkpt lat="59.07017" lon="24.0664">
        <ele>43.0</ele>
      </trkpt>
      <trkpt lat="59.07" lon="24.06621">
        <ele>43.6</ele>
      </trkpt>
      <trkpt lat="59.06962" lon="24.06613">
        <ele>43.9</ele>
      </trkpt>
      <trkpt lat="59.06925" lon="24.06598">
        <ele>44.5</ele>
      </trkpt>
      <trkpt lat="59.06899" lon="24.06584">
        <ele>44.8</ele>
      </trkpt>
      <trkpt lat="59.06816" lon="24.06602">
        <ele>43.1</ele>
      </trkpt>
      <trkpt lat="59.06788" lon="24.06594">
        <ele>43.1</ele>
      </trkpt>
      <trkpt lat="59.06771" lon="24.06598">
        <ele>42.7</ele>
      </trkpt>
      <trkpt lat="59.06734" lon="24.066">
        <ele>42.4</ele>
      </trkpt>
      <trkpt lat="59.06711" lon="24.06594">
        <ele>42.7</ele>
      </trkpt>
      <trkpt lat="59.06659" lon="24.06575">
        <ele>42.9</ele>
      </trkpt>
      <trkpt lat="59.06608" lon="24.06543">
        <ele>42.1</ele>
      </trkpt>
      <trkpt lat="59.06598" lon="24.06539">
        <ele>41.9</ele>
      </trkpt>
      <trkpt lat="59.06588" lon="24.06542">
        <ele>41.6</ele>
      </trkpt>
      <trkpt lat="59.06566" lon="24.06569">
        <ele>41.2</ele>
      </trkpt>
      <trkpt lat="59.06536" lon="24.06589">
        <ele>40.9</ele>
      </trkpt>
      <trkpt lat="59.0646" lon="24.0662">
        <ele>42.5</ele>
      </trkpt>
      <trkpt lat="59.06395" lon="24.06602">
        <ele>45.3</ele>
      </trkpt>
      <trkpt lat="59.06347" lon="24.06596">
        <ele>46.0</ele>
      </trkpt>
      <trkpt lat="59.06286" lon="24.06595">
        <ele>45.6</ele>
      </trkpt>
      <trkpt lat="59.0626" lon="24.06586">
        <ele>45.2</ele>
      </trkpt>
      <trkpt lat="59.06217" lon="24.06562">
        <ele>44.8</ele>
      </trkpt>
      <trkpt lat="59.0617" lon="24.06548">
        <ele>45.0</ele>
      </trkpt>
      <trkpt lat="59.06122" lon="24.06533">
        <ele>46.1</ele>
      </trkpt>
      <trkpt lat="59.06038" lon="24.06518">
        <ele>45.9</ele>
      </trkpt>
      <trkpt lat="59.05995" lon="24.0649">
        <ele>45.1</ele>
      </trkpt>
      <trkpt lat="59.05951" lon="24.06462">
        <ele>44.1</ele>
      </trkpt>
      <trkpt lat="59.05927" lon="24.06436">
        <ele>43.9</ele>
      </trkpt>
      <trkpt lat="59.05904" lon="24.06389">
        <ele>44.0</ele>
      </trkpt>
      <trkpt lat="59.0588" lon="24.06327">
        <ele>44.2</ele>
      </trkpt>
      <trkpt lat="59.05862" lon="24.06314">
        <ele>44.1</ele>
      </trkpt>
      <trkpt lat="59.05834" lon="24.06156">
        <ele>47.0</ele>
      </trkpt>
      <trkpt lat="59.05805" lon="24.05998">
        <ele>47.7</ele>
      </trkpt>
      <trkpt lat="59.05777" lon="24.0584">
        <ele>47.7</ele>
      </trkpt>
      <trkpt lat="59.05749" lon="24.05683">
        <ele>48.0</ele>
      </trkpt>
      <trkpt lat="59.0572" lon="24.05525">
        <ele>44.0</ele>
      </trkpt>
      <trkpt lat="59.05692" lon="24.05367">
        <ele>40.4</ele>
      </trkpt>
      <trkpt lat="59.05675" lon="24.05235">
        <ele>39.4</ele>
      </trkpt>
      <trkpt lat="59.05657" lon="24.05097">
        <ele>39.7</ele>
      </trkpt>
      <trkpt lat="59.05639" lon="24.04958">
        <ele>40.3</ele>
      </trkpt>
      <trkpt lat="59.05622" lon="24.04819">
        <ele>40.6</ele>
      </trkpt>
      <trkpt lat="59.05604" lon="24.0468">
        <ele>41.0</ele>
      </trkpt>
      <trkpt lat="59.05598" lon="24.04656">
        <ele>41.2</ele>
      </trkpt>
      <trkpt lat="59.05581" lon="24.04611">
        <ele>42.3</ele>
      </trkpt>
      <trkpt lat="59.05565" lon="24.04581">
        <ele>43.0</ele>
      </trkpt>
      <trkpt lat="59.05539" lon="24.04546">
        <ele>43.4</ele>
      </trkpt>
      <trkpt lat="59.05461" lon="24.04469">
        <ele>44.3</ele>
      </trkpt>
      <trkpt lat="59.05383" lon="24.04391">
        <ele>44.5</ele>
      </trkpt>
      <trkpt lat="59.05304" lon="24.04313">
        <ele>43.5</ele>
      </trkpt>
      <trkpt lat="59.05226" lon="24.04235">
        <ele>42.7</ele>
      </trkpt>
      <trkpt lat="59.05148" lon="24.04158">
        <ele>41.8</ele>
      </trkpt>
      <trkpt lat="59.0511" lon="24.04112">
        <ele>40.9</ele>
      </trkpt>
      <trkpt lat="59.05071" lon="24.04067">
        <ele>39.8</ele>
      </trkpt>
      <trkpt lat="59.05003" lon="24.03978">
        <ele>37.8</ele>
      </trkpt>
      <trkpt lat="59.04936" lon="24.03889">
        <ele>37.0</ele>
      </trkpt>
      <trkpt lat="59.04868" lon="24.038">
        <ele>36.6</ele>
      </trkpt>
      <trkpt lat="59.04801" lon="24.03712">
        <ele>35.4</ele>
      </trkpt>
      <trkpt lat="59.04749" lon="24.03755">
        <ele>35.1</ele>
      </trkpt>
      <trkpt lat="59.04723" lon="24.03763">
        <ele>35.3</ele>
      </trkpt>
      <trkpt lat="59.04675" lon="24.0377">
        <ele>35.5</ele>
      </trkpt>
      <trkpt lat="59.04628" lon="24.03777">
        <ele>37.2</ele>
      </trkpt>
      <trkpt lat="59.04578" lon="24.03781">
        <ele>39.0</ele>
      </trkpt>
      <trkpt lat="59.04529" lon="24.03784">
        <ele>37.7</ele>
      </trkpt>
      <trkpt lat="59.04476" lon="24.03794">
        <ele>37.1</ele>
      </trkpt>
      <trkpt lat="59.04442" lon="24.0381">
        <ele>37.4</ele>
      </trkpt>
      <trkpt lat="59.04372" lon="24.03867">
        <ele>38.1</ele>
      </trkpt>
      <trkpt lat="59.04312" lon="24.039">
        <ele>38.7</ele>
      </trkpt>
      <trkpt lat="59.04282" lon="24.03911">
        <ele>38.9</ele>
      </trkpt>
      <trkpt lat="59.04266" lon="24.03912">
        <ele>39.0</ele>
      </trkpt>
      <trkpt lat="59.04185" lon="24.03908">
        <ele>40.6</ele>
      </trkpt>
      <trkpt lat="59.0413" lon="24.03897">
        <ele>41.2</ele>
      </trkpt>
      <trkpt lat="59.041122" lon="24.038918">
        <ele>41.3</ele>
      </trkpt>
      <trkpt lat="59.04112" lon="24.03892">
        <ele>41.3</ele>
      </trkpt>
      <trkpt lat="59.04096" lon="24.03887">
        <ele>41.4</ele>
      </trkpt>
      <trkpt lat="59.04041" lon="24.0386">
        <ele>41.8</ele>
      </trkpt>
      <trkpt lat="59.03969" lon="24.03836">
        <ele>41.6</ele>
      </trkpt>
      <trkpt lat="59.03897" lon="24.03812">
        <ele>40.4</ele>
      </trkpt>
      <trkpt lat="59.03879" lon="24.03809">
        <ele>40.1</ele>
      </trkpt>
      <trkpt lat="59.03856" lon="24.03809">
        <ele>39.7</ele>
      </trkpt>
      <trkpt lat="59.03822" lon="24.0382">
        <ele>39.0</ele>
      </trkpt>
      <trkpt lat="59.03793" lon="24.03844">
        <ele>38.5</ele>
      </trkpt>
      <trkpt lat="59.03724" lon="24.03906">
        <ele>38.7</ele>
      </trkpt>
      <trkpt lat="59.03655" lon="24.03968">
        <ele>39.8</ele>
      </trkpt>
      <trkpt lat="59.03586" lon="24.0403">
        <ele>40.6</ele>
      </trkpt>
      <trkpt lat="59.03517" lon="24.04093">
        <ele>40.8</ele>
      </trkpt>
      <trkpt lat="59.03447" lon="24.04155">
        <ele>42.7</ele>
      </trkpt>
      <trkpt lat="59.03378" lon="24.04217">
        <ele>42.9</ele>
      </trkpt>
      <trkpt lat="59.03301" lon="24.04285">
        <ele>40.5</ele>
      </trkpt>
      <trkpt lat="59.03224" lon="24.04353">
        <ele>39.6</ele>
      </trkpt>
      <trkpt lat="59.03147" lon="24.04421">
        <ele>39.5</ele>
      </trkpt>
      <trkpt lat="59.03069" lon="24.04489">
        <ele>39.1</ele>
      </trkpt>
      <trkpt lat="59.03029" lon="24.04529">
        <ele>38.6</ele>
      </trkpt>
      <trkpt lat="59.02992" lon="24.04575">
        <ele>38.0</ele>
      </trkpt>
      <trkpt lat="59.02963" lon="24.04618">
        <ele>38.0</ele>
      </trkpt>
      <trkpt lat="59.02926" lon="24.04685">
        <ele>37.4</ele>
      </trkpt>
      <trkpt lat="59.02871" lon="24.04821">
        <ele>38.5</ele>
      </trkpt>
      <trkpt lat="59.02817" lon="24.04958">
        <ele>40.4</ele>
      </trkpt>
      <trkpt lat="59.02762" lon="24.05094">
        <ele>44.0</ele>
      </trkpt>
      <trkpt lat="59.02708" lon="24.0523">
        <ele>45.4</ele>
      </trkpt>
      <trkpt lat="59.02676" lon="24.05296">
        <ele>45.2</ele>
      </trkpt>
      <trkpt lat="59.02643" lon="24.05349">
        <ele>45.3</ele>
      </trkpt>
      <trkpt lat="59.02607" lon="24.05398">
        <ele>45.7</ele>
      </trkpt>
      <trkpt lat="59.02566" lon="24.05448">
        <ele>45.7</ele>
      </trkpt>
      <trkpt lat="59.02503" lon="24.05517">
        <ele>46.0</ele>
      </trkpt>
      <trkpt lat="59.02441" lon="24.05585">
        <ele>46.7</ele>
      </trkpt>
      <trkpt lat="59.02369" lon="24.05672">
        <ele>44.3</ele>
      </trkpt>
      <trkpt lat="59.02297" lon="24.05758">
        <ele>43.7</ele>
      </trkpt>
      <trkpt lat="59.02225" lon="24.05844">
        <ele>44.6</ele>
      </trkpt>
      <trkpt lat="59.02183" lon="24.05882">
        <ele>45.1</ele>
      </trkpt>
      <trkpt lat="59.02148" lon="24.05902">
        <ele>45.1</ele>
      </trkpt>
      <trkpt lat="59.02109" lon="24.0591">
        <ele>45.0</ele>
      </trkpt>
      <trkpt lat="59.02076" lon="24.05907">
        <ele>45.1</ele>
      </trkpt>
      <trkpt lat="59.01994" lon="24.0589">
        <ele>45.8</ele>
      </trkpt>
      <trkpt lat="59.01912" lon="24.05873">
        <ele>47.0</ele>
      </trkpt>
      <trkpt lat="59.01831" lon="24.05856">
        <ele>47.0</ele>
      </trkpt>
      <trkpt lat="59.01749" lon="24.05839">
        <ele>47.0</ele>
      </trkpt>
      <trkpt lat="59.01667" lon="24.05823">
        <ele>48.1</ele>
      </trkpt>
      <trkpt lat="59.01586" lon="24.05806">
        <ele>50.3</ele>
      </trkpt>
      <trkpt lat="59.01504" lon="24.05789">
        <ele>51.5</ele>
      </trkpt>
      <trkpt lat="59.01418" lon="24.05772">
        <ele>53.7</ele>
      </trkpt>
      <trkpt lat="59.01331" lon="24.05756">
        <ele>53.9</ele>
      </trkpt>
      <trkpt lat="59.01245" lon="24.05739">
        <ele>55.4</ele>
      </trkpt>
      <trkpt lat="59.01159" lon="24.05722">
        <ele>57.0</ele>
      </trkpt>
      <trkpt lat="59.01072" lon="24.05706">
        <ele>56.2</ele>
      </trkpt>
      <trkpt lat="59.00986" lon="24.05689">
        <ele>54.3</ele>
      </trkpt>
      <trkpt lat="59.00916" lon="24.05674">
        <ele>54.9</ele>
      </trkpt>
      <trkpt lat="59.00846" lon="24.05659">
        <ele>54.1</ele>
      </trkpt>
      <trkpt lat="59.00828" lon="24.05652">
        <ele>53.6</ele>
      </trkpt>
      <trkpt lat="59.00744" lon="24.05632">
        <ele>51.0</ele>
      </trkpt>
      <trkpt lat="59.00659" lon="24.05611">
        <ele>51.0</ele>
      </trkpt>
      <trkpt lat="59.00575" lon="24.05591">
        <ele>51.0</ele>
      </trkpt>
      <trkpt lat="59.0049" lon="24.0557">
        <ele>49.9</ele>
      </trkpt>
      <trkpt lat="59.00405" lon="24.0555">
        <ele>48.6</ele>
      </trkpt>
      <trkpt lat="59.0034" lon="24.0553">
        <ele>48.6</ele>
      </trkpt>
      <trkpt lat="59.00313" lon="24.0552">
        <ele>48.1</ele>
      </trkpt>
      <trkpt lat="59.0026" lon="24.05491">
        <ele>46.5</ele>
      </trkpt>
      <trkpt lat="59.00217" lon="24.05462">
        <ele>46.3</ele>
      </trkpt>
      <trkpt lat="59.00181" lon="24.05443">
        <ele>46.1</ele>
      </trkpt>
      <trkpt lat="59.00161" lon="24.05439">
        <ele>46.0</ele>
      </trkpt>
      <trkpt lat="59.00145" lon="24.05447">
        <ele>46.2</ele>
      </trkpt>
      <trkpt lat="59.00125" lon="24.05465">
        <ele>46.2</ele>
      </trkpt>
      <trkpt lat="59.00098" lon="24.05501">
        <ele>46.0</ele>
      </trkpt>
      <trkpt lat="59.00095" lon="24.05491">
        <ele>46.1</ele>
      </trkpt>
      <trkpt lat="59.00059" lon="24.0555">
        <ele>46.3</ele>
      </trkpt>
      <trkpt lat="59.00023" lon="24.0561">
        <ele>46.8</ele>
      </trkpt>
      <trkpt lat="59.00013" lon="24.05623">
        <ele>46.9</ele>
      </trkpt>
      <trkpt lat="58.99946" lon="24.05659">
        <ele>47.0</ele>
      </trkpt>
      <trkpt lat="58.99923" lon="24.05667">
        <ele>47.0</ele>
      </trkpt>
      <trkpt lat="58.99883" lon="24.05693">
        <ele>47.8</ele>
      </trkpt>
      <trkpt lat="58.99868" lon="24.05643">
        <ele>48.2</ele>
      </trkpt>
      <trkpt lat="58.99868" lon="24.05643">
        <ele>48.2</ele>
      </trkpt>
      <trkpt lat="58.99851" lon="24.05575">
        <ele>48.6</ele>
      </trkpt>
      <trkpt lat="58.99833" lon="24.05493">
        <ele>48.9</ele>
      </trkpt>
      <trkpt lat="58.99818" lon="24.05411">
        <ele>48.5</ele>
      </trkpt>
      <trkpt lat="58.99802" lon="24.05329">
        <ele>48.5</ele>
      </trkpt>
      <trkpt lat="58.9978" lon="24.05167">
        <ele>47.9</ele>
      </trkpt>
      <trkpt lat="58.99758" lon="24.05006">
        <ele>47.1</ele>
      </trkpt>
      <trkpt lat="58.99735" lon="24.04844">
        <ele>47.4</ele>
      </trkpt>
      <trkpt lat="58.99713" lon="24.04683">
        <ele>47.4</ele>
      </trkpt>
      <trkpt lat="58.99691" lon="24.04521">
        <ele>46.5</ele>
      </trkpt>
      <trkpt lat="58.99669" lon="24.04366">
        <ele>44.4</ele>
      </trkpt>
      <trkpt lat="58.99646" lon="24.04211">
        <ele>45.2</ele>
      </trkpt>
      <trkpt lat="58.9962" lon="24.04052">
        <ele>46.7</ele>
      </trkpt>
      <trkpt lat="58.99598" lon="24.03898">
        <ele>45.2</ele>
      </trkpt>
      <trkpt lat="58.99577" lon="24.03744">
        <ele>45.3</ele>
      </trkpt>
      <trkpt lat="58.99555" lon="24.0359">
        <ele>47.6</ele>
      </trkpt>
      <trkpt lat="58.99534" lon="24.03436">
        <ele>48.9</ele>
      </trkpt>
      <trkpt lat="58.99512" lon="24.03283">
        <ele>48.1</ele>
      </trkpt>
      <trkpt lat="58.9949" lon="24.03129">
        <ele>46.7</ele>
      </trkpt>
      <trkpt lat="58.99469" lon="24.02975">
        <ele>44.4</ele>
      </trkpt>
      <trkpt lat="58.99447" lon="24.02817">
        <ele>43.3</ele>
      </trkpt>
      <trkpt lat="58.99425" lon="24.0266">
        <ele>42.6</ele>
      </trkpt>
      <trkpt lat="58.99403" lon="24.02502">
        <ele>41.7</ele>
      </trkpt>
      <trkpt lat="58.99381" lon="24.02345">
        <ele>40.9</ele>
      </trkpt>
      <trkpt lat="58.99359" lon="24.02187">
        <ele>40.6</ele>
      </trkpt>
      <trkpt lat="58.99337" lon="24.0203">
        <ele>39.3</ele>
      </trkpt>
      <trkpt lat="58.99315" lon="24.01872">
        <ele>38.7</ele>
      </trkpt>
      <trkpt lat="58.99293" lon="24.01714">
        <ele>39.0</ele>
      </trkpt>
      <trkpt lat="58.99271" lon="24.01557">
        <ele>38.7</ele>
      </trkpt>
      <trkpt lat="58.9925" lon="24.01399">
        <ele>38.0</ele>
      </trkpt>
      <trkpt lat="58.99228" lon="24.01242">
        <ele>38.3</ele>
      </trkpt>
      <trkpt lat="58.99206" lon="24.01084">
        <ele>39.6</ele>
      </trkpt>
      <trkpt lat="58.99206" lon="24.01084">
        <ele>39.6</ele>
      </trkpt>
      <trkpt lat="58.99182" lon="24.00916">
        <ele>41.4</ele>
      </trkpt>
      <trkpt lat="58.99159" lon="24.00748">
        <ele>43.2</ele>
      </trkpt>
      <trkpt lat="58.99136" lon="24.0058">
        <ele>44.4</ele>
      </trkpt>
      <trkpt lat="58.99112" lon="24.00412">
        <ele>44.3</ele>
      </trkpt>
      <trkpt lat="58.99089" lon="24.00244">
        <ele>43.7</ele>
      </trkpt>
      <trkpt lat="58.99065" lon="24.00076">
        <ele>43.2</ele>
      </trkpt>
      <trkpt lat="58.99042" lon="23.99908">
        <ele>44.0</ele>
      </trkpt>
      <trkpt lat="58.99019" lon="23.9974">
        <ele>45.3</ele>
      </trkpt>
      <trkpt lat="58.98995" lon="23.99572">
        <ele>45.1</ele>
      </trkpt>
      <trkpt lat="58.98972" lon="23.99404">
        <ele>44.6</ele>
      </trkpt>
      <trkpt lat="58.98949" lon="23.99236">
        <ele>44.3</ele>
      </trkpt>
      <trkpt lat="58.98925" lon="23.99068">
        <ele>43.9</ele>
      </trkpt>
      <trkpt lat="58.98902" lon="23.989">
        <ele>45.2</ele>
      </trkpt>
      <trkpt lat="58.98878" lon="23.98732">
        <ele>45.3</ele>
      </trkpt>
      <trkpt lat="58.98855" lon="23.98564">
        <ele>44.9</ele>
      </trkpt>
      <trkpt lat="58.98838" lon="23.98425">
        <ele>44.2</ele>
      </trkpt>
      <trkpt lat="58.98829" lon="23.98258">
        <ele>43.3</ele>
      </trkpt>
      <trkpt lat="58.98831" lon="23.9812">
        <ele>43.7</ele>
      </trkpt>
      <trkpt lat="58.98835" lon="23.98057">
        <ele>44.3</ele>
      </trkpt>
      <trkpt lat="58.98841" lon="23.97992">
        <ele>45.2</ele>
      </trkpt>
      <trkpt lat="58.98859" lon="23.97865">
        <ele>45.5</ele>
      </trkpt>
      <trkpt lat="58.9889" lon="23.97721">
        <ele>44.7</ele>
      </trkpt>
      <trkpt lat="58.9891" lon="23.97636">
        <ele>43.4</ele>
      </trkpt>
      <trkpt lat="58.98945" lon="23.9748">
        <ele>42.6</ele>
      </trkpt>
      <trkpt lat="58.9898" lon="23.97324">
        <ele>41.6</ele>
      </trkpt>
      <trkpt lat="58.99014" lon="23.97168">
        <ele>42.0</ele>
      </trkpt>
      <trkpt lat="58.99049" lon="23.97012">
        <ele>41.4</ele>
      </trkpt>
      <trkpt lat="58.99084" lon="23.96857">
        <ele>40.0</ele>
      </trkpt>
      <trkpt lat="58.99119" lon="23.96701">
        <ele>41.4</ele>
      </trkpt>
      <trkpt lat="58.99154" lon="23.96545">
        <ele>40.8</ele>
      </trkpt>
      <trkpt lat="58.99181" lon="23.9641">
        <ele>41.1</ele>
      </trkpt>
      <trkpt lat="58.99208" lon="23.96246">
        <ele>42.0</ele>
      </trkpt>
      <trkpt lat="58.99223" lon="23.9611">
        <ele>40.9</ele>
      </trkpt>
      <trkpt lat="58.9923" lon="23.96023">
        <ele>39.3</ele>
      </trkpt>
      <trkpt lat="58.99237" lon="23.95936">
        <ele>38.9</ele>
      </trkpt>
      <trkpt lat="58.9924" lon="23.95848">
        <ele>38.9</ele>
      </trkpt>
      <trkpt lat="58.99243" lon="23.95761">
        <ele>39.0</ele>
      </trkpt>
      <trkpt lat="58.99241" lon="23.956">
        <ele>39.1</ele>
      </trkpt>
      <trkpt lat="58.99235" lon="23.9546">
        <ele>39.7</ele>
      </trkpt>
      <trkpt lat="58.99222" lon="23.95298">
        <ele>40.5</ele>
      </trkpt>
      <trkpt lat="58.99208" lon="23.95185">
        <ele>41.0</ele>
      </trkpt>
      <trkpt lat="58.99186" lon="23.95041">
        <ele>40.0</ele>
      </trkpt>
      <trkpt lat="58.99164" lon="23.94931">
        <ele>40.0</ele>
      </trkpt>
      <trkpt lat="58.99128" lon="23.94773">
        <ele>41.1</ele>
      </trkpt>
      <trkpt lat="58.99089" lon="23.94641">
        <ele>41.8</ele>
      </trkpt>
      <trkpt lat="58.99042" lon="23.94497">
        <ele>42.1</ele>
      </trkpt>
      <trkpt lat="58.98995" lon="23.94354">
        <ele>41.6</ele>
      </trkpt>
      <trkpt lat="58.98948" lon="23.9421">
        <ele>42.3</ele>
      </trkpt>
      <trkpt lat="58.98901" lon="23.94067">
        <ele>42.0</ele>
      </trkpt>
      <trkpt lat="58.98854" lon="23.93923">
        <ele>42.5</ele>
      </trkpt>
      <trkpt lat="58.98807" lon="23.9378">
        <ele>42.0</ele>
      </trkpt>
      <trkpt lat="58.9876" lon="23.93636">
        <ele>41.5</ele>
      </trkpt>
      <trkpt lat="58.98714" lon="23.93493">
        <ele>41.7</ele>
      </trkpt>
      <trkpt lat="58.98667" lon="23.93349">
        <ele>42.8</ele>
      </trkpt>
      <trkpt lat="58.9862" lon="23.93206">
        <ele>43.0</ele>
      </trkpt>
      <trkpt lat="58.98573" lon="23.93062">
        <ele>42.2</ele>
      </trkpt>
      <trkpt lat="58.98526" lon="23.92919">
        <ele>43.0</ele>
      </trkpt>
      <trkpt lat="58.98479" lon="23.92775">
        <ele>43.1</ele>
      </trkpt>
      <trkpt lat="58.98432" lon="23.92632">
        <ele>43.6</ele>
      </trkpt>
      <trkpt lat="58.98385" lon="23.92488">
        <ele>41.9</ele>
      </trkpt>
      <trkpt lat="58.98338" lon="23.92345">
        <ele>40.2</ele>
      </trkpt>
      <trkpt lat="58.98291" lon="23.92201">
        <ele>42.8</ele>
      </trkpt>
      <trkpt lat="58.98244" lon="23.92058">
        <ele>45.2</ele>
      </trkpt>
      <trkpt lat="58.98197" lon="23.91914">
        <ele>47.0</ele>
      </trkpt>
      <trkpt lat="58.9815" lon="23.91771">
        <ele>46.5</ele>
      </trkpt>
      <trkpt lat="58.98103" lon="23.91627">
        <ele>46.5</ele>
      </trkpt>
      <trkpt lat="58.98057" lon="23.91484">
        <ele>45.9</ele>
      </trkpt>
      <trkpt lat="58.9801" lon="23.9134">
        <ele>46.8</ele>
      </trkpt>
      <trkpt lat="58.97963" lon="23.91197">
        <ele>45.1</ele>
      </trkpt>
      <trkpt lat="58.97916" lon="23.91053">
        <ele>43.0</ele>
      </trkpt>
      <trkpt lat="58.97869" lon="23.9091">
        <ele>43.7</ele>
      </trkpt>
      <trkpt lat="58.97822" lon="23.90766">
        <ele>45.3</ele>
      </trkpt>
      <trkpt lat="58.97775" lon="23.90623">
        <ele>45.7</ele>
      </trkpt>
      <trkpt lat="58.97729" lon="23.90495">
        <ele>47.0</ele>
      </trkpt>
      <trkpt lat="58.97677" lon="23.90366">
        <ele>46.8</ele>
      </trkpt>
      <trkpt lat="58.97644" lon="23.90291">
        <ele>47.6</ele>
      </trkpt>
      <trkpt lat="58.9761" lon="23.90215">
        <ele>47.8</ele>
      </trkpt>
      <trkpt lat="58.97553" lon="23.90105">
        <ele>46.2</ele>
      </trkpt>
      <trkpt lat="58.97495" lon="23.90007">
        <ele>41.7</ele>
      </trkpt>
      <trkpt lat="58.97443" lon="23.89928">
        <ele>40.7</ele>
      </trkpt>
      <trkpt lat="58.97378" lon="23.89842">
        <ele>37.4</ele>
      </trkpt>
      <trkpt lat="58.97313" lon="23.89755">
        <ele>36.6</ele>
      </trkpt>
      <trkpt lat="58.97248" lon="23.89669">
        <ele>36.1</ele>
      </trkpt>
      <trkpt lat="58.97187" lon="23.89595">
        <ele>36.1</ele>
      </trkpt>
      <trkpt lat="58.97126" lon="23.89521">
        <ele>36.7</ele>
      </trkpt>
      <trkpt lat="58.97115" lon="23.89507">
        <ele>36.8</ele>
      </trkpt>
      <trkpt lat="58.97048" lon="23.89423">
        <ele>37.5</ele>
      </trkpt>
      <trkpt lat="58.96982" lon="23.8934">
        <ele>37.7</ele>
      </trkpt>
      <trkpt lat="58.96916" lon="23.89256">
        <ele>38.9</ele>
      </trkpt>
      <trkpt lat="58.969158" lon="23.892562">
        <ele>38.9</ele>
      </trkpt>
      <trkpt lat="58.96916" lon="23.89256">
        <ele>38.9</ele>
      </trkpt>
      <trkpt lat="58.96845" lon="23.89167">
        <ele>39.1</ele>
      </trkpt>
      <trkpt lat="58.96774" lon="23.89078">
        <ele>36.5</ele>
      </trkpt>
      <trkpt lat="58.96704" lon="23.88988">
        <ele>34.9</ele>
      </trkpt>
      <trkpt lat="58.96633" lon="23.88899">
        <ele>33.4</ele>
      </trkpt>
      <trkpt lat="58.96562" lon="23.8881">
        <ele>31.7</ele>
      </trkpt>
      <trkpt lat="58.96492" lon="23.88721">
        <ele>30.1</ele>
      </trkpt>
      <trkpt lat="58.96421" lon="23.88631">
        <ele>31.0</ele>
      </trkpt>
      <trkpt lat="58.9635" lon="23.88542">
        <ele>31.8</ele>
      </trkpt>
      <trkpt lat="58.9628" lon="23.88453">
        <ele>34.0</ele>
      </trkpt>
      <trkpt lat="58.96209" lon="23.88364">
        <ele>32.6</ele>
      </trkpt>
      <trkpt lat="58.96138" lon="23.88274">
        <ele>32.3</ele>
      </trkpt>
      <trkpt lat="58.96067" lon="23.88185">
        <ele>32.2</ele>
      </trkpt>
      <trkpt lat="58.96012" lon="23.88105">
        <ele>32.8</ele>
      </trkpt>
      <trkpt lat="58.95972" lon="23.88039">
        <ele>32.8</ele>
      </trkpt>
      <trkpt lat="58.95928" lon="23.87947">
        <ele>32.2</ele>
      </trkpt>
      <trkpt lat="58.95894" lon="23.87861">
        <ele>31.6</ele>
      </trkpt>
      <trkpt lat="58.95862" lon="23.87755">
        <ele>30.4</ele>
      </trkpt>
      <trkpt lat="58.95841" lon="23.8767">
        <ele>29.4</ele>
      </trkpt>
      <trkpt lat="58.95823" lon="23.87571">
        <ele>28.9</ele>
      </trkpt>
      <trkpt lat="58.95811" lon="23.87488">
        <ele>29.0</ele>
      </trkpt>
      <trkpt lat="58.95804" lon="23.87401">
        <ele>29.0</ele>
      </trkpt>
      <trkpt lat="58.95797" lon="23.87314">
        <ele>29.2</ele>
      </trkpt>
      <trkpt lat="58.95785" lon="23.87148">
        <ele>29.0</ele>
      </trkpt>
      <trkpt lat="58.95773" lon="23.86983">
        <ele>27.3</ele>
      </trkpt>
      <trkpt lat="58.95761" lon="23.86817">
        <ele>25.6</ele>
      </trkpt>
      <trkpt lat="58.95749" lon="23.86651">
        <ele>26.1</ele>
      </trkpt>
      <trkpt lat="58.95737" lon="23.86486">
        <ele>26.1</ele>
      </trkpt>
      <trkpt lat="58.95725" lon="23.8632">
        <ele>24.0</ele>
      </trkpt>
      <trkpt lat="58.95713" lon="23.86154">
        <ele>23.0</ele>
      </trkpt>
      <trkpt lat="58.95702" lon="23.85997">
        <ele>23.7</ele>
      </trkpt>
      <trkpt lat="58.95691" lon="23.8584">
        <ele>23.1</ele>
      </trkpt>
      <trkpt lat="58.95681" lon="23.85682">
        <ele>22.7</ele>
      </trkpt>
      <trkpt lat="58.9567" lon="23.85525">
        <ele>22.0</ele>
      </trkpt>
      <trkpt lat="58.95659" lon="23.85368">
        <ele>22.9</ele>
      </trkpt>
      <trkpt lat="58.95648" lon="23.8521">
        <ele>22.8</ele>
      </trkpt>
      <trkpt lat="58.95637" lon="23.85053">
        <ele>23.3</ele>
      </trkpt>
      <trkpt lat="58.95625" lon="23.84882">
        <ele>23.5</ele>
      </trkpt>
      <trkpt lat="58.95612" lon="23.8471">
        <ele>24.5</ele>
      </trkpt>
      <trkpt lat="58.956" lon="23.84539">
        <ele>25.7</ele>
      </trkpt>
      <trkpt lat="58.95588" lon="23.84367">
        <ele>25.2</ele>
      </trkpt>
      <trkpt lat="58.95576" lon="23.84196">
        <ele>25.0</ele>
      </trkpt>
      <trkpt lat="58.95564" lon="23.84025">
        <ele>24.2</ele>
      </trkpt>
      <trkpt lat="58.95552" lon="23.83853">
        <ele>23.8</ele>
      </trkpt>
      <trkpt lat="58.95539" lon="23.83682">
        <ele>25.1</ele>
      </trkpt>
      <trkpt lat="58.95527" lon="23.83511">
        <ele>25.0</ele>
      </trkpt>
      <trkpt lat="58.95515" lon="23.83339">
        <ele>24.6</ele>
      </trkpt>
      <trkpt lat="58.95503" lon="23.83168">
        <ele>25.0</ele>
      </trkpt>
      <trkpt lat="58.95491" lon="23.82996">
        <ele>24.2</ele>
      </trkpt>
      <trkpt lat="58.95479" lon="23.82825">
        <ele>24.4</ele>
      </trkpt>
      <trkpt lat="58.95467" lon="23.82654">
        <ele>25.3</ele>
      </trkpt>
      <trkpt lat="58.95454" lon="23.82482">
        <ele>24.5</ele>
      </trkpt>
      <trkpt lat="58.95442" lon="23.82311">
        <ele>23.8</ele>
      </trkpt>
      <trkpt lat="58.9543" lon="23.8214">
        <ele>24.2</ele>
      </trkpt>
      <trkpt lat="58.95418" lon="23.81968">
        <ele>24.0</ele>
      </trkpt>
      <trkpt lat="58.95406" lon="23.81797">
        <ele>24.1</ele>
      </trkpt>
      <trkpt lat="58.95394" lon="23.81625">
        <ele>24.8</ele>
      </trkpt>
      <trkpt lat="58.95381" lon="23.81454">
        <ele>25.0</ele>
      </trkpt>
      <trkpt lat="58.95369" lon="23.81283">
        <ele>25.3</ele>
      </trkpt>
      <trkpt lat="58.95357" lon="23.81111">
        <ele>25.9</ele>
      </trkpt>
      <trkpt lat="58.95345" lon="23.8094">
        <ele>25.3</ele>
      </trkpt>
      <trkpt lat="58.95333" lon="23.80769">
        <ele>24.2</ele>
      </trkpt>
      <trkpt lat="58.95321" lon="23.80597">
        <ele>23.2</ele>
      </trkpt>
      <trkpt lat="58.95309" lon="23.80426">
        <ele>23.6</ele>
      </trkpt>
      <trkpt lat="58.95296" lon="23.80254">
        <ele>24.0</ele>
      </trkpt>
      <trkpt lat="58.95284" lon="23.80083">
        <ele>23.4</ele>
      </trkpt>
      <trkpt lat="58.95272" lon="23.79912">
        <ele>24.0</ele>
      </trkpt>
      <trkpt lat="58.9526" lon="23.7974">
        <ele>23.1</ele>
      </trkpt>
      <trkpt lat="58.95248" lon="23.79569">
        <ele>21.8</ele>
      </trkpt>
      <trkpt lat="58.95236" lon="23.79398">
        <ele>20.8</ele>
      </trkpt>
      <trkpt lat="58.95224" lon="23.79226">
        <ele>19.7</ele>
      </trkpt>
      <trkpt lat="58.95211" lon="23.79055">
        <ele>19.0</ele>
      </trkpt>
      <trkpt lat="58.952003" lon="23.789017">
        <ele>18.4</ele>
      </trkpt>
      <trkpt lat="58.95201" lon="23.78902">
        <ele>18.4</ele>
      </trkpt>
      <trkpt lat="58.95188" lon="23.78731">
        <ele>18.0</ele>
      </trkpt>
      <trkpt lat="58.95176" lon="23.78561">
        <ele>17.9</ele>
      </trkpt>
      <trkpt lat="58.95164" lon="23.78391">
        <ele>17.1</ele>
      </trkpt>
      <trkpt lat="58.95152" lon="23.78221">
        <ele>16.1</ele>
      </trkpt>
      <trkpt lat="58.9514" lon="23.78051">
        <ele>15.7</ele>
      </trkpt>
      <trkpt lat="58.95128" lon="23.77881">
        <ele>15.0</ele>
      </trkpt>
      <trkpt lat="58.95116" lon="23.7771">
        <ele>15.0</ele>
      </trkpt>
      <trkpt lat="58.95104" lon="23.7754">
        <ele>15.0</ele>
      </trkpt>
      <trkpt lat="58.95092" lon="23.7737">
        <ele>14.0</ele>
      </trkpt>
      <trkpt lat="58.95082" lon="23.77263">
        <ele>14.1</ele>
      </trkpt>
      <trkpt lat="58.9508" lon="23.77248">
        <ele>14.1</ele>
      </trkpt>
      <trkpt lat="58.9507" lon="23.77167">
        <ele>14.3</ele>
      </trkpt>
      <trkpt lat="58.95052" lon="23.77062">
        <ele>14.6</ele>
      </trkpt>
      <trkpt lat="58.95034" lon="23.76957">
        <ele>15.7</ele>
      </trkpt>
      <trkpt lat="58.95034" lon="23.76957">
        <ele>15.7</ele>
      </trkpt>
      <trkpt lat="58.95005" lon="23.76793">
        <ele>15.4</ele>
      </trkpt>
      <trkpt lat="58.94976" lon="23.76628">
        <ele>16.0</ele>
      </trkpt>
      <trkpt lat="58.94947" lon="23.76463">
        <ele>16.9</ele>
      </trkpt>
      <trkpt lat="58.94919" lon="23.76298">
        <ele>18.0</ele>
      </trkpt>
      <trkpt lat="58.9489" lon="23.76133">
        <ele>18.6</ele>
      </trkpt>
      <trkpt lat="58.9489" lon="23.76133">
        <ele>18.6</ele>
      </trkpt>
      <trkpt lat="58.94861" lon="23.75969">
        <ele>17.7</ele>
      </trkpt>
      <trkpt lat="58.94832" lon="23.75806">
        <ele>15.7</ele>
      </trkpt>
      <trkpt lat="58.94803" lon="23.75642">
        <ele>14.4</ele>
      </trkpt>
      <trkpt lat="58.947812" lon="23.755188">
        <ele>14.4</ele>
      </trkpt>
      <trkpt lat="58.94774" lon="23.75478">
        <ele>14.2</ele>
      </trkpt>
      <trkpt lat="58.94724" lon="23.75455">
        <ele>13.9</ele>
      </trkpt>
      <trkpt lat="58.94693" lon="23.75445">
        <ele>13.8</ele>
      </trkpt>
      <trkpt lat="58.94693" lon="23.75445">
        <ele>13.8</ele>
      </trkpt>
      <trkpt lat="58.94624" lon="23.75421">
        <ele>13.5</ele>
      </trkpt>
      <trkpt lat="58.94555" lon="23.75398">
        <ele>13.6</ele>
      </trkpt>
      <trkpt lat="58.94486" lon="23.75374">
        <ele>14.7</ele>
      </trkpt>
      <trkpt lat="58.94421" lon="23.75345">
        <ele>15.1</ele>
      </trkpt>
      <trkpt lat="58.9437" lon="23.7533">
        <ele>15.5</ele>
      </trkpt>
      <trkpt lat="58.9432" lon="23.75315">
        <ele>15.7</ele>
      </trkpt>
      <trkpt lat="58.94283" lon="23.75312">
        <ele>15.3</ele>
      </trkpt>
      <trkpt lat="58.94237" lon="23.75318">
        <ele>15.1</ele>
      </trkpt>
      <trkpt lat="58.94237" lon="23.753173">
        <ele>15.1</ele>
      </trkpt>
      <trkpt lat="58.94214" lon="23.7532">
        <ele>15.4</ele>
      </trkpt>
      <trkpt lat="58.94146" lon="23.75328">
        <ele>15.4</ele>
      </trkpt>
      <trkpt lat="58.94115" lon="23.75319">
        <ele>14.6</ele>
      </trkpt>
      <trkpt lat="58.94045" lon="23.75277">
        <ele>13.6</ele>
      </trkpt>
      <trkpt lat="58.93975" lon="23.75235">
        <ele>14.3</ele>
      </trkpt>
      <trkpt lat="58.93905" lon="23.75193">
        <ele>14.9</ele>
      </trkpt>
      <trkpt lat="58.93833" lon="23.75148">
        <ele>14.0</ele>
      </trkpt>
      <trkpt lat="58.93762" lon="23.75103">
        <ele>14.7</ele>
      </trkpt>
      <trkpt lat="58.9369" lon="23.75058">
        <ele>18.2</ele>
      </trkpt>
      <trkpt lat="58.93619" lon="23.75012">
        <ele>18.7</ele>
      </trkpt>
      <trkpt lat="58.93587" lon="23.74983">
        <ele>18.7</ele>
      </trkpt>
      <trkpt lat="58.9356" lon="23.74937">
        <ele>19.0</ele>
      </trkpt>
      <trkpt lat="58.93526" lon="23.74866">
        <ele>18.4</ele>
      </trkpt>
      <trkpt lat="58.93491" lon="23.74795">
        <ele>18.0</ele>
      </trkpt>
      <trkpt lat="58.93457" lon="23.74734">
        <ele>19.1</ele>
      </trkpt>
      <trkpt lat="58.93422" lon="23.74673">
        <ele>19.1</ele>
      </trkpt>
      <trkpt lat="58.93361" lon="23.74558">
        <ele>20.0</ele>
      </trkpt>
      <trkpt lat="58.93301" lon="23.74442">
        <ele>21.1</ele>
      </trkpt>
      <trkpt lat="58.9324" lon="23.74327">
        <ele>22.0</ele>
      </trkpt>
      <trkpt lat="58.93179" lon="23.74212">
        <ele>21.1</ele>
      </trkpt>
      <trkpt lat="58.93118" lon="23.74096">
        <ele>20.4</ele>
      </trkpt>
      <trkpt lat="58.93058" lon="23.73981">
        <ele>19.4</ele>
      </trkpt>
      <trkpt lat="58.92997" lon="23.73866">
        <ele>19.5</ele>
      </trkpt>
      <trkpt lat="58.92936" lon="23.7375">
        <ele>18.2</ele>
      </trkpt>
      <trkpt lat="58.92875" lon="23.73635">
        <ele>17.3</ele>
      </trkpt>
      <trkpt lat="58.92816" lon="23.73524">
        <ele>17.1</ele>
      </trkpt>
      <trkpt lat="58.92756" lon="23.73412">
        <ele>16.9</ele>
      </trkpt>
      <trkpt lat="58.92705" lon="23.73338">
        <ele>16.6</ele>
      </trkpt>
      <trkpt lat="58.92643" lon="23.73254">
        <ele>16.0</ele>
      </trkpt>
      <trkpt lat="58.92586" lon="23.73166">
        <ele>16.0</ele>
      </trkpt>
      <trkpt lat="58.92528" lon="23.73078">
        <ele>15.0</ele>
      </trkpt>
      <trkpt lat="58.92478" lon="23.72994">
        <ele>15.3</ele>
      </trkpt>
      <trkpt lat="58.92428" lon="23.72909">
        <ele>16.7</ele>
      </trkpt>
      <trkpt lat="58.92378" lon="23.72825">
        <ele>16.6</ele>
      </trkpt>
      <trkpt lat="58.92324" lon="23.72729">
        <ele>15.9</ele>
      </trkpt>
      <trkpt lat="58.9227" lon="23.72633">
        <ele>15.6</ele>
      </trkpt>
      <trkpt lat="58.92247" lon="23.72579">
        <ele>16.0</ele>
      </trkpt>
      <trkpt lat="58.92231" lon="23.72529">
        <ele>16.3</ele>
      </trkpt>
      <trkpt lat="58.92208" lon="23.72427">
        <ele>16.9</ele>
      </trkpt>
      <trkpt lat="58.92186" lon="23.72326">
        <ele>16.8</ele>
      </trkpt>
      <trkpt lat="58.92174" lon="23.72281">
        <ele>16.8</ele>
      </trkpt>
      <trkpt lat="58.92157" lon="23.72246">
        <ele>16.9</ele>
      </trkpt>
      <trkpt lat="58.92129" lon="23.72208">
        <ele>17.1</ele>
      </trkpt>
      <trkpt lat="58.92066" lon="23.7214">
        <ele>17.6</ele>
      </trkpt>
      <trkpt lat="58.92038" lon="23.72099">
        <ele>18.2</ele>
      </trkpt>
      <trkpt lat="58.92016" lon="23.7205">
        <ele>18.3</ele>
      </trkpt>
      <trkpt lat="58.91969" lon="23.71915">
        <ele>16.2</ele>
      </trkpt>
      <trkpt lat="58.91922" lon="23.71779">
        <ele>15.0</ele>
      </trkpt>
      <trkpt lat="58.91875" lon="23.71643">
        <ele>15.0</ele>
      </trkpt>
      <trkpt lat="58.91828" lon="23.71507">
        <ele>15.0</ele>
      </trkpt>
      <trkpt lat="58.91781" lon="23.71372">
        <ele>16.0</ele>
      </trkpt>
      <trkpt lat="58.91734" lon="23.71236">
        <ele>15.8</ele>
      </trkpt>
      <trkpt lat="58.91687" lon="23.711">
        <ele>15.8</ele>
      </trkpt>
      <trkpt lat="58.9164" lon="23.70965">
        <ele>15.4</ele>
      </trkpt>
      <trkpt lat="58.91593" lon="23.70829">
        <ele>15.1</ele>
      </trkpt>
      <trkpt lat="58.91547" lon="23.70693">
        <ele>16.0</ele>
      </trkpt>
      <trkpt lat="58.915" lon="23.70557">
        <ele>16.0</ele>
      </trkpt>
      <trkpt lat="58.91461" lon="23.70449">
        <ele>16.6</ele>
      </trkpt>
      <trkpt lat="58.91423" lon="23.70341">
        <ele>17.8</ele>
      </trkpt>
      <trkpt lat="58.91385" lon="23.70233">
        <ele>15.8</ele>
      </trkpt>
      <trkpt lat="58.91334" lon="23.70173">
        <ele>15.1</ele>
      </trkpt>
      <trkpt lat="58.91283" lon="23.70113">
        <ele>14.6</ele>
      </trkpt>
      <trkpt lat="58.91265" lon="23.70096">
        <ele>14.3</ele>
      </trkpt>
      <trkpt lat="58.91251" lon="23.70087">
        <ele>14.1</ele>
      </trkpt>
      <trkpt lat="58.91241" lon="23.70083">
        <ele>13.9</ele>
      </trkpt>
      <trkpt lat="58.9123" lon="23.70082">
        <ele>13.8</ele>
      </trkpt>
      <trkpt lat="58.9116" lon="23.70095">
        <ele>13.1</ele>
      </trkpt>
      <trkpt lat="58.91133" lon="23.70097">
        <ele>13.3</ele>
      </trkpt>
      <trkpt lat="58.91107" lon="23.70088">
        <ele>13.7</ele>
      </trkpt>
      <trkpt lat="58.91083" lon="23.70071">
        <ele>14.0</ele>
      </trkpt>
      <trkpt lat="58.91045" lon="23.70027">
        <ele>14.0</ele>
      </trkpt>
      <trkpt lat="58.9098" lon="23.69948">
        <ele>13.5</ele>
      </trkpt>
      <trkpt lat="58.90914" lon="23.69869">
        <ele>12.0</ele>
      </trkpt>
      <trkpt lat="58.90849" lon="23.6979">
        <ele>11.5</ele>
      </trkpt>
      <trkpt lat="58.90783" lon="23.69711">
        <ele>12.5</ele>
      </trkpt>
      <trkpt lat="58.9076" lon="23.69663">
        <ele>12.8</ele>
      </trkpt>
      <trkpt lat="58.90721" lon="23.69563">
        <ele>13.3</ele>
      </trkpt>
      <trkpt lat="58.90709" lon="23.69521">
        <ele>13.5</ele>
      </trkpt>
      <trkpt lat="58.90704" lon="23.6949">
        <ele>13.4</ele>
      </trkpt>
      <trkpt lat="58.90696" lon="23.69467">
        <ele>13.3</ele>
      </trkpt>
      <trkpt lat="58.90683" lon="23.69439">
        <ele>13.1</ele>
      </trkpt>
      <trkpt lat="58.90647" lon="23.69387">
        <ele>13.0</ele>
      </trkpt>
      <trkpt lat="58.90635" lon="23.69372">
        <ele>13.0</ele>
      </trkpt>
      <trkpt lat="58.9057" lon="23.6933">
        <ele>14.2</ele>
      </trkpt>
      <trkpt lat="58.90552" lon="23.69313">
        <ele>14.4</ele>
      </trkpt>
      <trkpt lat="58.90485" lon="23.69212">
        <ele>13.6</ele>
      </trkpt>
      <trkpt lat="58.90417" lon="23.69106">
        <ele>14.7</ele>
      </trkpt>
      <trkpt lat="58.9035" lon="23.69001">
        <ele>13.4</ele>
      </trkpt>
      <trkpt lat="58.90283" lon="23.68896">
        <ele>9.4</ele>
      </trkpt>
      <trkpt lat="58.90216" lon="23.68791">
        <ele>8.3</ele>
      </trkpt>
      <trkpt lat="58.90149" lon="23.68686">
        <ele>9.2</ele>
      </trkpt>
      <trkpt lat="58.90081" lon="23.68581">
        <ele>8.9</ele>
      </trkpt>
      <trkpt lat="58.90014" lon="23.68476">
        <ele>8.0</ele>
      </trkpt>
      <trkpt lat="58.90014" lon="23.68476">
        <ele>8.0</ele>
      </trkpt>
      <trkpt lat="58.90014" lon="23.68476">
        <ele>8.0</ele>
      </trkpt>
      <trkpt lat="58.89956" lon="23.68384">
        <ele>7.5</ele>
      </trkpt>
      <trkpt lat="58.89898" lon="23.68293">
        <ele>7.3</ele>
      </trkpt>
      <trkpt lat="58.89855" lon="23.68217">
        <ele>7.4</ele>
      </trkpt>
      <trkpt lat="58.89812" lon="23.6814">
        <ele>7.5</ele>
      </trkpt>
      <trkpt lat="58.89761" lon="23.68073">
        <ele>8.7</ele>
      </trkpt>
      <trkpt lat="58.8971" lon="23.6803">
        <ele>10.6</ele>
      </trkpt>
      <trkpt lat="58.8965" lon="23.67993">
        <ele>12.7</ele>
      </trkpt>
      <trkpt lat="58.89591" lon="23.67957">
        <ele>11.7</ele>
      </trkpt>
      <trkpt lat="58.89556" lon="23.6793">
        <ele>11.9</ele>
      </trkpt>
      <trkpt lat="58.89526" lon="23.67897">
        <ele>12.0</ele>
      </trkpt>
      <trkpt lat="58.89484" lon="23.67833">
        <ele>11.6</ele>
      </trkpt>
      <trkpt lat="58.89442" lon="23.6777">
        <ele>10.3</ele>
      </trkpt>
      <trkpt lat="58.89421" lon="23.67744">
        <ele>9.2</ele>
      </trkpt>
      <trkpt lat="58.89398" lon="23.67726">
        <ele>8.9</ele>
      </trkpt>
      <trkpt lat="58.89356" lon="23.67704">
        <ele>8.6</ele>
      </trkpt>
      <trkpt lat="58.89328" lon="23.67699">
        <ele>8.4</ele>
      </trkpt>
      <trkpt lat="58.89244" lon="23.67706">
        <ele>8.5</ele>
      </trkpt>
      <trkpt lat="58.89218" lon="23.67703">
        <ele>8.8</ele>
      </trkpt>
      <trkpt lat="58.89189" lon="23.67694">
        <ele>9.1</ele>
      </trkpt>
      <trkpt lat="58.89173" lon="23.67686">
        <ele>9.2</ele>
      </trkpt>
      <trkpt lat="58.89159" lon="23.67675">
        <ele>9.2</ele>
      </trkpt>
      <trkpt lat="58.89143" lon="23.67656">
        <ele>9.4</ele>
      </trkpt>
      <trkpt lat="58.89123" lon="23.67623">
        <ele>10.0</ele>
      </trkpt>
      <trkpt lat="58.89082" lon="23.67548">
        <ele>11.4</ele>
      </trkpt>
      <trkpt lat="58.89041" lon="23.67473">
        <ele>11.5</ele>
      </trkpt>
      <trkpt lat="58.89023" lon="23.6745">
        <ele>11.6</ele>
      </trkpt>
      <trkpt lat="58.88969" lon="23.67396">
        <ele>11.0</ele>
      </trkpt>
      <trkpt lat="58.88952" lon="23.67372">
        <ele>10.5</ele>
      </trkpt>
      <trkpt lat="58.88935" lon="23.67336">
        <ele>9.9</ele>
      </trkpt>
      <trkpt lat="58.88887" lon="23.67194">
        <ele>9.5</ele>
      </trkpt>
      <trkpt lat="58.88833" lon="23.67101">
        <ele>10.0</ele>
      </trkpt>
      <trkpt lat="58.88826" lon="23.67081">
        <ele>10.0</ele>
      </trkpt>
      <trkpt lat="58.88819" lon="23.67042">
        <ele>10.0</ele>
      </trkpt>
      <trkpt lat="58.88818" lon="23.66936">
        <ele>10.0</ele>
      </trkpt>
      <trkpt lat="58.88835" lon="23.66805">
        <ele>10.0</ele>
      </trkpt>
      <trkpt lat="58.88856" lon="23.66709">
        <ele>9.7</ele>
      </trkpt>
      <trkpt lat="58.88858" lon="23.66658">
        <ele>9.7</ele>
      </trkpt>
      <trkpt lat="58.88852" lon="23.66612">
        <ele>9.8</ele>
      </trkpt>
      <trkpt lat="58.88833" lon="23.6652">
        <ele>10.0</ele>
      </trkpt>
      <trkpt lat="58.88814" lon="23.66428">
        <ele>10.2</ele>
      </trkpt>
      <trkpt lat="58.88783" lon="23.66298">
        <ele>10.9</ele>
      </trkpt>
      <trkpt lat="58.88752" lon="23.66168">
        <ele>12.0</ele>
      </trkpt>
      <trkpt lat="58.88729" lon="23.66122">
        <ele>11.9</ele>
      </trkpt>
      <trkpt lat="58.88672" lon="23.66068">
        <ele>12.9</ele>
      </trkpt>
      <trkpt lat="58.88655" lon="23.66033">
        <ele>13.1</ele>
      </trkpt>
      <trkpt lat="58.88634" lon="23.65948">
        <ele>13.6</ele>
      </trkpt>
      <trkpt lat="58.88623" lon="23.65886">
        <ele>14.2</ele>
      </trkpt>
      <trkpt lat="58.88621" lon="23.65843">
        <ele>14.6</ele>
      </trkpt>
      <trkpt lat="58.8863" lon="23.65722">
        <ele>14.2</ele>
      </trkpt>
      <trkpt lat="58.88635" lon="23.65596">
        <ele>13.6</ele>
      </trkpt>
      <trkpt lat="58.8864" lon="23.6547">
        <ele>12.6</ele>
      </trkpt>
      <trkpt lat="58.88639" lon="23.65433">
        <ele>12.2</ele>
      </trkpt>
      <trkpt lat="58.88636" lon="23.65409">
        <ele>12.1</ele>
      </trkpt>
      <trkpt lat="58.88628" lon="23.65381">
        <ele>12.2</ele>
      </trkpt>
      <trkpt lat="58.88575" lon="23.65257">
        <ele>12.2</ele>
      </trkpt>
      <trkpt lat="58.88548" lon="23.65202">
        <ele>12.1</ele>
      </trkpt>
      <trkpt lat="58.88497" lon="23.65118">
        <ele>12.5</ele>
      </trkpt>
      <trkpt lat="58.88472" lon="23.65088">
        <ele>12.4</ele>
      </trkpt>
      <trkpt lat="58.88455" lon="23.65078">
        <ele>12.5</ele>
      </trkpt>
      <trkpt lat="58.88391" lon="23.65068">
        <ele>13.0</ele>
      </trkpt>
      <trkpt lat="58.88379" lon="23.65053">
        <ele>13.0</ele>
      </trkpt>
      <trkpt lat="58.8835" lon="23.64978">
        <ele>13.0</ele>
      </trkpt>
      <trkpt lat="58.88334" lon="23.6495">
        <ele>13.0</ele>
      </trkpt>
      <trkpt lat="58.88306" lon="23.64921">
        <ele>13.0</ele>
      </trkpt>
      <trkpt lat="58.88247" lon="23.64875">
        <ele>13.0</ele>
      </trkpt>
      <trkpt lat="58.88188" lon="23.64828">
        <ele>13.8</ele>
      </trkpt>
      <trkpt lat="58.88161" lon="23.64801">
        <ele>14.1</ele>
      </trkpt>
      <trkpt lat="58.88136" lon="23.64764">
        <ele>14.7</ele>
      </trkpt>
      <trkpt lat="58.88114" lon="23.64709">
        <ele>15.3</ele>
      </trkpt>
      <trkpt lat="58.88104" lon="23.6467">
        <ele>15.5</ele>
      </trkpt>
      <trkpt lat="58.88086" lon="23.6452">
        <ele>15.9</ele>
      </trkpt>
      <trkpt lat="58.88063" lon="23.64439">
        <ele>14.7</ele>
      </trkpt>
      <trkpt lat="58.88051" lon="23.64356">
        <ele>13.9</ele>
      </trkpt>
      <trkpt lat="58.88044" lon="23.64333">
        <ele>13.9</ele>
      </trkpt>
      <trkpt lat="58.88019" lon="23.64272">
        <ele>13.8</ele>
      </trkpt>
      <trkpt lat="58.87965" lon="23.6418">
        <ele>14.8</ele>
      </trkpt>
      <trkpt lat="58.87936" lon="23.64098">
        <ele>14.7</ele>
      </trkpt>
      <trkpt lat="58.87885" lon="23.6401">
        <ele>15.0</ele>
      </trkpt>
      <trkpt lat="58.87862" lon="23.63914">
        <ele>16.0</ele>
      </trkpt>
      <trkpt lat="58.87839" lon="23.63818">
        <ele>17.0</ele>
      </trkpt>
      <trkpt lat="58.87794" lon="23.63672">
        <ele>17.9</ele>
      </trkpt>
      <trkpt lat="58.8776" lon="23.63574">
        <ele>17.9</ele>
      </trkpt>
      <trkpt lat="58.87711" lon="23.63687">
        <ele>18.4</ele>
      </trkpt>
      <trkpt lat="58.8768" lon="23.63765">
        <ele>17.0</ele>
      </trkpt>
      <trkpt lat="58.87639" lon="23.639">
        <ele>14.7</ele>
      </trkpt>
      <trkpt lat="58.87603" lon="23.64029">
        <ele>15.1</ele>
      </trkpt>
      <trkpt lat="58.8755" lon="23.64032">
        <ele>15.2</ele>
      </trkpt>
      <trkpt lat="58.87497" lon="23.64035">
        <ele>15.0</ele>
      </trkpt>
      <trkpt lat="58.87427" lon="23.64043">
        <ele>15.9</ele>
      </trkpt>
      <trkpt lat="58.87357" lon="23.64051">
        <ele>15.3</ele>
      </trkpt>
      <trkpt lat="58.87287" lon="23.64058">
        <ele>16.8</ele>
      </trkpt>
      <trkpt lat="58.87217" lon="23.64066">
        <ele>18.1</ele>
      </trkpt>
      <trkpt lat="58.87198" lon="23.6407">
        <ele>18.1</ele>
      </trkpt>
      <trkpt lat="58.87182" lon="23.64087">
        <ele>18.0</ele>
      </trkpt>
      <trkpt lat="58.87169" lon="23.64105">
        <ele>17.7</ele>
      </trkpt>
      <trkpt lat="58.87156" lon="23.64107">
        <ele>17.4</ele>
      </trkpt>
      <trkpt lat="58.87151" lon="23.64101">
        <ele>17.3</ele>
      </trkpt>
      <trkpt lat="58.87147" lon="23.64086">
        <ele>17.3</ele>
      </trkpt>
      <trkpt lat="58.87134" lon="23.63959">
        <ele>16.7</ele>
      </trkpt>
      <trkpt lat="58.87128" lon="23.63927">
        <ele>16.5</ele>
      </trkpt>
      <trkpt lat="58.87119" lon="23.63915">
        <ele>16.4</ele>
      </trkpt>
      <trkpt lat="58.87039" lon="23.63863">
        <ele>15.8</ele>
      </trkpt>
      <trkpt lat="58.86958" lon="23.63811">
        <ele>15.1</ele>
      </trkpt>
      <trkpt lat="58.86878" lon="23.63759">
        <ele>14.5</ele>
      </trkpt>
      <trkpt lat="58.86797" lon="23.63707">
        <ele>14.0</ele>
      </trkpt>
      <trkpt lat="58.86717" lon="23.63655">
        <ele>14.9</ele>
      </trkpt>
      <trkpt lat="58.86699" lon="23.63651">
        <ele>15.3</ele>
      </trkpt>
      <trkpt lat="58.86684" lon="23.63651">
        <ele>15.6</ele>
      </trkpt>
      <trkpt lat="58.8664" lon="23.63667">
        <ele>15.4</ele>
      </trkpt>
      <trkpt lat="58.86595" lon="23.63682">
        <ele>14.3</ele>
      </trkpt>
      <trkpt lat="58.86535" lon="23.63672">
        <ele>13.4</ele>
      </trkpt>
      <trkpt lat="58.86508" lon="23.63663">
        <ele>13.1</ele>
      </trkpt>
      <trkpt lat="58.86508" lon="23.6365">
        <ele>13.3</ele>
      </trkpt>
      <trkpt lat="58.86527" lon="23.63504">
        <ele>15.6</ele>
      </trkpt>
      <trkpt lat="58.86528" lon="23.63484">
        <ele>15.7</ele>
      </trkpt>
      <trkpt lat="58.86525" lon="23.63446">
        <ele>15.6</ele>
      </trkpt>
      <trkpt lat="58.86526" lon="23.63373">
        <ele>15.6</ele>
      </trkpt>
      <trkpt lat="58.86535" lon="23.63257">
        <ele>14.9</ele>
      </trkpt>
      <trkpt lat="58.86556" lon="23.63116">
        <ele>14.9</ele>
      </trkpt>
      <trkpt lat="58.86576" lon="23.62974">
        <ele>15.2</ele>
      </trkpt>
      <trkpt lat="58.86597" lon="23.62833">
        <ele>16.0</ele>
      </trkpt>
      <trkpt lat="58.86618" lon="23.62692">
        <ele>17.1</ele>
      </trkpt>
      <trkpt lat="58.86622" lon="23.62653">
        <ele>17.5</ele>
      </trkpt>
      <trkpt lat="58.86626" lon="23.62586">
        <ele>18.0</ele>
      </trkpt>
      <trkpt lat="58.86629" lon="23.62516">
        <ele>18.2</ele>
      </trkpt>
      <trkpt lat="58.86629" lon="23.62454">
        <ele>18.1</ele>
      </trkpt>
      <trkpt lat="58.86628" lon="23.62423">
        <ele>18.1</ele>
      </trkpt>
      <trkpt lat="58.86624" lon="23.62395">
        <ele>18.0</ele>
      </trkpt>
      <trkpt lat="58.86618" lon="23.62365">
        <ele>17.8</ele>
      </trkpt>
      <trkpt lat="58.86601" lon="23.623">
        <ele>17.3</ele>
      </trkpt>
      <trkpt lat="58.86523" lon="23.62375">
        <ele>16.6</ele>
      </trkpt>
      <trkpt lat="58.86444" lon="23.6245">
        <ele>14.4</ele>
      </trkpt>
      <trkpt lat="58.86366" lon="23.62525">
        <ele>12.8</ele>
      </trkpt>
      <trkpt lat="58.8636" lon="23.62506">
        <ele>12.6</ele>
      </trkpt>
      <trkpt lat="58.86353" lon="23.62493">
        <ele>12.5</ele>
      </trkpt>
      <trkpt lat="58.86302" lon="23.62422">
        <ele>12.9</ele>
      </trkpt>
      <trkpt lat="58.86252" lon="23.62352">
        <ele>13.0</ele>
      </trkpt>
      <trkpt lat="58.86183" lon="23.62261">
        <ele>13.9</ele>
      </trkpt>
      <trkpt lat="58.86115" lon="23.62169">
        <ele>14.6</ele>
      </trkpt>
      <trkpt lat="58.86047" lon="23.62077">
        <ele>15.6</ele>
      </trkpt>
      <trkpt lat="58.85979" lon="23.61986">
        <ele>16.5</ele>
      </trkpt>
      <trkpt lat="58.85911" lon="23.61894">
        <ele>17.0</ele>
      </trkpt>
      <trkpt lat="58.85842" lon="23.61803">
        <ele>17.4</ele>
      </trkpt>
      <trkpt lat="58.85774" lon="23.61711">
        <ele>18.8</ele>
      </trkpt>
      <trkpt lat="58.85706" lon="23.6162">
        <ele>17.7</ele>
      </trkpt>
      <trkpt lat="58.85638" lon="23.61528">
        <ele>17.4</ele>
      </trkpt>
      <trkpt lat="58.85591" lon="23.6146">
        <ele>16.2</ele>
      </trkpt>
      <trkpt lat="58.85559" lon="23.61397">
        <ele>15.2</ele>
      </trkpt>
      <trkpt lat="58.8551" lon="23.61294">
        <ele>14.8</ele>
      </trkpt>
      <trkpt lat="58.85461" lon="23.61191">
        <ele>14.3</ele>
      </trkpt>
      <trkpt lat="58.85412" lon="23.61088">
        <ele>15.2</ele>
      </trkpt>
      <trkpt lat="58.85363" lon="23.60985">
        <ele>15.8</ele>
      </trkpt>
      <trkpt lat="58.85315" lon="23.60882">
        <ele>15.6</ele>
      </trkpt>
      <trkpt lat="58.85254" lon="23.60766">
        <ele>14.2</ele>
      </trkpt>
      <trkpt lat="58.852287" lon="23.60729">
        <ele>13.6</ele>
      </trkpt>
      <trkpt lat="58.85215" lon="23.60709">
        <ele>13.3</ele>
      </trkpt>
      <trkpt lat="58.85162" lon="23.60654">
        <ele>12.9</ele>
      </trkpt>
      <trkpt lat="58.8513" lon="23.60629">
        <ele>13.4</ele>
      </trkpt>
      <trkpt lat="58.85132" lon="23.6059">
        <ele>13.3</ele>
      </trkpt>
      <trkpt lat="58.85125" lon="23.60429">
        <ele>13.1</ele>
      </trkpt>
      <trkpt lat="58.85119" lon="23.60269">
        <ele>13.9</ele>
      </trkpt>
      <trkpt lat="58.85113" lon="23.60222">
        <ele>14.6</ele>
      </trkpt>
      <trkpt lat="58.85101" lon="23.60162">
        <ele>15.5</ele>
      </trkpt>
      <trkpt lat="58.85068" lon="23.6003">
        <ele>14.3</ele>
      </trkpt>
      <trkpt lat="58.85057" lon="23.59996">
        <ele>14.0</ele>
      </trkpt>
      <trkpt lat="58.85032" lon="23.59934">
        <ele>14.0</ele>
      </trkpt>
      <trkpt lat="58.85026" lon="23.59913">
        <ele>14.0</ele>
      </trkpt>
      <trkpt lat="58.85024" lon="23.599">
        <ele>14.0</ele>
      </trkpt>
      <trkpt lat="58.85023" lon="23.59855">
        <ele>14.0</ele>
      </trkpt>
      <trkpt lat="58.85042" lon="23.59741">
        <ele>14.6</ele>
      </trkpt>
      <trkpt lat="58.8505" lon="23.59634">
        <ele>15.2</ele>
      </trkpt>
      <trkpt lat="58.85066" lon="23.59525">
        <ele>15.6</ele>
      </trkpt>
      <trkpt lat="58.85071" lon="23.59446">
        <ele>15.2</ele>
      </trkpt>
      <trkpt lat="58.85095" lon="23.59352">
        <ele>14.9</ele>
      </trkpt>
      <trkpt lat="58.85106" lon="23.59299">
        <ele>14.3</ele>
      </trkpt>
      <trkpt lat="58.85119" lon="23.59213">
        <ele>13.1</ele>
      </trkpt>
      <trkpt lat="58.85132" lon="23.59126">
        <ele>12.2</ele>
      </trkpt>
      <trkpt lat="58.85153" lon="23.59005">
        <ele>11.8</ele>
      </trkpt>
      <trkpt lat="58.85174" lon="23.58952">
        <ele>11.4</ele>
      </trkpt>
      <trkpt lat="58.8519" lon="23.58905">
        <ele>11.0</ele>
      </trkpt>
      <trkpt lat="58.85237" lon="23.58826">
        <ele>10.9</ele>
      </trkpt>
      <trkpt lat="58.85265" lon="23.58722">
        <ele>10.2</ele>
      </trkpt>
      <trkpt lat="58.85294" lon="23.58618">
        <ele>10.2</ele>
      </trkpt>
      <trkpt lat="58.85322" lon="23.58515">
        <ele>10.0</ele>
      </trkpt>
      <trkpt lat="58.85325" lon="23.58499">
        <ele>10.0</ele>
      </trkpt>
      <trkpt lat="58.85325" lon="23.58481">
        <ele>10.0</ele>
      </trkpt>
      <trkpt lat="58.85316" lon="23.5844">
        <ele>10.0</ele>
      </trkpt>
      <trkpt lat="58.85305" lon="23.58415">
        <ele>10.0</ele>
      </trkpt>
      <trkpt lat="58.85296" lon="23.58387">
        <ele>10.0</ele>
      </trkpt>
      <trkpt lat="58.85289" lon="23.58356">
        <ele>10.0</ele>
      </trkpt>
      <trkpt lat="58.85265" lon="23.58193">
        <ele>9.8</ele>
      </trkpt>
      <trkpt lat="58.85261" lon="23.58145">
        <ele>9.9</ele>
      </trkpt>
      <trkpt lat="58.85262" lon="23.58093">
        <ele>10.0</ele>
      </trkpt>
      <trkpt lat="58.85264" lon="23.5807">
        <ele>10.0</ele>
      </trkpt>
      <trkpt lat="58.8527" lon="23.58048">
        <ele>10.1</ele>
      </trkpt>
      <trkpt lat="58.85306" lon="23.5796">
        <ele>10.3</ele>
      </trkpt>
      <trkpt lat="58.85327" lon="23.57833">
        <ele>10.0</ele>
      </trkpt>
      <trkpt lat="58.85328" lon="23.5781">
        <ele>10.0</ele>
      </trkpt>
      <trkpt lat="58.8532" lon="23.57743">
        <ele>10.2</ele>
      </trkpt>
      <trkpt lat="58.85284" lon="23.57635">
        <ele>11.0</ele>
      </trkpt>
      <trkpt lat="58.85248" lon="23.57528">
        <ele>12.6</ele>
      </trkpt>
      <trkpt lat="58.85235" lon="23.57495">
        <ele>12.7</ele>
      </trkpt>
      <trkpt lat="58.85182" lon="23.57387">
        <ele>12.5</ele>
      </trkpt>
      <trkpt lat="58.85129" lon="23.57279">
        <ele>12.8</ele>
      </trkpt>
      <trkpt lat="58.85076" lon="23.57172">
        <ele>12.9</ele>
      </trkpt>
      <trkpt lat="58.85049" lon="23.571">
        <ele>13.4</ele>
      </trkpt>
      <trkpt lat="58.85023" lon="23.57029">
        <ele>13.9</ele>
      </trkpt>
      <trkpt lat="58.85004" lon="23.56942">
        <ele>13.4</ele>
      </trkpt>
      <trkpt lat="58.84985" lon="23.56854">
        <ele>11.9</ele>
      </trkpt>
      <trkpt lat="58.84955" lon="23.56744">
        <ele>10.9</ele>
      </trkpt>
      <trkpt lat="58.84924" lon="23.56634">
        <ele>10.2</ele>
      </trkpt>
      <trkpt lat="58.84919" lon="23.56582">
        <ele>10.1</ele>
      </trkpt>
      <trkpt lat="58.84921" lon="23.56513">
        <ele>10.1</ele>
      </trkpt>
      <trkpt lat="58.84928" lon="23.5637">
        <ele>11.3</ele>
      </trkpt>
      <trkpt lat="58.84939" lon="23.56312">
        <ele>11.4</ele>
      </trkpt>
      <trkpt lat="58.84939" lon="23.56312">
        <ele>11.4</ele>
      </trkpt>
      <trkpt lat="58.84939" lon="23.56312">
        <ele>11.4</ele>
      </trkpt>
      <trkpt lat="58.8496" lon="23.562">
        <ele>10.7</ele>
      </trkpt>
      <trkpt lat="58.84981" lon="23.56089">
        <ele>9.5</ele>
      </trkpt>
      <trkpt lat="58.84986" lon="23.56047">
        <ele>9.3</ele>
      </trkpt>
      <trkpt lat="58.8498" lon="23.56007">
        <ele>9.5</ele>
      </trkpt>
      <trkpt lat="58.84982" lon="23.55981">
        <ele>9.4</ele>
      </trkpt>
      <trkpt lat="58.84986" lon="23.55967">
        <ele>9.3</ele>
      </trkpt>
      <trkpt lat="58.85041" lon="23.55892">
        <ele>9.0</ele>
      </trkpt>
      <trkpt lat="58.85046" lon="23.5588">
        <ele>9.0</ele>
      </trkpt>
      <trkpt lat="58.85045" lon="23.5586">
        <ele>9.0</ele>
      </trkpt>
      <trkpt lat="58.85038" lon="23.55809">
        <ele>8.7</ele>
      </trkpt>
      <trkpt lat="58.85025" lon="23.55747">
        <ele>8.0</ele>
      </trkpt>
      <trkpt lat="58.85024" lon="23.55718">
        <ele>8.0</ele>
      </trkpt>
      <trkpt lat="58.8503" lon="23.55658">
        <ele>7.9</ele>
      </trkpt>
      <trkpt lat="58.85028" lon="23.55616">
        <ele>7.6</ele>
      </trkpt>
      <trkpt lat="58.85029" lon="23.55577">
        <ele>7.3</ele>
      </trkpt>
      <trkpt lat="58.85033" lon="23.55537">
        <ele>7.4</ele>
      </trkpt>
      <trkpt lat="58.85033" lon="23.55499">
        <ele>7.4</ele>
      </trkpt>
      <trkpt lat="58.85026" lon="23.5543">
        <ele>8.4</ele>
      </trkpt>
      <trkpt lat="58.85022" lon="23.55371">
        <ele>9.2</ele>
      </trkpt>
      <trkpt lat="58.85018" lon="23.55276">
        <ele>9.0</ele>
      </trkpt>
      <trkpt lat="58.85023" lon="23.55174">
        <ele>8.8</ele>
      </trkpt>
      <trkpt lat="58.85032" lon="23.55119">
        <ele>9.2</ele>
      </trkpt>
      <trkpt lat="58.85053" lon="23.55018">
        <ele>9.9</ele>
      </trkpt>
      <trkpt lat="58.85067" lon="23.54931">
        <ele>10.6</ele>
      </trkpt>
      <trkpt lat="58.85081" lon="23.5488">
        <ele>10.9</ele>
      </trkpt>
      <trkpt lat="58.85094" lon="23.54837">
        <ele>11.5</ele>
      </trkpt>
      <trkpt lat="58.85138" lon="23.54735">
        <ele>11.0</ele>
      </trkpt>
      <trkpt lat="58.85152" lon="23.54712">
        <ele>10.8</ele>
      </trkpt>
      <trkpt lat="58.85181" lon="23.54701">
        <ele>10.3</ele>
      </trkpt>
      <trkpt lat="58.85194" lon="23.54691">
        <ele>9.6</ele>
      </trkpt>
      <trkpt lat="58.85208" lon="23.5467">
        <ele>8.6</ele>
      </trkpt>
      <trkpt lat="58.85235" lon="23.54619">
        <ele>7.8</ele>
      </trkpt>
      <trkpt lat="58.85287" lon="23.54542">
        <ele>8.1</ele>
      </trkpt>
      <trkpt lat="58.85339" lon="23.54466">
        <ele>8.7</ele>
      </trkpt>
      <trkpt lat="58.85391" lon="23.5439">
        <ele>9.7</ele>
      </trkpt>
      <trkpt lat="58.85459" lon="23.54291">
        <ele>9.0</ele>
      </trkpt>
      <trkpt lat="58.85528" lon="23.54193">
        <ele>9.1</ele>
      </trkpt>
      <trkpt lat="58.85537" lon="23.54172">
        <ele>9.1</ele>
      </trkpt>
      <trkpt lat="58.85541" lon="23.54157">
        <ele>9.1</ele>
      </trkpt>
      <trkpt lat="58.85537" lon="23.54136">
        <ele>9.3</ele>
      </trkpt>
      <trkpt lat="58.85524" lon="23.54086">
        <ele>9.7</ele>
      </trkpt>
      <trkpt lat="58.85517" lon="23.54043">
        <ele>9.8</ele>
      </trkpt>
      <trkpt lat="58.85505" lon="23.53906">
        <ele>9.0</ele>
      </trkpt>
      <trkpt lat="58.85492" lon="23.53769">
        <ele>9.1</ele>
      </trkpt>
      <trkpt lat="58.8548" lon="23.53632">
        <ele>9.9</ele>
      </trkpt>
      <trkpt lat="58.8548" lon="23.53585">
        <ele>10.5</ele>
      </trkpt>
      <trkpt lat="58.85483" lon="23.53581">
        <ele>10.4</ele>
      </trkpt>
      <trkpt lat="58.85495" lon="23.53542">
        <ele>10.6</ele>
      </trkpt>
      <trkpt lat="58.85502" lon="23.53527">
        <ele>10.6</ele>
      </trkpt>
      <trkpt lat="58.85505" lon="23.53513">
        <ele>10.7</ele>
      </trkpt>
      <trkpt lat="58.85505" lon="23.53403">
        <ele>9.9</ele>
      </trkpt>
      <trkpt lat="58.85505" lon="23.533607">
        <ele>9.9</ele>
      </trkpt>
      <trkpt lat="58.85505" lon="23.53294">
        <ele>9.4</ele>
      </trkpt>
      <trkpt lat="58.85506" lon="23.53259">
        <ele>9.0</ele>
      </trkpt>
      <trkpt lat="58.8551" lon="23.53242">
        <ele>8.7</ele>
      </trkpt>
      <trkpt lat="58.85523" lon="23.53226">
        <ele>8.2</ele>
      </trkpt>
      <trkpt lat="58.85534" lon="23.53219">
        <ele>8.0</ele>
      </trkpt>
      <trkpt lat="58.85611" lon="23.53192">
        <ele>7.3</ele>
      </trkpt>
      <trkpt lat="58.85688" lon="23.53164">
        <ele>8.5</ele>
      </trkpt>
      <trkpt lat="58.85765" lon="23.53136">
        <ele>9.9</ele>
      </trkpt>
      <trkpt lat="58.85815" lon="23.5313">
        <ele>10.8</ele>
      </trkpt>
      <trkpt lat="58.85866" lon="23.53124">
        <ele>10.8</ele>
      </trkpt>
      <trkpt lat="58.85928" lon="23.53114">
        <ele>10.4</ele>
      </trkpt>
      <trkpt lat="58.85943" lon="23.53105">
        <ele>10.3</ele>
      </trkpt>
      <trkpt lat="58.85934" lon="23.53079">
        <ele>9.9</ele>
      </trkpt>
      <trkpt lat="58.85915" lon="23.52992">
        <ele>8.9</ele>
      </trkpt>
      <trkpt lat="58.85898" lon="23.52891">
        <ele>8.0</ele>
      </trkpt>
      <trkpt lat="58.85877" lon="23.52811">
        <ele>8.4</ele>
      </trkpt>
      <trkpt lat="58.85857" lon="23.52731">
        <ele>10.0</ele>
      </trkpt>
      <trkpt lat="58.85846" lon="23.52667">
        <ele>11.5</ele>
      </trkpt>
      <trkpt lat="58.8584" lon="23.52624">
        <ele>12.8</ele>
      </trkpt>
      <trkpt lat="58.85831" lon="23.52542">
        <ele>15.0</ele>
      </trkpt>
      <trkpt lat="58.85809" lon="23.52405">
        <ele>17.9</ele>
      </trkpt>
      <trkpt lat="58.85788" lon="23.52269">
        <ele>18.4</ele>
      </trkpt>
      <trkpt lat="58.85767" lon="23.52132">
        <ele>18.4</ele>
      </trkpt>
      <trkpt lat="58.85739" lon="23.51969">
        <ele>18.3</ele>
      </trkpt>
      <trkpt lat="58.85728" lon="23.51882">
        <ele>17.2</ele>
      </trkpt>
      <trkpt lat="58.85718" lon="23.51795">
        <ele>17.0</ele>
      </trkpt>
      <trkpt lat="58.85692" lon="23.51656">
        <ele>16.9</ele>
      </trkpt>
      <trkpt lat="58.85655" lon="23.51568">
        <ele>17.9</ele>
      </trkpt>
      <trkpt lat="58.85624" lon="23.5147">
        <ele>17.5</ele>
      </trkpt>
      <trkpt lat="58.85596" lon="23.51389">
        <ele>16.5</ele>
      </trkpt>
      <trkpt lat="58.85567" lon="23.51309">
        <ele>15.5</ele>
      </trkpt>
      <trkpt lat="58.85547" lon="23.51221">
        <ele>14.4</ele>
      </trkpt>
      <trkpt lat="58.85527" lon="23.51134">
        <ele>13.4</ele>
      </trkpt>
      <trkpt lat="58.855089" lon="23.510897">
        <ele>13.0</ele>
      </trkpt>
      <trkpt lat="58.85507" lon="23.51085">
        <ele>13.0</ele>
      </trkpt>
      <trkpt lat="58.8548" lon="23.51043">
        <ele>13.5</ele>
      </trkpt>
      <trkpt lat="58.85472" lon="23.50984">
        <ele>13.7</ele>
      </trkpt>
      <trkpt lat="58.85444" lon="23.5086">
        <ele>13.1</ele>
      </trkpt>
      <trkpt lat="58.85436" lon="23.50813">
        <ele>12.5</ele>
      </trkpt>
      <trkpt lat="58.85437" lon="23.50781">
        <ele>12.1</ele>
      </trkpt>
      <trkpt lat="58.85446" lon="23.50763">
        <ele>12.2</ele>
      </trkpt>
      <trkpt lat="58.85464" lon="23.50743">
        <ele>12.7</ele>
      </trkpt>
      <trkpt lat="58.85486" lon="23.50725">
        <ele>13.2</ele>
      </trkpt>
      <trkpt lat="58.85508" lon="23.50691">
        <ele>13.2</ele>
      </trkpt>
      <trkpt lat="58.85531" lon="23.5064">
        <ele>12.5</ele>
      </trkpt>
      <trkpt lat="58.85542" lon="23.5059">
        <ele>12.0</ele>
      </trkpt>
      <trkpt lat="58.85564" lon="23.50513">
        <ele>11.5</ele>
      </trkpt>
      <trkpt lat="58.85599" lon="23.50432">
        <ele>12.2</ele>
      </trkpt>
      <trkpt lat="58.85622" lon="23.50344">
        <ele>13.4</ele>
      </trkpt>
      <trkpt lat="58.85639" lon="23.50304">
        <ele>14.0</ele>
      </trkpt>
      <trkpt lat="58.85672" lon="23.50201">
        <ele>15.4</ele>
      </trkpt>
      <trkpt lat="58.85698" lon="23.50155">
        <ele>14.8</ele>
      </trkpt>
      <trkpt lat="58.85732" lon="23.50063">
        <ele>14.2</ele>
      </trkpt>
      <trkpt lat="58.85746" lon="23.50007">
        <ele>14.0</ele>
      </trkpt>
      <trkpt lat="58.85758" lon="23.49989">
        <ele>13.9</ele>
      </trkpt>
      <trkpt lat="58.85765" lon="23.49975">
        <ele>13.8</ele>
      </trkpt>
      <trkpt lat="58.85766" lon="23.49921">
        <ele>13.4</ele>
      </trkpt>
      <trkpt lat="58.85777" lon="23.49794">
        <ele>13.8</ele>
      </trkpt>
      <trkpt lat="58.85787" lon="23.49667">
        <ele>13.9</ele>
      </trkpt>
      <trkpt lat="58.857893" lon="23.496497">
        <ele>13.4</ele>
      </trkpt>
      <trkpt lat="58.85792" lon="23.49629">
        <ele>12.9</ele>
      </trkpt>
      <trkpt lat="58.8582" lon="23.4958">
        <ele>11.8</ele>
      </trkpt>
      <trkpt lat="58.8587" lon="23.49458">
        <ele>7.6</ele>
      </trkpt>
      <trkpt lat="58.85887" lon="23.49401">
        <ele>6.2</ele>
      </trkpt>
      <trkpt lat="58.85924" lon="23.49255">
        <ele>6.1</ele>
      </trkpt>
      <trkpt lat="58.85944" lon="23.49205">
        <ele>6.3</ele>
      </trkpt>
      <trkpt lat="58.85962" lon="23.4917">
        <ele>6.5</ele>
      </trkpt>
      <trkpt lat="58.85964" lon="23.49158">
        <ele>6.7</ele>
      </trkpt>
      <trkpt lat="58.8598" lon="23.4916">
        <ele>6.9</ele>
      </trkpt>
      <trkpt lat="58.86002" lon="23.49175">
        <ele>7.0</ele>
      </trkpt>
      <trkpt lat="58.86033" lon="23.49209">
        <ele>7.8</ele>
      </trkpt>
      <trkpt lat="58.86041" lon="23.49207">
        <ele>8.0</ele>
      </trkpt>
      <trkpt lat="58.86048" lon="23.49196">
        <ele>8.2</ele>
      </trkpt>
      <trkpt lat="58.86055" lon="23.49172">
        <ele>8.3</ele>
      </trkpt>
      <trkpt lat="58.86059" lon="23.49135">
        <ele>8.8</ele>
      </trkpt>
      <trkpt lat="58.86063" lon="23.49056">
        <ele>9.6</ele>
      </trkpt>
      <trkpt lat="58.86063" lon="23.48963">
        <ele>9.3</ele>
      </trkpt>
      <trkpt lat="58.86058" lon="23.48906">
        <ele>8.7</ele>
      </trkpt>
      <trkpt lat="58.8606" lon="23.48893">
        <ele>8.7</ele>
      </trkpt>
      <trkpt lat="58.86076" lon="23.48869">
        <ele>8.9</ele>
      </trkpt>
      <trkpt lat="58.86091" lon="23.4881">
        <ele>8.3</ele>
      </trkpt>
      <trkpt lat="58.86109" lon="23.48791">
        <ele>8.1</ele>
      </trkpt>
      <trkpt lat="58.86148" lon="23.48778">
        <ele>8.6</ele>
      </trkpt>
      <trkpt lat="58.86175" lon="23.48749">
        <ele>8.2</ele>
      </trkpt>
      <trkpt lat="58.86203" lon="23.48726">
        <ele>8.4</ele>
      </trkpt>
      <trkpt lat="58.86229" lon="23.48708">
        <ele>8.9</ele>
      </trkpt>
      <trkpt lat="58.86229" lon="23.48708">
        <ele>8.9</ele>
      </trkpt>
      <trkpt lat="58.86229" lon="23.48708">
        <ele>8.9</ele>
      </trkpt>
      <trkpt lat="58.862882" lon="23.486557">
        <ele>9.1</ele>
      </trkpt>
      <trkpt lat="58.862882" lon="23.486557">
        <ele>9.1</ele>
      </trkpt>
      <trkpt lat="58.863305" lon="23.486364">
        <ele>8.9</ele>
      </trkpt>
      <trkpt lat="58.863305" lon="23.486364">
        <ele>8.9</ele>
      </trkpt>
      <trkpt lat="58.863548" lon="23.48642">
        <ele>9.4</ele>
      </trkpt>
      <trkpt lat="58.863548" lon="23.48642">
        <ele>9.4</ele>
      </trkpt>
      <trkpt lat="58.863689" lon="23.486212">
        <ele>9.0</ele>
      </trkpt>
      <trkpt lat="58.863689" lon="23.486212">
        <ele>9.0</ele>
      </trkpt>
      <trkpt lat="58.863767" lon="23.486068">
        <ele>8.7</ele>
      </trkpt>
      <trkpt lat="58.863767" lon="23.486068">
        <ele>8.7</ele>
      </trkpt>
      <trkpt lat="58.863972" lon="23.485906">
        <ele>8.7</ele>
      </trkpt>
      <trkpt lat="58.863972" lon="23.485906">
        <ele>8.7</ele>
      </trkpt>
      <trkpt lat="58.864649" lon="23.485195">
        <ele>9.8</ele>
      </trkpt>
      <trkpt lat="58.864649" lon="23.485195">
        <ele>9.8</ele>
      </trkpt>
      <trkpt lat="58.865462" lon="23.484201">
        <ele>8.1</ele>
      </trkpt>
      <trkpt lat="58.865462" lon="23.484201">
        <ele>8.1</ele>
      </trkpt>
      <trkpt lat="58.865462" lon="23.484201">
        <ele>8.1</ele>
      </trkpt>
      <trkpt lat="58.86607" lon="23.48403">
        <ele>8.3</ele>
      </trkpt>
      <trkpt lat="58.86607" lon="23.48403">
        <ele>8.3</ele>
      </trkpt>
      <trkpt lat="58.866415" lon="23.483514">
        <ele>8.4</ele>
      </trkpt>
      <trkpt lat="58.866415" lon="23.483514">
        <ele>8.4</ele>
      </trkpt>
      <trkpt lat="58.86674" lon="23.48321">
        <ele>8.9</ele>
      </trkpt>
      <trkpt lat="58.86702" lon="23.48289">
        <ele>8.8</ele>
      </trkpt>
      <trkpt lat="58.86708" lon="23.48288">
        <ele>8.9</ele>
      </trkpt>
      <trkpt lat="58.86717" lon="23.48274">
        <ele>8.8</ele>
      </trkpt>
      <trkpt lat="58.86727" lon="23.48243">
        <ele>8.3</ele>
      </trkpt>
      <trkpt lat="58.86742" lon="23.48218">
        <ele>8.0</ele>
      </trkpt>
      <trkpt lat="58.86811" lon="23.4815">
        <ele>8.5</ele>
      </trkpt>
      <trkpt lat="58.86819" lon="23.48147">
        <ele>8.7</ele>
      </trkpt>
      <trkpt lat="58.86856" lon="23.48112">
        <ele>8.6</ele>
      </trkpt>
      <trkpt lat="58.86896" lon="23.48079">
        <ele>8.4</ele>
      </trkpt>
      <trkpt lat="58.86909" lon="23.48055">
        <ele>8.1</ele>
      </trkpt>
      <trkpt lat="58.86922" lon="23.48037">
        <ele>8.0</ele>
      </trkpt>
      <trkpt lat="58.86934" lon="23.48035">
        <ele>8.2</ele>
      </trkpt>
      <trkpt lat="58.86962" lon="23.48069">
        <ele>9.3</ele>
      </trkpt>
      <trkpt lat="58.8696" lon="23.48063">
        <ele>9.2</ele>
      </trkpt>
      <trkpt lat="58.8697" lon="23.48053">
        <ele>9.1</ele>
      </trkpt>
      <trkpt lat="58.86994" lon="23.48009">
        <ele>9.0</ele>
      </trkpt>
      <trkpt lat="58.87012" lon="23.47983">
        <ele>8.9</ele>
      </trkpt>
      <trkpt lat="58.87069" lon="23.47932">
        <ele>9.7</ele>
      </trkpt>
      <trkpt lat="58.87098" lon="23.47893">
        <ele>9.9</ele>
      </trkpt>
      <trkpt lat="58.8713" lon="23.47843">
        <ele>10.3</ele>
      </trkpt>
      <trkpt lat="58.87157" lon="23.47807">
        <ele>10.6</ele>
      </trkpt>
      <trkpt lat="58.87185" lon="23.47777">
        <ele>10.4</ele>
      </trkpt>
      <trkpt lat="58.87219" lon="23.47731">
        <ele>9.6</ele>
      </trkpt>
      <trkpt lat="58.8726" lon="23.47688">
        <ele>9.3</ele>
      </trkpt>
      <trkpt lat="58.87281" lon="23.47663">
        <ele>9.7</ele>
      </trkpt>
      <trkpt lat="58.87291" lon="23.47647">
        <ele>9.5</ele>
      </trkpt>
      <trkpt lat="58.87308" lon="23.47633">
        <ele>9.9</ele>
      </trkpt>
      <trkpt lat="58.87334" lon="23.47595">
        <ele>9.6</ele>
      </trkpt>
      <trkpt lat="58.87345" lon="23.47566">
        <ele>9.0</ele>
      </trkpt>
      <trkpt lat="58.87375" lon="23.47503">
        <ele>9.1</ele>
      </trkpt>
      <trkpt lat="58.87388" lon="23.47456">
        <ele>7.8</ele>
      </trkpt>
      <trkpt lat="58.874" lon="23.47427">
        <ele>7.6</ele>
      </trkpt>
      <trkpt lat="58.8742" lon="23.47386">
        <ele>8.0</ele>
      </trkpt>
      <trkpt lat="58.87457" lon="23.47318">
        <ele>7.0</ele>
      </trkpt>
      <trkpt lat="58.87483" lon="23.47265">
        <ele>6.6</ele>
      </trkpt>
      <trkpt lat="58.87507" lon="23.47231">
        <ele>6.9</ele>
      </trkpt>
      <trkpt lat="58.87515" lon="23.47232">
        <ele>7.3</ele>
      </trkpt>
      <trkpt lat="58.87525" lon="23.47247">
        <ele>8.1</ele>
      </trkpt>
      <trkpt lat="58.87565" lon="23.47338">
        <ele>11.4</ele>
      </trkpt>
      <trkpt lat="58.87579" lon="23.47357">
        <ele>11.9</ele>
      </trkpt>
      <trkpt lat="58.87607" lon="23.47386">
        <ele>12.9</ele>
      </trkpt>
      <trkpt lat="58.87631" lon="23.47421">
        <ele>13.8</ele>
      </trkpt>
      <trkpt lat="58.87679" lon="23.47486">
        <ele>15.3</ele>
      </trkpt>
      <trkpt lat="58.87728" lon="23.47561">
        <ele>13.1</ele>
      </trkpt>
      <trkpt lat="58.87728" lon="23.47561">
        <ele>13.1</ele>
      </trkpt>
      <trkpt lat="58.87728" lon="23.47561">
        <ele>13.1</ele>
      </trkpt>
      <trkpt lat="58.87763" lon="23.47606">
        <ele>11.9</ele>
      </trkpt>
      <trkpt lat="58.87815" lon="23.47679">
        <ele>12.0</ele>
      </trkpt>
      <trkpt lat="58.87868" lon="23.47751">
        <ele>13.7</ele>
      </trkpt>
      <trkpt lat="58.87888" lon="23.47778">
        <ele>14.5</ele>
      </trkpt>
      <trkpt lat="58.87903" lon="23.47789">
        <ele>15.0</ele>
      </trkpt>
      <trkpt lat="58.87928" lon="23.47812">
        <ele>15.2</ele>
      </trkpt>
      <trkpt lat="58.87964" lon="23.47875">
        <ele>14.5</ele>
      </trkpt>
      <trkpt lat="58.87977" lon="23.47893">
        <ele>14.3</ele>
      </trkpt>
      <trkpt lat="58.87992" lon="23.47904">
        <ele>14.2</ele>
      </trkpt>
      <trkpt lat="58.88009" lon="23.47925">
        <ele>14.0</ele>
      </trkpt>
      <trkpt lat="58.88025" lon="23.47963">
        <ele>13.6</ele>
      </trkpt>
      <trkpt lat="58.88036" lon="23.47983">
        <ele>13.3</ele>
      </trkpt>
      <trkpt lat="58.88059" lon="23.48007">
        <ele>12.9</ele>
      </trkpt>
      <trkpt lat="58.88084" lon="23.48027">
        <ele>12.7</ele>
      </trkpt>
      <trkpt lat="58.88115" lon="23.4804">
        <ele>12.3</ele>
      </trkpt>
      <trkpt lat="58.88182" lon="23.48046">
        <ele>11.8</ele>
      </trkpt>
      <trkpt lat="58.88249" lon="23.48053">
        <ele>11.0</ele>
      </trkpt>
      <trkpt lat="58.88298" lon="23.48062">
        <ele>11.0</ele>
      </trkpt>
      <trkpt lat="58.88331" lon="23.4808">
        <ele>11.0</ele>
      </trkpt>
      <trkpt lat="58.88401" lon="23.48129">
        <ele>11.1</ele>
      </trkpt>
      <trkpt lat="58.88415" lon="23.48133">
        <ele>11.0</ele>
      </trkpt>
      <trkpt lat="58.88427" lon="23.48002">
        <ele>11.0</ele>
      </trkpt>
      <trkpt lat="58.88439" lon="23.47919">
        <ele>12.0</ele>
      </trkpt>
      <trkpt lat="58.88452" lon="23.47855">
        <ele>12.3</ele>
      </trkpt>
      <trkpt lat="58.88463" lon="23.47819">
        <ele>12.4</ele>
      </trkpt>
      <trkpt lat="58.88488" lon="23.47761">
        <ele>12.0</ele>
      </trkpt>
      <trkpt lat="58.88548" lon="23.47661">
        <ele>12.5</ele>
      </trkpt>
      <trkpt lat="58.88607" lon="23.47561">
        <ele>12.0</ele>
      </trkpt>
      <trkpt lat="58.88666" lon="23.4746">
        <ele>11.5</ele>
      </trkpt>
      <trkpt lat="58.88717" lon="23.47371">
        <ele>11.6</ele>
      </trkpt>
      <trkpt lat="58.88767" lon="23.47282">
        <ele>11.6</ele>
      </trkpt>
      <trkpt lat="58.88806" lon="23.47209">
        <ele>11.5</ele>
      </trkpt>
      <trkpt lat="58.88844" lon="23.47136">
        <ele>11.7</ele>
      </trkpt>
      <trkpt lat="58.88899" lon="23.47038">
        <ele>13.0</ele>
      </trkpt>
      <trkpt lat="58.88916" lon="23.47004">
        <ele>13.9</ele>
      </trkpt>
      <trkpt lat="58.88966" lon="23.46935">
        <ele>15.2</ele>
      </trkpt>
      <trkpt lat="58.89" lon="23.46903">
        <ele>15.3</ele>
      </trkpt>
      <trkpt lat="58.89066" lon="23.46875">
        <ele>14.4</ele>
      </trkpt>
      <trkpt lat="58.89132" lon="23.46847">
        <ele>14.7</ele>
      </trkpt>
      <trkpt lat="58.89199" lon="23.46819">
        <ele>14.8</ele>
      </trkpt>
      <trkpt lat="58.89254" lon="23.468">
        <ele>14.4</ele>
      </trkpt>
      <trkpt lat="58.89309" lon="23.46782">
        <ele>15.1</ele>
      </trkpt>
      <trkpt lat="58.89336" lon="23.46764">
        <ele>15.7</ele>
      </trkpt>
      <trkpt lat="58.89393" lon="23.46717">
        <ele>16.1</ele>
      </trkpt>
      <trkpt lat="58.89449" lon="23.4667">
        <ele>15.2</ele>
      </trkpt>
      <trkpt lat="58.89493" lon="23.46638">
        <ele>14.5</ele>
      </trkpt>
      <trkpt lat="58.8956" lon="23.46603">
        <ele>13.3</ele>
      </trkpt>
      <trkpt lat="58.89604" lon="23.46595">
        <ele>12.2</ele>
      </trkpt>
      <trkpt lat="58.89625" lon="23.46594">
        <ele>11.5</ele>
      </trkpt>
      <trkpt lat="58.89669" lon="23.46602">
        <ele>10.3</ele>
      </trkpt>
      <trkpt lat="58.8975" lon="23.46604">
        <ele>12.5</ele>
      </trkpt>
      <trkpt lat="58.89796" lon="23.466">
        <ele>12.1</ele>
      </trkpt>
      <trkpt lat="58.8981" lon="23.46596">
        <ele>12.0</ele>
      </trkpt>
      <trkpt lat="58.8984" lon="23.46579">
        <ele>12.0</ele>
      </trkpt>
      <trkpt lat="58.89889" lon="23.46544">
        <ele>12.2</ele>
      </trkpt>
      <trkpt lat="58.89889" lon="23.46544">
        <ele>12.2</ele>
      </trkpt>
      <trkpt lat="58.89916" lon="23.46524">
        <ele>12.0</ele>
      </trkpt>
      <trkpt lat="58.89986" lon="23.4648">
        <ele>11.8</ele>
      </trkpt>
      <trkpt lat="58.90056" lon="23.46436">
        <ele>10.0</ele>
      </trkpt>
      <trkpt lat="58.90126" lon="23.46392">
        <ele>8.3</ele>
      </trkpt>
      <trkpt lat="58.90196" lon="23.46347">
        <ele>8.4</ele>
      </trkpt>
      <trkpt lat="58.90266" lon="23.46303">
        <ele>8.8</ele>
      </trkpt>
      <trkpt lat="58.90348" lon="23.46262">
        <ele>8.6</ele>
      </trkpt>
      <trkpt lat="58.90431" lon="23.4622">
        <ele>9.5</ele>
      </trkpt>
      <trkpt lat="58.90477" lon="23.46199">
        <ele>8.7</ele>
      </trkpt>
      <trkpt lat="58.90522" lon="23.46178">
        <ele>8.4</ele>
      </trkpt>
      <trkpt lat="58.90563" lon="23.46142">
        <ele>8.5</ele>
      </trkpt>
      <trkpt lat="58.90585" lon="23.46111">
        <ele>8.4</ele>
      </trkpt>
      <trkpt lat="58.90627" lon="23.46035">
        <ele>8.5</ele>
      </trkpt>
      <trkpt lat="58.90661" lon="23.45961">
        <ele>9.8</ele>
      </trkpt>
      <trkpt lat="58.90695" lon="23.45886">
        <ele>10.7</ele>
      </trkpt>
      <trkpt lat="58.90716" lon="23.45842">
        <ele>10.7</ele>
      </trkpt>
      <trkpt lat="58.90755" lon="23.45784">
        <ele>11.7</ele>
      </trkpt>
      <trkpt lat="58.90804" lon="23.45739">
        <ele>12.7</ele>
      </trkpt>
      <trkpt lat="58.90804" lon="23.45739">
        <ele>12.7</ele>
      </trkpt>
      <trkpt lat="58.90831" lon="23.45722">
        <ele>13.0</ele>
      </trkpt>
      <trkpt lat="58.90846" lon="23.45715">
        <ele>12.8</ele>
      </trkpt>
      <trkpt lat="58.90871" lon="23.45707">
        <ele>12.2</ele>
      </trkpt>
      <trkpt lat="58.90909" lon="23.45701">
        <ele>10.9</ele>
      </trkpt>
      <trkpt lat="58.90987" lon="23.45691">
        <ele>10.7</ele>
      </trkpt>
      <trkpt lat="58.91065" lon="23.45681">
        <ele>9.4</ele>
      </trkpt>
      <trkpt lat="58.91143" lon="23.45671">
        <ele>9.0</ele>
      </trkpt>
      <trkpt lat="58.91159" lon="23.45662">
        <ele>8.9</ele>
      </trkpt>
      <trkpt lat="58.91156" lon="23.45642">
        <ele>8.7</ele>
      </trkpt>
      <trkpt lat="58.91157" lon="23.45603">
        <ele>8.2</ele>
      </trkpt>
      <trkpt lat="58.91155" lon="23.45571">
        <ele>8.0</ele>
      </trkpt>
      <trkpt lat="58.91146" lon="23.45535">
        <ele>8.0</ele>
      </trkpt>
      <trkpt lat="58.91138" lon="23.45409">
        <ele>7.3</ele>
      </trkpt>
      <trkpt lat="58.91129" lon="23.45283">
        <ele>7.2</ele>
      </trkpt>
      <trkpt lat="58.91121" lon="23.45158">
        <ele>6.9</ele>
      </trkpt>
      <trkpt lat="58.9111" lon="23.45037">
        <ele>6.3</ele>
      </trkpt>
      <trkpt lat="58.911" lon="23.44917">
        <ele>6.4</ele>
      </trkpt>
      <trkpt lat="58.91097" lon="23.44871">
        <ele>6.3</ele>
      </trkpt>
      <trkpt lat="58.91095" lon="23.4483">
        <ele>6.3</ele>
      </trkpt>
      <trkpt lat="58.91095" lon="23.4479">
        <ele>6.9</ele>
      </trkpt>
      <trkpt lat="58.91096" lon="23.4473">
        <ele>7.7</ele>
      </trkpt>
      <trkpt lat="58.91101" lon="23.44593">
        <ele>9.5</ele>
      </trkpt>
      <trkpt lat="58.91106" lon="23.44456">
        <ele>9.8</ele>
      </trkpt>
      <trkpt lat="58.91111" lon="23.44318">
        <ele>9.9</ele>
      </trkpt>
      <trkpt lat="58.91116" lon="23.44181">
        <ele>9.5</ele>
      </trkpt>
      <trkpt lat="58.91121" lon="23.44041">
        <ele>8.9</ele>
      </trkpt>
      <trkpt lat="58.91129" lon="23.43944">
        <ele>8.4</ele>
      </trkpt>
      <trkpt lat="58.91128" lon="23.43931">
        <ele>8.2</ele>
      </trkpt>
      <trkpt lat="58.91123" lon="23.43916">
        <ele>7.9</ele>
      </trkpt>
      <trkpt lat="58.91121" lon="23.4388">
        <ele>7.5</ele>
      </trkpt>
      <trkpt lat="58.91119" lon="23.4386">
        <ele>7.2</ele>
      </trkpt>
      <trkpt lat="58.91115" lon="23.43833">
        <ele>6.8</ele>
      </trkpt>
      <trkpt lat="58.91101" lon="23.43778">
        <ele>6.3</ele>
      </trkpt>
      <trkpt lat="58.91088" lon="23.4374">
        <ele>6.1</ele>
      </trkpt>
      <trkpt lat="58.91039" lon="23.43601">
        <ele>6.5</ele>
      </trkpt>
      <trkpt lat="58.9099" lon="23.43462">
        <ele>6.6</ele>
      </trkpt>
      <trkpt lat="58.9097" lon="23.43402">
        <ele>7.4</ele>
      </trkpt>
      <trkpt lat="58.90954" lon="23.43347">
        <ele>7.6</ele>
      </trkpt>
      <trkpt lat="58.90943" lon="23.433">
        <ele>7.5</ele>
      </trkpt>
      <trkpt lat="58.90925" lon="23.43205">
        <ele>7.1</ele>
      </trkpt>
      <trkpt lat="58.90908" lon="23.43109">
        <ele>6.5</ele>
      </trkpt>
      <trkpt lat="58.90894" lon="23.43045">
        <ele>6.0</ele>
      </trkpt>
      <trkpt lat="58.90891" lon="23.4301">
        <ele>5.5</ele>
      </trkpt>
      <trkpt lat="58.90884" lon="23.42984">
        <ele>5.2</ele>
      </trkpt>
      <trkpt lat="58.90871" lon="23.42967">
        <ele>5.2</ele>
      </trkpt>
      <trkpt lat="58.90859" lon="23.4294">
        <ele>5.0</ele>
      </trkpt>
      <trkpt lat="58.9085" lon="23.42921">
        <ele>4.9</ele>
      </trkpt>
      <trkpt lat="58.9084" lon="23.42892">
        <ele>4.6</ele>
      </trkpt>
      <trkpt lat="58.90804" lon="23.4282">
        <ele>4.1</ele>
      </trkpt>
      <trkpt lat="58.90768" lon="23.42748">
        <ele>3.6</ele>
      </trkpt>
      <trkpt lat="58.90768" lon="23.42748">
        <ele>3.6</ele>
      </trkpt>
      <trkpt lat="58.907112" lon="23.42557">
        <ele>3.5</ele>
      </trkpt>
      <trkpt lat="58.906545" lon="23.42366">
        <ele>0.8</ele>
      </trkpt>
      <trkpt lat="58.906545" lon="23.42366">
        <ele>0.8</ele>
      </trkpt>
      <trkpt lat="58.90636" lon="23.421955">
        <ele>0.0</ele>
      </trkpt>
      <trkpt lat="58.906176" lon="23.420251">
        <ele>0.0</ele>
      </trkpt>
      <trkpt lat="58.905992" lon="23.418546">
        <ele>0.0</ele>
      </trkpt>
      <trkpt lat="58.905807" lon="23.416841">
        <ele>0.0</ele>
      </trkpt>
      <trkpt lat="58.905623" lon="23.415137">
        <ele>0.0</ele>
      </trkpt>
      <trkpt lat="58.905439" lon="23.413432">
        <ele>0.0</ele>
      </trkpt>
      <trkpt lat="58.905254" lon="23.411727">
        <ele>0.0</ele>
      </trkpt>
      <trkpt lat="58.90507" lon="23.410023">
        <ele>0.0</ele>
      </trkpt>
      <trkpt lat="58.904886" lon="23.408318">
        <ele>0.0</ele>
      </trkpt>
      <trkpt lat="58.904702" lon="23.406613">
        <ele>0.0</ele>
      </trkpt>
      <trkpt lat="58.904517" lon="23.404909">
        <ele>0.0</ele>
      </trkpt>
      <trkpt lat="58.904333" lon="23.403204">
        <ele>0.0</ele>
      </trkpt>
      <trkpt lat="58.904149" lon="23.401499">
        <ele>0.0</ele>
      </trkpt>
      <trkpt lat="58.903964" lon="23.399795">
        <ele>0.0</ele>
      </trkpt>
      <trkpt lat="58.90378" lon="23.39809">
        <ele>0.0</ele>
      </trkpt>
      <trkpt lat="58.903596" lon="23.396385">
        <ele>0.0</ele>
      </trkpt>
      <trkpt lat="58.903411" lon="23.394681">
        <ele>0.0</ele>
      </trkpt>
      <trkpt lat="58.903227" lon="23.392976">
        <ele>0.0</ele>
      </trkpt>
      <trkpt lat="58.903043" lon="23.391271">
        <ele>0.0</ele>
      </trkpt>
      <trkpt lat="58.902858" lon="23.389567">
        <ele>0.0</ele>
      </trkpt>
      <trkpt lat="58.902674" lon="23.387862">
        <ele>0.0</ele>
      </trkpt>
      <trkpt lat="58.90249" lon="23.386157">
        <ele>0.0</ele>
      </trkpt>
      <trkpt lat="58.902305" lon="23.384453">
        <ele>0.0</ele>
      </trkpt>
      <trkpt lat="58.902121" lon="23.382748">
        <ele>0.0</ele>
      </trkpt>
      <trkpt lat="58.901937" lon="23.381043">
        <ele>0.0</ele>
      </trkpt>
      <trkpt lat="58.901752" lon="23.379339">
        <ele>0.0</ele>
      </trkpt>
      <trkpt lat="58.901568" lon="23.377634">
        <ele>0.0</ele>
      </trkpt>
      <trkpt lat="58.901384" lon="23.375929">
        <ele>0.0</ele>
      </trkpt>
      <trkpt lat="58.901199" lon="23.374225">
        <ele>0.0</ele>
      </trkpt>
      <trkpt lat="58.901015" lon="23.37252">
        <ele>0.0</ele>
      </trkpt>
      <trkpt lat="58.900831" lon="23.370816">
        <ele>0.0</ele>
      </trkpt>
      <trkpt lat="58.900646" lon="23.369111">
        <ele>0.0</ele>
      </trkpt>
      <trkpt lat="58.900462" lon="23.367406">
        <ele>0.0</ele>
      </trkpt>
      <trkpt lat="58.900278" lon="23.365702">
        <ele>0.0</ele>
      </trkpt>
      <trkpt lat="58.900094" lon="23.363997">
        <ele>0.0</ele>
      </trkpt>
      <trkpt lat="58.899909" lon="23.362292">
        <ele>0.0</ele>
      </trkpt>
      <trkpt lat="58.899725" lon="23.360588">
        <ele>0.0</ele>
      </trkpt>
      <trkpt lat="58.899541" lon="23.358883">
        <ele>0.0</ele>
      </trkpt>
      <trkpt lat="58.899356" lon="23.357178">
        <ele>0.0</ele>
      </trkpt>
      <trkpt lat="58.899172" lon="23.355474">
        <ele>0.0</ele>
      </trkpt>
      <trkpt lat="58.898988" lon="23.353769">
        <ele>1.4</ele>
      </trkpt>
      <trkpt lat="58.898803" lon="23.352064">
        <ele>1.3</ele>
      </trkpt>
      <trkpt lat="58.898619" lon="23.35036">
        <ele>0.0</ele>
      </trkpt>
      <trkpt lat="58.898435" lon="23.348655">
        <ele>0.0</ele>
      </trkpt>
      <trkpt lat="58.89825" lon="23.34695">
        <ele>0.0</ele>
      </trkpt>
      <trkpt lat="58.898066" lon="23.345246">
        <ele>0.0</ele>
      </trkpt>
      <trkpt lat="58.897882" lon="23.343541">
        <ele>0.0</ele>
      </trkpt>
      <trkpt lat="58.897697" lon="23.341836">
        <ele>0.0</ele>
      </trkpt>
      <trkpt lat="58.897513" lon="23.340132">
        <ele>0.0</ele>
      </trkpt>
      <trkpt lat="58.897329" lon="23.338427">
        <ele>0.0</ele>
      </trkpt>
      <trkpt lat="58.897144" lon="23.336722">
        <ele>0.0</ele>
      </trkpt>
      <trkpt lat="58.89696" lon="23.335018">
        <ele>0.0</ele>
      </trkpt>
      <trkpt lat="58.896776" lon="23.333313">
        <ele>0.0</ele>
      </trkpt>
      <trkpt lat="58.896591" lon="23.331608">
        <ele>0.0</ele>
      </trkpt>
      <trkpt lat="58.896407" lon="23.329904">
        <ele>0.0</ele>
      </trkpt>
      <trkpt lat="58.896223" lon="23.328199">
        <ele>0.0</ele>
      </trkpt>
      <trkpt lat="58.896038" lon="23.326494">
        <ele>0.0</ele>
      </trkpt>
      <trkpt lat="58.895854" lon="23.32479">
        <ele>0.0</ele>
      </trkpt>
      <trkpt lat="58.89567" lon="23.323085">
        <ele>0.0</ele>
      </trkpt>
      <trkpt lat="58.895486" lon="23.32138">
        <ele>0.0</ele>
      </trkpt>
      <trkpt lat="58.895301" lon="23.319676">
        <ele>0.0</ele>
      </trkpt>
      <trkpt lat="58.895117" lon="23.317971">
        <ele>0.0</ele>
      </trkpt>
      <trkpt lat="58.894933" lon="23.316266">
        <ele>0.0</ele>
      </trkpt>
      <trkpt lat="58.894748" lon="23.314562">
        <ele>0.0</ele>
      </trkpt>
      <trkpt lat="58.894564" lon="23.312857">
        <ele>0.0</ele>
      </trkpt>
      <trkpt lat="58.89438" lon="23.311152">
        <ele>0.0</ele>
      </trkpt>
      <trkpt lat="58.894195" lon="23.309448">
        <ele>0.0</ele>
      </trkpt>
      <trkpt lat="58.894011" lon="23.307743">
        <ele>0.0</ele>
      </trkpt>
      <trkpt lat="58.893827" lon="23.306038">
        <ele>0.0</ele>
      </trkpt>
      <trkpt lat="58.893642" lon="23.304334">
        <ele>0.0</ele>
      </trkpt>
      <trkpt lat="58.893458" lon="23.302629">
        <ele>0.0</ele>
      </trkpt>
      <trkpt lat="58.893274" lon="23.300924">
        <ele>0.0</ele>
      </trkpt>
      <trkpt lat="58.893089" lon="23.29922">
        <ele>0.0</ele>
      </trkpt>
      <trkpt lat="58.892905" lon="23.297515">
        <ele>0.0</ele>
      </trkpt>
      <trkpt lat="58.892721" lon="23.29581">
        <ele>0.0</ele>
      </trkpt>
      <trkpt lat="58.892536" lon="23.294106">
        <ele>0.0</ele>
      </trkpt>
      <trkpt lat="58.892352" lon="23.292401">
        <ele>0.0</ele>
      </trkpt>
      <trkpt lat="58.892168" lon="23.290696">
        <ele>0.0</ele>
      </trkpt>
      <trkpt lat="58.891983" lon="23.288992">
        <ele>0.0</ele>
      </trkpt>
      <trkpt lat="58.891799" lon="23.287287">
        <ele>0.0</ele>
      </trkpt>
      <trkpt lat="58.891615" lon="23.285582">
        <ele>0.0</ele>
      </trkpt>
      <trkpt lat="58.89143" lon="23.283878">
        <ele>0.0</ele>
      </trkpt>
      <trkpt lat="58.891246" lon="23.282173">
        <ele>0.0</ele>
      </trkpt>
      <trkpt lat="58.891062" lon="23.280468">
        <ele>0.0</ele>
      </trkpt>
      <trkpt lat="58.890878" lon="23.278764">
        <ele>0.0</ele>
      </trkpt>
      <trkpt lat="58.890693" lon="23.277059">
        <ele>0.0</ele>
      </trkpt>
      <trkpt lat="58.890509" lon="23.275355">
        <ele>0.0</ele>
      </trkpt>
      <trkpt lat="58.890325" lon="23.27365">
        <ele>0.0</ele>
      </trkpt>
      <trkpt lat="58.89014" lon="23.271945">
        <ele>0.0</ele>
      </trkpt>
      <trkpt lat="58.889956" lon="23.270241">
        <ele>0.0</ele>
      </trkpt>
      <trkpt lat="58.889772" lon="23.268536">
        <ele>0.0</ele>
      </trkpt>
      <trkpt lat="58.889587" lon="23.266831">
        <ele>0.0</ele>
      </trkpt>
      <trkpt lat="58.889403" lon="23.265127">
        <ele>0.0</ele>
      </trkpt>
      <trkpt lat="58.889219" lon="23.263422">
        <ele>0.0</ele>
      </trkpt>
      <trkpt lat="58.889034" lon="23.261717">
        <ele>0.0</ele>
      </trkpt>
      <trkpt lat="58.88885" lon="23.260013">
        <ele>0.0</ele>
      </trkpt>
      <trkpt lat="58.888666" lon="23.258308">
        <ele>0.0</ele>
      </trkpt>
      <trkpt lat="58.888481" lon="23.256603">
        <ele>0.0</ele>
      </trkpt>
      <trkpt lat="58.888297" lon="23.254899">
        <ele>0.0</ele>
      </trkpt>
      <trkpt lat="58.888113" lon="23.253194">
        <ele>0.0</ele>
      </trkpt>
      <trkpt lat="58.887928" lon="23.251489">
        <ele>0.0</ele>
      </trkpt>
      <trkpt lat="58.887744" lon="23.249785">
        <ele>0.0</ele>
      </trkpt>
      <trkpt lat="58.88756" lon="23.24808">
        <ele>0.0</ele>
      </trkpt>
      <trkpt lat="58.887375" lon="23.246375">
        <ele>0.0</ele>
      </trkpt>
      <trkpt lat="58.887191" lon="23.244671">
        <ele>0.0</ele>
      </trkpt>
      <trkpt lat="58.887007" lon="23.242966">
        <ele>0.0</ele>
      </trkpt>
      <trkpt lat="58.886822" lon="23.241261">
        <ele>0.0</ele>
      </trkpt>
      <trkpt lat="58.886638" lon="23.239557">
        <ele>0.0</ele>
      </trkpt>
      <trkpt lat="58.886454" lon="23.237852">
        <ele>0.0</ele>
      </trkpt>
      <trkpt lat="58.88627" lon="23.236147">
        <ele>0.0</ele>
      </trkpt>
      <trkpt lat="58.886085" lon="23.234443">
        <ele>0.0</ele>
      </trkpt>
      <trkpt lat="58.885901" lon="23.232738">
        <ele>0.0</ele>
      </trkpt>
      <trkpt lat="58.885717" lon="23.231033">
        <ele>0.0</ele>
      </trkpt>
      <trkpt lat="58.885532" lon="23.229329">
        <ele>0.0</ele>
      </trkpt>
      <trkpt lat="58.885348" lon="23.227624">
        <ele>0.0</ele>
      </trkpt>
      <trkpt lat="58.885164" lon="23.225919">
        <ele>0.0</ele>
      </trkpt>
      <trkpt lat="58.884979" lon="23.224215">
        <ele>0.0</ele>
      </trkpt>
      <trkpt lat="58.884795" lon="23.22251">
        <ele>0.0</ele>
      </trkpt>
      <trkpt lat="58.884611" lon="23.220805">
        <ele>0.0</ele>
      </trkpt>
      <trkpt lat="58.884426" lon="23.219101">
        <ele>0.0</ele>
      </trkpt>
      <trkpt lat="58.884242" lon="23.217396">
        <ele>0.0</ele>
      </trkpt>
      <trkpt lat="58.884058" lon="23.215691">
        <ele>0.0</ele>
      </trkpt>
      <trkpt lat="58.883873" lon="23.213987">
        <ele>0.0</ele>
      </trkpt>
      <trkpt lat="58.883689" lon="23.212282">
        <ele>0.0</ele>
      </trkpt>
      <trkpt lat="58.883505" lon="23.210577">
        <ele>0.0</ele>
      </trkpt>
      <trkpt lat="58.88332" lon="23.208873">
        <ele>0.0</ele>
      </trkpt>
      <trkpt lat="58.883136" lon="23.207168">
        <ele>0.0</ele>
      </trkpt>
      <trkpt lat="58.882952" lon="23.205463">
        <ele>0.0</ele>
      </trkpt>
      <trkpt lat="58.882767" lon="23.203759">
        <ele>0.0</ele>
      </trkpt>
      <trkpt lat="58.882583" lon="23.202054">
        <ele>0.0</ele>
      </trkpt>
      <trkpt lat="58.882399" lon="23.200349">
        <ele>0.0</ele>
      </trkpt>
      <trkpt lat="58.882214" lon="23.198645">
        <ele>0.0</ele>
      </trkpt>
      <trkpt lat="58.88203" lon="23.19694">
        <ele>0.0</ele>
      </trkpt>
      <trkpt lat="58.881846" lon="23.195235">
        <ele>0.0</ele>
      </trkpt>
      <trkpt lat="58.881662" lon="23.193531">
        <ele>0.0</ele>
      </trkpt>
      <trkpt lat="58.881477" lon="23.191826">
        <ele>0.0</ele>
      </trkpt>
      <trkpt lat="58.881293" lon="23.190121">
        <ele>0.0</ele>
      </trkpt>
      <trkpt lat="58.881109" lon="23.188417">
        <ele>0.0</ele>
      </trkpt>
      <trkpt lat="58.880924" lon="23.186712">
        <ele>0.0</ele>
      </trkpt>
      <trkpt lat="58.88074" lon="23.185008">
        <ele>0.0</ele>
      </trkpt>
      <trkpt lat="58.880556" lon="23.183303">
        <ele>0.0</ele>
      </trkpt>
      <trkpt lat="58.880371" lon="23.181598">
        <ele>0.0</ele>
      </trkpt>
      <trkpt lat="58.880187" lon="23.179894">
        <ele>0.0</ele>
      </trkpt>
      <trkpt lat="58.880003" lon="23.178189">
        <ele>0.0</ele>
      </trkpt>
      <trkpt lat="58.879818" lon="23.176484">
        <ele>0.0</ele>
      </trkpt>
      <trkpt lat="58.879634" lon="23.17478">
        <ele>0.0</ele>
      </trkpt>
      <trkpt lat="58.87945" lon="23.173075">
        <ele>0.0</ele>
      </trkpt>
      <trkpt lat="58.879265" lon="23.17137">
        <ele>0.0</ele>
      </trkpt>
      <trkpt lat="58.879081" lon="23.169666">
        <ele>0.0</ele>
      </trkpt>
      <trkpt lat="58.878897" lon="23.167961">
        <ele>0.0</ele>
      </trkpt>
      <trkpt lat="58.878712" lon="23.166256">
        <ele>0.0</ele>
      </trkpt>
      <trkpt lat="58.878528" lon="23.164552">
        <ele>0.0</ele>
      </trkpt>
      <trkpt lat="58.878344" lon="23.162847">
        <ele>0.0</ele>
      </trkpt>
      <trkpt lat="58.878159" lon="23.161142">
        <ele>0.0</ele>
      </trkpt>
      <trkpt lat="58.877975" lon="23.159438">
        <ele>0.0</ele>
      </trkpt>
      <trkpt lat="58.877791" lon="23.157733">
        <ele>0.0</ele>
      </trkpt>
      <trkpt lat="58.877606" lon="23.156028">
        <ele>0.0</ele>
      </trkpt>
      <trkpt lat="58.877422" lon="23.154324">
        <ele>0.0</ele>
      </trkpt>
      <trkpt lat="58.877238" lon="23.152619">
        <ele>0.0</ele>
      </trkpt>
      <trkpt lat="58.877054" lon="23.150914">
        <ele>0.0</ele>
      </trkpt>
      <trkpt lat="58.876869" lon="23.14921">
        <ele>0.0</ele>
      </trkpt>
      <trkpt lat="58.876685" lon="23.147505">
        <ele>0.0</ele>
      </trkpt>
      <trkpt lat="58.876501" lon="23.1458">
        <ele>0.0</ele>
      </trkpt>
      <trkpt lat="58.876316" lon="23.144096">
        <ele>0.0</ele>
      </trkpt>
      <trkpt lat="58.876132" lon="23.142391">
        <ele>0.0</ele>
      </trkpt>
      <trkpt lat="58.875948" lon="23.140686">
        <ele>0.0</ele>
      </trkpt>
      <trkpt lat="58.875763" lon="23.138982">
        <ele>0.0</ele>
      </trkpt>
      <trkpt lat="58.875579" lon="23.137277">
        <ele>0.0</ele>
      </trkpt>
      <trkpt lat="58.875395" lon="23.135572">
        <ele>0.0</ele>
      </trkpt>
      <trkpt lat="58.87521" lon="23.133868">
        <ele>0.0</ele>
      </trkpt>
      <trkpt lat="58.875026" lon="23.132163">
        <ele>0.0</ele>
      </trkpt>
      <trkpt lat="58.874842" lon="23.130458">
        <ele>0.0</ele>
      </trkpt>
      <trkpt lat="58.874657" lon="23.128754">
        <ele>0.0</ele>
      </trkpt>
      <trkpt lat="58.874473" lon="23.127049">
        <ele>0.0</ele>
      </trkpt>
      <trkpt lat="58.874289" lon="23.125344">
        <ele>0.0</ele>
      </trkpt>
      <trkpt lat="58.874104" lon="23.12364">
        <ele>0.0</ele>
      </trkpt>
      <trkpt lat="58.87392" lon="23.121935">
        <ele>0.0</ele>
      </trkpt>
      <trkpt lat="58.873736" lon="23.12023">
        <ele>0.0</ele>
      </trkpt>
      <trkpt lat="58.873551" lon="23.118526">
        <ele>0.0</ele>
      </trkpt>
      <trkpt lat="58.873367" lon="23.116821">
        <ele>0.0</ele>
      </trkpt>
      <trkpt lat="58.873183" lon="23.115116">
        <ele>0.0</ele>
      </trkpt>
      <trkpt lat="58.872998" lon="23.113412">
        <ele>0.0</ele>
      </trkpt>
      <trkpt lat="58.872814" lon="23.111707">
        <ele>0.0</ele>
      </trkpt>
      <trkpt lat="58.87263" lon="23.110002">
        <ele>0.0</ele>
      </trkpt>
      <trkpt lat="58.872446" lon="23.108298">
        <ele>0.0</ele>
      </trkpt>
      <trkpt lat="58.872261" lon="23.106593">
        <ele>0.0</ele>
      </trkpt>
      <trkpt lat="58.872077" lon="23.104888">
        <ele>0.0</ele>
      </trkpt>
      <trkpt lat="58.871893" lon="23.103184">
        <ele>0.0</ele>
      </trkpt>
      <trkpt lat="58.871708" lon="23.101479">
        <ele>0.0</ele>
      </trkpt>
      <trkpt lat="58.871524" lon="23.099774">
        <ele>0.0</ele>
      </trkpt>
      <trkpt lat="58.87134" lon="23.09807">
        <ele>0.0</ele>
      </trkpt>
      <trkpt lat="58.871155" lon="23.096365">
        <ele>0.0</ele>
      </trkpt>
      <trkpt lat="58.870971" lon="23.09466">
        <ele>0.0</ele>
      </trkpt>
      <trkpt lat="58.870787" lon="23.092956">
        <ele>0.0</ele>
      </trkpt>
      <trkpt lat="58.870602" lon="23.091251">
        <ele>0.0</ele>
      </trkpt>
      <trkpt lat="58.870418" lon="23.089547">
        <ele>0.0</ele>
      </trkpt>
      <trkpt lat="58.870234" lon="23.087842">
        <ele>0.0</ele>
      </trkpt>
      <trkpt lat="58.870049" lon="23.086137">
        <ele>0.0</ele>
      </trkpt>
      <trkpt lat="58.869865" lon="23.084433">
        <ele>0.0</ele>
      </trkpt>
      <trkpt lat="58.869681" lon="23.082728">
        <ele>0.0</ele>
      </trkpt>
      <trkpt lat="58.869496" lon="23.081023">
        <ele>0.0</ele>
      </trkpt>
      <trkpt lat="58.869312" lon="23.079319">
        <ele>0.0</ele>
      </trkpt>
      <trkpt lat="58.869128" lon="23.077614">
        <ele>0.0</ele>
      </trkpt>
      <trkpt lat="58.868943" lon="23.075909">
        <ele>0.0</ele>
      </trkpt>
      <trkpt lat="58.868759" lon="23.074205">
        <ele>0.0</ele>
      </trkpt>
      <trkpt lat="58.868575" lon="23.0725">
        <ele>0.0</ele>
      </trkpt>
      <trkpt lat="58.86839" lon="23.070795">
        <ele>0.0</ele>
      </trkpt>
      <trkpt lat="58.868206" lon="23.069091">
        <ele>0.0</ele>
      </trkpt>
      <trkpt lat="58.868022" lon="23.067386">
        <ele>0.0</ele>
      </trkpt>
      <trkpt lat="58.867838" lon="23.065681">
        <ele>0.0</ele>
      </trkpt>
      <trkpt lat="58.867653" lon="23.063977">
        <ele>0.0</ele>
      </trkpt>
      <trkpt lat="58.867469" lon="23.062272">
        <ele>0.0</ele>
      </trkpt>
      <trkpt lat="58.867285" lon="23.060567">
        <ele>0.0</ele>
      </trkpt>
      <trkpt lat="58.8671" lon="23.058863">
        <ele>0.0</ele>
      </trkpt>
      <trkpt lat="58.866916" lon="23.057158">
        <ele>0.0</ele>
      </trkpt>
      <trkpt lat="58.866732" lon="23.055453">
        <ele>0.0</ele>
      </trkpt>
      <trkpt lat="58.866547" lon="23.053749">
        <ele>0.0</ele>
      </trkpt>
      <trkpt lat="58.866363" lon="23.052044">
        <ele>0.0</ele>
      </trkpt>
      <trkpt lat="58.866179" lon="23.050339">
        <ele>1.2</ele>
      </trkpt>
      <trkpt lat="58.865994" lon="23.048635">
        <ele>4.0</ele>
      </trkpt>
      <trkpt lat="58.86581" lon="23.04693">
        <ele>4.1</ele>
      </trkpt>
      <trkpt lat="58.86543" lon="23.0462">
        <ele>4.7</ele>
      </trkpt>
      <trkpt lat="58.86527" lon="23.04583">
        <ele>5.0</ele>
      </trkpt>
      <trkpt lat="58.86513" lon="23.04525">
        <ele>5.5</ele>
      </trkpt>
      <trkpt lat="58.86534" lon="23.04501">
        <ele>4.8</ele>
      </trkpt>
      <trkpt lat="58.86553" lon="23.04468">
        <ele>4.7</ele>
      </trkpt>
      <trkpt lat="58.86586" lon="23.04413">
        <ele>4.9</ele>
      </trkpt>
      <trkpt lat="58.86615" lon="23.04362">
        <ele>4.9</ele>
      </trkpt>
      <trkpt lat="58.86634" lon="23.04352">
        <ele>4.5</ele>
      </trkpt>
      <trkpt lat="58.86653" lon="23.04345">
        <ele>4.0</ele>
      </trkpt>
      <trkpt lat="58.86676" lon="23.04342">
        <ele>3.2</ele>
      </trkpt>
      <trkpt lat="58.86694" lon="23.04329">
        <ele>2.8</ele>
      </trkpt>
      <trkpt lat="58.86704" lon="23.04307">
        <ele>2.6</ele>
      </trkpt>
      <trkpt lat="58.86716" lon="23.04289">
        <ele>2.1</ele>
      </trkpt>
      <trkpt lat="58.86748" lon="23.04261">
        <ele>0.1</ele>
      </trkpt>
      <trkpt lat="58.86789" lon="23.04213">
        <ele>2.5</ele>
      </trkpt>
      <trkpt lat="58.86831" lon="23.04164">
        <ele>5.1</ele>
      </trkpt>
      <trkpt lat="58.86872" lon="23.04116">
        <ele>3.0</ele>
      </trkpt>
      <trkpt lat="58.86892" lon="23.04089">
        <ele>1.8</ele>
      </trkpt>
      <trkpt lat="58.86934" lon="23.04043">
        <ele>2.3</ele>
      </trkpt>
      <trkpt lat="58.86965" lon="23.03983">
        <ele>2.9</ele>
      </trkpt>
      <trkpt lat="58.86985" lon="23.03959">
        <ele>2.3</ele>
      </trkpt>
      <trkpt lat="58.87006" lon="23.03923">
        <ele>2.6</ele>
      </trkpt>
      <trkpt lat="58.8702" lon="23.03905">
        <ele>2.6</ele>
      </trkpt>
      <trkpt lat="58.87073" lon="23.03859">
        <ele>3.0</ele>
      </trkpt>
      <trkpt lat="58.87129" lon="23.03784">
        <ele>2.1</ele>
      </trkpt>
      <trkpt lat="58.87152" lon="23.03736">
        <ele>1.6</ele>
      </trkpt>
      <trkpt lat="58.87208" lon="23.03658">
        <ele>2.6</ele>
      </trkpt>
      <trkpt lat="58.87222" lon="23.0362">
        <ele>1.9</ele>
      </trkpt>
      <trkpt lat="58.87227" lon="23.03576">
        <ele>2.0</ele>
      </trkpt>
      <trkpt lat="58.87236" lon="23.0353">
        <ele>3.8</ele>
      </trkpt>
      <trkpt lat="58.87246" lon="23.03503">
        <ele>4.9</ele>
      </trkpt>
      <trkpt lat="58.87272" lon="23.03399">
        <ele>4.6</ele>
      </trkpt>
      <trkpt lat="58.87273" lon="23.03363">
        <ele>4.8</ele>
      </trkpt>
      <trkpt lat="58.87287" lon="23.03297">
        <ele>4.1</ele>
      </trkpt>
      <trkpt lat="58.87304" lon="23.0324">
        <ele>3.3</ele>
      </trkpt>
      <trkpt lat="58.87355" lon="23.0312">
        <ele>5.6</ele>
      </trkpt>
      <trkpt lat="58.87355" lon="23.03097">
        <ele>6.1</ele>
      </trkpt>
      <trkpt lat="58.87338" lon="23.0307">
        <ele>7.8</ele>
      </trkpt>
      <trkpt lat="58.873262" lon="23.0306">
        <ele>8.3</ele>
      </trkpt>
      <trkpt lat="58.873129" lon="23.030384">
        <ele>8.7</ele>
      </trkpt>
      <trkpt lat="58.873126" lon="23.030132">
        <ele>8.9</ele>
      </trkpt>
      <trkpt lat="58.873206" lon="23.029971">
        <ele>9.0</ele>
      </trkpt>
      <trkpt lat="58.8733" lon="23.02981">
        <ele>9.0</ele>
      </trkpt>
      <trkpt lat="58.87342" lon="23.02966">
        <ele>8.5</ele>
      </trkpt>
      <trkpt lat="58.87342" lon="23.029654">
        <ele>8.5</ele>
      </trkpt>
      <trkpt lat="58.8737" lon="23.02929">
        <ele>7.2</ele>
      </trkpt>
      <trkpt lat="58.8738" lon="23.02903">
        <ele>6.9</ele>
      </trkpt>
      <trkpt lat="58.87426" lon="23.02819">
        <ele>5.9</ele>
      </trkpt>
      <trkpt lat="58.87472" lon="23.02735">
        <ele>5.7</ele>
      </trkpt>
      <trkpt lat="58.87526" lon="23.02622">
        <ele>5.1</ele>
      </trkpt>
      <trkpt lat="58.87545" lon="23.026">
        <ele>5.2</ele>
      </trkpt>
      <trkpt lat="58.87565" lon="23.02566">
        <ele>5.4</ele>
      </trkpt>
      <trkpt lat="58.8759" lon="23.02537">
        <ele>5.3</ele>
      </trkpt>
      <trkpt lat="58.87613" lon="23.02478">
        <ele>5.9</ele>
      </trkpt>
      <trkpt lat="58.87648" lon="23.02433">
        <ele>6.0</ele>
      </trkpt>
      <trkpt lat="58.87685" lon="23.02367">
        <ele>6.2</ele>
      </trkpt>
      <trkpt lat="58.87702" lon="23.02323">
        <ele>6.7</ele>
      </trkpt>
      <trkpt lat="58.87717" lon="23.02275">
        <ele>7.1</ele>
      </trkpt>
      <trkpt lat="58.87739" lon="23.02232">
        <ele>7.1</ele>
      </trkpt>
      <trkpt lat="58.87753" lon="23.02168">
        <ele>7.1</ele>
      </trkpt>
      <trkpt lat="58.87765" lon="23.02137">
        <ele>7.7</ele>
      </trkpt>
      <trkpt lat="58.87797" lon="23.02022">
        <ele>9.4</ele>
      </trkpt>
      <trkpt lat="58.87833" lon="23.01913">
        <ele>9.0</ele>
      </trkpt>
      <trkpt lat="58.87883" lon="23.01777">
        <ele>7.7</ele>
      </trkpt>
      <trkpt lat="58.87908" lon="23.01733">
        <ele>7.2</ele>
      </trkpt>
      <trkpt lat="58.8793" lon="23.0168">
        <ele>7.2</ele>
      </trkpt>
      <trkpt lat="58.87941" lon="23.01638">
        <ele>7.4</ele>
      </trkpt>
      <trkpt lat="58.8796" lon="23.0159">
        <ele>8.0</ele>
      </trkpt>
      <trkpt lat="58.87976" lon="23.01536">
        <ele>8.4</ele>
      </trkpt>
      <trkpt lat="58.87987" lon="23.01475">
        <ele>8.5</ele>
      </trkpt>
      <trkpt lat="58.88" lon="23.01417">
        <ele>8.0</ele>
      </trkpt>
      <trkpt lat="58.88017" lon="23.01304">
        <ele>8.3</ele>
      </trkpt>
      <trkpt lat="58.88034" lon="23.01192">
        <ele>8.4</ele>
      </trkpt>
      <trkpt lat="58.88038" lon="23.01116">
        <ele>8.8</ele>
      </trkpt>
      <trkpt lat="58.88047" lon="23.01045">
        <ele>9.0</ele>
      </trkpt>
      <trkpt lat="58.88046" lon="23.00999">
        <ele>9.0</ele>
      </trkpt>
      <trkpt lat="58.88048" lon="23.00965">
        <ele>9.2</ele>
      </trkpt>
      <trkpt lat="58.88062" lon="23.00859">
        <ele>9.7</ele>
      </trkpt>
      <trkpt lat="58.88072" lon="23.0083">
        <ele>9.8</ele>
      </trkpt>
      <trkpt lat="58.88088" lon="23.008">
        <ele>9.7</ele>
      </trkpt>
      <trkpt lat="58.88124" lon="23.00755">
        <ele>9.5</ele>
      </trkpt>
      <trkpt lat="58.88124" lon="23.00755">
        <ele>9.5</ele>
      </trkpt>
      <trkpt lat="58.88175" lon="23.00694">
        <ele>9.3</ele>
      </trkpt>
      <trkpt lat="58.88197" lon="23.00651">
        <ele>9.0</ele>
      </trkpt>
      <trkpt lat="58.88201" lon="23.00648">
        <ele>9.0</ele>
      </trkpt>
      <trkpt lat="58.88203" lon="23.00782">
        <ele>10.4</ele>
      </trkpt>
      <trkpt lat="58.88206" lon="23.00917">
        <ele>11.0</ele>
      </trkpt>
      <trkpt lat="58.88209" lon="23.01052">
        <ele>10.7</ele>
      </trkpt>
      <trkpt lat="58.88211" lon="23.01187">
        <ele>9.5</ele>
      </trkpt>
      <trkpt lat="58.88224" lon="23.01263">
        <ele>9.2</ele>
      </trkpt>
      <trkpt lat="58.88237" lon="23.01325">
        <ele>8.4</ele>
      </trkpt>
      <trkpt lat="58.88239" lon="23.0136">
        <ele>8.3</ele>
      </trkpt>
      <trkpt lat="58.88232" lon="23.01461">
        <ele>8.3</ele>
      </trkpt>
      <trkpt lat="58.88225" lon="23.01562">
        <ele>9.0</ele>
      </trkpt>
      <trkpt lat="58.88218" lon="23.01723">
        <ele>11.1</ele>
      </trkpt>
      <trkpt lat="58.88218" lon="23.01741">
        <ele>11.3</ele>
      </trkpt>
      <trkpt lat="58.88223" lon="23.0177">
        <ele>11.8</ele>
      </trkpt>
      <trkpt lat="58.88268" lon="23.0189">
        <ele>12.8</ele>
      </trkpt>
      <trkpt lat="58.88313" lon="23.02009">
        <ele>12.2</ele>
      </trkpt>
      <trkpt lat="58.88358" lon="23.02129">
        <ele>10.2</ele>
      </trkpt>
      <trkpt lat="58.88403" lon="23.02248">
        <ele>7.7</ele>
      </trkpt>
      <trkpt lat="58.88448" lon="23.02368">
        <ele>6.2</ele>
      </trkpt>
      <trkpt lat="58.88489" lon="23.02474">
        <ele>5.9</ele>
      </trkpt>
      <trkpt lat="58.8853" lon="23.02581">
        <ele>7.0</ele>
      </trkpt>
      <trkpt lat="58.88559" lon="23.02581">
        <ele>7.0</ele>
      </trkpt>
      <trkpt lat="58.88571" lon="23.02571">
        <ele>7.0</ele>
      </trkpt>
      <trkpt lat="58.88589" lon="23.02561">
        <ele>7.0</ele>
      </trkpt>
      <trkpt lat="58.88644" lon="23.02511">
        <ele>6.9</ele>
      </trkpt>
      <trkpt lat="58.88698" lon="23.02462">
        <ele>6.9</ele>
      </trkpt>
      <trkpt lat="58.88721" lon="23.02444">
        <ele>7.0</ele>
      </trkpt>
      <trkpt lat="58.88746" lon="23.02402">
        <ele>7.0</ele>
      </trkpt>
      <trkpt lat="58.88792" lon="23.02341">
        <ele>7.0</ele>
      </trkpt>
      <trkpt lat="58.88826" lon="23.02306">
        <ele>6.7</ele>
      </trkpt>
      <trkpt lat="58.88849" lon="23.02269">
        <ele>6.4</ele>
      </trkpt>
      <trkpt lat="58.88886" lon="23.0219">
        <ele>6.4</ele>
      </trkpt>
      <trkpt lat="58.88913" lon="23.02144">
        <ele>6.7</ele>
      </trkpt>
      <trkpt lat="58.8895" lon="23.02106">
        <ele>5.9</ele>
      </trkpt>
      <trkpt lat="58.88973" lon="23.02074">
        <ele>5.3</ele>
      </trkpt>
      <trkpt lat="58.88989" lon="23.0203">
        <ele>5.0</ele>
      </trkpt>
      <trkpt lat="58.8902" lon="23.01931">
        <ele>4.9</ele>
      </trkpt>
      <trkpt lat="58.89026" lon="23.01916">
        <ele>5.0</ele>
      </trkpt>
      <trkpt lat="58.89026" lon="23.01916">
        <ele>5.0</ele>
      </trkpt>
      <trkpt lat="58.89026" lon="23.01916">
        <ele>5.0</ele>
      </trkpt>
      <trkpt lat="58.89067" lon="23.01814">
        <ele>5.8</ele>
      </trkpt>
      <trkpt lat="58.89105" lon="23.01727">
        <ele>6.5</ele>
      </trkpt>
      <trkpt lat="58.89126" lon="23.01671">
        <ele>7.0</ele>
      </trkpt>
      <trkpt lat="58.89139" lon="23.01623">
        <ele>7.2</ele>
      </trkpt>
      <trkpt lat="58.89145" lon="23.01586">
        <ele>7.0</ele>
      </trkpt>
      <trkpt lat="58.89149" lon="23.01545">
        <ele>7.0</ele>
      </trkpt>
      <trkpt lat="58.89147" lon="23.01433">
        <ele>6.2</ele>
      </trkpt>
      <trkpt lat="58.8915" lon="23.01388">
        <ele>6.0</ele>
      </trkpt>
      <trkpt lat="58.89154" lon="23.01348">
        <ele>6.0</ele>
      </trkpt>
      <trkpt lat="58.89163" lon="23.01312">
        <ele>6.3</ele>
      </trkpt>
      <trkpt lat="58.89198" lon="23.01233">
        <ele>6.8</ele>
      </trkpt>
      <trkpt lat="58.89209" lon="23.01221">
        <ele>6.7</ele>
      </trkpt>
      <trkpt lat="58.89219" lon="23.01215">
        <ele>6.5</ele>
      </trkpt>
      <trkpt lat="58.89233" lon="23.01227">
        <ele>6.3</ele>
      </trkpt>
      <trkpt lat="58.89243" lon="23.01231">
        <ele>6.1</ele>
      </trkpt>
      <trkpt lat="58.89259" lon="23.01235">
        <ele>6.0</ele>
      </trkpt>
      <trkpt lat="58.89281" lon="23.01231">
        <ele>6.0</ele>
      </trkpt>
      <trkpt lat="58.89329" lon="23.01204">
        <ele>6.0</ele>
      </trkpt>
      <trkpt lat="58.89349" lon="23.01183">
        <ele>6.2</ele>
      </trkpt>
      <trkpt lat="58.89365" lon="23.01154">
        <ele>6.4</ele>
      </trkpt>
      <trkpt lat="58.89371" lon="23.01137">
        <ele>6.6</ele>
      </trkpt>
      <trkpt lat="58.89388" lon="23.01077">
        <ele>7.3</ele>
      </trkpt>
      <trkpt lat="58.89401" lon="23.01058">
        <ele>7.6</ele>
      </trkpt>
      <trkpt lat="58.89412" lon="23.01048">
        <ele>7.9</ele>
      </trkpt>
      <trkpt lat="58.89427" lon="23.01048">
        <ele>7.9</ele>
      </trkpt>
      <trkpt lat="58.89447" lon="23.01025">
        <ele>7.6</ele>
      </trkpt>
      <trkpt lat="58.89481" lon="23.0097">
        <ele>7.2</ele>
      </trkpt>
      <trkpt lat="58.89473" lon="23.009">
        <ele>7.3</ele>
      </trkpt>
      <trkpt lat="58.89474" lon="23.00858">
        <ele>7.3</ele>
      </trkpt>
      <trkpt lat="58.89485" lon="23.00742">
        <ele>8.2</ele>
      </trkpt>
      <trkpt lat="58.89495" lon="23.00626">
        <ele>8.6</ele>
      </trkpt>
      <trkpt lat="58.89501" lon="23.00502">
        <ele>9.0</ele>
      </trkpt>
      <trkpt lat="58.89508" lon="23.00398">
        <ele>9.9</ele>
      </trkpt>
      <trkpt lat="58.89516" lon="23.00321">
        <ele>9.9</ele>
      </trkpt>
      <trkpt lat="58.89516" lon="23.00253">
        <ele>10.6</ele>
      </trkpt>
      <trkpt lat="58.89513" lon="23.00183">
        <ele>11.4</ele>
      </trkpt>
      <trkpt lat="58.89511" lon="23.00157">
        <ele>11.6</ele>
      </trkpt>
      <trkpt lat="58.895" lon="23.00119">
        <ele>12.0</ele>
      </trkpt>
      <trkpt lat="58.89462" lon="23.00009">
        <ele>12.9</ele>
      </trkpt>
      <trkpt lat="58.89424" lon="22.999">
        <ele>17.5</ele>
      </trkpt>
      <trkpt lat="58.89422" lon="22.9988">
        <ele>18.3</ele>
      </trkpt>
      <trkpt lat="58.8943" lon="22.99883">
        <ele>18.1</ele>
      </trkpt>
      <trkpt lat="58.89476" lon="22.99876">
        <ele>17.8</ele>
      </trkpt>
      <trkpt lat="58.89539" lon="22.99838">
        <ele>18.9</ele>
      </trkpt>
      <trkpt lat="58.89562" lon="22.9982">
        <ele>19.5</ele>
      </trkpt>
      <trkpt lat="58.89619" lon="22.99742">
        <ele>21.8</ele>
      </trkpt>
      <trkpt lat="58.89635" lon="22.99725">
        <ele>22.0</ele>
      </trkpt>
      <trkpt lat="58.89709" lon="22.99681">
        <ele>22.1</ele>
      </trkpt>
      <trkpt lat="58.89786" lon="22.99602">
        <ele>23.0</ele>
      </trkpt>
      <trkpt lat="58.89847" lon="22.9955">
        <ele>23.1</ele>
      </trkpt>
      <trkpt lat="58.89847" lon="22.9955">
        <ele>23.1</ele>
      </trkpt>
      <trkpt lat="58.89867" lon="22.99532">
        <ele>22.7</ele>
      </trkpt>
      <trkpt lat="58.89926" lon="22.99465">
        <ele>22.6</ele>
      </trkpt>
      <trkpt lat="58.89986" lon="22.99397">
        <ele>22.8</ele>
      </trkpt>
      <trkpt lat="58.900064" lon="22.99364">
        <ele>23.1</ele>
      </trkpt>
      <trkpt lat="58.90006" lon="22.99364">
        <ele>23.1</ele>
      </trkpt>
      <trkpt lat="58.90012" lon="22.99355">
        <ele>23.2</ele>
      </trkpt>
      <trkpt lat="58.90031" lon="22.99341">
        <ele>23.0</ele>
      </trkpt>
      <trkpt lat="58.90077" lon="22.99289">
        <ele>22.7</ele>
      </trkpt>
      <trkpt lat="58.90121" lon="22.99213">
        <ele>21.3</ele>
      </trkpt>
      <trkpt lat="58.90155" lon="22.99125">
        <ele>22.3</ele>
      </trkpt>
      <trkpt lat="58.90186" lon="22.99066">
        <ele>21.9</ele>
      </trkpt>
      <trkpt lat="58.90195" lon="22.99037">
        <ele>21.9</ele>
      </trkpt>
      <trkpt lat="58.90208" lon="22.98968">
        <ele>22.6</ele>
      </trkpt>
      <trkpt lat="58.90224" lon="22.98917">
        <ele>22.9</ele>
      </trkpt>
      <trkpt lat="58.90243" lon="22.98858">
        <ele>23.5</ele>
      </trkpt>
      <trkpt lat="58.90263" lon="22.9881">
        <ele>23.1</ele>
      </trkpt>
      <trkpt lat="58.90295" lon="22.98723">
        <ele>22.3</ele>
      </trkpt>
      <trkpt lat="58.90322" lon="22.98646">
        <ele>22.8</ele>
      </trkpt>
      <trkpt lat="58.90365" lon="22.98502">
        <ele>23.7</ele>
      </trkpt>
      <trkpt lat="58.90365" lon="22.98502">
        <ele>23.7</ele>
      </trkpt>
      <trkpt lat="58.90372" lon="22.98479">
        <ele>23.2</ele>
      </trkpt>
      <trkpt lat="58.9039" lon="22.98394">
        <ele>22.4</ele>
      </trkpt>
      <trkpt lat="58.90428" lon="22.98286">
        <ele>21.8</ele>
      </trkpt>
      <trkpt lat="58.90446" lon="22.98236">
        <ele>21.4</ele>
      </trkpt>
      <trkpt lat="58.90469" lon="22.98188">
        <ele>20.8</ele>
      </trkpt>
      <trkpt lat="58.9049" lon="22.9814">
        <ele>20.6</ele>
      </trkpt>
      <trkpt lat="58.905" lon="22.98097">
        <ele>20.8</ele>
      </trkpt>
      <trkpt lat="58.90514" lon="22.97954">
        <ele>21.7</ele>
      </trkpt>
      <trkpt lat="58.9053" lon="22.97847">
        <ele>21.2</ele>
      </trkpt>
      <trkpt lat="58.90546" lon="22.9774">
        <ele>19.8</ele>
      </trkpt>
      <trkpt lat="58.90555" lon="22.97632">
        <ele>19.2</ele>
      </trkpt>
      <trkpt lat="58.90556" lon="22.97575">
        <ele>19.0</ele>
      </trkpt>
      <trkpt lat="58.90564" lon="22.97513">
        <ele>18.5</ele>
      </trkpt>
      <trkpt lat="58.90572" lon="22.97467">
        <ele>18.2</ele>
      </trkpt>
      <trkpt lat="58.90594" lon="22.97384">
        <ele>17.6</ele>
      </trkpt>
      <trkpt lat="58.90615" lon="22.97301">
        <ele>16.5</ele>
      </trkpt>
      <trkpt lat="58.90616" lon="22.9728">
        <ele>16.2</ele>
      </trkpt>
      <trkpt lat="58.90612" lon="22.97242">
        <ele>15.9</ele>
      </trkpt>
      <trkpt lat="58.90611" lon="22.97187">
        <ele>15.2</ele>
      </trkpt>
      <trkpt lat="58.90613" lon="22.9716">
        <ele>14.9</ele>
      </trkpt>
      <trkpt lat="58.90623" lon="22.97106">
        <ele>14.5</ele>
      </trkpt>
      <trkpt lat="58.90633" lon="22.97045">
        <ele>14.7</ele>
      </trkpt>
      <trkpt lat="58.90634" lon="22.9701">
        <ele>14.9</ele>
      </trkpt>
      <trkpt lat="58.90706" lon="22.96951">
        <ele>13.9</ele>
      </trkpt>
      <trkpt lat="58.90706" lon="22.96951">
        <ele>13.9</ele>
      </trkpt>
      <trkpt lat="58.90706" lon="22.96951">
        <ele>13.9</ele>
      </trkpt>
      <trkpt lat="58.90721" lon="22.96939">
        <ele>13.6</ele>
      </trkpt>
      <trkpt lat="58.90751" lon="22.96929">
        <ele>13.1</ele>
      </trkpt>
      <trkpt lat="58.90782" lon="22.96938">
        <ele>13.0</ele>
      </trkpt>
      <trkpt lat="58.90815" lon="22.96958">
        <ele>12.3</ele>
      </trkpt>
      <trkpt lat="58.90852" lon="22.96989">
        <ele>11.5</ele>
      </trkpt>
      <trkpt lat="58.90886" lon="22.97022">
        <ele>11.6</ele>
      </trkpt>
      <trkpt lat="58.90914" lon="22.97054">
        <ele>12.0</ele>
      </trkpt>
      <trkpt lat="58.90955" lon="22.97082">
        <ele>11.1</ele>
      </trkpt>
      <trkpt lat="58.91005" lon="22.97099">
        <ele>9.8</ele>
      </trkpt>
      <trkpt lat="58.91054" lon="22.97116">
        <ele>9.4</ele>
      </trkpt>
      <trkpt lat="58.91101" lon="22.97128">
        <ele>9.1</ele>
      </trkpt>
      <trkpt lat="58.91149" lon="22.97141">
        <ele>9.4</ele>
      </trkpt>
      <trkpt lat="58.91227" lon="22.97146">
        <ele>8.8</ele>
      </trkpt>
      <trkpt lat="58.91306" lon="22.97152">
        <ele>7.7</ele>
      </trkpt>
      <trkpt lat="58.91366" lon="22.9715">
        <ele>7.9</ele>
      </trkpt>
      <trkpt lat="58.91427" lon="22.97149">
        <ele>8.9</ele>
      </trkpt>
      <trkpt lat="58.91474" lon="22.9711">
        <ele>8.5</ele>
      </trkpt>
      <trkpt lat="58.91547" lon="22.97015">
        <ele>8.2</ele>
      </trkpt>
      <trkpt lat="58.91619" lon="22.9692">
        <ele>8.4</ele>
      </trkpt>
      <trkpt lat="58.91692" lon="22.96825">
        <ele>9.2</ele>
      </trkpt>
      <trkpt lat="58.91754" lon="22.96769">
        <ele>9.3</ele>
      </trkpt>
      <trkpt lat="58.91822" lon="22.96733">
        <ele>9.3</ele>
      </trkpt>
      <trkpt lat="58.9189" lon="22.96696">
        <ele>9.6</ele>
      </trkpt>
      <trkpt lat="58.91916" lon="22.96657">
        <ele>9.9</ele>
      </trkpt>
      <trkpt lat="58.9196" lon="22.96526">
        <ele>8.8</ele>
      </trkpt>
      <trkpt lat="58.92003" lon="22.96395">
        <ele>8.9</ele>
      </trkpt>
      <trkpt lat="58.92032" lon="22.96321">
        <ele>8.3</ele>
      </trkpt>
      <trkpt lat="58.92062" lon="22.96247">
        <ele>8.3</ele>
      </trkpt>
      <trkpt lat="58.9209" lon="22.96112">
        <ele>8.2</ele>
      </trkpt>
      <trkpt lat="58.92118" lon="22.95977">
        <ele>7.6</ele>
      </trkpt>
      <trkpt lat="58.92146" lon="22.95843">
        <ele>7.2</ele>
      </trkpt>
      <trkpt lat="58.92158" lon="22.95809">
        <ele>7.1</ele>
      </trkpt>
      <trkpt lat="58.92174" lon="22.95796">
        <ele>7.0</ele>
      </trkpt>
      <trkpt lat="58.9225" lon="22.95762">
        <ele>7.9</ele>
      </trkpt>
      <trkpt lat="58.92326" lon="22.95729">
        <ele>8.0</ele>
      </trkpt>
      <trkpt lat="58.92401" lon="22.95696">
        <ele>7.2</ele>
      </trkpt>
      <trkpt lat="58.92424" lon="22.95677">
        <ele>7.0</ele>
      </trkpt>
      <trkpt lat="58.92441" lon="22.95656">
        <ele>7.1</ele>
      </trkpt>
      <trkpt lat="58.92474" lon="22.9559">
        <ele>7.3</ele>
      </trkpt>
      <trkpt lat="58.92507" lon="22.95525">
        <ele>7.1</ele>
      </trkpt>
      <trkpt lat="58.92569" lon="22.95429">
        <ele>8.8</ele>
      </trkpt>
      <trkpt lat="58.9263" lon="22.95333">
        <ele>7.9</ele>
      </trkpt>
      <trkpt lat="58.92691" lon="22.95237">
        <ele>8.0</ele>
      </trkpt>
      <trkpt lat="58.92703" lon="22.95224">
        <ele>8.0</ele>
      </trkpt>
      <trkpt lat="58.92718" lon="22.95214">
        <ele>8.0</ele>
      </trkpt>
      <trkpt lat="58.92793" lon="22.95217">
        <ele>7.7</ele>
      </trkpt>
      <trkpt lat="58.92847" lon="22.95221">
        <ele>7.3</ele>
      </trkpt>
      <trkpt lat="58.92902" lon="22.95225">
        <ele>7.1</ele>
      </trkpt>
      <trkpt lat="58.92931" lon="22.95225">
        <ele>7.0</ele>
      </trkpt>
      <trkpt lat="58.92952" lon="22.95221">
        <ele>7.0</ele>
      </trkpt>
      <trkpt lat="58.9298" lon="22.95209">
        <ele>7.0</ele>
      </trkpt>
      <trkpt lat="58.93056" lon="22.95156">
        <ele>6.4</ele>
      </trkpt>
      <trkpt lat="58.93133" lon="22.95103">
        <ele>6.8</ele>
      </trkpt>
      <trkpt lat="58.93193" lon="22.95066">
        <ele>6.9</ele>
      </trkpt>
      <trkpt lat="58.93256" lon="22.95035">
        <ele>6.5</ele>
      </trkpt>
      <trkpt lat="58.93286" lon="22.95011">
        <ele>6.1</ele>
      </trkpt>
      <trkpt lat="58.93313" lon="22.94981">
        <ele>5.5</ele>
      </trkpt>
      <trkpt lat="58.93384" lon="22.94887">
        <ele>5.2</ele>
      </trkpt>
      <trkpt lat="58.93454" lon="22.94792">
        <ele>6.7</ele>
      </trkpt>
      <trkpt lat="58.93525" lon="22.94698">
        <ele>7.0</ele>
      </trkpt>
      <trkpt lat="58.93525" lon="22.94698">
        <ele>7.0</ele>
      </trkpt>
      <trkpt lat="58.93557" lon="22.94656">
        <ele>7.0</ele>
      </trkpt>
      <trkpt lat="58.93604" lon="22.94535">
        <ele>7.0</ele>
      </trkpt>
      <trkpt lat="58.93651" lon="22.94415">
        <ele>8.0</ele>
      </trkpt>
      <trkpt lat="58.93698" lon="22.94294">
        <ele>8.6</ele>
      </trkpt>
      <trkpt lat="58.93745" lon="22.94174">
        <ele>10.8</ele>
      </trkpt>
      <trkpt lat="58.93792" lon="22.94053">
        <ele>11.7</ele>
      </trkpt>
      <trkpt lat="58.93845" lon="22.93964">
        <ele>12.6</ele>
      </trkpt>
      <trkpt lat="58.93889" lon="22.93908">
        <ele>12.8</ele>
      </trkpt>
      <trkpt lat="58.93933" lon="22.93853">
        <ele>13.3</ele>
      </trkpt>
      <trkpt lat="58.93962" lon="22.93803">
        <ele>14.2</ele>
      </trkpt>
      <trkpt lat="58.93994" lon="22.93711">
        <ele>15.5</ele>
      </trkpt>
      <trkpt lat="58.9401" lon="22.93657">
        <ele>15.9</ele>
      </trkpt>
      <trkpt lat="58.94034" lon="22.93552">
        <ele>17.2</ele>
      </trkpt>
      <trkpt lat="58.94058" lon="22.93454">
        <ele>17.1</ele>
      </trkpt>
      <trkpt lat="58.94068" lon="22.93397">
        <ele>17.2</ele>
      </trkpt>
      <trkpt lat="58.9409" lon="22.93267">
        <ele>17.0</ele>
      </trkpt>
      <trkpt lat="58.94135" lon="22.93267">
        <ele>16.7</ele>
      </trkpt>
      <trkpt lat="58.94167" lon="22.93259">
        <ele>16.8</ele>
      </trkpt>
      <trkpt lat="58.94202" lon="22.93243">
        <ele>15.5</ele>
      </trkpt>
      <trkpt lat="58.94234" lon="22.93221">
        <ele>14.7</ele>
      </trkpt>
      <trkpt lat="58.94299" lon="22.93167">
        <ele>13.6</ele>
      </trkpt>
      <trkpt lat="58.94352" lon="22.93122">
        <ele>12.7</ele>
      </trkpt>
      <trkpt lat="58.94405" lon="22.93077">
        <ele>13.3</ele>
      </trkpt>
      <trkpt lat="58.9448" lon="22.93023">
        <ele>12.9</ele>
      </trkpt>
      <trkpt lat="58.94532" lon="22.92993">
        <ele>12.9</ele>
      </trkpt>
      <trkpt lat="58.9459" lon="22.92962">
        <ele>13.3</ele>
      </trkpt>
      <trkpt lat="58.94668" lon="22.92926">
        <ele>12.8</ele>
      </trkpt>
      <trkpt lat="58.94746" lon="22.92891">
        <ele>13.6</ele>
      </trkpt>
      <trkpt lat="58.94824" lon="22.92855">
        <ele>13.6</ele>
      </trkpt>
      <trkpt lat="58.94884" lon="22.92828">
        <ele>14.0</ele>
      </trkpt>
      <trkpt lat="58.94944" lon="22.92801">
        <ele>13.9</ele>
      </trkpt>
      <trkpt lat="58.95022" lon="22.92763">
        <ele>14.7</ele>
      </trkpt>
      <trkpt lat="58.95101" lon="22.92726">
        <ele>16.1</ele>
      </trkpt>
      <trkpt lat="58.95179" lon="22.92689">
        <ele>17.4</ele>
      </trkpt>
      <trkpt lat="58.95258" lon="22.92652">
        <ele>18.2</ele>
      </trkpt>
      <trkpt lat="58.95336" lon="22.92614">
        <ele>19.4</ele>
      </trkpt>
      <trkpt lat="58.95378" lon="22.92598">
        <ele>19.2</ele>
      </trkpt>
      <trkpt lat="58.95455" lon="22.92557">
        <ele>20.2</ele>
      </trkpt>
      <trkpt lat="58.95496" lon="22.92533">
        <ele>21.3</ele>
      </trkpt>
      <trkpt lat="58.9554" lon="22.92492">
        <ele>23.3</ele>
      </trkpt>
      <trkpt lat="58.95585" lon="22.92416">
        <ele>24.0</ele>
      </trkpt>
      <trkpt lat="58.95637" lon="22.92308">
        <ele>23.7</ele>
      </trkpt>
      <trkpt lat="58.95688" lon="22.92201">
        <ele>22.4</ele>
      </trkpt>
      <trkpt lat="58.95739" lon="22.92093">
        <ele>22.2</ele>
      </trkpt>
      <trkpt lat="58.95804" lon="22.92004">
        <ele>22.3</ele>
      </trkpt>
      <trkpt lat="58.95861" lon="22.9194">
        <ele>22.2</ele>
      </trkpt>
      <trkpt lat="58.95927" lon="22.91885">
        <ele>22.0</ele>
      </trkpt>
      <trkpt lat="58.95993" lon="22.91831">
        <ele>22.9</ele>
      </trkpt>
      <trkpt lat="58.96059" lon="22.91776">
        <ele>20.7</ele>
      </trkpt>
      <trkpt lat="58.96099" lon="22.91722">
        <ele>20.5</ele>
      </trkpt>
      <trkpt lat="58.96112" lon="22.91703">
        <ele>20.0</ele>
      </trkpt>
      <trkpt lat="58.96131" lon="22.91667">
        <ele>19.7</ele>
      </trkpt>
      <trkpt lat="58.96149" lon="22.91623">
        <ele>19.8</ele>
      </trkpt>
      <trkpt lat="58.96151" lon="22.91591">
        <ele>20.4</ele>
      </trkpt>
      <trkpt lat="58.96151" lon="22.91565">
        <ele>20.7</ele>
      </trkpt>
      <trkpt lat="58.96147" lon="22.91523">
        <ele>21.3</ele>
      </trkpt>
      <trkpt lat="58.96122" lon="22.91434">
        <ele>22.4</ele>
      </trkpt>
      <trkpt lat="58.96097" lon="22.91345">
        <ele>22.3</ele>
      </trkpt>
      <trkpt lat="58.96089" lon="22.91314">
        <ele>21.9</ele>
      </trkpt>
      <trkpt lat="58.96085" lon="22.91278">
        <ele>21.4</ele>
      </trkpt>
      <trkpt lat="58.96084" lon="22.91239">
        <ele>21.0</ele>
      </trkpt>
      <trkpt lat="58.96089" lon="22.91151">
        <ele>21.2</ele>
      </trkpt>
      <trkpt lat="58.96101" lon="22.91008">
        <ele>21.2</ele>
      </trkpt>
      <trkpt lat="58.96113" lon="22.90865">
        <ele>20.4</ele>
      </trkpt>
      <trkpt lat="58.96132" lon="22.9077">
        <ele>18.4</ele>
      </trkpt>
      <trkpt lat="58.96151" lon="22.90674">
        <ele>17.2</ele>
      </trkpt>
      <trkpt lat="58.96157" lon="22.90596">
        <ele>16.8</ele>
      </trkpt>
      <trkpt lat="58.96156" lon="22.905">
        <ele>16.7</ele>
      </trkpt>
      <trkpt lat="58.96141" lon="22.90361">
        <ele>15.4</ele>
      </trkpt>
      <trkpt lat="58.96134" lon="22.90303">
        <ele>15.5</ele>
      </trkpt>
      <trkpt lat="58.96118" lon="22.90187">
        <ele>16.6</ele>
      </trkpt>
      <trkpt lat="58.96102" lon="22.90071">
        <ele>16.3</ele>
      </trkpt>
      <trkpt lat="58.96085" lon="22.89955">
        <ele>15.8</ele>
      </trkpt>
      <trkpt lat="58.96073" lon="22.89833">
        <ele>13.7</ele>
      </trkpt>
      <trkpt lat="58.96063" lon="22.8971">
        <ele>11.9</ele>
      </trkpt>
      <trkpt lat="58.96055" lon="22.89551">
        <ele>9.6</ele>
      </trkpt>
      <trkpt lat="58.96052" lon="22.89441">
        <ele>8.8</ele>
      </trkpt>
      <trkpt lat="58.9605" lon="22.89332">
        <ele>8.8</ele>
      </trkpt>
      <trkpt lat="58.96047" lon="22.89169">
        <ele>11.0</ele>
      </trkpt>
      <trkpt lat="58.96045" lon="22.89131">
        <ele>11.4</ele>
      </trkpt>
      <trkpt lat="58.9604" lon="22.89079">
        <ele>12.0</ele>
      </trkpt>
      <trkpt lat="58.9603" lon="22.89025">
        <ele>12.3</ele>
      </trkpt>
      <trkpt lat="58.96092" lon="22.88944">
        <ele>14.3</ele>
      </trkpt>
      <trkpt lat="58.96154" lon="22.88862">
        <ele>14.3</ele>
      </trkpt>
      <trkpt lat="58.96216" lon="22.88781">
        <ele>12.8</ele>
      </trkpt>
      <trkpt lat="58.96278" lon="22.887">
        <ele>10.1</ele>
      </trkpt>
      <trkpt lat="58.9634" lon="22.88619">
        <ele>9.8</ele>
      </trkpt>
      <trkpt lat="58.964" lon="22.88541">
        <ele>7.2</ele>
      </trkpt>
      <trkpt lat="58.96459" lon="22.88463">
        <ele>7.2</ele>
      </trkpt>
      <trkpt lat="58.96519" lon="22.88385">
        <ele>9.8</ele>
      </trkpt>
      <trkpt lat="58.96566" lon="22.88353">
        <ele>11.3</ele>
      </trkpt>
      <trkpt lat="58.96629" lon="22.88316">
        <ele>12.7</ele>
      </trkpt>
      <trkpt lat="58.96692" lon="22.8828">
        <ele>13.9</ele>
      </trkpt>
      <trkpt lat="58.96754" lon="22.88212">
        <ele>13.9</ele>
      </trkpt>
      <trkpt lat="58.96815" lon="22.88144">
        <ele>12.9</ele>
      </trkpt>
      <trkpt lat="58.96888" lon="22.88084">
        <ele>13.3</ele>
      </trkpt>
      <trkpt lat="58.96966" lon="22.8804">
        <ele>12.4</ele>
      </trkpt>
      <trkpt lat="58.97044" lon="22.87996">
        <ele>11.4</ele>
      </trkpt>
      <trkpt lat="58.97065" lon="22.8797">
        <ele>10.8</ele>
      </trkpt>
      <trkpt lat="58.971" lon="22.87899">
        <ele>10.0</ele>
      </trkpt>
      <trkpt lat="58.97124" lon="22.87853">
        <ele>10.1</ele>
      </trkpt>
      <trkpt lat="58.97142" lon="22.8783">
        <ele>10.4</ele>
      </trkpt>
      <trkpt lat="58.97191" lon="22.87781">
        <ele>12.4</ele>
      </trkpt>
      <trkpt lat="58.97249" lon="22.87748">
        <ele>14.0</ele>
      </trkpt>
      <trkpt lat="58.97308" lon="22.87715">
        <ele>13.6</ele>
      </trkpt>
      <trkpt lat="58.97366" lon="22.87682">
        <ele>13.1</ele>
      </trkpt>
      <trkpt lat="58.97382" lon="22.87671">
        <ele>13.0</ele>
      </trkpt>
      <trkpt lat="58.97385" lon="22.87665">
        <ele>12.9</ele>
      </trkpt>
      <trkpt lat="58.973848" lon="22.876661">
        <ele>13.0</ele>
      </trkpt>
      <trkpt lat="58.97396" lon="22.87646">
        <ele>12.1</ele>
      </trkpt>
      <trkpt lat="58.97433" lon="22.87511">
        <ele>6.9</ele>
      </trkpt>
      <trkpt lat="58.9747" lon="22.87376">
        <ele>8.3</ele>
      </trkpt>
      <trkpt lat="58.97495" lon="22.87335">
        <ele>8.9</ele>
      </trkpt>
      <trkpt lat="58.97556" lon="22.87273">
        <ele>11.4</ele>
      </trkpt>
      <trkpt lat="58.97596" lon="22.87192">
        <ele>12.3</ele>
      </trkpt>
      <trkpt lat="58.97643" lon="22.87127">
        <ele>12.3</ele>
      </trkpt>
      <trkpt lat="58.97691" lon="22.87097">
        <ele>10.9</ele>
      </trkpt>
      <trkpt lat="58.97738" lon="22.87068">
        <ele>9.1</ele>
      </trkpt>
      <trkpt lat="58.97777" lon="22.87065">
        <ele>8.4</ele>
      </trkpt>
      <trkpt lat="58.97844" lon="22.87067">
        <ele>7.5</ele>
      </trkpt>
      <trkpt lat="58.97911" lon="22.8707">
        <ele>6.9</ele>
      </trkpt>
      <trkpt lat="58.97956" lon="22.87046">
        <ele>7.0</ele>
      </trkpt>
      <trkpt lat="58.97978" lon="22.8703">
        <ele>7.1</ele>
      </trkpt>
      <trkpt lat="58.98" lon="22.87007">
        <ele>7.1</ele>
      </trkpt>
      <trkpt lat="58.98012" lon="22.86989">
        <ele>7.1</ele>
      </trkpt>
      <trkpt lat="58.98017" lon="22.86976">
        <ele>7.1</ele>
      </trkpt>
      <trkpt lat="58.98035" lon="22.86924">
        <ele>7.0</ele>
      </trkpt>
      <trkpt lat="58.9806" lon="22.86833">
        <ele>7.0</ele>
      </trkpt>
      <trkpt lat="58.980724" lon="22.867865">
        <ele>6.9</ele>
      </trkpt>
      <trkpt lat="58.98073" lon="22.86787">
        <ele>6.9</ele>
      </trkpt>
      <trkpt lat="58.98084" lon="22.86743">
        <ele>7.0</ele>
      </trkpt>
      <trkpt lat="58.98088" lon="22.86723">
        <ele>7.0</ele>
      </trkpt>
      <trkpt lat="58.98096" lon="22.86705">
        <ele>7.0</ele>
      </trkpt>
      <trkpt lat="58.98103" lon="22.86681">
        <ele>7.0</ele>
      </trkpt>
      <trkpt lat="58.98103" lon="22.86681">
        <ele>7.0</ele>
      </trkpt>
      <trkpt lat="58.98116" lon="22.86634">
        <ele>7.0</ele>
      </trkpt>
      <trkpt lat="58.98126" lon="22.86623">
        <ele>7.0</ele>
      </trkpt>
      <trkpt lat="58.98132" lon="22.86623">
        <ele>7.0</ele>
      </trkpt>
      <trkpt lat="58.98142" lon="22.86625">
        <ele>7.0</ele>
      </trkpt>
      <trkpt lat="58.98151" lon="22.86634">
        <ele>7.0</ele>
      </trkpt>
      <trkpt lat="58.98162" lon="22.86648">
        <ele>7.0</ele>
      </trkpt>
      <trkpt lat="58.98179" lon="22.86685">
        <ele>6.9</ele>
      </trkpt>
      <trkpt lat="58.98193" lon="22.86711">
        <ele>6.9</ele>
      </trkpt>
      <trkpt lat="58.98204" lon="22.86729">
        <ele>6.9</ele>
      </trkpt>
      <trkpt lat="58.98215" lon="22.86742">
        <ele>6.9</ele>
      </trkpt>
      <trkpt lat="58.98226" lon="22.86746">
        <ele>7.0</ele>
      </trkpt>
      <trkpt lat="58.98234" lon="22.86745">
        <ele>7.0</ele>
      </trkpt>
      <trkpt lat="58.98248" lon="22.86737">
        <ele>6.8</ele>
      </trkpt>
      <trkpt lat="58.98256" lon="22.86736">
        <ele>6.8</ele>
      </trkpt>
      <trkpt lat="58.98278" lon="22.86742">
        <ele>6.9</ele>
      </trkpt>
      <trkpt lat="58.98287" lon="22.86746">
        <ele>7.0</ele>
      </trkpt>
      <trkpt lat="58.98296" lon="22.86758">
        <ele>7.1</ele>
      </trkpt>
      <trkpt lat="58.98346" lon="22.86852">
        <ele>7.8</ele>
      </trkpt>
      <trkpt lat="58.98355" lon="22.86884">
        <ele>7.7</ele>
      </trkpt>
      <trkpt lat="58.9836" lon="22.86909">
        <ele>7.7</ele>
      </trkpt>
      <trkpt lat="58.98359" lon="22.86958">
        <ele>7.2</ele>
      </trkpt>
      <trkpt lat="58.98362" lon="22.86984">
        <ele>6.8</ele>
      </trkpt>
      <trkpt lat="58.98371" lon="22.87001">
        <ele>6.5</ele>
      </trkpt>
      <trkpt lat="58.98402" lon="22.87027">
        <ele>6.2</ele>
      </trkpt>
      <trkpt lat="58.98422" lon="22.87047">
        <ele>5.9</ele>
      </trkpt>
      <trkpt lat="58.98435" lon="22.87053">
        <ele>5.8</ele>
      </trkpt>
      <trkpt lat="58.98451" lon="22.87049">
        <ele>5.6</ele>
      </trkpt>
      <trkpt lat="58.98488" lon="22.87037">
        <ele>5.1</ele>
      </trkpt>
      <trkpt lat="58.98505" lon="22.87033">
        <ele>5.0</ele>
      </trkpt>
      <trkpt lat="58.9857" lon="22.87044">
        <ele>5.0</ele>
      </trkpt>
      <trkpt lat="58.98638" lon="22.87041">
        <ele>4.3</ele>
      </trkpt>
      <trkpt lat="58.98708" lon="22.87018">
        <ele>4.5</ele>
      </trkpt>
      <trkpt lat="58.98779" lon="22.86995">
        <ele>5.4</ele>
      </trkpt>
      <trkpt lat="58.98826" lon="22.86977">
        <ele>5.9</ele>
      </trkpt>
      <trkpt lat="58.98876" lon="22.86961">
        <ele>7.1</ele>
      </trkpt>
      <trkpt lat="58.98909" lon="22.86942">
        <ele>7.5</ele>
      </trkpt>
      <trkpt lat="58.98973" lon="22.8687">
        <ele>7.5</ele>
      </trkpt>
      <trkpt lat="58.98987" lon="22.86859">
        <ele>7.7</ele>
      </trkpt>
      <trkpt lat="58.99003" lon="22.86838">
        <ele>7.9</ele>
      </trkpt>
      <trkpt lat="58.99032" lon="22.86777">
        <ele>6.6</ele>
      </trkpt>
      <trkpt lat="58.99059" lon="22.86727">
        <ele>6.5</ele>
      </trkpt>
      <trkpt lat="58.99092" lon="22.86682">
        <ele>6.6</ele>
      </trkpt>
      <trkpt lat="58.99092" lon="22.86682">
        <ele>6.6</ele>
      </trkpt>
      <trkpt lat="58.99129" lon="22.86594">
        <ele>9.5</ele>
      </trkpt>
      <trkpt lat="58.99142" lon="22.86581">
        <ele>10.1</ele>
      </trkpt>
      <trkpt lat="58.9916" lon="22.86578">
        <ele>10.2</ele>
      </trkpt>
      <trkpt lat="58.99188" lon="22.86579">
        <ele>9.4</ele>
      </trkpt>
      <trkpt lat="58.99207" lon="22.86574">
        <ele>9.0</ele>
      </trkpt>
      <trkpt lat="58.9924" lon="22.86554">
        <ele>8.8</ele>
      </trkpt>
      <trkpt lat="58.99252" lon="22.8654">
        <ele>8.9</ele>
      </trkpt>
      <trkpt lat="58.99261" lon="22.86517">
        <ele>9.4</ele>
      </trkpt>
      <trkpt lat="58.99261" lon="22.8649">
        <ele>10.3</ele>
      </trkpt>
      <trkpt lat="58.99245" lon="22.86423">
        <ele>12.2</ele>
      </trkpt>
      <trkpt lat="58.99245" lon="22.86384">
        <ele>12.6</ele>
      </trkpt>
      <trkpt lat="58.99256" lon="22.86353">
        <ele>12.4</ele>
      </trkpt>
      <trkpt lat="58.99302" lon="22.86262">
        <ele>12.1</ele>
      </trkpt>
      <trkpt lat="58.99329" lon="22.86183">
        <ele>12.8</ele>
      </trkpt>
      <trkpt lat="58.99356" lon="22.86086">
        <ele>12.1</ele>
      </trkpt>
      <trkpt lat="58.99378" lon="22.86053">
        <ele>10.4</ele>
      </trkpt>
      <trkpt lat="58.99402" lon="22.85971">
        <ele>9.4</ele>
      </trkpt>
      <trkpt lat="58.99426" lon="22.8589">
        <ele>9.0</ele>
      </trkpt>
      <trkpt lat="58.99434" lon="22.85848">
        <ele>9.2</ele>
      </trkpt>
      <trkpt lat="58.99431" lon="22.85771">
        <ele>8.9</ele>
      </trkpt>
      <trkpt lat="58.99438" lon="22.856">
        <ele>8.1</ele>
      </trkpt>
      <trkpt lat="58.99436" lon="22.85571">
        <ele>8.3</ele>
      </trkpt>
      <trkpt lat="58.99429" lon="22.85516">
        <ele>8.6</ele>
      </trkpt>
      <trkpt lat="58.99385" lon="22.85426">
        <ele>10.6</ele>
      </trkpt>
      <trkpt lat="58.99386" lon="22.85404">
        <ele>10.4</ele>
      </trkpt>
      <trkpt lat="58.99397" lon="22.85365">
        <ele>9.8</ele>
      </trkpt>
      <trkpt lat="58.99397" lon="22.8534">
        <ele>9.7</ele>
      </trkpt>
      <trkpt lat="58.99396" lon="22.85313">
        <ele>9.8</ele>
      </trkpt>
      <trkpt lat="58.99378" lon="22.85245">
        <ele>10.0</ele>
      </trkpt>
      <trkpt lat="58.9936" lon="22.85205">
        <ele>9.8</ele>
      </trkpt>
      <trkpt lat="58.99354" lon="22.85168">
        <ele>9.5</ele>
      </trkpt>
      <trkpt lat="58.99346" lon="22.85138">
        <ele>9.0</ele>
      </trkpt>
      <trkpt lat="58.99326" lon="22.85109">
        <ele>8.5</ele>
      </trkpt>
      <trkpt lat="58.99308" lon="22.85047">
        <ele>8.6</ele>
      </trkpt>
      <trkpt lat="58.99305" lon="22.8503">
        <ele>8.6</ele>
      </trkpt>
      <trkpt lat="58.99307" lon="22.85006">
        <ele>8.3</ele>
      </trkpt>
      <trkpt lat="58.99324" lon="22.84896">
        <ele>7.4</ele>
      </trkpt>
      <trkpt lat="58.99322" lon="22.84885">
        <ele>7.5</ele>
      </trkpt>
      <trkpt lat="58.99318" lon="22.84875">
        <ele>7.7</ele>
      </trkpt>
      <trkpt lat="58.99331" lon="22.84855">
        <ele>7.1</ele>
      </trkpt>
      <trkpt lat="58.99344" lon="22.84818">
        <ele>6.5</ele>
      </trkpt>
      <trkpt lat="58.99371" lon="22.84763">
        <ele>5.2</ele>
      </trkpt>
      <trkpt lat="58.99394" lon="22.8472">
        <ele>4.9</ele>
      </trkpt>
      <trkpt lat="58.99394" lon="22.8472">
        <ele>4.9</ele>
      </trkpt>
      <trkpt lat="58.99426" lon="22.84662">
        <ele>5.0</ele>
      </trkpt>
      <trkpt lat="58.99432" lon="22.84629">
        <ele>4.6</ele>
      </trkpt>
      <trkpt lat="58.99445" lon="22.84492">
        <ele>4.4</ele>
      </trkpt>
      <trkpt lat="58.9946" lon="22.8443">
        <ele>4.9</ele>
      </trkpt>
      <trkpt lat="58.99468" lon="22.84403">
        <ele>5.0</ele>
      </trkpt>
      <trkpt lat="58.99471" lon="22.84383">
        <ele>5.0</ele>
      </trkpt>
      <trkpt lat="58.9947" lon="22.84288">
        <ele>5.2</ele>
      </trkpt>
      <trkpt lat="58.99468" lon="22.84257">
        <ele>5.4</ele>
      </trkpt>
      <trkpt lat="58.99461" lon="22.84212">
        <ele>5.5</ele>
      </trkpt>
      <trkpt lat="58.99427" lon="22.84124">
        <ele>5.9</ele>
      </trkpt>
      <trkpt lat="58.99394" lon="22.84037">
        <ele>5.7</ele>
      </trkpt>
      <trkpt lat="58.99365" lon="22.83925">
        <ele>5.9</ele>
      </trkpt>
      <trkpt lat="58.99337" lon="22.83814">
        <ele>6.0</ele>
      </trkpt>
      <trkpt lat="58.99311" lon="22.83718">
        <ele>5.7</ele>
      </trkpt>
      <trkpt lat="58.99309" lon="22.83659">
        <ele>5.7</ele>
      </trkpt>
      <trkpt lat="58.99304" lon="22.83643">
        <ele>5.6</ele>
      </trkpt>
      <trkpt lat="58.99295" lon="22.83632">
        <ele>5.5</ele>
      </trkpt>
      <trkpt lat="58.99287" lon="22.83617">
        <ele>5.4</ele>
      </trkpt>
      <trkpt lat="58.99278" lon="22.83461">
        <ele>5.3</ele>
      </trkpt>
      <trkpt lat="58.99269" lon="22.83348">
        <ele>5.2</ele>
      </trkpt>
      <trkpt lat="58.99259" lon="22.83234">
        <ele>6.0</ele>
      </trkpt>
      <trkpt lat="58.99256" lon="22.8316">
        <ele>6.0</ele>
      </trkpt>
      <trkpt lat="58.99268" lon="22.83082">
        <ele>6.0</ele>
      </trkpt>
      <trkpt lat="58.99281" lon="22.83045">
        <ele>6.0</ele>
      </trkpt>
      <trkpt lat="58.99353" lon="22.82947">
        <ele>6.2</ele>
      </trkpt>
      <trkpt lat="58.99426" lon="22.82849">
        <ele>5.0</ele>
      </trkpt>
      <trkpt lat="58.99482" lon="22.82781">
        <ele>5.6</ele>
      </trkpt>
      <trkpt lat="58.99539" lon="22.82712">
        <ele>6.0</ele>
      </trkpt>
      <trkpt lat="58.99602" lon="22.82633">
        <ele>5.4</ele>
      </trkpt>
      <trkpt lat="58.99666" lon="22.82554">
        <ele>4.0</ele>
      </trkpt>
      <trkpt lat="58.99702" lon="22.82517">
        <ele>3.2</ele>
      </trkpt>
      <trkpt lat="58.99738" lon="22.82384">
        <ele>2.4</ele>
      </trkpt>
      <trkpt lat="58.99774" lon="22.8225">
        <ele>2.1</ele>
      </trkpt>
      <trkpt lat="58.99779" lon="22.82225">
        <ele>2.1</ele>
      </trkpt>
      <trkpt lat="58.99779" lon="22.82216">
        <ele>2.1</ele>
      </trkpt>
      <trkpt lat="58.99777" lon="22.82205">
        <ele>2.2</ele>
      </trkpt>
      <trkpt lat="58.99728" lon="22.82075">
        <ele>6.0</ele>
      </trkpt>
      <trkpt lat="58.9971" lon="22.82094">
        <ele>6.2</ele>
      </trkpt>
      <trkpt lat="58.99663" lon="22.82155">
        <ele>6.3</ele>
      </trkpt>
      <trkpt lat="58.99616" lon="22.82217">
        <ele>6.0</ele>
      </trkpt>
      <trkpt lat="58.99596" lon="22.82228">
        <ele>6.0</ele>
      </trkpt>
      <trkpt lat="58.99583" lon="22.82231">
        <ele>6.0</ele>
      </trkpt>
      <trkpt lat="58.99567" lon="22.82227">
        <ele>5.6</ele>
      </trkpt>
      <trkpt lat="58.99489" lon="22.82183">
        <ele>4.2</ele>
      </trkpt>
      <trkpt lat="58.99479" lon="22.82182">
        <ele>4.5</ele>
      </trkpt>
      <trkpt lat="58.99469" lon="22.82183">
        <ele>4.7</ele>
      </trkpt>
      <trkpt lat="58.9944" lon="22.82222">
        <ele>5.0</ele>
      </trkpt>
      <trkpt lat="58.99417" lon="22.8223">
        <ele>5.2</ele>
      </trkpt>
      <trkpt lat="58.9941" lon="22.82227">
        <ele>5.4</ele>
      </trkpt>
      <trkpt lat="58.9939" lon="22.82172">
        <ele>6.3</ele>
      </trkpt>
      <trkpt lat="58.99374" lon="22.82143">
        <ele>6.5</ele>
      </trkpt>
      <trkpt lat="58.99347" lon="22.82108">
        <ele>7.3</ele>
      </trkpt>
      <trkpt lat="58.99281" lon="22.82034">
        <ele>8.8</ele>
      </trkpt>
      <trkpt lat="58.99216" lon="22.8196">
        <ele>7.8</ele>
      </trkpt>
      <trkpt lat="58.99156" lon="22.81892">
        <ele>7.2</ele>
      </trkpt>
      <trkpt lat="58.99128" lon="22.81852">
        <ele>7.6</ele>
      </trkpt>
      <trkpt lat="58.99106" lon="22.81814">
        <ele>8.0</ele>
      </trkpt>
      <trkpt lat="58.99087" lon="22.81769">
        <ele>8.7</ele>
      </trkpt>
      <trkpt lat="58.9905" lon="22.81636">
        <ele>11.6</ele>
      </trkpt>
      <trkpt lat="58.99013" lon="22.81503">
        <ele>15.5</ele>
      </trkpt>
      <trkpt lat="58.98976" lon="22.8137">
        <ele>15.3</ele>
      </trkpt>
      <trkpt lat="58.98943" lon="22.8126">
        <ele>15.8</ele>
      </trkpt>
      <trkpt lat="58.989275" lon="22.812083">
        <ele>16.5</ele>
      </trkpt>
      <trkpt lat="58.98927" lon="22.81208">
        <ele>16.5</ele>
      </trkpt>
      <trkpt lat="58.9889" lon="22.81081">
        <ele>18.7</ele>
      </trkpt>
      <trkpt lat="58.98852" lon="22.80954">
        <ele>20.1</ele>
      </trkpt>
      <trkpt lat="58.98814" lon="22.80827">
        <ele>25.2</ele>
      </trkpt>
      <trkpt lat="58.988" lon="22.80776">
        <ele>26.3</ele>
      </trkpt>
      <trkpt lat="58.98841" lon="22.80721">
        <ele>23.7</ele>
      </trkpt>
      <trkpt lat="58.988589" lon="22.807006">
        <ele>22.9</ele>
      </trkpt>
      <trkpt lat="58.988693" lon="22.806888">
        <ele>22.4</ele>
      </trkpt>
    </trkseg>
  </trk>
</gpx>
