<?xml version="1.0" encoding="UTF-8"?>
<gpx xmlns:gpxdata="http://www.cluetrust.com/XML/GPXDATA/1/0" xmlns:xsi="http://www.w3.org/2001/XMLSchema-instance" xmlns="http://www.topografix.com/GPX/1/1" version="1.1" creator="http://ridewithgps.com/" xsi:schemaLocation="http://www.topografix.com/GPX/1/1 http://www.topografix.com/GPX/1/1/gpx.xsd http://www.cluetrust.com/XML/GPXDATA/1/0 http://www.cluetrust.com/Schemas/gpxdata10.xsd">
  <metadata>
    <name>3/3 (900) KÕKÕVA-26</name>
    <link href="https://ridewithgps.com/routes/56356817">
      <text>3/3 (900) KÕKÕVA-26</text>
    </link>
    <time>2026-07-27T17:49:17Z</time>
  </metadata>
  <wpt lat="59.45982499844668" lon="24.70757471251065">
    <name>FINISH</name>
    <cmt>finish</cmt>
    <sym>Dot</sym>
    <type>generic</type>
  </wpt>
  <wpt lat="59.361404844070925" lon="24.03969433026893">
    <name>Singletrack on the edge of a cliff – be careful!</name>
    <cmt>caution</cmt>
    <sym>Dot</sym>
    <type>danger</type>
  </wpt>
  <wpt lat="59.21259999999975" lon="23.60807862341352">
    <name>Low chain across trail</name>
    <cmt>caution</cmt>
    <sym>Dot</sym>
    <type>danger</type>
  </wpt>
  <trk>
    <name>3/3 (900) KÕKÕVA-26</name>
    <trkseg>
      <trkpt lat="58.57397" lon="23.50989">
        <ele>0.6</ele>
      </trkpt>
      <trkpt lat="58.57396" lon="23.5099">
        <ele>0.7</ele>
      </trkpt>
      <trkpt lat="58.5738" lon="23.51006">
        <ele>1.3</ele>
      </trkpt>
      <trkpt lat="58.573685" lon="23.510183">
        <ele>1.7</ele>
      </trkpt>
      <trkpt lat="58.57339" lon="23.5105">
        <ele>2.8</ele>
      </trkpt>
      <trkpt lat="58.57327" lon="23.51061">
        <ele>3.0</ele>
      </trkpt>
      <trkpt lat="58.57278" lon="23.51124">
        <ele>3.5</ele>
      </trkpt>
      <trkpt lat="58.57264" lon="23.51141">
        <ele>3.7</ele>
      </trkpt>
      <trkpt lat="58.57256" lon="23.51151">
        <ele>3.8</ele>
      </trkpt>
      <trkpt lat="58.57248" lon="23.51162">
        <ele>4.0</ele>
      </trkpt>
      <trkpt lat="58.57242" lon="23.51165">
        <ele>4.1</ele>
      </trkpt>
      <trkpt lat="58.57239" lon="23.51166">
        <ele>4.1</ele>
      </trkpt>
      <trkpt lat="58.57233" lon="23.51179">
        <ele>4.2</ele>
      </trkpt>
      <trkpt lat="58.57223" lon="23.51202">
        <ele>4.3</ele>
      </trkpt>
      <trkpt lat="58.57222" lon="23.51205">
        <ele>4.3</ele>
      </trkpt>
      <trkpt lat="58.57206" lon="23.51254">
        <ele>4.6</ele>
      </trkpt>
      <trkpt lat="58.57198" lon="23.5129">
        <ele>4.8</ele>
      </trkpt>
      <trkpt lat="58.57193" lon="23.51324">
        <ele>5.0</ele>
      </trkpt>
      <trkpt lat="58.57188" lon="23.51364">
        <ele>5.0</ele>
      </trkpt>
      <trkpt lat="58.57185" lon="23.51393">
        <ele>5.0</ele>
      </trkpt>
      <trkpt lat="58.57183" lon="23.51448">
        <ele>5.0</ele>
      </trkpt>
      <trkpt lat="58.57183" lon="23.51489">
        <ele>5.0</ele>
      </trkpt>
      <trkpt lat="58.57184" lon="23.51516">
        <ele>5.0</ele>
      </trkpt>
      <trkpt lat="58.57186" lon="23.51596">
        <ele>5.0</ele>
      </trkpt>
      <trkpt lat="58.57187" lon="23.51624">
        <ele>5.0</ele>
      </trkpt>
      <trkpt lat="58.57191" lon="23.51721">
        <ele>5.0</ele>
      </trkpt>
      <trkpt lat="58.57193" lon="23.51777">
        <ele>5.1</ele>
      </trkpt>
      <trkpt lat="58.57197" lon="23.51874">
        <ele>5.4</ele>
      </trkpt>
      <trkpt lat="58.57201" lon="23.51917">
        <ele>5.4</ele>
      </trkpt>
      <trkpt lat="58.57206" lon="23.5197">
        <ele>5.2</ele>
      </trkpt>
      <trkpt lat="58.57209" lon="23.51987">
        <ele>5.1</ele>
      </trkpt>
      <trkpt lat="58.57211" lon="23.52002">
        <ele>5.0</ele>
      </trkpt>
      <trkpt lat="58.57215" lon="23.52023">
        <ele>5.0</ele>
      </trkpt>
      <trkpt lat="58.57218" lon="23.52039">
        <ele>5.0</ele>
      </trkpt>
      <trkpt lat="58.57227" lon="23.52074">
        <ele>5.0</ele>
      </trkpt>
      <trkpt lat="58.57232" lon="23.52091">
        <ele>5.0</ele>
      </trkpt>
      <trkpt lat="58.57232" lon="23.52091">
        <ele>5.0</ele>
      </trkpt>
      <trkpt lat="58.57216" lon="23.521">
        <ele>5.1</ele>
      </trkpt>
      <trkpt lat="58.5721" lon="23.52105">
        <ele>5.1</ele>
      </trkpt>
      <trkpt lat="58.572097" lon="23.521053">
        <ele>5.1</ele>
      </trkpt>
      <trkpt lat="58.57182" lon="23.52128">
        <ele>5.4</ele>
      </trkpt>
      <trkpt lat="58.57152" lon="23.52161">
        <ele>6.1</ele>
      </trkpt>
      <trkpt lat="58.57141" lon="23.52176">
        <ele>6.3</ele>
      </trkpt>
      <trkpt lat="58.57136" lon="23.52202">
        <ele>6.4</ele>
      </trkpt>
      <trkpt lat="58.57141" lon="23.52331">
        <ele>7.3</ele>
      </trkpt>
      <trkpt lat="58.57145" lon="23.5246">
        <ele>7.8</ele>
      </trkpt>
      <trkpt lat="58.5715" lon="23.52588">
        <ele>8.1</ele>
      </trkpt>
      <trkpt lat="58.57154" lon="23.52705">
        <ele>7.2</ele>
      </trkpt>
      <trkpt lat="58.57158" lon="23.52821">
        <ele>7.1</ele>
      </trkpt>
      <trkpt lat="58.57163" lon="23.52937">
        <ele>7.3</ele>
      </trkpt>
      <trkpt lat="58.57167" lon="23.53037">
        <ele>7.6</ele>
      </trkpt>
      <trkpt lat="58.57172" lon="23.53136">
        <ele>6.4</ele>
      </trkpt>
      <trkpt lat="58.57184" lon="23.53223">
        <ele>6.7</ele>
      </trkpt>
      <trkpt lat="58.57196" lon="23.53311">
        <ele>7.5</ele>
      </trkpt>
      <trkpt lat="58.5722" lon="23.53412">
        <ele>7.7</ele>
      </trkpt>
      <trkpt lat="58.57245" lon="23.53513">
        <ele>7.2</ele>
      </trkpt>
      <trkpt lat="58.57289" lon="23.53659">
        <ele>6.6</ele>
      </trkpt>
      <trkpt lat="58.57333" lon="23.53806">
        <ele>6.7</ele>
      </trkpt>
      <trkpt lat="58.57377" lon="23.53953">
        <ele>5.7</ele>
      </trkpt>
      <trkpt lat="58.5742" lon="23.541">
        <ele>5.0</ele>
      </trkpt>
      <trkpt lat="58.57464" lon="23.54247">
        <ele>5.0</ele>
      </trkpt>
      <trkpt lat="58.57505" lon="23.54388">
        <ele>6.0</ele>
      </trkpt>
      <trkpt lat="58.57546" lon="23.54529">
        <ele>5.6</ele>
      </trkpt>
      <trkpt lat="58.57588" lon="23.54671">
        <ele>5.9</ele>
      </trkpt>
      <trkpt lat="58.57629" lon="23.54812">
        <ele>5.5</ele>
      </trkpt>
      <trkpt lat="58.5767" lon="23.54953">
        <ele>5.0</ele>
      </trkpt>
      <trkpt lat="58.57711" lon="23.55095">
        <ele>5.6</ele>
      </trkpt>
      <trkpt lat="58.57753" lon="23.55236">
        <ele>6.0</ele>
      </trkpt>
      <trkpt lat="58.57794" lon="23.55377">
        <ele>6.0</ele>
      </trkpt>
      <trkpt lat="58.57835" lon="23.55519">
        <ele>5.8</ele>
      </trkpt>
      <trkpt lat="58.57876" lon="23.5566">
        <ele>4.1</ele>
      </trkpt>
      <trkpt lat="58.57917" lon="23.55801">
        <ele>4.0</ele>
      </trkpt>
      <trkpt lat="58.57959" lon="23.55943">
        <ele>3.7</ele>
      </trkpt>
      <trkpt lat="58.58" lon="23.56084">
        <ele>3.0</ele>
      </trkpt>
      <trkpt lat="58.58041" lon="23.56225">
        <ele>1.5</ele>
      </trkpt>
      <trkpt lat="58.58082" lon="23.56367">
        <ele>1.6</ele>
      </trkpt>
      <trkpt lat="58.58085" lon="23.56376">
        <ele>1.6</ele>
      </trkpt>
      <trkpt lat="58.58095" lon="23.56412">
        <ele>1.7</ele>
      </trkpt>
      <trkpt lat="58.58118" lon="23.56481">
        <ele>1.8</ele>
      </trkpt>
      <trkpt lat="58.5817" lon="23.56618">
        <ele>2.4</ele>
      </trkpt>
      <trkpt lat="58.58222" lon="23.56754">
        <ele>3.7</ele>
      </trkpt>
      <trkpt lat="58.58275" lon="23.56891">
        <ele>7.1</ele>
      </trkpt>
      <trkpt lat="58.58327" lon="23.57028">
        <ele>8.0</ele>
      </trkpt>
      <trkpt lat="58.58379" lon="23.57165">
        <ele>7.6</ele>
      </trkpt>
      <trkpt lat="58.58431" lon="23.57302">
        <ele>8.0</ele>
      </trkpt>
      <trkpt lat="58.58483" lon="23.57439">
        <ele>8.1</ele>
      </trkpt>
      <trkpt lat="58.58536" lon="23.57576">
        <ele>8.0</ele>
      </trkpt>
      <trkpt lat="58.58588" lon="23.57713">
        <ele>9.1</ele>
      </trkpt>
      <trkpt lat="58.58636" lon="23.57838">
        <ele>10.2</ele>
      </trkpt>
      <trkpt lat="58.58684" lon="23.57964">
        <ele>9.0</ele>
      </trkpt>
      <trkpt lat="58.58732" lon="23.58089">
        <ele>7.9</ele>
      </trkpt>
      <trkpt lat="58.58781" lon="23.58215">
        <ele>7.4</ele>
      </trkpt>
      <trkpt lat="58.58829" lon="23.58341">
        <ele>7.9</ele>
      </trkpt>
      <trkpt lat="58.58877" lon="23.58466">
        <ele>8.2</ele>
      </trkpt>
      <trkpt lat="58.58925" lon="23.58592">
        <ele>8.0</ele>
      </trkpt>
      <trkpt lat="58.58973" lon="23.58718">
        <ele>8.4</ele>
      </trkpt>
      <trkpt lat="58.58973" lon="23.58718">
        <ele>8.4</ele>
      </trkpt>
      <trkpt lat="58.59025" lon="23.58851">
        <ele>8.9</ele>
      </trkpt>
      <trkpt lat="58.59076" lon="23.58985">
        <ele>7.3</ele>
      </trkpt>
      <trkpt lat="58.59127" lon="23.59119">
        <ele>6.0</ele>
      </trkpt>
      <trkpt lat="58.59174" lon="23.59242">
        <ele>4.8</ele>
      </trkpt>
      <trkpt lat="58.5922" lon="23.59365">
        <ele>3.4</ele>
      </trkpt>
      <trkpt lat="58.59258" lon="23.59486">
        <ele>3.8</ele>
      </trkpt>
      <trkpt lat="58.59296" lon="23.59607">
        <ele>5.3</ele>
      </trkpt>
      <trkpt lat="58.59336" lon="23.59761">
        <ele>6.1</ele>
      </trkpt>
      <trkpt lat="58.59376" lon="23.59916">
        <ele>7.0</ele>
      </trkpt>
      <trkpt lat="58.59416" lon="23.6007">
        <ele>7.0</ele>
      </trkpt>
      <trkpt lat="58.59456" lon="23.60224">
        <ele>7.5</ele>
      </trkpt>
      <trkpt lat="58.59496" lon="23.60378">
        <ele>7.1</ele>
      </trkpt>
      <trkpt lat="58.595262" lon="23.604943">
        <ele>7.3</ele>
      </trkpt>
      <trkpt lat="58.59536" lon="23.60532">
        <ele>7.3</ele>
      </trkpt>
      <trkpt lat="58.59576" lon="23.60686">
        <ele>6.1</ele>
      </trkpt>
      <trkpt lat="58.59616" lon="23.6084">
        <ele>6.4</ele>
      </trkpt>
      <trkpt lat="58.59656" lon="23.60995">
        <ele>7.0</ele>
      </trkpt>
      <trkpt lat="58.59696" lon="23.61149">
        <ele>7.9</ele>
      </trkpt>
      <trkpt lat="58.59736" lon="23.61303">
        <ele>7.5</ele>
      </trkpt>
      <trkpt lat="58.59776" lon="23.61457">
        <ele>6.7</ele>
      </trkpt>
      <trkpt lat="58.59816" lon="23.61611">
        <ele>6.5</ele>
      </trkpt>
      <trkpt lat="58.59856" lon="23.61765">
        <ele>6.0</ele>
      </trkpt>
      <trkpt lat="58.59896" lon="23.6192">
        <ele>5.3</ele>
      </trkpt>
      <trkpt lat="58.59935" lon="23.62071">
        <ele>6.0</ele>
      </trkpt>
      <trkpt lat="58.59975" lon="23.62223">
        <ele>7.7</ele>
      </trkpt>
      <trkpt lat="58.60014" lon="23.62375">
        <ele>9.2</ele>
      </trkpt>
      <trkpt lat="58.60054" lon="23.62526">
        <ele>9.0</ele>
      </trkpt>
      <trkpt lat="58.60093" lon="23.62678">
        <ele>9.2</ele>
      </trkpt>
      <trkpt lat="58.60093" lon="23.62678">
        <ele>9.2</ele>
      </trkpt>
      <trkpt lat="58.60132" lon="23.62828">
        <ele>9.6</ele>
      </trkpt>
      <trkpt lat="58.60171" lon="23.62978">
        <ele>10.7</ele>
      </trkpt>
      <trkpt lat="58.6021" lon="23.63128">
        <ele>10.5</ele>
      </trkpt>
      <trkpt lat="58.60249" lon="23.63279">
        <ele>10.4</ele>
      </trkpt>
      <trkpt lat="58.60288" lon="23.63429">
        <ele>11.1</ele>
      </trkpt>
      <trkpt lat="58.60327" lon="23.63579">
        <ele>12.0</ele>
      </trkpt>
      <trkpt lat="58.60367" lon="23.63729">
        <ele>12.3</ele>
      </trkpt>
      <trkpt lat="58.60406" lon="23.63879">
        <ele>9.6</ele>
      </trkpt>
      <trkpt lat="58.60445" lon="23.64029">
        <ele>9.4</ele>
      </trkpt>
      <trkpt lat="58.60484" lon="23.6418">
        <ele>10.8</ele>
      </trkpt>
      <trkpt lat="58.60523" lon="23.6433">
        <ele>9.2</ele>
      </trkpt>
      <trkpt lat="58.60562" lon="23.6448">
        <ele>8.7</ele>
      </trkpt>
      <trkpt lat="58.60601" lon="23.6463">
        <ele>7.1</ele>
      </trkpt>
      <trkpt lat="58.6064" lon="23.6478">
        <ele>6.4</ele>
      </trkpt>
      <trkpt lat="58.60679" lon="23.6493">
        <ele>8.0</ele>
      </trkpt>
      <trkpt lat="58.60718" lon="23.65081">
        <ele>8.5</ele>
      </trkpt>
      <trkpt lat="58.60757" lon="23.65231">
        <ele>8.7</ele>
      </trkpt>
      <trkpt lat="58.60796" lon="23.65381">
        <ele>8.1</ele>
      </trkpt>
      <trkpt lat="58.60835" lon="23.65531">
        <ele>8.7</ele>
      </trkpt>
      <trkpt lat="58.60874" lon="23.65681">
        <ele>10.0</ele>
      </trkpt>
      <trkpt lat="58.60913" lon="23.65831">
        <ele>8.1</ele>
      </trkpt>
      <trkpt lat="58.60952" lon="23.65982">
        <ele>11.2</ele>
      </trkpt>
      <trkpt lat="58.60991" lon="23.66132">
        <ele>12.8</ele>
      </trkpt>
      <trkpt lat="58.61031" lon="23.66282">
        <ele>14.3</ele>
      </trkpt>
      <trkpt lat="58.6107" lon="23.66432">
        <ele>14.5</ele>
      </trkpt>
      <trkpt lat="58.61109" lon="23.66582">
        <ele>13.4</ele>
      </trkpt>
      <trkpt lat="58.61148" lon="23.66732">
        <ele>12.2</ele>
      </trkpt>
      <trkpt lat="58.61187" lon="23.66883">
        <ele>12.7</ele>
      </trkpt>
      <trkpt lat="58.61227" lon="23.67036">
        <ele>12.9</ele>
      </trkpt>
      <trkpt lat="58.61266" lon="23.67189">
        <ele>13.0</ele>
      </trkpt>
      <trkpt lat="58.61306" lon="23.67342">
        <ele>12.4</ele>
      </trkpt>
      <trkpt lat="58.61346" lon="23.67496">
        <ele>14.8</ele>
      </trkpt>
      <trkpt lat="58.61386" lon="23.67649">
        <ele>16.2</ele>
      </trkpt>
      <trkpt lat="58.61426" lon="23.67802">
        <ele>16.0</ele>
      </trkpt>
      <trkpt lat="58.61465" lon="23.67956">
        <ele>16.5</ele>
      </trkpt>
      <trkpt lat="58.61505" lon="23.68109">
        <ele>16.7</ele>
      </trkpt>
      <trkpt lat="58.61545" lon="23.68262">
        <ele>17.7</ele>
      </trkpt>
      <trkpt lat="58.61583" lon="23.68409">
        <ele>19.0</ele>
      </trkpt>
      <trkpt lat="58.61621" lon="23.68556">
        <ele>19.1</ele>
      </trkpt>
      <trkpt lat="58.61659" lon="23.68702">
        <ele>19.1</ele>
      </trkpt>
      <trkpt lat="58.61697" lon="23.68849">
        <ele>19.1</ele>
      </trkpt>
      <trkpt lat="58.61735" lon="23.68996">
        <ele>19.4</ele>
      </trkpt>
      <trkpt lat="58.61774" lon="23.69143">
        <ele>19.9</ele>
      </trkpt>
      <trkpt lat="58.61793" lon="23.69145">
        <ele>20.0</ele>
      </trkpt>
      <trkpt lat="58.61816" lon="23.69152">
        <ele>20.1</ele>
      </trkpt>
      <trkpt lat="58.61832" lon="23.69163">
        <ele>20.0</ele>
      </trkpt>
      <trkpt lat="58.61879" lon="23.69198">
        <ele>20.0</ele>
      </trkpt>
      <trkpt lat="58.61926" lon="23.69234">
        <ele>20.3</ele>
      </trkpt>
      <trkpt lat="58.61956" lon="23.69252">
        <ele>21.4</ele>
      </trkpt>
      <trkpt lat="58.61982" lon="23.69254">
        <ele>22.3</ele>
      </trkpt>
      <trkpt lat="58.62007" lon="23.69245">
        <ele>23.1</ele>
      </trkpt>
      <trkpt lat="58.62039" lon="23.69231">
        <ele>23.5</ele>
      </trkpt>
      <trkpt lat="58.62087" lon="23.69206">
        <ele>24.0</ele>
      </trkpt>
      <trkpt lat="58.62131" lon="23.69175">
        <ele>24.0</ele>
      </trkpt>
      <trkpt lat="58.62175" lon="23.69144">
        <ele>23.7</ele>
      </trkpt>
      <trkpt lat="58.62224" lon="23.69108">
        <ele>23.3</ele>
      </trkpt>
      <trkpt lat="58.62272" lon="23.69072">
        <ele>23.2</ele>
      </trkpt>
      <trkpt lat="58.62329" lon="23.69024">
        <ele>23.3</ele>
      </trkpt>
      <trkpt lat="58.62386" lon="23.68976">
        <ele>22.1</ele>
      </trkpt>
      <trkpt lat="58.62422" lon="23.6894">
        <ele>21.3</ele>
      </trkpt>
      <trkpt lat="58.62444" lon="23.6892">
        <ele>21.4</ele>
      </trkpt>
      <trkpt lat="58.62477" lon="23.68887">
        <ele>21.4</ele>
      </trkpt>
      <trkpt lat="58.62516" lon="23.68831">
        <ele>21.0</ele>
      </trkpt>
      <trkpt lat="58.62554" lon="23.68776">
        <ele>21.4</ele>
      </trkpt>
      <trkpt lat="58.62582" lon="23.68731">
        <ele>22.2</ele>
      </trkpt>
      <trkpt lat="58.62635" lon="23.6864">
        <ele>21.3</ele>
      </trkpt>
      <trkpt lat="58.62688" lon="23.68548">
        <ele>20.3</ele>
      </trkpt>
      <trkpt lat="58.62741" lon="23.68456">
        <ele>20.4</ele>
      </trkpt>
      <trkpt lat="58.62747" lon="23.68458">
        <ele>20.5</ele>
      </trkpt>
      <trkpt lat="58.62805" lon="23.68497">
        <ele>22.3</ele>
      </trkpt>
      <trkpt lat="58.62836" lon="23.68514">
        <ele>23.2</ele>
      </trkpt>
      <trkpt lat="58.62873" lon="23.68532">
        <ele>23.4</ele>
      </trkpt>
      <trkpt lat="58.62952" lon="23.68574">
        <ele>23.9</ele>
      </trkpt>
      <trkpt lat="58.63031" lon="23.68615">
        <ele>24.1</ele>
      </trkpt>
      <trkpt lat="58.63031" lon="23.68615">
        <ele>24.1</ele>
      </trkpt>
      <trkpt lat="58.63111" lon="23.68652">
        <ele>24.8</ele>
      </trkpt>
      <trkpt lat="58.63171" lon="23.68686">
        <ele>25.3</ele>
      </trkpt>
      <trkpt lat="58.63182" lon="23.68696">
        <ele>25.7</ele>
      </trkpt>
      <trkpt lat="58.63197" lon="23.68714">
        <ele>26.1</ele>
      </trkpt>
      <trkpt lat="58.63232" lon="23.6876">
        <ele>26.7</ele>
      </trkpt>
      <trkpt lat="58.63246" lon="23.68781">
        <ele>26.6</ele>
      </trkpt>
      <trkpt lat="58.63258" lon="23.68803">
        <ele>26.4</ele>
      </trkpt>
      <trkpt lat="58.63269" lon="23.68827">
        <ele>26.3</ele>
      </trkpt>
      <trkpt lat="58.63293" lon="23.68887">
        <ele>26.2</ele>
      </trkpt>
      <trkpt lat="58.63304" lon="23.68904">
        <ele>26.1</ele>
      </trkpt>
      <trkpt lat="58.63314" lon="23.68916">
        <ele>26.0</ele>
      </trkpt>
      <trkpt lat="58.6333" lon="23.68925">
        <ele>25.9</ele>
      </trkpt>
      <trkpt lat="58.63356" lon="23.68929">
        <ele>25.8</ele>
      </trkpt>
      <trkpt lat="58.63361" lon="23.68931">
        <ele>25.8</ele>
      </trkpt>
      <trkpt lat="58.63373" lon="23.68937">
        <ele>25.6</ele>
      </trkpt>
      <trkpt lat="58.63383" lon="23.6893">
        <ele>25.7</ele>
      </trkpt>
      <trkpt lat="58.63411" lon="23.68934">
        <ele>25.6</ele>
      </trkpt>
      <trkpt lat="58.63459" lon="23.68955">
        <ele>26.3</ele>
      </trkpt>
      <trkpt lat="58.6349" lon="23.68962">
        <ele>27.2</ele>
      </trkpt>
      <trkpt lat="58.6349" lon="23.68961">
        <ele>27.2</ele>
      </trkpt>
      <trkpt lat="58.6349" lon="23.68962">
        <ele>27.2</ele>
      </trkpt>
      <trkpt lat="58.63502" lon="23.68964">
        <ele>27.5</ele>
      </trkpt>
      <trkpt lat="58.6355" lon="23.6898">
        <ele>29.2</ele>
      </trkpt>
      <trkpt lat="58.63579" lon="23.68986">
        <ele>30.5</ele>
      </trkpt>
      <trkpt lat="58.63604" lon="23.68996">
        <ele>30.9</ele>
      </trkpt>
      <trkpt lat="58.63648" lon="23.68983">
        <ele>30.4</ele>
      </trkpt>
      <trkpt lat="58.63658" lon="23.68978">
        <ele>30.2</ele>
      </trkpt>
      <trkpt lat="58.63668" lon="23.68969">
        <ele>29.8</ele>
      </trkpt>
      <trkpt lat="58.63674" lon="23.68945">
        <ele>28.8</ele>
      </trkpt>
      <trkpt lat="58.63724" lon="23.68982">
        <ele>27.9</ele>
      </trkpt>
      <trkpt lat="58.63764" lon="23.69017">
        <ele>27.2</ele>
      </trkpt>
      <trkpt lat="58.63801" lon="23.69053">
        <ele>27.2</ele>
      </trkpt>
      <trkpt lat="58.63844" lon="23.691">
        <ele>27.0</ele>
      </trkpt>
      <trkpt lat="58.639" lon="23.69168">
        <ele>26.4</ele>
      </trkpt>
      <trkpt lat="58.63928" lon="23.69203">
        <ele>26.5</ele>
      </trkpt>
      <trkpt lat="58.63987" lon="23.69284">
        <ele>27.1</ele>
      </trkpt>
      <trkpt lat="58.64014" lon="23.69208">
        <ele>27.1</ele>
      </trkpt>
      <trkpt lat="58.64024" lon="23.69173">
        <ele>27.3</ele>
      </trkpt>
      <trkpt lat="58.64028" lon="23.6914">
        <ele>27.7</ele>
      </trkpt>
      <trkpt lat="58.64031" lon="23.69119">
        <ele>27.9</ele>
      </trkpt>
      <trkpt lat="58.64039" lon="23.69102">
        <ele>28.2</ele>
      </trkpt>
      <trkpt lat="58.64051" lon="23.6909">
        <ele>28.5</ele>
      </trkpt>
      <trkpt lat="58.64068" lon="23.69084">
        <ele>28.8</ele>
      </trkpt>
      <trkpt lat="58.64099" lon="23.69081">
        <ele>29.4</ele>
      </trkpt>
      <trkpt lat="58.64128" lon="23.69071">
        <ele>30.1</ele>
      </trkpt>
      <trkpt lat="58.6415" lon="23.69058">
        <ele>30.7</ele>
      </trkpt>
      <trkpt lat="58.64225" lon="23.69007">
        <ele>30.9</ele>
      </trkpt>
      <trkpt lat="58.64289" lon="23.68944">
        <ele>29.4</ele>
      </trkpt>
      <trkpt lat="58.64308" lon="23.68913">
        <ele>28.6</ele>
      </trkpt>
      <trkpt lat="58.64324" lon="23.68891">
        <ele>27.9</ele>
      </trkpt>
      <trkpt lat="58.64382" lon="23.68839">
        <ele>27.0</ele>
      </trkpt>
      <trkpt lat="58.64461" lon="23.6878">
        <ele>27.3</ele>
      </trkpt>
      <trkpt lat="58.64539" lon="23.68721">
        <ele>28.2</ele>
      </trkpt>
      <trkpt lat="58.64617" lon="23.68662">
        <ele>28.1</ele>
      </trkpt>
      <trkpt lat="58.64695" lon="23.68602">
        <ele>26.2</ele>
      </trkpt>
      <trkpt lat="58.64773" lon="23.68543">
        <ele>24.4</ele>
      </trkpt>
      <trkpt lat="58.6483" lon="23.68503">
        <ele>23.1</ele>
      </trkpt>
      <trkpt lat="58.64886" lon="23.68462">
        <ele>22.5</ele>
      </trkpt>
      <trkpt lat="58.64943" lon="23.68421">
        <ele>22.4</ele>
      </trkpt>
      <trkpt lat="58.64961" lon="23.68418">
        <ele>22.5</ele>
      </trkpt>
      <trkpt lat="58.64976" lon="23.68424">
        <ele>22.8</ele>
      </trkpt>
      <trkpt lat="58.64991" lon="23.68442">
        <ele>23.2</ele>
      </trkpt>
      <trkpt lat="58.65046" lon="23.68523">
        <ele>23.7</ele>
      </trkpt>
      <trkpt lat="58.651" lon="23.68604">
        <ele>23.8</ele>
      </trkpt>
      <trkpt lat="58.65155" lon="23.68685">
        <ele>23.3</ele>
      </trkpt>
      <trkpt lat="58.65195" lon="23.68738">
        <ele>22.7</ele>
      </trkpt>
      <trkpt lat="58.65235" lon="23.68791">
        <ele>22.7</ele>
      </trkpt>
      <trkpt lat="58.65256" lon="23.68811">
        <ele>22.6</ele>
      </trkpt>
      <trkpt lat="58.65285" lon="23.6883">
        <ele>22.1</ele>
      </trkpt>
      <trkpt lat="58.65344" lon="23.68852">
        <ele>21.1</ele>
      </trkpt>
      <trkpt lat="58.65378" lon="23.6887">
        <ele>21.5</ele>
      </trkpt>
      <trkpt lat="58.65409" lon="23.68889">
        <ele>21.9</ele>
      </trkpt>
      <trkpt lat="58.65446" lon="23.68907">
        <ele>22.4</ele>
      </trkpt>
      <trkpt lat="58.65488" lon="23.68935">
        <ele>22.4</ele>
      </trkpt>
      <trkpt lat="58.65526" lon="23.68942">
        <ele>23.1</ele>
      </trkpt>
      <trkpt lat="58.65556" lon="23.68941">
        <ele>24.0</ele>
      </trkpt>
      <trkpt lat="58.6564" lon="23.68916">
        <ele>25.0</ele>
      </trkpt>
      <trkpt lat="58.65725" lon="23.68892">
        <ele>24.1</ele>
      </trkpt>
      <trkpt lat="58.65725" lon="23.68892">
        <ele>24.1</ele>
      </trkpt>
      <trkpt lat="58.65787" lon="23.68873">
        <ele>23.0</ele>
      </trkpt>
      <trkpt lat="58.65849" lon="23.68855">
        <ele>22.1</ele>
      </trkpt>
      <trkpt lat="58.65911" lon="23.68836">
        <ele>21.1</ele>
      </trkpt>
      <trkpt lat="58.65932" lon="23.68823">
        <ele>20.7</ele>
      </trkpt>
      <trkpt lat="58.65979" lon="23.68786">
        <ele>20.5</ele>
      </trkpt>
      <trkpt lat="58.65997" lon="23.68768">
        <ele>20.8</ele>
      </trkpt>
      <trkpt lat="58.66022" lon="23.68739">
        <ele>21.0</ele>
      </trkpt>
      <trkpt lat="58.66054" lon="23.68823">
        <ele>20.1</ele>
      </trkpt>
      <trkpt lat="58.66087" lon="23.68906">
        <ele>19.1</ele>
      </trkpt>
      <trkpt lat="58.66125" lon="23.68999">
        <ele>18.0</ele>
      </trkpt>
      <trkpt lat="58.66162" lon="23.69092">
        <ele>19.0</ele>
      </trkpt>
      <trkpt lat="58.662" lon="23.69186">
        <ele>19.6</ele>
      </trkpt>
      <trkpt lat="58.66206" lon="23.69215">
        <ele>19.5</ele>
      </trkpt>
      <trkpt lat="58.66205" lon="23.69239">
        <ele>19.5</ele>
      </trkpt>
      <trkpt lat="58.66194" lon="23.69296">
        <ele>19.5</ele>
      </trkpt>
      <trkpt lat="58.66194" lon="23.69328">
        <ele>19.4</ele>
      </trkpt>
      <trkpt lat="58.66202" lon="23.69429">
        <ele>19.5</ele>
      </trkpt>
      <trkpt lat="58.6621" lon="23.6953">
        <ele>20.0</ele>
      </trkpt>
      <trkpt lat="58.66219" lon="23.69632">
        <ele>19.6</ele>
      </trkpt>
      <trkpt lat="58.66227" lon="23.69712">
        <ele>19.3</ele>
      </trkpt>
      <trkpt lat="58.66226" lon="23.69874">
        <ele>20.0</ele>
      </trkpt>
      <trkpt lat="58.66224" lon="23.70013">
        <ele>20.0</ele>
      </trkpt>
      <trkpt lat="58.66223" lon="23.70153">
        <ele>19.4</ele>
      </trkpt>
      <trkpt lat="58.66221" lon="23.70292">
        <ele>19.7</ele>
      </trkpt>
      <trkpt lat="58.6622" lon="23.70432">
        <ele>20.8</ele>
      </trkpt>
      <trkpt lat="58.6622" lon="23.7053">
        <ele>22.1</ele>
      </trkpt>
      <trkpt lat="58.66219" lon="23.70629">
        <ele>24.9</ele>
      </trkpt>
      <trkpt lat="58.66221" lon="23.70692">
        <ele>26.7</ele>
      </trkpt>
      <trkpt lat="58.66228" lon="23.70828">
        <ele>30.4</ele>
      </trkpt>
      <trkpt lat="58.66235" lon="23.70964">
        <ele>32.4</ele>
      </trkpt>
      <trkpt lat="58.66238" lon="23.71074">
        <ele>32.4</ele>
      </trkpt>
      <trkpt lat="58.66242" lon="23.71184">
        <ele>31.0</ele>
      </trkpt>
      <trkpt lat="58.66242" lon="23.712334">
        <ele>30.5</ele>
      </trkpt>
      <trkpt lat="58.66242" lon="23.71233">
        <ele>30.5</ele>
      </trkpt>
      <trkpt lat="58.66242" lon="23.71332">
        <ele>28.6</ele>
      </trkpt>
      <trkpt lat="58.66257" lon="23.71354">
        <ele>27.5</ele>
      </trkpt>
      <trkpt lat="58.66276" lon="23.71368">
        <ele>26.1</ele>
      </trkpt>
      <trkpt lat="58.66289" lon="23.71369">
        <ele>25.2</ele>
      </trkpt>
      <trkpt lat="58.66293" lon="23.71367">
        <ele>24.9</ele>
      </trkpt>
      <trkpt lat="58.66306" lon="23.71362">
        <ele>24.0</ele>
      </trkpt>
      <trkpt lat="58.66333" lon="23.71369">
        <ele>22.0</ele>
      </trkpt>
      <trkpt lat="58.66372" lon="23.71387">
        <ele>20.6</ele>
      </trkpt>
      <trkpt lat="58.66445" lon="23.71358">
        <ele>19.0</ele>
      </trkpt>
      <trkpt lat="58.66518" lon="23.7133">
        <ele>18.6</ele>
      </trkpt>
      <trkpt lat="58.66521" lon="23.71284">
        <ele>18.6</ele>
      </trkpt>
      <trkpt lat="58.66521" lon="23.712842">
        <ele>18.6</ele>
      </trkpt>
      <trkpt lat="58.66524" lon="23.71237">
        <ele>18.7</ele>
      </trkpt>
      <trkpt lat="58.66539" lon="23.71103">
        <ele>18.5</ele>
      </trkpt>
      <trkpt lat="58.66555" lon="23.70981">
        <ele>18.3</ele>
      </trkpt>
      <trkpt lat="58.66572" lon="23.70894">
        <ele>18.1</ele>
      </trkpt>
      <trkpt lat="58.66595" lon="23.70808">
        <ele>17.9</ele>
      </trkpt>
      <trkpt lat="58.66615" lon="23.70744">
        <ele>18.0</ele>
      </trkpt>
      <trkpt lat="58.66635" lon="23.70693">
        <ele>18.4</ele>
      </trkpt>
      <trkpt lat="58.66667" lon="23.70647">
        <ele>19.2</ele>
      </trkpt>
      <trkpt lat="58.66734" lon="23.70577">
        <ele>19.3</ele>
      </trkpt>
      <trkpt lat="58.66789" lon="23.70523">
        <ele>19.4</ele>
      </trkpt>
      <trkpt lat="58.66843" lon="23.7047">
        <ele>19.2</ele>
      </trkpt>
      <trkpt lat="58.66912" lon="23.70395">
        <ele>19.3</ele>
      </trkpt>
      <trkpt lat="58.6695" lon="23.70347">
        <ele>19.8</ele>
      </trkpt>
      <trkpt lat="58.66989" lon="23.703">
        <ele>20.4</ele>
      </trkpt>
      <trkpt lat="58.67029" lon="23.70453">
        <ele>18.2</ele>
      </trkpt>
      <trkpt lat="58.67069" lon="23.70606">
        <ele>16.9</ele>
      </trkpt>
      <trkpt lat="58.67109" lon="23.70759">
        <ele>16.0</ele>
      </trkpt>
      <trkpt lat="58.67118" lon="23.70791">
        <ele>16.0</ele>
      </trkpt>
      <trkpt lat="58.67121" lon="23.70809">
        <ele>16.0</ele>
      </trkpt>
      <trkpt lat="58.67119" lon="23.70823">
        <ele>16.0</ele>
      </trkpt>
      <trkpt lat="58.67111" lon="23.70862">
        <ele>16.0</ele>
      </trkpt>
      <trkpt lat="58.6711" lon="23.70888">
        <ele>16.0</ele>
      </trkpt>
      <trkpt lat="58.67115" lon="23.7091">
        <ele>16.0</ele>
      </trkpt>
      <trkpt lat="58.67124" lon="23.70934">
        <ele>15.8</ele>
      </trkpt>
      <trkpt lat="58.67136" lon="23.70962">
        <ele>15.5</ele>
      </trkpt>
      <trkpt lat="58.67158" lon="23.71027">
        <ele>14.7</ele>
      </trkpt>
      <trkpt lat="58.67168" lon="23.71053">
        <ele>14.4</ele>
      </trkpt>
      <trkpt lat="58.67219" lon="23.71149">
        <ele>13.2</ele>
      </trkpt>
      <trkpt lat="58.67271" lon="23.71246">
        <ele>14.2</ele>
      </trkpt>
      <trkpt lat="58.67277" lon="23.71255">
        <ele>14.4</ele>
      </trkpt>
      <trkpt lat="58.67285" lon="23.71261">
        <ele>14.7</ele>
      </trkpt>
      <trkpt lat="58.67294" lon="23.71262">
        <ele>14.8</ele>
      </trkpt>
      <trkpt lat="58.67304" lon="23.71261">
        <ele>14.9</ele>
      </trkpt>
      <trkpt lat="58.6735" lon="23.71239">
        <ele>14.5</ele>
      </trkpt>
      <trkpt lat="58.67381" lon="23.71215">
        <ele>13.7</ele>
      </trkpt>
      <trkpt lat="58.6739" lon="23.71214">
        <ele>13.5</ele>
      </trkpt>
      <trkpt lat="58.67397" lon="23.71222">
        <ele>13.4</ele>
      </trkpt>
      <trkpt lat="58.67399" lon="23.71234">
        <ele>13.4</ele>
      </trkpt>
      <trkpt lat="58.67399" lon="23.71249">
        <ele>13.4</ele>
      </trkpt>
      <trkpt lat="58.67394" lon="23.71265">
        <ele>13.6</ele>
      </trkpt>
      <trkpt lat="58.67389" lon="23.71286">
        <ele>14.0</ele>
      </trkpt>
      <trkpt lat="58.67386" lon="23.71313">
        <ele>14.3</ele>
      </trkpt>
      <trkpt lat="58.67384" lon="23.71403">
        <ele>14.9</ele>
      </trkpt>
      <trkpt lat="58.67382" lon="23.71492">
        <ele>14.9</ele>
      </trkpt>
      <trkpt lat="58.67379" lon="23.71579">
        <ele>15.2</ele>
      </trkpt>
      <trkpt lat="58.67376" lon="23.71666">
        <ele>14.9</ele>
      </trkpt>
      <trkpt lat="58.67376" lon="23.71666">
        <ele>14.9</ele>
      </trkpt>
      <trkpt lat="58.67374" lon="23.71778">
        <ele>14.2</ele>
      </trkpt>
      <trkpt lat="58.67377" lon="23.71851">
        <ele>13.6</ele>
      </trkpt>
      <trkpt lat="58.67384" lon="23.71927">
        <ele>14.0</ele>
      </trkpt>
      <trkpt lat="58.67403" lon="23.72094">
        <ele>12.4</ele>
      </trkpt>
      <trkpt lat="58.67421" lon="23.72261">
        <ele>12.0</ele>
      </trkpt>
      <trkpt lat="58.6744" lon="23.72428">
        <ele>12.0</ele>
      </trkpt>
      <trkpt lat="58.67459" lon="23.72595">
        <ele>11.6</ele>
      </trkpt>
      <trkpt lat="58.67459" lon="23.72619">
        <ele>11.7</ele>
      </trkpt>
      <trkpt lat="58.67454" lon="23.72635">
        <ele>11.8</ele>
      </trkpt>
      <trkpt lat="58.67447" lon="23.72646">
        <ele>11.9</ele>
      </trkpt>
      <trkpt lat="58.67386" lon="23.72693">
        <ele>12.4</ele>
      </trkpt>
      <trkpt lat="58.67325" lon="23.7274">
        <ele>13.2</ele>
      </trkpt>
      <trkpt lat="58.67319" lon="23.72752">
        <ele>13.4</ele>
      </trkpt>
      <trkpt lat="58.67317" lon="23.72766">
        <ele>13.7</ele>
      </trkpt>
      <trkpt lat="58.67335" lon="23.72913">
        <ele>14.0</ele>
      </trkpt>
      <trkpt lat="58.67352" lon="23.7306">
        <ele>14.1</ele>
      </trkpt>
      <trkpt lat="58.67369" lon="23.73207">
        <ele>14.5</ele>
      </trkpt>
      <trkpt lat="58.67387" lon="23.73354">
        <ele>15.2</ele>
      </trkpt>
      <trkpt lat="58.67403" lon="23.73484">
        <ele>13.1</ele>
      </trkpt>
      <trkpt lat="58.67419" lon="23.73614">
        <ele>13.3</ele>
      </trkpt>
      <trkpt lat="58.67435" lon="23.73743">
        <ele>13.3</ele>
      </trkpt>
      <trkpt lat="58.67436" lon="23.73761">
        <ele>13.2</ele>
      </trkpt>
      <trkpt lat="58.6744" lon="23.73784">
        <ele>12.9</ele>
      </trkpt>
      <trkpt lat="58.67447" lon="23.73949">
        <ele>12.3</ele>
      </trkpt>
      <trkpt lat="58.67454" lon="23.74113">
        <ele>12.3</ele>
      </trkpt>
      <trkpt lat="58.67461" lon="23.74278">
        <ele>12.4</ele>
      </trkpt>
      <trkpt lat="58.67468" lon="23.74443">
        <ele>12.2</ele>
      </trkpt>
      <trkpt lat="58.67475" lon="23.74607">
        <ele>12.0</ele>
      </trkpt>
      <trkpt lat="58.67481" lon="23.74772">
        <ele>12.0</ele>
      </trkpt>
      <trkpt lat="58.67488" lon="23.74937">
        <ele>11.5</ele>
      </trkpt>
      <trkpt lat="58.67495" lon="23.75102">
        <ele>11.3</ele>
      </trkpt>
      <trkpt lat="58.67502" lon="23.75266">
        <ele>11.8</ele>
      </trkpt>
      <trkpt lat="58.67507" lon="23.75385">
        <ele>10.9</ele>
      </trkpt>
      <trkpt lat="58.67512" lon="23.75504">
        <ele>10.9</ele>
      </trkpt>
      <trkpt lat="58.67515" lon="23.75544">
        <ele>11.4</ele>
      </trkpt>
      <trkpt lat="58.67572" lon="23.75586">
        <ele>12.1</ele>
      </trkpt>
      <trkpt lat="58.67628" lon="23.75627">
        <ele>12.2</ele>
      </trkpt>
      <trkpt lat="58.67685" lon="23.75669">
        <ele>11.8</ele>
      </trkpt>
      <trkpt lat="58.67762" lon="23.75727">
        <ele>11.6</ele>
      </trkpt>
      <trkpt lat="58.67838" lon="23.75785">
        <ele>11.4</ele>
      </trkpt>
      <trkpt lat="58.67915" lon="23.75844">
        <ele>11.3</ele>
      </trkpt>
      <trkpt lat="58.67992" lon="23.75902">
        <ele>12.6</ele>
      </trkpt>
      <trkpt lat="58.68068" lon="23.7596">
        <ele>12.8</ele>
      </trkpt>
      <trkpt lat="58.68123" lon="23.7602">
        <ele>11.6</ele>
      </trkpt>
      <trkpt lat="58.68185" lon="23.76073">
        <ele>10.0</ele>
      </trkpt>
      <trkpt lat="58.68246" lon="23.76126">
        <ele>10.0</ele>
      </trkpt>
      <trkpt lat="58.68308" lon="23.76179">
        <ele>10.0</ele>
      </trkpt>
      <trkpt lat="58.68369" lon="23.76233">
        <ele>10.0</ele>
      </trkpt>
      <trkpt lat="58.68434" lon="23.76285">
        <ele>10.0</ele>
      </trkpt>
      <trkpt lat="58.68498" lon="23.76338">
        <ele>10.0</ele>
      </trkpt>
      <trkpt lat="58.68565" lon="23.76397">
        <ele>10.0</ele>
      </trkpt>
      <trkpt lat="58.68631" lon="23.76455">
        <ele>9.7</ele>
      </trkpt>
      <trkpt lat="58.68703" lon="23.76516">
        <ele>10.0</ele>
      </trkpt>
      <trkpt lat="58.68775" lon="23.76576">
        <ele>10.0</ele>
      </trkpt>
      <trkpt lat="58.68856" lon="23.76646">
        <ele>10.5</ele>
      </trkpt>
      <trkpt lat="58.68856" lon="23.76647">
        <ele>10.5</ele>
      </trkpt>
      <trkpt lat="58.68856" lon="23.76647">
        <ele>10.5</ele>
      </trkpt>
      <trkpt lat="58.68933" lon="23.76712">
        <ele>12.5</ele>
      </trkpt>
      <trkpt lat="58.69009" lon="23.76778">
        <ele>13.4</ele>
      </trkpt>
      <trkpt lat="58.6902" lon="23.76803">
        <ele>12.9</ele>
      </trkpt>
      <trkpt lat="58.69051" lon="23.7692">
        <ele>11.6</ele>
      </trkpt>
      <trkpt lat="58.69054" lon="23.76936">
        <ele>11.4</ele>
      </trkpt>
      <trkpt lat="58.69051" lon="23.77006">
        <ele>11.1</ele>
      </trkpt>
      <trkpt lat="58.6905" lon="23.77021">
        <ele>11.1</ele>
      </trkpt>
      <trkpt lat="58.69049" lon="23.77049">
        <ele>11.0</ele>
      </trkpt>
      <trkpt lat="58.6905" lon="23.77073">
        <ele>11.0</ele>
      </trkpt>
      <trkpt lat="58.69064" lon="23.77192">
        <ele>11.4</ele>
      </trkpt>
      <trkpt lat="58.69076" lon="23.77282">
        <ele>11.1</ele>
      </trkpt>
      <trkpt lat="58.69076" lon="23.77289">
        <ele>11.0</ele>
      </trkpt>
      <trkpt lat="58.69155" lon="23.77273">
        <ele>11.2</ele>
      </trkpt>
      <trkpt lat="58.69233" lon="23.77257">
        <ele>11.2</ele>
      </trkpt>
      <trkpt lat="58.69264" lon="23.77245">
        <ele>10.9</ele>
      </trkpt>
      <trkpt lat="58.6932" lon="23.77211">
        <ele>10.1</ele>
      </trkpt>
      <trkpt lat="58.69384" lon="23.77183">
        <ele>10.5</ele>
      </trkpt>
      <trkpt lat="58.69408" lon="23.77168">
        <ele>10.8</ele>
      </trkpt>
      <trkpt lat="58.69472" lon="23.7711">
        <ele>9.4</ele>
      </trkpt>
      <trkpt lat="58.69536" lon="23.77051">
        <ele>9.4</ele>
      </trkpt>
      <trkpt lat="58.69599" lon="23.76993">
        <ele>10.4</ele>
      </trkpt>
      <trkpt lat="58.69604" lon="23.77012">
        <ele>10.5</ele>
      </trkpt>
      <trkpt lat="58.69609" lon="23.77149">
        <ele>10.9</ele>
      </trkpt>
      <trkpt lat="58.69612" lon="23.77278">
        <ele>11.2</ele>
      </trkpt>
      <trkpt lat="58.69609" lon="23.77429">
        <ele>11.6</ele>
      </trkpt>
      <trkpt lat="58.69613" lon="23.77516">
        <ele>11.4</ele>
      </trkpt>
      <trkpt lat="58.69614" lon="23.7761">
        <ele>11.4</ele>
      </trkpt>
      <trkpt lat="58.69616" lon="23.77704">
        <ele>11.4</ele>
      </trkpt>
      <trkpt lat="58.69618" lon="23.7773">
        <ele>11.4</ele>
      </trkpt>
      <trkpt lat="58.69622" lon="23.77752">
        <ele>11.5</ele>
      </trkpt>
      <trkpt lat="58.69638" lon="23.77765">
        <ele>11.8</ele>
      </trkpt>
      <trkpt lat="58.69726" lon="23.7779">
        <ele>12.5</ele>
      </trkpt>
      <trkpt lat="58.69815" lon="23.77815">
        <ele>12.2</ele>
      </trkpt>
      <trkpt lat="58.69904" lon="23.77841">
        <ele>12.0</ele>
      </trkpt>
      <trkpt lat="58.69993" lon="23.77866">
        <ele>12.0</ele>
      </trkpt>
      <trkpt lat="58.70082" lon="23.77891">
        <ele>11.0</ele>
      </trkpt>
      <trkpt lat="58.70166" lon="23.77915">
        <ele>11.0</ele>
      </trkpt>
      <trkpt lat="58.7025" lon="23.77938">
        <ele>11.0</ele>
      </trkpt>
      <trkpt lat="58.70335" lon="23.77962">
        <ele>11.5</ele>
      </trkpt>
      <trkpt lat="58.70419" lon="23.77985">
        <ele>11.2</ele>
      </trkpt>
      <trkpt lat="58.70504" lon="23.78009">
        <ele>11.0</ele>
      </trkpt>
      <trkpt lat="58.70532" lon="23.78011">
        <ele>11.0</ele>
      </trkpt>
      <trkpt lat="58.70575" lon="23.77999">
        <ele>11.0</ele>
      </trkpt>
      <trkpt lat="58.70649" lon="23.77974">
        <ele>10.8</ele>
      </trkpt>
      <trkpt lat="58.70723" lon="23.77949">
        <ele>10.8</ele>
      </trkpt>
      <trkpt lat="58.70796" lon="23.77925">
        <ele>11.0</ele>
      </trkpt>
      <trkpt lat="58.7087" lon="23.779">
        <ele>11.4</ele>
      </trkpt>
      <trkpt lat="58.70944" lon="23.77876">
        <ele>11.7</ele>
      </trkpt>
      <trkpt lat="58.70958" lon="23.77995">
        <ele>11.0</ele>
      </trkpt>
      <trkpt lat="58.70973" lon="23.78114">
        <ele>10.8</ele>
      </trkpt>
      <trkpt lat="58.70987" lon="23.78233">
        <ele>10.2</ele>
      </trkpt>
      <trkpt lat="58.7099" lon="23.78313">
        <ele>10.1</ele>
      </trkpt>
      <trkpt lat="58.70982" lon="23.78461">
        <ele>10.2</ele>
      </trkpt>
      <trkpt lat="58.70973" lon="23.7861">
        <ele>11.1</ele>
      </trkpt>
      <trkpt lat="58.7097" lon="23.78759">
        <ele>12.0</ele>
      </trkpt>
      <trkpt lat="58.7098" lon="23.78925">
        <ele>13.0</ele>
      </trkpt>
      <trkpt lat="58.7099" lon="23.7909">
        <ele>11.7</ele>
      </trkpt>
      <trkpt lat="58.71" lon="23.79256">
        <ele>11.0</ele>
      </trkpt>
      <trkpt lat="58.71001" lon="23.79364">
        <ele>10.6</ele>
      </trkpt>
      <trkpt lat="58.70996" lon="23.79536">
        <ele>9.0</ele>
      </trkpt>
      <trkpt lat="58.70991" lon="23.79707">
        <ele>10.1</ele>
      </trkpt>
      <trkpt lat="58.70982" lon="23.79785">
        <ele>10.6</ele>
      </trkpt>
      <trkpt lat="58.70965" lon="23.79869">
        <ele>11.2</ele>
      </trkpt>
      <trkpt lat="58.70919" lon="23.79994">
        <ele>11.0</ele>
      </trkpt>
      <trkpt lat="58.70874" lon="23.80119">
        <ele>11.8</ele>
      </trkpt>
      <trkpt lat="58.70857" lon="23.80171">
        <ele>12.1</ele>
      </trkpt>
      <trkpt lat="58.70838" lon="23.80246">
        <ele>11.9</ele>
      </trkpt>
      <trkpt lat="58.70812" lon="23.80358">
        <ele>11.3</ele>
      </trkpt>
      <trkpt lat="58.70787" lon="23.80469">
        <ele>10.9</ele>
      </trkpt>
      <trkpt lat="58.70761" lon="23.80581">
        <ele>10.9</ele>
      </trkpt>
      <trkpt lat="58.70737" lon="23.80661">
        <ele>11.0</ele>
      </trkpt>
      <trkpt lat="58.70707" lon="23.80728">
        <ele>11.0</ele>
      </trkpt>
      <trkpt lat="58.70663" lon="23.80791">
        <ele>10.5</ele>
      </trkpt>
      <trkpt lat="58.7062" lon="23.80853">
        <ele>10.0</ele>
      </trkpt>
      <trkpt lat="58.70594" lon="23.80906">
        <ele>10.0</ele>
      </trkpt>
      <trkpt lat="58.70572" lon="23.8096">
        <ele>10.2</ele>
      </trkpt>
      <trkpt lat="58.70534" lon="23.81078">
        <ele>11.6</ele>
      </trkpt>
      <trkpt lat="58.70497" lon="23.8121">
        <ele>12.5</ele>
      </trkpt>
      <trkpt lat="58.70487" lon="23.81287">
        <ele>11.7</ele>
      </trkpt>
      <trkpt lat="58.70485" lon="23.8136">
        <ele>10.9</ele>
      </trkpt>
      <trkpt lat="58.70494" lon="23.81437">
        <ele>9.8</ele>
      </trkpt>
      <trkpt lat="58.70511" lon="23.81535">
        <ele>9.2</ele>
      </trkpt>
      <trkpt lat="58.70529" lon="23.81632">
        <ele>9.5</ele>
      </trkpt>
      <trkpt lat="58.70548" lon="23.81614">
        <ele>9.5</ele>
      </trkpt>
      <trkpt lat="58.70574" lon="23.816">
        <ele>9.7</ele>
      </trkpt>
      <trkpt lat="58.70661" lon="23.81563">
        <ele>10.2</ele>
      </trkpt>
      <trkpt lat="58.70743" lon="23.81535">
        <ele>9.7</ele>
      </trkpt>
      <trkpt lat="58.70799" lon="23.81504">
        <ele>9.4</ele>
      </trkpt>
      <trkpt lat="58.70862" lon="23.81462">
        <ele>8.8</ele>
      </trkpt>
      <trkpt lat="58.70925" lon="23.81421">
        <ele>7.8</ele>
      </trkpt>
      <trkpt lat="58.70987" lon="23.8138">
        <ele>6.3</ele>
      </trkpt>
      <trkpt lat="58.71048" lon="23.81343">
        <ele>6.0</ele>
      </trkpt>
      <trkpt lat="58.71072" lon="23.81332">
        <ele>6.0</ele>
      </trkpt>
      <trkpt lat="58.71085" lon="23.81331">
        <ele>6.0</ele>
      </trkpt>
      <trkpt lat="58.71098" lon="23.81336">
        <ele>6.0</ele>
      </trkpt>
      <trkpt lat="58.71112" lon="23.81346">
        <ele>6.0</ele>
      </trkpt>
      <trkpt lat="58.71128" lon="23.81362">
        <ele>6.0</ele>
      </trkpt>
      <trkpt lat="58.71167" lon="23.8141">
        <ele>6.0</ele>
      </trkpt>
      <trkpt lat="58.71207" lon="23.81459">
        <ele>5.5</ele>
      </trkpt>
      <trkpt lat="58.71234" lon="23.8149">
        <ele>5.1</ele>
      </trkpt>
      <trkpt lat="58.71255" lon="23.81506">
        <ele>5.2</ele>
      </trkpt>
      <trkpt lat="58.71304" lon="23.8154">
        <ele>6.9</ele>
      </trkpt>
      <trkpt lat="58.71315" lon="23.81552">
        <ele>7.3</ele>
      </trkpt>
      <trkpt lat="58.71326" lon="23.81568">
        <ele>7.7</ele>
      </trkpt>
      <trkpt lat="58.71383" lon="23.81658">
        <ele>8.5</ele>
      </trkpt>
      <trkpt lat="58.71439" lon="23.81749">
        <ele>7.7</ele>
      </trkpt>
      <trkpt lat="58.71447" lon="23.81778">
        <ele>7.4</ele>
      </trkpt>
      <trkpt lat="58.71452" lon="23.81801">
        <ele>7.2</ele>
      </trkpt>
      <trkpt lat="58.7146" lon="23.8189">
        <ele>7.0</ele>
      </trkpt>
      <trkpt lat="58.71468" lon="23.81979">
        <ele>6.5</ele>
      </trkpt>
      <trkpt lat="58.71474" lon="23.82018">
        <ele>6.3</ele>
      </trkpt>
      <trkpt lat="58.71481" lon="23.82042">
        <ele>6.2</ele>
      </trkpt>
      <trkpt lat="58.71493" lon="23.82068">
        <ele>6.1</ele>
      </trkpt>
      <trkpt lat="58.71556" lon="23.82148">
        <ele>6.0</ele>
      </trkpt>
      <trkpt lat="58.71619" lon="23.82228">
        <ele>6.3</ele>
      </trkpt>
      <trkpt lat="58.71682" lon="23.82308">
        <ele>8.8</ele>
      </trkpt>
      <trkpt lat="58.71745" lon="23.82389">
        <ele>11.5</ele>
      </trkpt>
      <trkpt lat="58.71808" lon="23.82469">
        <ele>12.6</ele>
      </trkpt>
      <trkpt lat="58.71872" lon="23.82549">
        <ele>12.3</ele>
      </trkpt>
      <trkpt lat="58.719" lon="23.8261">
        <ele>12.4</ele>
      </trkpt>
      <trkpt lat="58.71929" lon="23.82724">
        <ele>13.0</ele>
      </trkpt>
      <trkpt lat="58.71947" lon="23.82757">
        <ele>13.0</ele>
      </trkpt>
      <trkpt lat="58.71961" lon="23.82774">
        <ele>13.2</ele>
      </trkpt>
      <trkpt lat="58.72004" lon="23.828">
        <ele>13.6</ele>
      </trkpt>
      <trkpt lat="58.72048" lon="23.82827">
        <ele>14.5</ele>
      </trkpt>
      <trkpt lat="58.72067" lon="23.82849">
        <ele>14.8</ele>
      </trkpt>
      <trkpt lat="58.72116" lon="23.82912">
        <ele>15.0</ele>
      </trkpt>
      <trkpt lat="58.72188" lon="23.82977">
        <ele>15.2</ele>
      </trkpt>
      <trkpt lat="58.72208" lon="23.82985">
        <ele>15.4</ele>
      </trkpt>
      <trkpt lat="58.72236" lon="23.8299">
        <ele>15.7</ele>
      </trkpt>
      <trkpt lat="58.72307" lon="23.82983">
        <ele>16.5</ele>
      </trkpt>
      <trkpt lat="58.72323" lon="23.82982">
        <ele>16.7</ele>
      </trkpt>
      <trkpt lat="58.72391" lon="23.82993">
        <ele>16.9</ele>
      </trkpt>
      <trkpt lat="58.72459" lon="23.83005">
        <ele>16.5</ele>
      </trkpt>
      <trkpt lat="58.72535" lon="23.8301">
        <ele>15.6</ele>
      </trkpt>
      <trkpt lat="58.72622" lon="23.82992">
        <ele>14.9</ele>
      </trkpt>
      <trkpt lat="58.72691" lon="23.82942">
        <ele>15.5</ele>
      </trkpt>
      <trkpt lat="58.72723" lon="23.82939">
        <ele>16.2</ele>
      </trkpt>
      <trkpt lat="58.72778" lon="23.82989">
        <ele>16.8</ele>
      </trkpt>
      <trkpt lat="58.72804" lon="23.83001">
        <ele>17.3</ele>
      </trkpt>
      <trkpt lat="58.72858" lon="23.83005">
        <ele>17.4</ele>
      </trkpt>
      <trkpt lat="58.72918" lon="23.8306">
        <ele>16.7</ele>
      </trkpt>
      <trkpt lat="58.72977" lon="23.83116">
        <ele>16.2</ele>
      </trkpt>
      <trkpt lat="58.73021" lon="23.83142">
        <ele>16.4</ele>
      </trkpt>
      <trkpt lat="58.73063" lon="23.8314">
        <ele>16.4</ele>
      </trkpt>
      <trkpt lat="58.73128" lon="23.83109">
        <ele>16.0</ele>
      </trkpt>
      <trkpt lat="58.73193" lon="23.83077">
        <ele>15.6</ele>
      </trkpt>
      <trkpt lat="58.73265" lon="23.83022">
        <ele>15.0</ele>
      </trkpt>
      <trkpt lat="58.73275" lon="23.83012">
        <ele>15.0</ele>
      </trkpt>
      <trkpt lat="58.73283" lon="23.83002">
        <ele>15.0</ele>
      </trkpt>
      <trkpt lat="58.73306" lon="23.8296">
        <ele>14.4</ele>
      </trkpt>
      <trkpt lat="58.73314" lon="23.82942">
        <ele>14.1</ele>
      </trkpt>
      <trkpt lat="58.73322" lon="23.8292">
        <ele>13.9</ele>
      </trkpt>
      <trkpt lat="58.73345" lon="23.82855">
        <ele>13.4</ele>
      </trkpt>
      <trkpt lat="58.73368" lon="23.82818">
        <ele>13.2</ele>
      </trkpt>
      <trkpt lat="58.73415" lon="23.82786">
        <ele>13.4</ele>
      </trkpt>
      <trkpt lat="58.73455" lon="23.82771">
        <ele>12.8</ele>
      </trkpt>
      <trkpt lat="58.73473" lon="23.82777">
        <ele>12.6</ele>
      </trkpt>
      <trkpt lat="58.73488" lon="23.82801">
        <ele>12.8</ele>
      </trkpt>
      <trkpt lat="58.73499" lon="23.82825">
        <ele>12.9</ele>
      </trkpt>
      <trkpt lat="58.73536" lon="23.82914">
        <ele>14.0</ele>
      </trkpt>
      <trkpt lat="58.73573" lon="23.83002">
        <ele>15.9</ele>
      </trkpt>
      <trkpt lat="58.73607" lon="23.83076">
        <ele>16.0</ele>
      </trkpt>
      <trkpt lat="58.73657" lon="23.83156">
        <ele>16.0</ele>
      </trkpt>
      <trkpt lat="58.73707" lon="23.83236">
        <ele>16.5</ele>
      </trkpt>
      <trkpt lat="58.73744" lon="23.83301">
        <ele>17.5</ele>
      </trkpt>
      <trkpt lat="58.73746" lon="23.83313">
        <ele>17.7</ele>
      </trkpt>
      <trkpt lat="58.73821" lon="23.83262">
        <ele>17.0</ele>
      </trkpt>
      <trkpt lat="58.73882" lon="23.83211">
        <ele>17.3</ele>
      </trkpt>
      <trkpt lat="58.73897" lon="23.83207">
        <ele>17.4</ele>
      </trkpt>
      <trkpt lat="58.7391" lon="23.8321">
        <ele>17.4</ele>
      </trkpt>
      <trkpt lat="58.73981" lon="23.83295">
        <ele>14.6</ele>
      </trkpt>
      <trkpt lat="58.74021" lon="23.83378">
        <ele>12.6</ele>
      </trkpt>
      <trkpt lat="58.74038" lon="23.83438">
        <ele>11.7</ele>
      </trkpt>
      <trkpt lat="58.74054" lon="23.83559">
        <ele>11.5</ele>
      </trkpt>
      <trkpt lat="58.74065" lon="23.83615">
        <ele>11.7</ele>
      </trkpt>
      <trkpt lat="58.74086" lon="23.83695">
        <ele>11.6</ele>
      </trkpt>
      <trkpt lat="58.74102" lon="23.83743">
        <ele>10.8</ele>
      </trkpt>
      <trkpt lat="58.74117" lon="23.83784">
        <ele>10.2</ele>
      </trkpt>
      <trkpt lat="58.74132" lon="23.8381">
        <ele>9.7</ele>
      </trkpt>
      <trkpt lat="58.74154" lon="23.83824">
        <ele>9.3</ele>
      </trkpt>
      <trkpt lat="58.74223" lon="23.83875">
        <ele>8.3</ele>
      </trkpt>
      <trkpt lat="58.74292" lon="23.83925">
        <ele>8.7</ele>
      </trkpt>
      <trkpt lat="58.74343" lon="23.83989">
        <ele>10.6</ele>
      </trkpt>
      <trkpt lat="58.74393" lon="23.84054">
        <ele>10.1</ele>
      </trkpt>
      <trkpt lat="58.74445" lon="23.84123">
        <ele>9.5</ele>
      </trkpt>
      <trkpt lat="58.74497" lon="23.84192">
        <ele>9.0</ele>
      </trkpt>
      <trkpt lat="58.7449" lon="23.8422">
        <ele>9.1</ele>
      </trkpt>
      <trkpt lat="58.74489" lon="23.84363">
        <ele>9.0</ele>
      </trkpt>
      <trkpt lat="58.74488" lon="23.84506">
        <ele>9.0</ele>
      </trkpt>
      <trkpt lat="58.74488" lon="23.84506">
        <ele>9.0</ele>
      </trkpt>
      <trkpt lat="58.74487" lon="23.84672">
        <ele>8.3</ele>
      </trkpt>
      <trkpt lat="58.74486" lon="23.84837">
        <ele>8.3</ele>
      </trkpt>
      <trkpt lat="58.74485" lon="23.85003">
        <ele>8.2</ele>
      </trkpt>
      <trkpt lat="58.74484" lon="23.85169">
        <ele>8.2</ele>
      </trkpt>
      <trkpt lat="58.74483" lon="23.85335">
        <ele>8.2</ele>
      </trkpt>
      <trkpt lat="58.74482" lon="23.855">
        <ele>8.0</ele>
      </trkpt>
      <trkpt lat="58.7448" lon="23.85666">
        <ele>7.2</ele>
      </trkpt>
      <trkpt lat="58.74479" lon="23.85832">
        <ele>7.5</ele>
      </trkpt>
      <trkpt lat="58.74391" lon="23.85834">
        <ele>9.3</ele>
      </trkpt>
      <trkpt lat="58.74302" lon="23.85836">
        <ele>10.4</ele>
      </trkpt>
      <trkpt lat="58.74214" lon="23.85839">
        <ele>11.9</ele>
      </trkpt>
      <trkpt lat="58.74125" lon="23.85841">
        <ele>13.0</ele>
      </trkpt>
      <trkpt lat="58.74093" lon="23.85845">
        <ele>13.0</ele>
      </trkpt>
      <trkpt lat="58.74093" lon="23.85974">
        <ele>13.8</ele>
      </trkpt>
      <trkpt lat="58.74094" lon="23.86103">
        <ele>13.8</ele>
      </trkpt>
      <trkpt lat="58.741" lon="23.86129">
        <ele>13.5</ele>
      </trkpt>
      <trkpt lat="58.74114" lon="23.86136">
        <ele>13.4</ele>
      </trkpt>
      <trkpt lat="58.74185" lon="23.86133">
        <ele>13.0</ele>
      </trkpt>
      <trkpt lat="58.74194" lon="23.86135">
        <ele>12.7</ele>
      </trkpt>
      <trkpt lat="58.74199" lon="23.86147">
        <ele>12.5</ele>
      </trkpt>
      <trkpt lat="58.74201" lon="23.86164">
        <ele>12.2</ele>
      </trkpt>
      <trkpt lat="58.74202" lon="23.86322">
        <ele>11.7</ele>
      </trkpt>
      <trkpt lat="58.74203" lon="23.86481">
        <ele>11.6</ele>
      </trkpt>
      <trkpt lat="58.74204" lon="23.8664">
        <ele>11.2</ele>
      </trkpt>
      <trkpt lat="58.74205" lon="23.86798">
        <ele>11.3</ele>
      </trkpt>
      <trkpt lat="58.74206" lon="23.86945">
        <ele>11.5</ele>
      </trkpt>
      <trkpt lat="58.74207" lon="23.87092">
        <ele>11.5</ele>
      </trkpt>
      <trkpt lat="58.74208" lon="23.87238">
        <ele>11.5</ele>
      </trkpt>
      <trkpt lat="58.74209" lon="23.87385">
        <ele>11.5</ele>
      </trkpt>
      <trkpt lat="58.74205" lon="23.87459">
        <ele>12.0</ele>
      </trkpt>
      <trkpt lat="58.74192" lon="23.87588">
        <ele>12.7</ele>
      </trkpt>
      <trkpt lat="58.74182" lon="23.87717">
        <ele>12.2</ele>
      </trkpt>
      <trkpt lat="58.74171" lon="23.87845">
        <ele>12.0</ele>
      </trkpt>
      <trkpt lat="58.74161" lon="23.87938">
        <ele>12.4</ele>
      </trkpt>
      <trkpt lat="58.7415" lon="23.88031">
        <ele>13.2</ele>
      </trkpt>
      <trkpt lat="58.74138" lon="23.88177">
        <ele>13.0</ele>
      </trkpt>
      <trkpt lat="58.74126" lon="23.88324">
        <ele>13.0</ele>
      </trkpt>
      <trkpt lat="58.74114" lon="23.8847">
        <ele>13.3</ele>
      </trkpt>
      <trkpt lat="58.74105" lon="23.88562">
        <ele>14.0</ele>
      </trkpt>
      <trkpt lat="58.74096" lon="23.88653">
        <ele>15.4</ele>
      </trkpt>
      <trkpt lat="58.74088" lon="23.88763">
        <ele>16.0</ele>
      </trkpt>
      <trkpt lat="58.74079" lon="23.88872">
        <ele>16.5</ele>
      </trkpt>
      <trkpt lat="58.74075" lon="23.88904">
        <ele>16.1</ele>
      </trkpt>
      <trkpt lat="58.74072" lon="23.89">
        <ele>15.1</ele>
      </trkpt>
      <trkpt lat="58.74069" lon="23.89096">
        <ele>15.0</ele>
      </trkpt>
      <trkpt lat="58.74068" lon="23.89131">
        <ele>14.6</ele>
      </trkpt>
      <trkpt lat="58.74066" lon="23.89264">
        <ele>14.2</ele>
      </trkpt>
      <trkpt lat="58.74064" lon="23.89396">
        <ele>14.2</ele>
      </trkpt>
      <trkpt lat="58.7407" lon="23.89421">
        <ele>14.2</ele>
      </trkpt>
      <trkpt lat="58.74082" lon="23.89451">
        <ele>14.4</ele>
      </trkpt>
      <trkpt lat="58.74095" lon="23.89472">
        <ele>14.3</ele>
      </trkpt>
      <trkpt lat="58.74139" lon="23.89522">
        <ele>13.0</ele>
      </trkpt>
      <trkpt lat="58.74154" lon="23.89553">
        <ele>12.5</ele>
      </trkpt>
      <trkpt lat="58.74152" lon="23.89664">
        <ele>11.7</ele>
      </trkpt>
      <trkpt lat="58.74151" lon="23.89775">
        <ele>11.3</ele>
      </trkpt>
      <trkpt lat="58.74122" lon="23.89932">
        <ele>11.6</ele>
      </trkpt>
      <trkpt lat="58.74093" lon="23.9009">
        <ele>12.7</ele>
      </trkpt>
      <trkpt lat="58.74066" lon="23.90238">
        <ele>13.2</ele>
      </trkpt>
      <trkpt lat="58.7404" lon="23.90385">
        <ele>12.5</ele>
      </trkpt>
      <trkpt lat="58.74023" lon="23.90453">
        <ele>12.6</ele>
      </trkpt>
      <trkpt lat="58.74006" lon="23.90562">
        <ele>12.9</ele>
      </trkpt>
      <trkpt lat="58.73981" lon="23.90697">
        <ele>14.2</ele>
      </trkpt>
      <trkpt lat="58.73956" lon="23.90831">
        <ele>13.6</ele>
      </trkpt>
      <trkpt lat="58.73931" lon="23.90965">
        <ele>13.3</ele>
      </trkpt>
      <trkpt lat="58.73906" lon="23.91095">
        <ele>13.0</ele>
      </trkpt>
      <trkpt lat="58.73882" lon="23.91225">
        <ele>12.4</ele>
      </trkpt>
      <trkpt lat="58.73858" lon="23.91355">
        <ele>11.7</ele>
      </trkpt>
      <trkpt lat="58.73834" lon="23.91485">
        <ele>11.2</ele>
      </trkpt>
      <trkpt lat="58.73817" lon="23.91647">
        <ele>11.2</ele>
      </trkpt>
      <trkpt lat="58.738" lon="23.91809">
        <ele>11.8</ele>
      </trkpt>
      <trkpt lat="58.73782" lon="23.91972">
        <ele>12.2</ele>
      </trkpt>
      <trkpt lat="58.73765" lon="23.92134">
        <ele>12.1</ele>
      </trkpt>
      <trkpt lat="58.73748" lon="23.92296">
        <ele>12.0</ele>
      </trkpt>
      <trkpt lat="58.73734" lon="23.92431">
        <ele>12.4</ele>
      </trkpt>
      <trkpt lat="58.7372" lon="23.92566">
        <ele>13.1</ele>
      </trkpt>
      <trkpt lat="58.73706" lon="23.92695">
        <ele>13.6</ele>
      </trkpt>
      <trkpt lat="58.73691" lon="23.92825">
        <ele>14.8</ele>
      </trkpt>
      <trkpt lat="58.73677" lon="23.92954">
        <ele>15.1</ele>
      </trkpt>
      <trkpt lat="58.73662" lon="23.93084">
        <ele>15.1</ele>
      </trkpt>
      <trkpt lat="58.73662" lon="23.93112">
        <ele>15.1</ele>
      </trkpt>
      <trkpt lat="58.73666" lon="23.93152">
        <ele>15.0</ele>
      </trkpt>
      <trkpt lat="58.73686" lon="23.93298">
        <ele>13.9</ele>
      </trkpt>
      <trkpt lat="58.73707" lon="23.93444">
        <ele>14.0</ele>
      </trkpt>
      <trkpt lat="58.73728" lon="23.9359">
        <ele>13.2</ele>
      </trkpt>
      <trkpt lat="58.73749" lon="23.93736">
        <ele>11.0</ele>
      </trkpt>
      <trkpt lat="58.73751" lon="23.93777">
        <ele>10.7</ele>
      </trkpt>
      <trkpt lat="58.73748" lon="23.93819">
        <ele>10.3</ele>
      </trkpt>
      <trkpt lat="58.73724" lon="23.93974">
        <ele>10.7</ele>
      </trkpt>
      <trkpt lat="58.73699" lon="23.9413">
        <ele>10.7</ele>
      </trkpt>
      <trkpt lat="58.73675" lon="23.94285">
        <ele>11.2</ele>
      </trkpt>
      <trkpt lat="58.73663" lon="23.94372">
        <ele>11.6</ele>
      </trkpt>
      <trkpt lat="58.73643" lon="23.94514">
        <ele>10.3</ele>
      </trkpt>
      <trkpt lat="58.73623" lon="23.94656">
        <ele>10.1</ele>
      </trkpt>
      <trkpt lat="58.736" lon="23.94814">
        <ele>10.4</ele>
      </trkpt>
      <trkpt lat="58.73577" lon="23.94972">
        <ele>11.0</ele>
      </trkpt>
      <trkpt lat="58.73555" lon="23.9513">
        <ele>10.4</ele>
      </trkpt>
      <trkpt lat="58.73546" lon="23.95178">
        <ele>9.9</ele>
      </trkpt>
      <trkpt lat="58.73528" lon="23.95166">
        <ele>10.0</ele>
      </trkpt>
      <trkpt lat="58.73454" lon="23.95095">
        <ele>10.9</ele>
      </trkpt>
      <trkpt lat="58.7338" lon="23.95024">
        <ele>13.0</ele>
      </trkpt>
      <trkpt lat="58.73306" lon="23.94953">
        <ele>15.9</ele>
      </trkpt>
      <trkpt lat="58.73252" lon="23.94889">
        <ele>17.0</ele>
      </trkpt>
      <trkpt lat="58.73221" lon="23.94851">
        <ele>17.6</ele>
      </trkpt>
      <trkpt lat="58.73203" lon="23.94835">
        <ele>18.1</ele>
      </trkpt>
      <trkpt lat="58.7319" lon="23.94831">
        <ele>18.5</ele>
      </trkpt>
      <trkpt lat="58.73178" lon="23.94834">
        <ele>18.7</ele>
      </trkpt>
      <trkpt lat="58.7317" lon="23.94838">
        <ele>18.9</ele>
      </trkpt>
      <trkpt lat="58.73147" lon="23.94862">
        <ele>18.5</ele>
      </trkpt>
      <trkpt lat="58.73131" lon="23.94873">
        <ele>18.3</ele>
      </trkpt>
      <trkpt lat="58.7312" lon="23.94867">
        <ele>18.3</ele>
      </trkpt>
      <trkpt lat="58.7311" lon="23.94851">
        <ele>18.3</ele>
      </trkpt>
      <trkpt lat="58.73092" lon="23.94806">
        <ele>18.4</ele>
      </trkpt>
      <trkpt lat="58.73068" lon="23.94735">
        <ele>19.2</ele>
      </trkpt>
      <trkpt lat="58.73057" lon="23.94717">
        <ele>19.4</ele>
      </trkpt>
      <trkpt lat="58.73049" lon="23.94709">
        <ele>19.5</ele>
      </trkpt>
      <trkpt lat="58.73039" lon="23.94708">
        <ele>19.5</ele>
      </trkpt>
      <trkpt lat="58.73026" lon="23.94711">
        <ele>19.5</ele>
      </trkpt>
      <trkpt lat="58.72966" lon="23.94744">
        <ele>20.7</ele>
      </trkpt>
      <trkpt lat="58.72906" lon="23.94777">
        <ele>23.1</ele>
      </trkpt>
      <trkpt lat="58.72883" lon="23.94776">
        <ele>24.2</ele>
      </trkpt>
      <trkpt lat="58.72864" lon="23.94767">
        <ele>25.2</ele>
      </trkpt>
      <trkpt lat="58.72845" lon="23.94754">
        <ele>26.3</ele>
      </trkpt>
      <trkpt lat="58.72834" lon="23.94748">
        <ele>27.0</ele>
      </trkpt>
      <trkpt lat="58.72822" lon="23.94746">
        <ele>27.3</ele>
      </trkpt>
      <trkpt lat="58.72812" lon="23.94753">
        <ele>27.4</ele>
      </trkpt>
      <trkpt lat="58.72799" lon="23.94769">
        <ele>27.5</ele>
      </trkpt>
      <trkpt lat="58.72785" lon="23.94772">
        <ele>27.8</ele>
      </trkpt>
      <trkpt lat="58.72769" lon="23.94765">
        <ele>28.3</ele>
      </trkpt>
      <trkpt lat="58.72759" lon="23.94769">
        <ele>28.5</ele>
      </trkpt>
      <trkpt lat="58.7274" lon="23.94835">
        <ele>27.6</ele>
      </trkpt>
      <trkpt lat="58.72715" lon="23.94901">
        <ele>25.8</ele>
      </trkpt>
      <trkpt lat="58.72687" lon="23.94965">
        <ele>25.4</ele>
      </trkpt>
      <trkpt lat="58.72676" lon="23.9498">
        <ele>25.6</ele>
      </trkpt>
      <trkpt lat="58.72671" lon="23.94997">
        <ele>25.9</ele>
      </trkpt>
      <trkpt lat="58.72644" lon="23.95073">
        <ele>24.8</ele>
      </trkpt>
      <trkpt lat="58.72635" lon="23.95111">
        <ele>24.3</ele>
      </trkpt>
      <trkpt lat="58.7263" lon="23.95139">
        <ele>24.1</ele>
      </trkpt>
      <trkpt lat="58.72631" lon="23.95159">
        <ele>23.9</ele>
      </trkpt>
      <trkpt lat="58.72635" lon="23.95183">
        <ele>23.6</ele>
      </trkpt>
      <trkpt lat="58.72643" lon="23.95217">
        <ele>23.5</ele>
      </trkpt>
      <trkpt lat="58.72635" lon="23.95222">
        <ele>23.4</ele>
      </trkpt>
      <trkpt lat="58.72621" lon="23.95228">
        <ele>23.3</ele>
      </trkpt>
      <trkpt lat="58.72617" lon="23.9523">
        <ele>23.3</ele>
      </trkpt>
      <trkpt lat="58.72612" lon="23.95235">
        <ele>23.3</ele>
      </trkpt>
      <trkpt lat="58.72609" lon="23.95243">
        <ele>23.3</ele>
      </trkpt>
      <trkpt lat="58.72608" lon="23.95253">
        <ele>23.3</ele>
      </trkpt>
      <trkpt lat="58.72609" lon="23.95266">
        <ele>23.1</ele>
      </trkpt>
      <trkpt lat="58.72612" lon="23.95276">
        <ele>22.8</ele>
      </trkpt>
      <trkpt lat="58.72618" lon="23.95287">
        <ele>22.5</ele>
      </trkpt>
      <trkpt lat="58.7263" lon="23.95349">
        <ele>21.2</ele>
      </trkpt>
      <trkpt lat="58.72648" lon="23.95421">
        <ele>19.9</ele>
      </trkpt>
      <trkpt lat="58.72665" lon="23.95507">
        <ele>17.9</ele>
      </trkpt>
      <trkpt lat="58.72682" lon="23.95593">
        <ele>16.9</ele>
      </trkpt>
      <trkpt lat="58.72682" lon="23.95593">
        <ele>16.9</ele>
      </trkpt>
      <trkpt lat="58.72712" lon="23.95747">
        <ele>15.0</ele>
      </trkpt>
      <trkpt lat="58.72742" lon="23.95902">
        <ele>14.0</ele>
      </trkpt>
      <trkpt lat="58.72773" lon="23.96057">
        <ele>13.0</ele>
      </trkpt>
      <trkpt lat="58.72803" lon="23.96212">
        <ele>12.6</ele>
      </trkpt>
      <trkpt lat="58.72833" lon="23.96366">
        <ele>12.6</ele>
      </trkpt>
      <trkpt lat="58.72864" lon="23.96521">
        <ele>10.3</ele>
      </trkpt>
      <trkpt lat="58.72894" lon="23.96676">
        <ele>10.0</ele>
      </trkpt>
      <trkpt lat="58.72907" lon="23.96731">
        <ele>10.0</ele>
      </trkpt>
      <trkpt lat="58.72915" lon="23.96778">
        <ele>10.0</ele>
      </trkpt>
      <trkpt lat="58.72931" lon="23.96882">
        <ele>9.8</ele>
      </trkpt>
      <trkpt lat="58.72946" lon="23.96987">
        <ele>10.2</ele>
      </trkpt>
      <trkpt lat="58.72957" lon="23.9708">
        <ele>10.0</ele>
      </trkpt>
      <trkpt lat="58.72968" lon="23.97173">
        <ele>9.4</ele>
      </trkpt>
      <trkpt lat="58.72974" lon="23.97273">
        <ele>9.2</ele>
      </trkpt>
      <trkpt lat="58.72977" lon="23.97364">
        <ele>9.0</ele>
      </trkpt>
      <trkpt lat="58.7298" lon="23.97455">
        <ele>8.9</ele>
      </trkpt>
      <trkpt lat="58.72982" lon="23.97549">
        <ele>8.8</ele>
      </trkpt>
      <trkpt lat="58.72985" lon="23.97642">
        <ele>8.1</ele>
      </trkpt>
      <trkpt lat="58.7299" lon="23.97748">
        <ele>7.9</ele>
      </trkpt>
      <trkpt lat="58.72995" lon="23.97854">
        <ele>8.0</ele>
      </trkpt>
      <trkpt lat="58.73006" lon="23.97993">
        <ele>7.9</ele>
      </trkpt>
      <trkpt lat="58.73016" lon="23.98132">
        <ele>7.3</ele>
      </trkpt>
      <trkpt lat="58.73027" lon="23.98272">
        <ele>7.2</ele>
      </trkpt>
      <trkpt lat="58.73035" lon="23.98358">
        <ele>7.6</ele>
      </trkpt>
      <trkpt lat="58.73055" lon="23.98465">
        <ele>7.5</ele>
      </trkpt>
      <trkpt lat="58.73061" lon="23.98507">
        <ele>7.5</ele>
      </trkpt>
      <trkpt lat="58.73068" lon="23.98547">
        <ele>7.4</ele>
      </trkpt>
      <trkpt lat="58.730677" lon="23.985467">
        <ele>7.4</ele>
      </trkpt>
      <trkpt lat="58.73068" lon="23.98547">
        <ele>7.4</ele>
      </trkpt>
      <trkpt lat="58.73074" lon="23.98584">
        <ele>7.2</ele>
      </trkpt>
      <trkpt lat="58.7308" lon="23.9867">
        <ele>8.0</ele>
      </trkpt>
      <trkpt lat="58.73086" lon="23.98755">
        <ele>8.0</ele>
      </trkpt>
      <trkpt lat="58.73096" lon="23.98823">
        <ele>7.7</ele>
      </trkpt>
      <trkpt lat="58.73109" lon="23.98879">
        <ele>7.7</ele>
      </trkpt>
      <trkpt lat="58.73146" lon="23.99035">
        <ele>8.0</ele>
      </trkpt>
      <trkpt lat="58.73183" lon="23.99191">
        <ele>8.2</ele>
      </trkpt>
      <trkpt lat="58.73203" lon="23.99276">
        <ele>8.4</ele>
      </trkpt>
      <trkpt lat="58.73223" lon="23.99362">
        <ele>8.5</ele>
      </trkpt>
      <trkpt lat="58.73234" lon="23.994">
        <ele>8.6</ele>
      </trkpt>
      <trkpt lat="58.7324" lon="23.99413">
        <ele>8.8</ele>
      </trkpt>
      <trkpt lat="58.73271" lon="23.99453">
        <ele>8.4</ele>
      </trkpt>
      <trkpt lat="58.73271" lon="23.99453">
        <ele>8.4</ele>
      </trkpt>
      <trkpt lat="58.73285" lon="23.99468">
        <ele>8.2</ele>
      </trkpt>
      <trkpt lat="58.733" lon="23.99478">
        <ele>8.1</ele>
      </trkpt>
      <trkpt lat="58.73286" lon="23.99511">
        <ele>8.0</ele>
      </trkpt>
      <trkpt lat="58.73268" lon="23.99537">
        <ele>8.0</ele>
      </trkpt>
      <trkpt lat="58.73252" lon="23.99549">
        <ele>8.0</ele>
      </trkpt>
      <trkpt lat="58.73186" lon="23.99587">
        <ele>8.0</ele>
      </trkpt>
      <trkpt lat="58.7312" lon="23.99625">
        <ele>8.5</ele>
      </trkpt>
      <trkpt lat="58.73054" lon="23.99663">
        <ele>8.6</ele>
      </trkpt>
      <trkpt lat="58.72988" lon="23.99701">
        <ele>8.5</ele>
      </trkpt>
      <trkpt lat="58.7292" lon="23.9974">
        <ele>9.0</ele>
      </trkpt>
      <trkpt lat="58.72852" lon="23.99779">
        <ele>9.1</ele>
      </trkpt>
      <trkpt lat="58.72844" lon="23.99789">
        <ele>9.1</ele>
      </trkpt>
      <trkpt lat="58.72841" lon="23.99805">
        <ele>9.1</ele>
      </trkpt>
      <trkpt lat="58.72842" lon="23.99822">
        <ele>9.1</ele>
      </trkpt>
      <trkpt lat="58.7286" lon="23.99883">
        <ele>9.1</ele>
      </trkpt>
      <trkpt lat="58.72884" lon="23.99954">
        <ele>8.6</ele>
      </trkpt>
      <trkpt lat="58.72931" lon="24.00086">
        <ele>8.0</ele>
      </trkpt>
      <trkpt lat="58.72978" lon="24.00218">
        <ele>7.3</ele>
      </trkpt>
      <trkpt lat="58.73024" lon="24.0035">
        <ele>8.1</ele>
      </trkpt>
      <trkpt lat="58.73071" lon="24.00482">
        <ele>9.6</ele>
      </trkpt>
      <trkpt lat="58.73117" lon="24.00614">
        <ele>10.4</ele>
      </trkpt>
      <trkpt lat="58.73164" lon="24.00746">
        <ele>11.0</ele>
      </trkpt>
      <trkpt lat="58.73211" lon="24.00878">
        <ele>11.8</ele>
      </trkpt>
      <trkpt lat="58.73257" lon="24.0101">
        <ele>13.0</ele>
      </trkpt>
      <trkpt lat="58.73283" lon="24.01076">
        <ele>13.5</ele>
      </trkpt>
      <trkpt lat="58.73314" lon="24.0114">
        <ele>14.4</ele>
      </trkpt>
      <trkpt lat="58.73324" lon="24.01179">
        <ele>15.1</ele>
      </trkpt>
      <trkpt lat="58.73351" lon="24.01304">
        <ele>16.6</ele>
      </trkpt>
      <trkpt lat="58.73378" lon="24.01428">
        <ele>17.7</ele>
      </trkpt>
      <trkpt lat="58.73371" lon="24.0148">
        <ele>18.2</ele>
      </trkpt>
      <trkpt lat="58.73371" lon="24.01495">
        <ele>18.4</ele>
      </trkpt>
      <trkpt lat="58.73375" lon="24.01505">
        <ele>18.5</ele>
      </trkpt>
      <trkpt lat="58.73431" lon="24.01552">
        <ele>19.1</ele>
      </trkpt>
      <trkpt lat="58.73487" lon="24.01599">
        <ele>20.0</ele>
      </trkpt>
      <trkpt lat="58.73557" lon="24.01649">
        <ele>20.6</ele>
      </trkpt>
      <trkpt lat="58.73627" lon="24.01699">
        <ele>21.0</ele>
      </trkpt>
      <trkpt lat="58.73702" lon="24.01755">
        <ele>21.1</ele>
      </trkpt>
      <trkpt lat="58.73778" lon="24.01812">
        <ele>21.7</ele>
      </trkpt>
      <trkpt lat="58.73853" lon="24.01868">
        <ele>22.0</ele>
      </trkpt>
      <trkpt lat="58.73853" lon="24.01868">
        <ele>22.0</ele>
      </trkpt>
      <trkpt lat="58.73865" lon="24.01876">
        <ele>22.0</ele>
      </trkpt>
      <trkpt lat="58.73934" lon="24.01899">
        <ele>21.9</ele>
      </trkpt>
      <trkpt lat="58.73993" lon="24.01924">
        <ele>22.2</ele>
      </trkpt>
      <trkpt lat="58.74039" lon="24.01974">
        <ele>21.7</ele>
      </trkpt>
      <trkpt lat="58.74084" lon="24.02059">
        <ele>20.0</ele>
      </trkpt>
      <trkpt lat="58.74092" lon="24.02037">
        <ele>19.4</ele>
      </trkpt>
      <trkpt lat="58.74159" lon="24.01955">
        <ele>13.9</ele>
      </trkpt>
      <trkpt lat="58.74226" lon="24.01874">
        <ele>11.4</ele>
      </trkpt>
      <trkpt lat="58.74293" lon="24.01792">
        <ele>11.0</ele>
      </trkpt>
      <trkpt lat="58.7436" lon="24.01711">
        <ele>11.0</ele>
      </trkpt>
      <trkpt lat="58.74427" lon="24.01629">
        <ele>11.0</ele>
      </trkpt>
      <trkpt lat="58.74494" lon="24.01548">
        <ele>11.0</ele>
      </trkpt>
      <trkpt lat="58.74561" lon="24.01466">
        <ele>10.7</ele>
      </trkpt>
      <trkpt lat="58.74629" lon="24.01392">
        <ele>10.9</ele>
      </trkpt>
      <trkpt lat="58.74697" lon="24.01319">
        <ele>10.8</ele>
      </trkpt>
      <trkpt lat="58.74765" lon="24.01245">
        <ele>10.2</ele>
      </trkpt>
      <trkpt lat="58.74833" lon="24.01171">
        <ele>11.0</ele>
      </trkpt>
      <trkpt lat="58.74901" lon="24.01097">
        <ele>10.2</ele>
      </trkpt>
      <trkpt lat="58.74969" lon="24.01023">
        <ele>11.9</ele>
      </trkpt>
      <trkpt lat="58.75038" lon="24.00937">
        <ele>12.8</ele>
      </trkpt>
      <trkpt lat="58.75107" lon="24.00852">
        <ele>13.0</ele>
      </trkpt>
      <trkpt lat="58.75176" lon="24.00766">
        <ele>13.5</ele>
      </trkpt>
      <trkpt lat="58.75245" lon="24.00681">
        <ele>13.1</ele>
      </trkpt>
      <trkpt lat="58.75313" lon="24.00595">
        <ele>13.1</ele>
      </trkpt>
      <trkpt lat="58.75345" lon="24.00567">
        <ele>12.8</ele>
      </trkpt>
      <trkpt lat="58.75395" lon="24.00553">
        <ele>12.6</ele>
      </trkpt>
      <trkpt lat="58.75481" lon="24.00541">
        <ele>11.7</ele>
      </trkpt>
      <trkpt lat="58.75567" lon="24.00529">
        <ele>9.7</ele>
      </trkpt>
      <trkpt lat="58.75654" lon="24.00517">
        <ele>9.4</ele>
      </trkpt>
      <trkpt lat="58.7574" lon="24.00506">
        <ele>10.0</ele>
      </trkpt>
      <trkpt lat="58.75827" lon="24.00494">
        <ele>9.9</ele>
      </trkpt>
      <trkpt lat="58.75913" lon="24.00482">
        <ele>9.8</ele>
      </trkpt>
      <trkpt lat="58.76" lon="24.0047">
        <ele>12.3</ele>
      </trkpt>
      <trkpt lat="58.76086" lon="24.00458">
        <ele>12.6</ele>
      </trkpt>
      <trkpt lat="58.76114" lon="24.00448">
        <ele>13.3</ele>
      </trkpt>
      <trkpt lat="58.7613" lon="24.00426">
        <ele>13.7</ele>
      </trkpt>
      <trkpt lat="58.76174" lon="24.00286">
        <ele>15.0</ele>
      </trkpt>
      <trkpt lat="58.76219" lon="24.00145">
        <ele>14.1</ele>
      </trkpt>
      <trkpt lat="58.76263" lon="24.00005">
        <ele>12.8</ele>
      </trkpt>
      <trkpt lat="58.76307" lon="23.99864">
        <ele>11.6</ele>
      </trkpt>
      <trkpt lat="58.76351" lon="23.99724">
        <ele>10.3</ele>
      </trkpt>
      <trkpt lat="58.76386" lon="23.99637">
        <ele>10.9</ele>
      </trkpt>
      <trkpt lat="58.76433" lon="23.99529">
        <ele>10.8</ele>
      </trkpt>
      <trkpt lat="58.76481" lon="23.99421">
        <ele>10.0</ele>
      </trkpt>
      <trkpt lat="58.76505" lon="23.99396">
        <ele>10.0</ele>
      </trkpt>
      <trkpt lat="58.76548" lon="23.99338">
        <ele>10.5</ele>
      </trkpt>
      <trkpt lat="58.76583" lon="23.99267">
        <ele>11.8</ele>
      </trkpt>
      <trkpt lat="58.76599" lon="23.99164">
        <ele>11.8</ele>
      </trkpt>
      <trkpt lat="58.76626" lon="23.99105">
        <ele>11.9</ele>
      </trkpt>
      <trkpt lat="58.76647" lon="23.99026">
        <ele>12.0</ele>
      </trkpt>
      <trkpt lat="58.76625" lon="23.98971">
        <ele>11.5</ele>
      </trkpt>
      <trkpt lat="58.76615" lon="23.98913">
        <ele>10.3</ele>
      </trkpt>
      <trkpt lat="58.76604" lon="23.98835">
        <ele>9.3</ele>
      </trkpt>
      <trkpt lat="58.76606" lon="23.98824">
        <ele>9.2</ele>
      </trkpt>
      <trkpt lat="58.76604" lon="23.98793">
        <ele>9.1</ele>
      </trkpt>
      <trkpt lat="58.76591" lon="23.98657">
        <ele>9.0</ele>
      </trkpt>
      <trkpt lat="58.76584" lon="23.9853">
        <ele>9.0</ele>
      </trkpt>
      <trkpt lat="58.76578" lon="23.98403">
        <ele>8.9</ele>
      </trkpt>
      <trkpt lat="58.765779" lon="23.984032">
        <ele>8.9</ele>
      </trkpt>
      <trkpt lat="58.76577" lon="23.98385">
        <ele>8.9</ele>
      </trkpt>
      <trkpt lat="58.7657" lon="23.98248">
        <ele>9.8</ele>
      </trkpt>
      <trkpt lat="58.76558" lon="23.98112">
        <ele>9.0</ele>
      </trkpt>
      <trkpt lat="58.76548" lon="23.98046">
        <ele>8.6</ele>
      </trkpt>
      <trkpt lat="58.76531" lon="23.97952">
        <ele>8.7</ele>
      </trkpt>
      <trkpt lat="58.76506" lon="23.97841">
        <ele>9.8</ele>
      </trkpt>
      <trkpt lat="58.76485" lon="23.97765">
        <ele>11.0</ele>
      </trkpt>
      <trkpt lat="58.76459" lon="23.97694">
        <ele>11.8</ele>
      </trkpt>
      <trkpt lat="58.76433" lon="23.97622">
        <ele>12.6</ele>
      </trkpt>
      <trkpt lat="58.7639" lon="23.9752">
        <ele>12.1</ele>
      </trkpt>
      <trkpt lat="58.76347" lon="23.97417">
        <ele>9.8</ele>
      </trkpt>
      <trkpt lat="58.76305" lon="23.97314">
        <ele>7.6</ele>
      </trkpt>
      <trkpt lat="58.76262" lon="23.97212">
        <ele>7.7</ele>
      </trkpt>
      <trkpt lat="58.76211" lon="23.9709">
        <ele>8.0</ele>
      </trkpt>
      <trkpt lat="58.76159" lon="23.96968">
        <ele>8.3</ele>
      </trkpt>
      <trkpt lat="58.76108" lon="23.96846">
        <ele>7.9</ele>
      </trkpt>
      <trkpt lat="58.76094" lon="23.96813">
        <ele>7.8</ele>
      </trkpt>
      <trkpt lat="58.76043" lon="23.96691">
        <ele>7.5</ele>
      </trkpt>
      <trkpt lat="58.76004" lon="23.96585">
        <ele>8.0</ele>
      </trkpt>
      <trkpt lat="58.75965" lon="23.96447">
        <ele>9.0</ele>
      </trkpt>
      <trkpt lat="58.75947" lon="23.96376">
        <ele>9.2</ele>
      </trkpt>
      <trkpt lat="58.75925" lon="23.96275">
        <ele>8.4</ele>
      </trkpt>
      <trkpt lat="58.75904" lon="23.96174">
        <ele>7.7</ele>
      </trkpt>
      <trkpt lat="58.75886" lon="23.96071">
        <ele>7.7</ele>
      </trkpt>
      <trkpt lat="58.75868" lon="23.95968">
        <ele>7.6</ele>
      </trkpt>
      <trkpt lat="58.7586" lon="23.95866">
        <ele>7.7</ele>
      </trkpt>
      <trkpt lat="58.75859" lon="23.95812">
        <ele>8.0</ele>
      </trkpt>
      <trkpt lat="58.75862" lon="23.95668">
        <ele>9.7</ele>
      </trkpt>
      <trkpt lat="58.75866" lon="23.95542">
        <ele>9.4</ele>
      </trkpt>
      <trkpt lat="58.7587" lon="23.95416">
        <ele>8.4</ele>
      </trkpt>
      <trkpt lat="58.75875" lon="23.95313">
        <ele>8.0</ele>
      </trkpt>
      <trkpt lat="58.75882" lon="23.95226">
        <ele>8.0</ele>
      </trkpt>
      <trkpt lat="58.75893" lon="23.95129">
        <ele>7.8</ele>
      </trkpt>
      <trkpt lat="58.75904" lon="23.95032">
        <ele>7.3</ele>
      </trkpt>
      <trkpt lat="58.75919" lon="23.94937">
        <ele>8.5</ele>
      </trkpt>
      <trkpt lat="58.75934" lon="23.94842">
        <ele>10.4</ele>
      </trkpt>
      <trkpt lat="58.75963" lon="23.94696">
        <ele>11.2</ele>
      </trkpt>
      <trkpt lat="58.75984" lon="23.9459">
        <ele>10.8</ele>
      </trkpt>
      <trkpt lat="58.76006" lon="23.94484">
        <ele>10.1</ele>
      </trkpt>
      <trkpt lat="58.76033" lon="23.94368">
        <ele>10.2</ele>
      </trkpt>
      <trkpt lat="58.7606" lon="23.94253">
        <ele>9.6</ele>
      </trkpt>
      <trkpt lat="58.76087" lon="23.94138">
        <ele>9.2</ele>
      </trkpt>
      <trkpt lat="58.76124" lon="23.93985">
        <ele>8.5</ele>
      </trkpt>
      <trkpt lat="58.76152" lon="23.93891">
        <ele>7.5</ele>
      </trkpt>
      <trkpt lat="58.76176" lon="23.93821">
        <ele>7.2</ele>
      </trkpt>
      <trkpt lat="58.76223" lon="23.93695">
        <ele>7.9</ele>
      </trkpt>
      <trkpt lat="58.76256" lon="23.93614">
        <ele>7.6</ele>
      </trkpt>
      <trkpt lat="58.7629" lon="23.93532">
        <ele>8.1</ele>
      </trkpt>
      <trkpt lat="58.76317" lon="23.93472">
        <ele>8.5</ele>
      </trkpt>
      <trkpt lat="58.7636" lon="23.93397">
        <ele>9.3</ele>
      </trkpt>
      <trkpt lat="58.76402" lon="23.93321">
        <ele>9.7</ele>
      </trkpt>
      <trkpt lat="58.76466" lon="23.93223">
        <ele>8.2</ele>
      </trkpt>
      <trkpt lat="58.7653" lon="23.93124">
        <ele>7.4</ele>
      </trkpt>
      <trkpt lat="58.76595" lon="23.93025">
        <ele>9.5</ele>
      </trkpt>
      <trkpt lat="58.76657" lon="23.92938">
        <ele>8.9</ele>
      </trkpt>
      <trkpt lat="58.76719" lon="23.92851">
        <ele>9.0</ele>
      </trkpt>
      <trkpt lat="58.76782" lon="23.92764">
        <ele>9.1</ele>
      </trkpt>
      <trkpt lat="58.76844" lon="23.92677">
        <ele>9.1</ele>
      </trkpt>
      <trkpt lat="58.76906" lon="23.9259">
        <ele>9.1</ele>
      </trkpt>
      <trkpt lat="58.76969" lon="23.92503">
        <ele>9.6</ele>
      </trkpt>
      <trkpt lat="58.77006" lon="23.92463">
        <ele>9.7</ele>
      </trkpt>
      <trkpt lat="58.77049" lon="23.92412">
        <ele>10.1</ele>
      </trkpt>
      <trkpt lat="58.77093" lon="23.92362">
        <ele>10.5</ele>
      </trkpt>
      <trkpt lat="58.77162" lon="23.92296">
        <ele>10.5</ele>
      </trkpt>
      <trkpt lat="58.77231" lon="23.9223">
        <ele>10.0</ele>
      </trkpt>
      <trkpt lat="58.773" lon="23.92164">
        <ele>10.0</ele>
      </trkpt>
      <trkpt lat="58.77369" lon="23.92098">
        <ele>9.1</ele>
      </trkpt>
      <trkpt lat="58.77414" lon="23.92051">
        <ele>9.0</ele>
      </trkpt>
      <trkpt lat="58.77441" lon="23.92018">
        <ele>9.3</ele>
      </trkpt>
      <trkpt lat="58.7747" lon="23.91972">
        <ele>9.6</ele>
      </trkpt>
      <trkpt lat="58.77509" lon="23.91899">
        <ele>10.1</ele>
      </trkpt>
      <trkpt lat="58.77567" lon="23.91773">
        <ele>10.2</ele>
      </trkpt>
      <trkpt lat="58.77624" lon="23.91647">
        <ele>10.1</ele>
      </trkpt>
      <trkpt lat="58.77682" lon="23.91522">
        <ele>10.8</ele>
      </trkpt>
      <trkpt lat="58.77728" lon="23.91426">
        <ele>10.0</ele>
      </trkpt>
      <trkpt lat="58.77781" lon="23.91331">
        <ele>10.0</ele>
      </trkpt>
      <trkpt lat="58.77834" lon="23.91235">
        <ele>10.0</ele>
      </trkpt>
      <trkpt lat="58.77889" lon="23.91138">
        <ele>10.6</ele>
      </trkpt>
      <trkpt lat="58.77945" lon="23.9104">
        <ele>11.3</ele>
      </trkpt>
      <trkpt lat="58.78001" lon="23.90943">
        <ele>12.7</ele>
      </trkpt>
      <trkpt lat="58.78061" lon="23.90833">
        <ele>12.5</ele>
      </trkpt>
      <trkpt lat="58.78094" lon="23.90762">
        <ele>11.2</ele>
      </trkpt>
      <trkpt lat="58.78127" lon="23.90692">
        <ele>11.5</ele>
      </trkpt>
      <trkpt lat="58.78184" lon="23.90565">
        <ele>10.6</ele>
      </trkpt>
      <trkpt lat="58.78241" lon="23.90438">
        <ele>9.9</ele>
      </trkpt>
      <trkpt lat="58.78288" lon="23.90314">
        <ele>9.8</ele>
      </trkpt>
      <trkpt lat="58.78327" lon="23.90189">
        <ele>9.0</ele>
      </trkpt>
      <trkpt lat="58.78364" lon="23.90039">
        <ele>9.3</ele>
      </trkpt>
      <trkpt lat="58.78386" lon="23.89934">
        <ele>9.5</ele>
      </trkpt>
      <trkpt lat="58.7841" lon="23.89786">
        <ele>9.8</ele>
      </trkpt>
      <trkpt lat="58.78435" lon="23.89637">
        <ele>10.7</ele>
      </trkpt>
      <trkpt lat="58.78459" lon="23.89489">
        <ele>11.0</ele>
      </trkpt>
      <trkpt lat="58.78483" lon="23.89341">
        <ele>10.6</ele>
      </trkpt>
      <trkpt lat="58.78507" lon="23.89193">
        <ele>11.8</ele>
      </trkpt>
      <trkpt lat="58.78531" lon="23.89045">
        <ele>11.8</ele>
      </trkpt>
      <trkpt lat="58.78554" lon="23.88911">
        <ele>10.7</ele>
      </trkpt>
      <trkpt lat="58.78577" lon="23.88777">
        <ele>10.2</ele>
      </trkpt>
      <trkpt lat="58.78605" lon="23.88647">
        <ele>10.2</ele>
      </trkpt>
      <trkpt lat="58.7864" lon="23.88519">
        <ele>10.6</ele>
      </trkpt>
      <trkpt lat="58.78687" lon="23.88373">
        <ele>9.8</ele>
      </trkpt>
      <trkpt lat="58.78734" lon="23.88227">
        <ele>10.2</ele>
      </trkpt>
      <trkpt lat="58.78781" lon="23.88082">
        <ele>11.0</ele>
      </trkpt>
      <trkpt lat="58.78829" lon="23.87936">
        <ele>11.8</ele>
      </trkpt>
      <trkpt lat="58.78876" lon="23.8779">
        <ele>12.7</ele>
      </trkpt>
      <trkpt lat="58.78924" lon="23.87644">
        <ele>12.3</ele>
      </trkpt>
      <trkpt lat="58.78971" lon="23.87498">
        <ele>13.9</ele>
      </trkpt>
      <trkpt lat="58.79019" lon="23.87352">
        <ele>15.5</ele>
      </trkpt>
      <trkpt lat="58.79067" lon="23.87206">
        <ele>15.2</ele>
      </trkpt>
      <trkpt lat="58.79114" lon="23.8706">
        <ele>14.7</ele>
      </trkpt>
      <trkpt lat="58.79162" lon="23.86914">
        <ele>15.9</ele>
      </trkpt>
      <trkpt lat="58.79198" lon="23.86809">
        <ele>16.0</ele>
      </trkpt>
      <trkpt lat="58.79234" lon="23.86718">
        <ele>16.0</ele>
      </trkpt>
      <trkpt lat="58.79262" lon="23.86652">
        <ele>15.9</ele>
      </trkpt>
      <trkpt lat="58.79292" lon="23.86589">
        <ele>16.0</ele>
      </trkpt>
      <trkpt lat="58.79323" lon="23.8653">
        <ele>16.0</ele>
      </trkpt>
      <trkpt lat="58.79369" lon="23.8645">
        <ele>15.7</ele>
      </trkpt>
      <trkpt lat="58.79418" lon="23.86374">
        <ele>16.0</ele>
      </trkpt>
      <trkpt lat="58.79459" lon="23.86319">
        <ele>16.0</ele>
      </trkpt>
      <trkpt lat="58.79501" lon="23.86263">
        <ele>16.0</ele>
      </trkpt>
      <trkpt lat="58.79547" lon="23.86207">
        <ele>16.0</ele>
      </trkpt>
      <trkpt lat="58.79593" lon="23.86151">
        <ele>16.0</ele>
      </trkpt>
      <trkpt lat="58.79655" lon="23.86079">
        <ele>16.9</ele>
      </trkpt>
      <trkpt lat="58.79717" lon="23.86007">
        <ele>17.0</ele>
      </trkpt>
      <trkpt lat="58.7978" lon="23.85935">
        <ele>15.9</ele>
      </trkpt>
      <trkpt lat="58.79842" lon="23.85862">
        <ele>15.0</ele>
      </trkpt>
      <trkpt lat="58.79915" lon="23.85772">
        <ele>15.7</ele>
      </trkpt>
      <trkpt lat="58.79961" lon="23.8571">
        <ele>14.9</ele>
      </trkpt>
      <trkpt lat="58.80006" lon="23.85647">
        <ele>14.4</ele>
      </trkpt>
      <trkpt lat="58.80053" lon="23.85576">
        <ele>14.8</ele>
      </trkpt>
      <trkpt lat="58.801" lon="23.85506">
        <ele>14.0</ele>
      </trkpt>
      <trkpt lat="58.80167" lon="23.85399">
        <ele>14.0</ele>
      </trkpt>
      <trkpt lat="58.80233" lon="23.85291">
        <ele>15.4</ele>
      </trkpt>
      <trkpt lat="58.803" lon="23.85184">
        <ele>16.0</ele>
      </trkpt>
      <trkpt lat="58.80367" lon="23.85077">
        <ele>15.2</ele>
      </trkpt>
      <trkpt lat="58.80409" lon="23.84996">
        <ele>14.2</ele>
      </trkpt>
      <trkpt lat="58.80451" lon="23.84901">
        <ele>14.6</ele>
      </trkpt>
      <trkpt lat="58.80468" lon="23.84858">
        <ele>14.4</ele>
      </trkpt>
      <trkpt lat="58.80501" lon="23.84762">
        <ele>13.1</ele>
      </trkpt>
      <trkpt lat="58.80525" lon="23.84687">
        <ele>13.0</ele>
      </trkpt>
      <trkpt lat="58.80549" lon="23.84593">
        <ele>12.1</ele>
      </trkpt>
      <trkpt lat="58.805641" lon="23.845152">
        <ele>12.0</ele>
      </trkpt>
      <trkpt lat="58.80564" lon="23.84515">
        <ele>12.0</ele>
      </trkpt>
      <trkpt lat="58.80576" lon="23.84454">
        <ele>12.0</ele>
      </trkpt>
      <trkpt lat="58.80602" lon="23.84462">
        <ele>12.6</ele>
      </trkpt>
      <trkpt lat="58.80621" lon="23.84458">
        <ele>13.1</ele>
      </trkpt>
      <trkpt lat="58.8064" lon="23.84445">
        <ele>13.6</ele>
      </trkpt>
      <trkpt lat="58.80691" lon="23.84362">
        <ele>13.8</ele>
      </trkpt>
      <trkpt lat="58.80719" lon="23.84319">
        <ele>14.1</ele>
      </trkpt>
      <trkpt lat="58.80743" lon="23.84289">
        <ele>14.3</ele>
      </trkpt>
      <trkpt lat="58.80765" lon="23.84267">
        <ele>14.1</ele>
      </trkpt>
      <trkpt lat="58.80816" lon="23.84227">
        <ele>14.0</ele>
      </trkpt>
      <trkpt lat="58.80866" lon="23.84188">
        <ele>14.7</ele>
      </trkpt>
      <trkpt lat="58.80936" lon="23.84123">
        <ele>15.2</ele>
      </trkpt>
      <trkpt lat="58.81006" lon="23.84059">
        <ele>14.1</ele>
      </trkpt>
      <trkpt lat="58.81076" lon="23.83995">
        <ele>14.9</ele>
      </trkpt>
      <trkpt lat="58.81137" lon="23.83944">
        <ele>13.7</ele>
      </trkpt>
      <trkpt lat="58.81199" lon="23.83894">
        <ele>13.0</ele>
      </trkpt>
      <trkpt lat="58.81258" lon="23.83836">
        <ele>13.2</ele>
      </trkpt>
      <trkpt lat="58.81312" lon="23.83778">
        <ele>14.0</ele>
      </trkpt>
      <trkpt lat="58.81366" lon="23.83733">
        <ele>13.9</ele>
      </trkpt>
      <trkpt lat="58.8142" lon="23.83696">
        <ele>14.0</ele>
      </trkpt>
      <trkpt lat="58.81474" lon="23.8366">
        <ele>14.7</ele>
      </trkpt>
      <trkpt lat="58.81533" lon="23.83615">
        <ele>15.2</ele>
      </trkpt>
      <trkpt lat="58.81591" lon="23.8357">
        <ele>15.9</ele>
      </trkpt>
      <trkpt lat="58.81617" lon="23.83553">
        <ele>15.6</ele>
      </trkpt>
      <trkpt lat="58.81649" lon="23.8354">
        <ele>15.2</ele>
      </trkpt>
      <trkpt lat="58.81694" lon="23.83525">
        <ele>15.2</ele>
      </trkpt>
      <trkpt lat="58.81739" lon="23.8351">
        <ele>15.8</ele>
      </trkpt>
      <trkpt lat="58.81767" lon="23.83495">
        <ele>16.1</ele>
      </trkpt>
      <trkpt lat="58.81793" lon="23.83475">
        <ele>16.2</ele>
      </trkpt>
      <trkpt lat="58.81839" lon="23.83428">
        <ele>16.1</ele>
      </trkpt>
      <trkpt lat="58.81857" lon="23.83402">
        <ele>16.0</ele>
      </trkpt>
      <trkpt lat="58.8187" lon="23.8337">
        <ele>16.0</ele>
      </trkpt>
      <trkpt lat="58.81895" lon="23.83277">
        <ele>15.3</ele>
      </trkpt>
      <trkpt lat="58.81919" lon="23.83184">
        <ele>15.0</ele>
      </trkpt>
      <trkpt lat="58.81959" lon="23.83053">
        <ele>14.5</ele>
      </trkpt>
      <trkpt lat="58.82" lon="23.82923">
        <ele>14.9</ele>
      </trkpt>
      <trkpt lat="58.8204" lon="23.82793">
        <ele>14.0</ele>
      </trkpt>
      <trkpt lat="58.8204" lon="23.82793">
        <ele>14.0</ele>
      </trkpt>
      <trkpt lat="58.82056" lon="23.82742">
        <ele>13.3</ele>
      </trkpt>
      <trkpt lat="58.82072" lon="23.82701">
        <ele>13.1</ele>
      </trkpt>
      <trkpt lat="58.82091" lon="23.82668">
        <ele>13.0</ele>
      </trkpt>
      <trkpt lat="58.82111" lon="23.82645">
        <ele>13.2</ele>
      </trkpt>
      <trkpt lat="58.82133" lon="23.82629">
        <ele>13.2</ele>
      </trkpt>
      <trkpt lat="58.82157" lon="23.8262">
        <ele>13.1</ele>
      </trkpt>
      <trkpt lat="58.8221" lon="23.8263">
        <ele>12.5</ele>
      </trkpt>
      <trkpt lat="58.82244" lon="23.82623">
        <ele>12.1</ele>
      </trkpt>
      <trkpt lat="58.82295" lon="23.82604">
        <ele>12.5</ele>
      </trkpt>
      <trkpt lat="58.82309" lon="23.82591">
        <ele>12.7</ele>
      </trkpt>
      <trkpt lat="58.82318" lon="23.82577">
        <ele>12.8</ele>
      </trkpt>
      <trkpt lat="58.82324" lon="23.82563">
        <ele>12.9</ele>
      </trkpt>
      <trkpt lat="58.82329" lon="23.82544">
        <ele>12.9</ele>
      </trkpt>
      <trkpt lat="58.82351" lon="23.82418">
        <ele>12.4</ele>
      </trkpt>
      <trkpt lat="58.82363" lon="23.82378">
        <ele>12.5</ele>
      </trkpt>
      <trkpt lat="58.82377" lon="23.8234">
        <ele>12.6</ele>
      </trkpt>
      <trkpt lat="58.82396" lon="23.82307">
        <ele>12.4</ele>
      </trkpt>
      <trkpt lat="58.82419" lon="23.8228">
        <ele>12.4</ele>
      </trkpt>
      <trkpt lat="58.82437" lon="23.82265">
        <ele>12.4</ele>
      </trkpt>
      <trkpt lat="58.82454" lon="23.82257">
        <ele>12.5</ele>
      </trkpt>
      <trkpt lat="58.82475" lon="23.82257">
        <ele>12.8</ele>
      </trkpt>
      <trkpt lat="58.82545" lon="23.82272">
        <ele>12.6</ele>
      </trkpt>
      <trkpt lat="58.82579" lon="23.82275">
        <ele>12.1</ele>
      </trkpt>
      <trkpt lat="58.82615" lon="23.82267">
        <ele>12.1</ele>
      </trkpt>
      <trkpt lat="58.82651" lon="23.82251">
        <ele>12.0</ele>
      </trkpt>
      <trkpt lat="58.82708" lon="23.82211">
        <ele>13.2</ele>
      </trkpt>
      <trkpt lat="58.82769" lon="23.82165">
        <ele>15.0</ele>
      </trkpt>
      <trkpt lat="58.82798" lon="23.8215">
        <ele>14.8</ele>
      </trkpt>
      <trkpt lat="58.82823" lon="23.82142">
        <ele>14.7</ele>
      </trkpt>
      <trkpt lat="58.82874" lon="23.82135">
        <ele>14.6</ele>
      </trkpt>
      <trkpt lat="58.82926" lon="23.82128">
        <ele>14.5</ele>
      </trkpt>
      <trkpt lat="58.82956" lon="23.82117">
        <ele>14.2</ele>
      </trkpt>
      <trkpt lat="58.83018" lon="23.82082">
        <ele>14.0</ele>
      </trkpt>
      <trkpt lat="58.8308" lon="23.82036">
        <ele>14.0</ele>
      </trkpt>
      <trkpt lat="58.83096" lon="23.82024">
        <ele>14.2</ele>
      </trkpt>
      <trkpt lat="58.83107" lon="23.82011">
        <ele>14.3</ele>
      </trkpt>
      <trkpt lat="58.83132" lon="23.81973">
        <ele>14.5</ele>
      </trkpt>
      <trkpt lat="58.83179" lon="23.81881">
        <ele>14.0</ele>
      </trkpt>
      <trkpt lat="58.83203" lon="23.81829">
        <ele>14.1</ele>
      </trkpt>
      <trkpt lat="58.83222" lon="23.81779">
        <ele>14.7</ele>
      </trkpt>
      <trkpt lat="58.83256" lon="23.81678">
        <ele>15.1</ele>
      </trkpt>
      <trkpt lat="58.83266" lon="23.81627">
        <ele>14.7</ele>
      </trkpt>
      <trkpt lat="58.8327" lon="23.8159">
        <ele>14.3</ele>
      </trkpt>
      <trkpt lat="58.83269" lon="23.81546">
        <ele>14.1</ele>
      </trkpt>
      <trkpt lat="58.8326" lon="23.81446">
        <ele>14.5</ele>
      </trkpt>
      <trkpt lat="58.83261" lon="23.81412">
        <ele>14.8</ele>
      </trkpt>
      <trkpt lat="58.83268" lon="23.81371">
        <ele>15.0</ele>
      </trkpt>
      <trkpt lat="58.83281" lon="23.81339">
        <ele>14.8</ele>
      </trkpt>
      <trkpt lat="58.83326" lon="23.81266">
        <ele>13.3</ele>
      </trkpt>
      <trkpt lat="58.83365" lon="23.81212">
        <ele>13.1</ele>
      </trkpt>
      <trkpt lat="58.8337" lon="23.81207">
        <ele>13.1</ele>
      </trkpt>
      <trkpt lat="58.83403" lon="23.81174">
        <ele>13.1</ele>
      </trkpt>
      <trkpt lat="58.83452" lon="23.81132">
        <ele>12.2</ele>
      </trkpt>
      <trkpt lat="58.83477" lon="23.81121">
        <ele>11.7</ele>
      </trkpt>
      <trkpt lat="58.83502" lon="23.81121">
        <ele>11.5</ele>
      </trkpt>
      <trkpt lat="58.83527" lon="23.81128">
        <ele>11.7</ele>
      </trkpt>
      <trkpt lat="58.83595" lon="23.81157">
        <ele>12.6</ele>
      </trkpt>
      <trkpt lat="58.83636" lon="23.81184">
        <ele>12.7</ele>
      </trkpt>
      <trkpt lat="58.83686" lon="23.81233">
        <ele>12.4</ele>
      </trkpt>
      <trkpt lat="58.83736" lon="23.81289">
        <ele>11.8</ele>
      </trkpt>
      <trkpt lat="58.83786" lon="23.81346">
        <ele>12.0</ele>
      </trkpt>
      <trkpt lat="58.83836" lon="23.81412">
        <ele>12.0</ele>
      </trkpt>
      <trkpt lat="58.83847" lon="23.81422">
        <ele>12.0</ele>
      </trkpt>
      <trkpt lat="58.83861" lon="23.81429">
        <ele>12.0</ele>
      </trkpt>
      <trkpt lat="58.8391" lon="23.81432">
        <ele>12.2</ele>
      </trkpt>
      <trkpt lat="58.83959" lon="23.81435">
        <ele>12.6</ele>
      </trkpt>
      <trkpt lat="58.84024" lon="23.81436">
        <ele>12.9</ele>
      </trkpt>
      <trkpt lat="58.84089" lon="23.81437">
        <ele>12.7</ele>
      </trkpt>
      <trkpt lat="58.84118" lon="23.81448">
        <ele>12.5</ele>
      </trkpt>
      <trkpt lat="58.84135" lon="23.81462">
        <ele>12.5</ele>
      </trkpt>
      <trkpt lat="58.84174" lon="23.81503">
        <ele>13.0</ele>
      </trkpt>
      <trkpt lat="58.84192" lon="23.81516">
        <ele>13.0</ele>
      </trkpt>
      <trkpt lat="58.84206" lon="23.81522">
        <ele>13.0</ele>
      </trkpt>
      <trkpt lat="58.84283" lon="23.81523">
        <ele>13.4</ele>
      </trkpt>
      <trkpt lat="58.84329" lon="23.81531">
        <ele>13.9</ele>
      </trkpt>
      <trkpt lat="58.84374" lon="23.81539">
        <ele>14.2</ele>
      </trkpt>
      <trkpt lat="58.84413" lon="23.81537">
        <ele>14.4</ele>
      </trkpt>
      <trkpt lat="58.8443" lon="23.81533">
        <ele>14.4</ele>
      </trkpt>
      <trkpt lat="58.84496" lon="23.81494">
        <ele>13.9</ele>
      </trkpt>
      <trkpt lat="58.84561" lon="23.81454">
        <ele>14.9</ele>
      </trkpt>
      <trkpt lat="58.84617" lon="23.81417">
        <ele>14.6</ele>
      </trkpt>
      <trkpt lat="58.84633" lon="23.81398">
        <ele>14.2</ele>
      </trkpt>
      <trkpt lat="58.84643" lon="23.81381">
        <ele>13.9</ele>
      </trkpt>
      <trkpt lat="58.84653" lon="23.81355">
        <ele>13.4</ele>
      </trkpt>
      <trkpt lat="58.84701" lon="23.81213">
        <ele>13.4</ele>
      </trkpt>
      <trkpt lat="58.84745" lon="23.81088">
        <ele>13.0</ele>
      </trkpt>
      <trkpt lat="58.84785" lon="23.80996">
        <ele>13.0</ele>
      </trkpt>
      <trkpt lat="58.84824" lon="23.80904">
        <ele>13.9</ele>
      </trkpt>
      <trkpt lat="58.84848" lon="23.80845">
        <ele>14.0</ele>
      </trkpt>
      <trkpt lat="58.84885" lon="23.80721">
        <ele>13.6</ele>
      </trkpt>
      <trkpt lat="58.84896" lon="23.80694">
        <ele>13.8</ele>
      </trkpt>
      <trkpt lat="58.84909" lon="23.80668">
        <ele>13.9</ele>
      </trkpt>
      <trkpt lat="58.84936" lon="23.80638">
        <ele>14.3</ele>
      </trkpt>
      <trkpt lat="58.85006" lon="23.80584">
        <ele>16.1</ele>
      </trkpt>
      <trkpt lat="58.85019" lon="23.80566">
        <ele>16.4</ele>
      </trkpt>
      <trkpt lat="58.85035" lon="23.8053">
        <ele>17.1</ele>
      </trkpt>
      <trkpt lat="58.85046" lon="23.80489">
        <ele>17.6</ele>
      </trkpt>
      <trkpt lat="58.85066" lon="23.80452">
        <ele>18.1</ele>
      </trkpt>
      <trkpt lat="58.85084" lon="23.80432">
        <ele>18.8</ele>
      </trkpt>
      <trkpt lat="58.85121" lon="23.80402">
        <ele>18.2</ele>
      </trkpt>
      <trkpt lat="58.85189" lon="23.80352">
        <ele>17.5</ele>
      </trkpt>
      <trkpt lat="58.85257" lon="23.80302">
        <ele>16.7</ele>
      </trkpt>
      <trkpt lat="58.85319" lon="23.80252">
        <ele>16.0</ele>
      </trkpt>
      <trkpt lat="58.85381" lon="23.80203">
        <ele>14.9</ele>
      </trkpt>
      <trkpt lat="58.85443" lon="23.80153">
        <ele>14.5</ele>
      </trkpt>
      <trkpt lat="58.85478" lon="23.80117">
        <ele>14.1</ele>
      </trkpt>
      <trkpt lat="58.85491" lon="23.801">
        <ele>14.0</ele>
      </trkpt>
      <trkpt lat="58.85519" lon="23.80049">
        <ele>14.5</ele>
      </trkpt>
      <trkpt lat="58.85558" lon="23.79966">
        <ele>14.6</ele>
      </trkpt>
      <trkpt lat="58.85581" lon="23.79924">
        <ele>14.1</ele>
      </trkpt>
      <trkpt lat="58.855808" lon="23.799235">
        <ele>14.1</ele>
      </trkpt>
      <trkpt lat="58.85581" lon="23.79924">
        <ele>14.1</ele>
      </trkpt>
      <trkpt lat="58.8561" lon="23.79873">
        <ele>13.0</ele>
      </trkpt>
      <trkpt lat="58.85649" lon="23.79814">
        <ele>12.4</ele>
      </trkpt>
      <trkpt lat="58.85655" lon="23.79806">
        <ele>12.5</ele>
      </trkpt>
      <trkpt lat="58.85678" lon="23.79784">
        <ele>12.4</ele>
      </trkpt>
      <trkpt lat="58.85693" lon="23.79773">
        <ele>12.4</ele>
      </trkpt>
      <trkpt lat="58.85702" lon="23.79769">
        <ele>12.4</ele>
      </trkpt>
      <trkpt lat="58.85701" lon="23.79698">
        <ele>12.4</ele>
      </trkpt>
      <trkpt lat="58.85702" lon="23.79676">
        <ele>12.5</ele>
      </trkpt>
      <trkpt lat="58.85716" lon="23.79592">
        <ele>14.0</ele>
      </trkpt>
      <trkpt lat="58.85727" lon="23.79546">
        <ele>14.4</ele>
      </trkpt>
      <trkpt lat="58.8575" lon="23.79465">
        <ele>14.4</ele>
      </trkpt>
      <trkpt lat="58.85773" lon="23.79385">
        <ele>15.7</ele>
      </trkpt>
      <trkpt lat="58.85793" lon="23.79299">
        <ele>16.3</ele>
      </trkpt>
      <trkpt lat="58.858" lon="23.79257">
        <ele>15.9</ele>
      </trkpt>
      <trkpt lat="58.85813" lon="23.79144">
        <ele>14.5</ele>
      </trkpt>
      <trkpt lat="58.85825" lon="23.7903">
        <ele>12.7</ele>
      </trkpt>
      <trkpt lat="58.85837" lon="23.78917">
        <ele>12.9</ele>
      </trkpt>
      <trkpt lat="58.85863" lon="23.78779">
        <ele>13.2</ele>
      </trkpt>
      <trkpt lat="58.85879" lon="23.78678">
        <ele>12.8</ele>
      </trkpt>
      <trkpt lat="58.85895" lon="23.78577">
        <ele>13.4</ele>
      </trkpt>
      <trkpt lat="58.85908" lon="23.78475">
        <ele>13.6</ele>
      </trkpt>
      <trkpt lat="58.8593" lon="23.78377">
        <ele>13.2</ele>
      </trkpt>
      <trkpt lat="58.85959" lon="23.78301">
        <ele>14.0</ele>
      </trkpt>
      <trkpt lat="58.85989" lon="23.78226">
        <ele>15.5</ele>
      </trkpt>
      <trkpt lat="58.8603" lon="23.78107">
        <ele>15.5</ele>
      </trkpt>
      <trkpt lat="58.86072" lon="23.77988">
        <ele>15.3</ele>
      </trkpt>
      <trkpt lat="58.86114" lon="23.77892">
        <ele>14.4</ele>
      </trkpt>
      <trkpt lat="58.86171" lon="23.77786">
        <ele>15.0</ele>
      </trkpt>
      <trkpt lat="58.86229" lon="23.77681">
        <ele>15.4</ele>
      </trkpt>
      <trkpt lat="58.86276" lon="23.77575">
        <ele>15.8</ele>
      </trkpt>
      <trkpt lat="58.8629" lon="23.77533">
        <ele>15.8</ele>
      </trkpt>
      <trkpt lat="58.86296" lon="23.77505">
        <ele>15.7</ele>
      </trkpt>
      <trkpt lat="58.86297" lon="23.77479">
        <ele>15.6</ele>
      </trkpt>
      <trkpt lat="58.86295" lon="23.77421">
        <ele>15.1</ele>
      </trkpt>
      <trkpt lat="58.86287" lon="23.77335">
        <ele>14.5</ele>
      </trkpt>
      <trkpt lat="58.86279" lon="23.77248">
        <ele>14.0</ele>
      </trkpt>
      <trkpt lat="58.86258" lon="23.77097">
        <ele>13.1</ele>
      </trkpt>
      <trkpt lat="58.86228" lon="23.76946">
        <ele>12.9</ele>
      </trkpt>
      <trkpt lat="58.86199" lon="23.76794">
        <ele>13.5</ele>
      </trkpt>
      <trkpt lat="58.86176" lon="23.76668">
        <ele>15.0</ele>
      </trkpt>
      <trkpt lat="58.86175" lon="23.76618">
        <ele>15.0</ele>
      </trkpt>
      <trkpt lat="58.86177" lon="23.76518">
        <ele>15.0</ele>
      </trkpt>
      <trkpt lat="58.86173" lon="23.76493">
        <ele>14.9</ele>
      </trkpt>
      <trkpt lat="58.86158" lon="23.76436">
        <ele>14.1</ele>
      </trkpt>
      <trkpt lat="58.86114" lon="23.76372">
        <ele>13.4</ele>
      </trkpt>
      <trkpt lat="58.86071" lon="23.76308">
        <ele>12.9</ele>
      </trkpt>
      <trkpt lat="58.8601" lon="23.76243">
        <ele>13.1</ele>
      </trkpt>
      <trkpt lat="58.85996" lon="23.7622">
        <ele>13.4</ele>
      </trkpt>
      <trkpt lat="58.85988" lon="23.76179">
        <ele>13.9</ele>
      </trkpt>
      <trkpt lat="58.85992" lon="23.76128">
        <ele>13.5</ele>
      </trkpt>
      <trkpt lat="58.86016" lon="23.75985">
        <ele>12.8</ele>
      </trkpt>
      <trkpt lat="58.86027" lon="23.75851">
        <ele>12.7</ele>
      </trkpt>
      <trkpt lat="58.86044" lon="23.75688">
        <ele>15.1</ele>
      </trkpt>
      <trkpt lat="58.8606" lon="23.75526">
        <ele>15.5</ele>
      </trkpt>
      <trkpt lat="58.86081" lon="23.75462">
        <ele>15.5</ele>
      </trkpt>
      <trkpt lat="58.86113" lon="23.75415">
        <ele>15.6</ele>
      </trkpt>
      <trkpt lat="58.86165" lon="23.75344">
        <ele>14.2</ele>
      </trkpt>
      <trkpt lat="58.86217" lon="23.75273">
        <ele>14.7</ele>
      </trkpt>
      <trkpt lat="58.86254" lon="23.75214">
        <ele>14.7</ele>
      </trkpt>
      <trkpt lat="58.86295" lon="23.75159">
        <ele>15.5</ele>
      </trkpt>
      <trkpt lat="58.86336" lon="23.75103">
        <ele>16.3</ele>
      </trkpt>
      <trkpt lat="58.86369" lon="23.75027">
        <ele>16.0</ele>
      </trkpt>
      <trkpt lat="58.86403" lon="23.7495">
        <ele>17.3</ele>
      </trkpt>
      <trkpt lat="58.86445" lon="23.74848">
        <ele>18.7</ele>
      </trkpt>
      <trkpt lat="58.86488" lon="23.74747">
        <ele>17.8</ele>
      </trkpt>
      <trkpt lat="58.86531" lon="23.7464">
        <ele>17.7</ele>
      </trkpt>
      <trkpt lat="58.86574" lon="23.74533">
        <ele>17.4</ele>
      </trkpt>
      <trkpt lat="58.86583" lon="23.74511">
        <ele>17.3</ele>
      </trkpt>
      <trkpt lat="58.86638" lon="23.74374">
        <ele>17.0</ele>
      </trkpt>
      <trkpt lat="58.86668" lon="23.74264">
        <ele>17.2</ele>
      </trkpt>
      <trkpt lat="58.86691" lon="23.74203">
        <ele>16.8</ele>
      </trkpt>
      <trkpt lat="58.86703" lon="23.74156">
        <ele>16.7</ele>
      </trkpt>
      <trkpt lat="58.86738" lon="23.7404">
        <ele>17.1</ele>
      </trkpt>
      <trkpt lat="58.86774" lon="23.73924">
        <ele>17.6</ele>
      </trkpt>
      <trkpt lat="58.86809" lon="23.73808">
        <ele>18.5</ele>
      </trkpt>
      <trkpt lat="58.86823" lon="23.73752">
        <ele>19.0</ele>
      </trkpt>
      <trkpt lat="58.86843" lon="23.73624">
        <ele>18.9</ele>
      </trkpt>
      <trkpt lat="58.86863" lon="23.73496">
        <ele>19.4</ele>
      </trkpt>
      <trkpt lat="58.86883" lon="23.73368">
        <ele>20.0</ele>
      </trkpt>
      <trkpt lat="58.86903" lon="23.7324">
        <ele>19.1</ele>
      </trkpt>
      <trkpt lat="58.86908" lon="23.7322">
        <ele>18.8</ele>
      </trkpt>
      <trkpt lat="58.8692" lon="23.7319">
        <ele>18.3</ele>
      </trkpt>
      <trkpt lat="58.86933" lon="23.73164">
        <ele>18.2</ele>
      </trkpt>
      <trkpt lat="58.8697" lon="23.73093">
        <ele>18.1</ele>
      </trkpt>
      <trkpt lat="58.87008" lon="23.73022">
        <ele>18.3</ele>
      </trkpt>
      <trkpt lat="58.87046" lon="23.72946">
        <ele>19.3</ele>
      </trkpt>
      <trkpt lat="58.87083" lon="23.7287">
        <ele>19.4</ele>
      </trkpt>
      <trkpt lat="58.87134" lon="23.72752">
        <ele>20.0</ele>
      </trkpt>
      <trkpt lat="58.87163" lon="23.72679">
        <ele>20.0</ele>
      </trkpt>
      <trkpt lat="58.87193" lon="23.72605">
        <ele>20.1</ele>
      </trkpt>
      <trkpt lat="58.87218" lon="23.7255">
        <ele>20.0</ele>
      </trkpt>
      <trkpt lat="58.87262" lon="23.72477">
        <ele>19.3</ele>
      </trkpt>
      <trkpt lat="58.8733" lon="23.72373">
        <ele>17.5</ele>
      </trkpt>
      <trkpt lat="58.87375" lon="23.7231">
        <ele>17.6</ele>
      </trkpt>
      <trkpt lat="58.87419" lon="23.72246">
        <ele>17.0</ele>
      </trkpt>
      <trkpt lat="58.87433" lon="23.72218">
        <ele>17.0</ele>
      </trkpt>
      <trkpt lat="58.87444" lon="23.72186">
        <ele>16.9</ele>
      </trkpt>
      <trkpt lat="58.87464" lon="23.72096">
        <ele>17.0</ele>
      </trkpt>
      <trkpt lat="58.87469" lon="23.7196">
        <ele>17.0</ele>
      </trkpt>
      <trkpt lat="58.87489" lon="23.71798">
        <ele>17.4</ele>
      </trkpt>
      <trkpt lat="58.87507" lon="23.71718">
        <ele>18.5</ele>
      </trkpt>
      <trkpt lat="58.8751" lon="23.71689">
        <ele>18.9</ele>
      </trkpt>
      <trkpt lat="58.87516" lon="23.71544">
        <ele>19.8</ele>
      </trkpt>
      <trkpt lat="58.8752" lon="23.71396">
        <ele>18.4</ele>
      </trkpt>
      <trkpt lat="58.87524" lon="23.7136">
        <ele>18.0</ele>
      </trkpt>
      <trkpt lat="58.87534" lon="23.71317">
        <ele>17.7</ele>
      </trkpt>
      <trkpt lat="58.87555" lon="23.7127">
        <ele>18.1</ele>
      </trkpt>
      <trkpt lat="58.87588" lon="23.71206">
        <ele>18.9</ele>
      </trkpt>
      <trkpt lat="58.87602" lon="23.71192">
        <ele>18.6</ele>
      </trkpt>
      <trkpt lat="58.87635" lon="23.71181">
        <ele>17.4</ele>
      </trkpt>
      <trkpt lat="58.87694" lon="23.71196">
        <ele>15.3</ele>
      </trkpt>
      <trkpt lat="58.87712" lon="23.71194">
        <ele>14.9</ele>
      </trkpt>
      <trkpt lat="58.87731" lon="23.71182">
        <ele>14.5</ele>
      </trkpt>
      <trkpt lat="58.87751" lon="23.71153">
        <ele>14.2</ele>
      </trkpt>
      <trkpt lat="58.87787" lon="23.71064">
        <ele>14.6</ele>
      </trkpt>
      <trkpt lat="58.87823" lon="23.70976">
        <ele>14.4</ele>
      </trkpt>
      <trkpt lat="58.87833" lon="23.70938">
        <ele>14.7</ele>
      </trkpt>
      <trkpt lat="58.87843" lon="23.70871">
        <ele>15.5</ele>
      </trkpt>
      <trkpt lat="58.87843" lon="23.70825">
        <ele>15.8</ele>
      </trkpt>
      <trkpt lat="58.87837" lon="23.70681">
        <ele>15.0</ele>
      </trkpt>
      <trkpt lat="58.87834" lon="23.70594">
        <ele>15.9</ele>
      </trkpt>
      <trkpt lat="58.8783" lon="23.70507">
        <ele>16.0</ele>
      </trkpt>
      <trkpt lat="58.87827" lon="23.70371">
        <ele>17.4</ele>
      </trkpt>
      <trkpt lat="58.87829" lon="23.70337">
        <ele>17.9</ele>
      </trkpt>
      <trkpt lat="58.87836" lon="23.70287">
        <ele>17.4</ele>
      </trkpt>
      <trkpt lat="58.87839" lon="23.70215">
        <ele>16.5</ele>
      </trkpt>
      <trkpt lat="58.87836" lon="23.70097">
        <ele>16.0</ele>
      </trkpt>
      <trkpt lat="58.87842" lon="23.69947">
        <ele>15.5</ele>
      </trkpt>
      <trkpt lat="58.87836" lon="23.6978">
        <ele>14.4</ele>
      </trkpt>
      <trkpt lat="58.87811" lon="23.6964">
        <ele>14.3</ele>
      </trkpt>
      <trkpt lat="58.87787" lon="23.695">
        <ele>15.0</ele>
      </trkpt>
      <trkpt lat="58.87754" lon="23.69361">
        <ele>16.7</ele>
      </trkpt>
      <trkpt lat="58.87722" lon="23.69222">
        <ele>17.7</ele>
      </trkpt>
      <trkpt lat="58.87705" lon="23.69126">
        <ele>17.5</ele>
      </trkpt>
      <trkpt lat="58.87658" lon="23.68988">
        <ele>17.8</ele>
      </trkpt>
      <trkpt lat="58.8763" lon="23.68918">
        <ele>17.4</ele>
      </trkpt>
      <trkpt lat="58.87603" lon="23.68849">
        <ele>17.8</ele>
      </trkpt>
      <trkpt lat="58.87564" lon="23.68713">
        <ele>19.2</ele>
      </trkpt>
      <trkpt lat="58.87537" lon="23.686">
        <ele>20.4</ele>
      </trkpt>
      <trkpt lat="58.87509" lon="23.68487">
        <ele>20.9</ele>
      </trkpt>
      <trkpt lat="58.87481" lon="23.68349">
        <ele>20.8</ele>
      </trkpt>
      <trkpt lat="58.87452" lon="23.68211">
        <ele>21.4</ele>
      </trkpt>
      <trkpt lat="58.87443" lon="23.68123">
        <ele>20.6</ele>
      </trkpt>
      <trkpt lat="58.87437" lon="23.68031">
        <ele>19.4</ele>
      </trkpt>
      <trkpt lat="58.87431" lon="23.67938">
        <ele>19.7</ele>
      </trkpt>
      <trkpt lat="58.87427" lon="23.678">
        <ele>20.8</ele>
      </trkpt>
      <trkpt lat="58.87432" lon="23.67678">
        <ele>20.5</ele>
      </trkpt>
      <trkpt lat="58.87441" lon="23.67512">
        <ele>17.0</ele>
      </trkpt>
      <trkpt lat="58.8745" lon="23.67345">
        <ele>16.4</ele>
      </trkpt>
      <trkpt lat="58.87461" lon="23.67227">
        <ele>17.0</ele>
      </trkpt>
      <trkpt lat="58.87472" lon="23.67109">
        <ele>18.2</ele>
      </trkpt>
      <trkpt lat="58.87483" lon="23.67006">
        <ele>20.1</ele>
      </trkpt>
      <trkpt lat="58.87495" lon="23.66902">
        <ele>19.1</ele>
      </trkpt>
      <trkpt lat="58.875034" lon="23.668185">
        <ele>18.6</ele>
      </trkpt>
      <trkpt lat="58.87504" lon="23.66819">
        <ele>18.6</ele>
      </trkpt>
      <trkpt lat="58.87506" lon="23.66797">
        <ele>18.0</ele>
      </trkpt>
      <trkpt lat="58.87511" lon="23.66677">
        <ele>15.2</ele>
      </trkpt>
      <trkpt lat="58.87511" lon="23.66677">
        <ele>15.2</ele>
      </trkpt>
      <trkpt lat="58.8762" lon="23.66667">
        <ele>15.4</ele>
      </trkpt>
      <trkpt lat="58.87647" lon="23.66664">
        <ele>15.8</ele>
      </trkpt>
      <trkpt lat="58.87683" lon="23.66662">
        <ele>16.3</ele>
      </trkpt>
      <trkpt lat="58.87716" lon="23.66659">
        <ele>16.7</ele>
      </trkpt>
      <trkpt lat="58.87747" lon="23.66657">
        <ele>17.1</ele>
      </trkpt>
      <trkpt lat="58.87794" lon="23.66654">
        <ele>15.5</ele>
      </trkpt>
      <trkpt lat="58.87904" lon="23.66654">
        <ele>13.3</ele>
      </trkpt>
      <trkpt lat="58.87908" lon="23.66653">
        <ele>13.3</ele>
      </trkpt>
      <trkpt lat="58.87913" lon="23.66649">
        <ele>13.2</ele>
      </trkpt>
      <trkpt lat="58.87917" lon="23.66643">
        <ele>13.3</ele>
      </trkpt>
      <trkpt lat="58.87922" lon="23.66633">
        <ele>13.3</ele>
      </trkpt>
      <trkpt lat="58.87928" lon="23.6662">
        <ele>13.4</ele>
      </trkpt>
      <trkpt lat="58.87935" lon="23.66607">
        <ele>13.5</ele>
      </trkpt>
      <trkpt lat="58.87957" lon="23.66562">
        <ele>13.6</ele>
      </trkpt>
      <trkpt lat="58.87961" lon="23.66553">
        <ele>13.7</ele>
      </trkpt>
      <trkpt lat="58.88014" lon="23.66442">
        <ele>13.3</ele>
      </trkpt>
      <trkpt lat="58.88019" lon="23.66434">
        <ele>13.2</ele>
      </trkpt>
      <trkpt lat="58.88023" lon="23.66428">
        <ele>13.1</ele>
      </trkpt>
      <trkpt lat="58.88032" lon="23.66417">
        <ele>13.0</ele>
      </trkpt>
      <trkpt lat="58.88088" lon="23.66364">
        <ele>13.0</ele>
      </trkpt>
      <trkpt lat="58.88161" lon="23.66293">
        <ele>13.5</ele>
      </trkpt>
      <trkpt lat="58.88286" lon="23.66171">
        <ele>12.6</ele>
      </trkpt>
      <trkpt lat="58.88291" lon="23.66167">
        <ele>12.5</ele>
      </trkpt>
      <trkpt lat="58.88307" lon="23.66151">
        <ele>12.5</ele>
      </trkpt>
      <trkpt lat="58.88323" lon="23.66136">
        <ele>12.5</ele>
      </trkpt>
      <trkpt lat="58.88339" lon="23.6612">
        <ele>12.6</ele>
      </trkpt>
      <trkpt lat="58.88387" lon="23.66075">
        <ele>13.0</ele>
      </trkpt>
      <trkpt lat="58.88403" lon="23.66058">
        <ele>13.0</ele>
      </trkpt>
      <trkpt lat="58.88419" lon="23.66042">
        <ele>13.0</ele>
      </trkpt>
      <trkpt lat="58.88434" lon="23.66027">
        <ele>13.0</ele>
      </trkpt>
      <trkpt lat="58.88497" lon="23.65972">
        <ele>13.3</ele>
      </trkpt>
      <trkpt lat="58.88508" lon="23.65962">
        <ele>13.6</ele>
      </trkpt>
      <trkpt lat="58.88517" lon="23.65954">
        <ele>13.8</ele>
      </trkpt>
      <trkpt lat="58.88521" lon="23.65951">
        <ele>13.8</ele>
      </trkpt>
      <trkpt lat="58.8853" lon="23.65941">
        <ele>14.1</ele>
      </trkpt>
      <trkpt lat="58.8854" lon="23.65927">
        <ele>14.4</ele>
      </trkpt>
      <trkpt lat="58.88546" lon="23.65918">
        <ele>14.5</ele>
      </trkpt>
      <trkpt lat="58.88552" lon="23.65903">
        <ele>14.8</ele>
      </trkpt>
      <trkpt lat="58.88561" lon="23.65879">
        <ele>15.2</ele>
      </trkpt>
      <trkpt lat="58.88567" lon="23.65867">
        <ele>15.4</ele>
      </trkpt>
      <trkpt lat="58.8857" lon="23.65863">
        <ele>15.5</ele>
      </trkpt>
      <trkpt lat="58.88573" lon="23.65859">
        <ele>15.6</ele>
      </trkpt>
      <trkpt lat="58.88577" lon="23.65854">
        <ele>15.7</ele>
      </trkpt>
      <trkpt lat="58.88583" lon="23.65851">
        <ele>15.8</ele>
      </trkpt>
      <trkpt lat="58.88588" lon="23.65849">
        <ele>15.7</ele>
      </trkpt>
      <trkpt lat="58.88622" lon="23.65845">
        <ele>14.5</ele>
      </trkpt>
      <trkpt lat="58.88622" lon="23.65845">
        <ele>14.5</ele>
      </trkpt>
      <trkpt lat="58.88623" lon="23.65827">
        <ele>14.6</ele>
      </trkpt>
      <trkpt lat="58.88628" lon="23.65772">
        <ele>14.3</ele>
      </trkpt>
      <trkpt lat="58.88633" lon="23.65721">
        <ele>14.0</ele>
      </trkpt>
      <trkpt lat="58.88639" lon="23.65599">
        <ele>13.4</ele>
      </trkpt>
      <trkpt lat="58.88642" lon="23.65508">
        <ele>12.9</ele>
      </trkpt>
      <trkpt lat="58.88643" lon="23.65456">
        <ele>12.3</ele>
      </trkpt>
      <trkpt lat="58.88641" lon="23.65426">
        <ele>12.0</ele>
      </trkpt>
      <trkpt lat="58.88638" lon="23.65407">
        <ele>12.0</ele>
      </trkpt>
      <trkpt lat="58.88632" lon="23.65386">
        <ele>12.1</ele>
      </trkpt>
      <trkpt lat="58.88599" lon="23.65304">
        <ele>12.3</ele>
      </trkpt>
      <trkpt lat="58.8855" lon="23.65201">
        <ele>12.0</ele>
      </trkpt>
      <trkpt lat="58.8855" lon="23.65201">
        <ele>12.0</ele>
      </trkpt>
      <trkpt lat="58.88592" lon="23.6511">
        <ele>10.1</ele>
      </trkpt>
      <trkpt lat="58.88599" lon="23.65093">
        <ele>9.7</ele>
      </trkpt>
      <trkpt lat="58.885978" lon="23.650901">
        <ele>9.7</ele>
      </trkpt>
      <trkpt lat="58.88609" lon="23.65061">
        <ele>9.2</ele>
      </trkpt>
      <trkpt lat="58.88617" lon="23.65031">
        <ele>8.8</ele>
      </trkpt>
      <trkpt lat="58.88625" lon="23.64999">
        <ele>8.5</ele>
      </trkpt>
      <trkpt lat="58.88643" lon="23.64909">
        <ele>8.6</ele>
      </trkpt>
      <trkpt lat="58.88661" lon="23.64818">
        <ele>8.0</ele>
      </trkpt>
      <trkpt lat="58.88693" lon="23.64668">
        <ele>6.7</ele>
      </trkpt>
      <trkpt lat="58.88724" lon="23.64518">
        <ele>7.5</ele>
      </trkpt>
      <trkpt lat="58.88756" lon="23.64367">
        <ele>7.0</ele>
      </trkpt>
      <trkpt lat="58.88787" lon="23.64217">
        <ele>7.0</ele>
      </trkpt>
      <trkpt lat="58.88819" lon="23.64067">
        <ele>7.0</ele>
      </trkpt>
      <trkpt lat="58.88848" lon="23.63924">
        <ele>7.0</ele>
      </trkpt>
      <trkpt lat="58.88878" lon="23.6378">
        <ele>6.4</ele>
      </trkpt>
      <trkpt lat="58.88907" lon="23.63637">
        <ele>6.0</ele>
      </trkpt>
      <trkpt lat="58.88988" lon="23.63699">
        <ele>6.0</ele>
      </trkpt>
      <trkpt lat="58.89069" lon="23.6376">
        <ele>6.0</ele>
      </trkpt>
      <trkpt lat="58.8915" lon="23.63822">
        <ele>6.8</ele>
      </trkpt>
      <trkpt lat="58.89231" lon="23.63883">
        <ele>6.2</ele>
      </trkpt>
      <trkpt lat="58.89312" lon="23.63945">
        <ele>6.6</ele>
      </trkpt>
      <trkpt lat="58.89393" lon="23.64006">
        <ele>6.7</ele>
      </trkpt>
      <trkpt lat="58.89474" lon="23.64068">
        <ele>7.0</ele>
      </trkpt>
      <trkpt lat="58.89492" lon="23.6408">
        <ele>7.0</ele>
      </trkpt>
      <trkpt lat="58.89504" lon="23.64098">
        <ele>6.8</ele>
      </trkpt>
      <trkpt lat="58.8954" lon="23.64168">
        <ele>6.5</ele>
      </trkpt>
      <trkpt lat="58.89576" lon="23.64237">
        <ele>6.9</ele>
      </trkpt>
      <trkpt lat="58.89621" lon="23.64323">
        <ele>6.1</ele>
      </trkpt>
      <trkpt lat="58.89666" lon="23.64409">
        <ele>6.0</ele>
      </trkpt>
      <trkpt lat="58.89711" lon="23.64495">
        <ele>6.5</ele>
      </trkpt>
      <trkpt lat="58.89728" lon="23.64524">
        <ele>6.7</ele>
      </trkpt>
      <trkpt lat="58.89739" lon="23.64532">
        <ele>6.9</ele>
      </trkpt>
      <trkpt lat="58.89752" lon="23.64532">
        <ele>7.0</ele>
      </trkpt>
      <trkpt lat="58.8981" lon="23.64476">
        <ele>6.3</ele>
      </trkpt>
      <trkpt lat="58.8989" lon="23.64407">
        <ele>6.0</ele>
      </trkpt>
      <trkpt lat="58.8997" lon="23.64337">
        <ele>6.0</ele>
      </trkpt>
      <trkpt lat="58.9005" lon="23.64267">
        <ele>6.9</ele>
      </trkpt>
      <trkpt lat="58.9013" lon="23.64198">
        <ele>7.0</ele>
      </trkpt>
      <trkpt lat="58.90145" lon="23.64188">
        <ele>7.0</ele>
      </trkpt>
      <trkpt lat="58.90155" lon="23.64185">
        <ele>7.0</ele>
      </trkpt>
      <trkpt lat="58.90165" lon="23.6419">
        <ele>7.0</ele>
      </trkpt>
      <trkpt lat="58.90181" lon="23.64218">
        <ele>6.8</ele>
      </trkpt>
      <trkpt lat="58.90241" lon="23.64331">
        <ele>7.0</ele>
      </trkpt>
      <trkpt lat="58.903" lon="23.64444">
        <ele>7.0</ele>
      </trkpt>
      <trkpt lat="58.9036" lon="23.64557">
        <ele>6.7</ele>
      </trkpt>
      <trkpt lat="58.90416" lon="23.64661">
        <ele>6.0</ele>
      </trkpt>
      <trkpt lat="58.90472" lon="23.64764">
        <ele>6.0</ele>
      </trkpt>
      <trkpt lat="58.90487" lon="23.64802">
        <ele>6.0</ele>
      </trkpt>
      <trkpt lat="58.90498" lon="23.64842">
        <ele>6.0</ele>
      </trkpt>
      <trkpt lat="58.90499" lon="23.64945">
        <ele>6.0</ele>
      </trkpt>
      <trkpt lat="58.90501" lon="23.65049">
        <ele>7.2</ele>
      </trkpt>
      <trkpt lat="58.90505" lon="23.6517">
        <ele>10.0</ele>
      </trkpt>
      <trkpt lat="58.90524" lon="23.65292">
        <ele>10.9</ele>
      </trkpt>
      <trkpt lat="58.90543" lon="23.65413">
        <ele>11.6</ele>
      </trkpt>
      <trkpt lat="58.90544" lon="23.65424">
        <ele>11.5</ele>
      </trkpt>
      <trkpt lat="58.90546" lon="23.65449">
        <ele>11.3</ele>
      </trkpt>
      <trkpt lat="58.90545" lon="23.65556">
        <ele>10.6</ele>
      </trkpt>
      <trkpt lat="58.90547" lon="23.65675">
        <ele>10.6</ele>
      </trkpt>
      <trkpt lat="58.90572" lon="23.65633">
        <ele>11.2</ele>
      </trkpt>
      <trkpt lat="58.90596" lon="23.65586">
        <ele>12.1</ele>
      </trkpt>
      <trkpt lat="58.9064" lon="23.65473">
        <ele>13.0</ele>
      </trkpt>
      <trkpt lat="58.90685" lon="23.6536">
        <ele>13.9</ele>
      </trkpt>
      <trkpt lat="58.90703" lon="23.65306">
        <ele>13.7</ele>
      </trkpt>
      <trkpt lat="58.9077" lon="23.65193">
        <ele>12.6</ele>
      </trkpt>
      <trkpt lat="58.90779" lon="23.65148">
        <ele>11.9</ele>
      </trkpt>
      <trkpt lat="58.90777" lon="23.65117">
        <ele>11.2</ele>
      </trkpt>
      <trkpt lat="58.90771" lon="23.65067">
        <ele>10.3</ele>
      </trkpt>
      <trkpt lat="58.90767" lon="23.64992">
        <ele>9.6</ele>
      </trkpt>
      <trkpt lat="58.90766" lon="23.64929">
        <ele>10.1</ele>
      </trkpt>
      <trkpt lat="58.90759" lon="23.64886">
        <ele>10.6</ele>
      </trkpt>
      <trkpt lat="58.90754" lon="23.64843">
        <ele>10.8</ele>
      </trkpt>
      <trkpt lat="58.90758" lon="23.6481">
        <ele>10.6</ele>
      </trkpt>
      <trkpt lat="58.90795" lon="23.64677">
        <ele>9.9</ele>
      </trkpt>
      <trkpt lat="58.90832" lon="23.64543">
        <ele>9.0</ele>
      </trkpt>
      <trkpt lat="58.90869" lon="23.64402">
        <ele>8.8</ele>
      </trkpt>
      <trkpt lat="58.90907" lon="23.64261">
        <ele>10.6</ele>
      </trkpt>
      <trkpt lat="58.90945" lon="23.64121">
        <ele>12.9</ele>
      </trkpt>
      <trkpt lat="58.90983" lon="23.6398">
        <ele>13.0</ele>
      </trkpt>
      <trkpt lat="58.91021" lon="23.63839">
        <ele>12.7</ele>
      </trkpt>
      <trkpt lat="58.91043" lon="23.63749">
        <ele>12.5</ele>
      </trkpt>
      <trkpt lat="58.91056" lon="23.63708">
        <ele>12.3</ele>
      </trkpt>
      <trkpt lat="58.91083" lon="23.63652">
        <ele>12.0</ele>
      </trkpt>
      <trkpt lat="58.9114" lon="23.63542">
        <ele>12.3</ele>
      </trkpt>
      <trkpt lat="58.91196" lon="23.63433">
        <ele>12.1</ele>
      </trkpt>
      <trkpt lat="58.91241" lon="23.63343">
        <ele>12.0</ele>
      </trkpt>
      <trkpt lat="58.91286" lon="23.63253">
        <ele>13.4</ele>
      </trkpt>
      <trkpt lat="58.9133" lon="23.63164">
        <ele>14.0</ele>
      </trkpt>
      <trkpt lat="58.91354" lon="23.63112">
        <ele>14.7</ele>
      </trkpt>
      <trkpt lat="58.91394" lon="23.62987">
        <ele>15.8</ele>
      </trkpt>
      <trkpt lat="58.91435" lon="23.62863">
        <ele>14.1</ele>
      </trkpt>
      <trkpt lat="58.91472" lon="23.62787">
        <ele>13.5</ele>
      </trkpt>
      <trkpt lat="58.91517" lon="23.62701">
        <ele>13.9</ele>
      </trkpt>
      <trkpt lat="58.91563" lon="23.62615">
        <ele>13.9</ele>
      </trkpt>
      <trkpt lat="58.9158" lon="23.6259">
        <ele>14.0</ele>
      </trkpt>
      <trkpt lat="58.91645" lon="23.62537">
        <ele>11.8</ele>
      </trkpt>
      <trkpt lat="58.91711" lon="23.62485">
        <ele>10.6</ele>
      </trkpt>
      <trkpt lat="58.9178" lon="23.62431">
        <ele>11.3</ele>
      </trkpt>
      <trkpt lat="58.9185" lon="23.62377">
        <ele>11.8</ele>
      </trkpt>
      <trkpt lat="58.91919" lon="23.62323">
        <ele>11.0</ele>
      </trkpt>
      <trkpt lat="58.91988" lon="23.62269">
        <ele>11.0</ele>
      </trkpt>
      <trkpt lat="58.92058" lon="23.62215">
        <ele>9.6</ele>
      </trkpt>
      <trkpt lat="58.92078" lon="23.62195">
        <ele>9.1</ele>
      </trkpt>
      <trkpt lat="58.92141" lon="23.62071">
        <ele>9.4</ele>
      </trkpt>
      <trkpt lat="58.92174" lon="23.6202">
        <ele>9.0</ele>
      </trkpt>
      <trkpt lat="58.92192" lon="23.61976">
        <ele>9.1</ele>
      </trkpt>
      <trkpt lat="58.92209" lon="23.61915">
        <ele>9.5</ele>
      </trkpt>
      <trkpt lat="58.92233" lon="23.61797">
        <ele>9.4</ele>
      </trkpt>
      <trkpt lat="58.92255" lon="23.61716">
        <ele>8.8</ele>
      </trkpt>
      <trkpt lat="58.9231" lon="23.61582">
        <ele>8.7</ele>
      </trkpt>
      <trkpt lat="58.92327" lon="23.61533">
        <ele>8.4</ele>
      </trkpt>
      <trkpt lat="58.92336" lon="23.61499">
        <ele>7.9</ele>
      </trkpt>
      <trkpt lat="58.92338" lon="23.61449">
        <ele>8.5</ele>
      </trkpt>
      <trkpt lat="58.92335" lon="23.61407">
        <ele>9.1</ele>
      </trkpt>
      <trkpt lat="58.92326" lon="23.61356">
        <ele>9.6</ele>
      </trkpt>
      <trkpt lat="58.92314" lon="23.6131">
        <ele>9.3</ele>
      </trkpt>
      <trkpt lat="58.9231" lon="23.61225">
        <ele>8.4</ele>
      </trkpt>
      <trkpt lat="58.92313" lon="23.61188">
        <ele>8.5</ele>
      </trkpt>
      <trkpt lat="58.92321" lon="23.6113">
        <ele>8.3</ele>
      </trkpt>
      <trkpt lat="58.92324" lon="23.61089">
        <ele>7.9</ele>
      </trkpt>
      <trkpt lat="58.92321" lon="23.61038">
        <ele>7.9</ele>
      </trkpt>
      <trkpt lat="58.92314" lon="23.61003">
        <ele>7.8</ele>
      </trkpt>
      <trkpt lat="58.92298" lon="23.60969">
        <ele>7.9</ele>
      </trkpt>
      <trkpt lat="58.92277" lon="23.60936">
        <ele>8.1</ele>
      </trkpt>
      <trkpt lat="58.92269" lon="23.60906">
        <ele>8.2</ele>
      </trkpt>
      <trkpt lat="58.92255" lon="23.60814">
        <ele>8.3</ele>
      </trkpt>
      <trkpt lat="58.92241" lon="23.60722">
        <ele>9.4</ele>
      </trkpt>
      <trkpt lat="58.92219" lon="23.6061">
        <ele>10.0</ele>
      </trkpt>
      <trkpt lat="58.92216" lon="23.60561">
        <ele>10.0</ele>
      </trkpt>
      <trkpt lat="58.9221" lon="23.60524">
        <ele>10.0</ele>
      </trkpt>
      <trkpt lat="58.92181" lon="23.60424">
        <ele>9.1</ele>
      </trkpt>
      <trkpt lat="58.92169" lon="23.60341">
        <ele>9.0</ele>
      </trkpt>
      <trkpt lat="58.92143" lon="23.60212">
        <ele>10.3</ele>
      </trkpt>
      <trkpt lat="58.92138" lon="23.60178">
        <ele>10.3</ele>
      </trkpt>
      <trkpt lat="58.92136" lon="23.60135">
        <ele>10.2</ele>
      </trkpt>
      <trkpt lat="58.92141" lon="23.60092">
        <ele>10.0</ele>
      </trkpt>
      <trkpt lat="58.92152" lon="23.60053">
        <ele>9.9</ele>
      </trkpt>
      <trkpt lat="58.92168" lon="23.60025">
        <ele>10.0</ele>
      </trkpt>
      <trkpt lat="58.9221" lon="23.59957">
        <ele>12.3</ele>
      </trkpt>
      <trkpt lat="58.92251" lon="23.59882">
        <ele>14.0</ele>
      </trkpt>
      <trkpt lat="58.92272" lon="23.59885">
        <ele>14.1</ele>
      </trkpt>
      <trkpt lat="58.9229" lon="23.59879">
        <ele>14.2</ele>
      </trkpt>
      <trkpt lat="58.92329" lon="23.59853">
        <ele>14.7</ele>
      </trkpt>
      <trkpt lat="58.9238" lon="23.5981">
        <ele>15.4</ele>
      </trkpt>
      <trkpt lat="58.9242" lon="23.59771">
        <ele>15.6</ele>
      </trkpt>
      <trkpt lat="58.92473" lon="23.5971">
        <ele>14.1</ele>
      </trkpt>
      <trkpt lat="58.92526" lon="23.59649">
        <ele>12.9</ele>
      </trkpt>
      <trkpt lat="58.92548" lon="23.59631">
        <ele>12.7</ele>
      </trkpt>
      <trkpt lat="58.92564" lon="23.59627">
        <ele>12.8</ele>
      </trkpt>
      <trkpt lat="58.92589" lon="23.59625">
        <ele>13.1</ele>
      </trkpt>
      <trkpt lat="58.92629" lon="23.59634">
        <ele>14.0</ele>
      </trkpt>
      <trkpt lat="58.92688" lon="23.59636">
        <ele>14.9</ele>
      </trkpt>
      <trkpt lat="58.92712" lon="23.5964">
        <ele>15.2</ele>
      </trkpt>
      <trkpt lat="58.92758" lon="23.59652">
        <ele>15.8</ele>
      </trkpt>
      <trkpt lat="58.92832" lon="23.59652">
        <ele>15.8</ele>
      </trkpt>
      <trkpt lat="58.9285" lon="23.59656">
        <ele>15.1</ele>
      </trkpt>
      <trkpt lat="58.92868" lon="23.59669">
        <ele>14.3</ele>
      </trkpt>
      <trkpt lat="58.92868" lon="23.59669">
        <ele>14.3</ele>
      </trkpt>
      <trkpt lat="58.92873" lon="23.59672">
        <ele>14.1</ele>
      </trkpt>
      <trkpt lat="58.92888" lon="23.59688">
        <ele>13.5</ele>
      </trkpt>
      <trkpt lat="58.92904" lon="23.5971">
        <ele>13.0</ele>
      </trkpt>
      <trkpt lat="58.9294" lon="23.59782">
        <ele>13.5</ele>
      </trkpt>
      <trkpt lat="58.92961" lon="23.59821">
        <ele>14.2</ele>
      </trkpt>
      <trkpt lat="58.92981" lon="23.59835">
        <ele>14.2</ele>
      </trkpt>
      <trkpt lat="58.9303" lon="23.5986">
        <ele>14.3</ele>
      </trkpt>
      <trkpt lat="58.93078" lon="23.59872">
        <ele>14.5</ele>
      </trkpt>
      <trkpt lat="58.93134" lon="23.59899">
        <ele>16.1</ele>
      </trkpt>
      <trkpt lat="58.93156" lon="23.59906">
        <ele>16.7</ele>
      </trkpt>
      <trkpt lat="58.93176" lon="23.59902">
        <ele>17.1</ele>
      </trkpt>
      <trkpt lat="58.93253" lon="23.5987">
        <ele>17.9</ele>
      </trkpt>
      <trkpt lat="58.93274" lon="23.59862">
        <ele>17.0</ele>
      </trkpt>
      <trkpt lat="58.93294" lon="23.59842">
        <ele>16.0</ele>
      </trkpt>
      <trkpt lat="58.93326" lon="23.59798">
        <ele>15.1</ele>
      </trkpt>
      <trkpt lat="58.93349" lon="23.59763">
        <ele>15.4</ele>
      </trkpt>
      <trkpt lat="58.93369" lon="23.59727">
        <ele>16.2</ele>
      </trkpt>
      <trkpt lat="58.93409" lon="23.59621">
        <ele>16.9</ele>
      </trkpt>
      <trkpt lat="58.93434" lon="23.59505">
        <ele>15.3</ele>
      </trkpt>
      <trkpt lat="58.93448" lon="23.5942">
        <ele>15.1</ele>
      </trkpt>
      <trkpt lat="58.93462" lon="23.59296">
        <ele>14.9</ele>
      </trkpt>
      <trkpt lat="58.93476" lon="23.59214">
        <ele>13.8</ele>
      </trkpt>
      <trkpt lat="58.93491" lon="23.59155">
        <ele>13.1</ele>
      </trkpt>
      <trkpt lat="58.93503" lon="23.59103">
        <ele>13.8</ele>
      </trkpt>
      <trkpt lat="58.93516" lon="23.59065">
        <ele>13.8</ele>
      </trkpt>
      <trkpt lat="58.93526" lon="23.59047">
        <ele>13.6</ele>
      </trkpt>
      <trkpt lat="58.93546" lon="23.59024">
        <ele>13.1</ele>
      </trkpt>
      <trkpt lat="58.93563" lon="23.59003">
        <ele>12.5</ele>
      </trkpt>
      <trkpt lat="58.93579" lon="23.58977">
        <ele>12.1</ele>
      </trkpt>
      <trkpt lat="58.93605" lon="23.58951">
        <ele>11.2</ele>
      </trkpt>
      <trkpt lat="58.93628" lon="23.58931">
        <ele>10.4</ele>
      </trkpt>
      <trkpt lat="58.93651" lon="23.59098">
        <ele>10.9</ele>
      </trkpt>
      <trkpt lat="58.93674" lon="23.59265">
        <ele>13.1</ele>
      </trkpt>
      <trkpt lat="58.93697" lon="23.59432">
        <ele>14.4</ele>
      </trkpt>
      <trkpt lat="58.9372" lon="23.59599">
        <ele>16.0</ele>
      </trkpt>
      <trkpt lat="58.93743" lon="23.59766">
        <ele>15.0</ele>
      </trkpt>
      <trkpt lat="58.93766" lon="23.59933">
        <ele>12.4</ele>
      </trkpt>
      <trkpt lat="58.93789" lon="23.601">
        <ele>10.7</ele>
      </trkpt>
      <trkpt lat="58.93812" lon="23.60267">
        <ele>10.9</ele>
      </trkpt>
      <trkpt lat="58.93835" lon="23.60435">
        <ele>10.3</ele>
      </trkpt>
      <trkpt lat="58.93858" lon="23.60602">
        <ele>12.0</ele>
      </trkpt>
      <trkpt lat="58.93881" lon="23.60769">
        <ele>11.9</ele>
      </trkpt>
      <trkpt lat="58.93904" lon="23.60936">
        <ele>11.4</ele>
      </trkpt>
      <trkpt lat="58.93927" lon="23.61103">
        <ele>10.6</ele>
      </trkpt>
      <trkpt lat="58.9395" lon="23.6127">
        <ele>11.3</ele>
      </trkpt>
      <trkpt lat="58.93973" lon="23.61437">
        <ele>11.5</ele>
      </trkpt>
      <trkpt lat="58.93996" lon="23.61604">
        <ele>10.9</ele>
      </trkpt>
      <trkpt lat="58.94019" lon="23.61771">
        <ele>9.9</ele>
      </trkpt>
      <trkpt lat="58.94042" lon="23.61938">
        <ele>8.9</ele>
      </trkpt>
      <trkpt lat="58.94065" lon="23.62105">
        <ele>9.8</ele>
      </trkpt>
      <trkpt lat="58.94088" lon="23.62273">
        <ele>10.1</ele>
      </trkpt>
      <trkpt lat="58.94111" lon="23.6244">
        <ele>10.1</ele>
      </trkpt>
      <trkpt lat="58.94134" lon="23.62607">
        <ele>9.8</ele>
      </trkpt>
      <trkpt lat="58.94157" lon="23.62774">
        <ele>9.3</ele>
      </trkpt>
      <trkpt lat="58.9418" lon="23.62941">
        <ele>9.0</ele>
      </trkpt>
      <trkpt lat="58.94203" lon="23.63108">
        <ele>10.0</ele>
      </trkpt>
      <trkpt lat="58.94226" lon="23.63275">
        <ele>9.9</ele>
      </trkpt>
      <trkpt lat="58.94249" lon="23.63442">
        <ele>9.3</ele>
      </trkpt>
      <trkpt lat="58.94272" lon="23.63609">
        <ele>9.8</ele>
      </trkpt>
      <trkpt lat="58.94295" lon="23.63776">
        <ele>9.5</ele>
      </trkpt>
      <trkpt lat="58.94318" lon="23.63943">
        <ele>9.6</ele>
      </trkpt>
      <trkpt lat="58.94341" lon="23.64111">
        <ele>8.8</ele>
      </trkpt>
      <trkpt lat="58.94364" lon="23.64278">
        <ele>8.4</ele>
      </trkpt>
      <trkpt lat="58.94387" lon="23.64445">
        <ele>9.1</ele>
      </trkpt>
      <trkpt lat="58.9441" lon="23.64612">
        <ele>8.8</ele>
      </trkpt>
      <trkpt lat="58.94433" lon="23.64779">
        <ele>8.1</ele>
      </trkpt>
      <trkpt lat="58.94456" lon="23.64946">
        <ele>7.6</ele>
      </trkpt>
      <trkpt lat="58.94479" lon="23.65113">
        <ele>7.6</ele>
      </trkpt>
      <trkpt lat="58.94502" lon="23.6528">
        <ele>7.6</ele>
      </trkpt>
      <trkpt lat="58.94525" lon="23.65447">
        <ele>6.4</ele>
      </trkpt>
      <trkpt lat="58.94548" lon="23.65614">
        <ele>6.5</ele>
      </trkpt>
      <trkpt lat="58.94571" lon="23.65782">
        <ele>6.6</ele>
      </trkpt>
      <trkpt lat="58.94573" lon="23.65781">
        <ele>6.6</ele>
      </trkpt>
      <trkpt lat="58.94583" lon="23.65856">
        <ele>7.0</ele>
      </trkpt>
      <trkpt lat="58.94584" lon="23.65862">
        <ele>7.0</ele>
      </trkpt>
      <trkpt lat="58.94594" lon="23.65949">
        <ele>6.3</ele>
      </trkpt>
      <trkpt lat="58.94598" lon="23.6598">
        <ele>6.3</ele>
      </trkpt>
      <trkpt lat="58.9462" lon="23.6614">
        <ele>6.1</ele>
      </trkpt>
      <trkpt lat="58.94642" lon="23.663">
        <ele>5.8</ele>
      </trkpt>
      <trkpt lat="58.94664" lon="23.6646">
        <ele>6.6</ele>
      </trkpt>
      <trkpt lat="58.94686" lon="23.6662">
        <ele>6.8</ele>
      </trkpt>
      <trkpt lat="58.94708" lon="23.6678">
        <ele>7.2</ele>
      </trkpt>
      <trkpt lat="58.9473" lon="23.6694">
        <ele>6.9</ele>
      </trkpt>
      <trkpt lat="58.94732" lon="23.66953">
        <ele>6.8</ele>
      </trkpt>
      <trkpt lat="58.94754" lon="23.67116">
        <ele>6.6</ele>
      </trkpt>
      <trkpt lat="58.94757" lon="23.67115">
        <ele>6.7</ele>
      </trkpt>
      <trkpt lat="58.94761" lon="23.67145">
        <ele>6.4</ele>
      </trkpt>
      <trkpt lat="58.94776" lon="23.67274">
        <ele>7.3</ele>
      </trkpt>
      <trkpt lat="58.94798" lon="23.67435">
        <ele>8.1</ele>
      </trkpt>
      <trkpt lat="58.9482" lon="23.67595">
        <ele>7.9</ele>
      </trkpt>
      <trkpt lat="58.94842" lon="23.67756">
        <ele>7.1</ele>
      </trkpt>
      <trkpt lat="58.94864" lon="23.67917">
        <ele>8.1</ele>
      </trkpt>
      <trkpt lat="58.94886" lon="23.68078">
        <ele>10.8</ele>
      </trkpt>
      <trkpt lat="58.94908" lon="23.68238">
        <ele>12.9</ele>
      </trkpt>
      <trkpt lat="58.9493" lon="23.68399">
        <ele>12.0</ele>
      </trkpt>
      <trkpt lat="58.94953" lon="23.6856">
        <ele>11.3</ele>
      </trkpt>
      <trkpt lat="58.94975" lon="23.6872">
        <ele>11.7</ele>
      </trkpt>
      <trkpt lat="58.94997" lon="23.68881">
        <ele>11.0</ele>
      </trkpt>
      <trkpt lat="58.9502" lon="23.69049">
        <ele>11.2</ele>
      </trkpt>
      <trkpt lat="58.95043" lon="23.69217">
        <ele>13.1</ele>
      </trkpt>
      <trkpt lat="58.95066" lon="23.69385">
        <ele>15.6</ele>
      </trkpt>
      <trkpt lat="58.95089" lon="23.69553">
        <ele>16.2</ele>
      </trkpt>
      <trkpt lat="58.95112" lon="23.69721">
        <ele>17.3</ele>
      </trkpt>
      <trkpt lat="58.95135" lon="23.69889">
        <ele>17.6</ele>
      </trkpt>
      <trkpt lat="58.95145" lon="23.70007">
        <ele>17.8</ele>
      </trkpt>
      <trkpt lat="58.95153" lon="23.70127">
        <ele>17.1</ele>
      </trkpt>
      <trkpt lat="58.95156" lon="23.70255">
        <ele>16.2</ele>
      </trkpt>
      <trkpt lat="58.95156" lon="23.70369">
        <ele>14.7</ele>
      </trkpt>
      <trkpt lat="58.95152" lon="23.70474">
        <ele>13.5</ele>
      </trkpt>
      <trkpt lat="58.95141" lon="23.70608">
        <ele>13.0</ele>
      </trkpt>
      <trkpt lat="58.9513" lon="23.70723">
        <ele>12.7</ele>
      </trkpt>
      <trkpt lat="58.95115" lon="23.70873">
        <ele>14.0</ele>
      </trkpt>
      <trkpt lat="58.951" lon="23.71024">
        <ele>13.5</ele>
      </trkpt>
      <trkpt lat="58.95092" lon="23.71125">
        <ele>13.6</ele>
      </trkpt>
      <trkpt lat="58.95076" lon="23.71272">
        <ele>13.0</ele>
      </trkpt>
      <trkpt lat="58.9506" lon="23.71419">
        <ele>13.0</ele>
      </trkpt>
      <trkpt lat="58.95042" lon="23.71589">
        <ele>12.5</ele>
      </trkpt>
      <trkpt lat="58.95024" lon="23.7176">
        <ele>11.7</ele>
      </trkpt>
      <trkpt lat="58.95006" lon="23.7193">
        <ele>12.1</ele>
      </trkpt>
      <trkpt lat="58.94989" lon="23.721">
        <ele>12.2</ele>
      </trkpt>
      <trkpt lat="58.94974" lon="23.72248">
        <ele>13.0</ele>
      </trkpt>
      <trkpt lat="58.94959" lon="23.72395">
        <ele>12.7</ele>
      </trkpt>
      <trkpt lat="58.94944" lon="23.72543">
        <ele>14.7</ele>
      </trkpt>
      <trkpt lat="58.94944" lon="23.72543">
        <ele>14.7</ele>
      </trkpt>
      <trkpt lat="58.94927" lon="23.72712">
        <ele>13.5</ele>
      </trkpt>
      <trkpt lat="58.949234" lon="23.727476">
        <ele>13.1</ele>
      </trkpt>
      <trkpt lat="58.94923" lon="23.72749">
        <ele>13.1</ele>
      </trkpt>
      <trkpt lat="58.94945" lon="23.72759">
        <ele>13.3</ele>
      </trkpt>
      <trkpt lat="58.94953" lon="23.72757">
        <ele>13.4</ele>
      </trkpt>
      <trkpt lat="58.94959" lon="23.72775">
        <ele>13.4</ele>
      </trkpt>
      <trkpt lat="58.94985" lon="23.72817">
        <ele>13.7</ele>
      </trkpt>
      <trkpt lat="58.9501" lon="23.72861">
        <ele>14.0</ele>
      </trkpt>
      <trkpt lat="58.95023" lon="23.72869">
        <ele>14.0</ele>
      </trkpt>
      <trkpt lat="58.95051" lon="23.72865">
        <ele>14.0</ele>
      </trkpt>
      <trkpt lat="58.95054" lon="23.72953">
        <ele>14.0</ele>
      </trkpt>
      <trkpt lat="58.95056" lon="23.73041">
        <ele>14.5</ele>
      </trkpt>
      <trkpt lat="58.9506" lon="23.73116">
        <ele>15.7</ele>
      </trkpt>
      <trkpt lat="58.95065" lon="23.73156">
        <ele>16.6</ele>
      </trkpt>
      <trkpt lat="58.95076" lon="23.73204">
        <ele>17.4</ele>
      </trkpt>
      <trkpt lat="58.95075" lon="23.73217">
        <ele>17.6</ele>
      </trkpt>
      <trkpt lat="58.95084" lon="23.73291">
        <ele>19.0</ele>
      </trkpt>
      <trkpt lat="58.95124" lon="23.73388">
        <ele>16.9</ele>
      </trkpt>
      <trkpt lat="58.9515" lon="23.73466">
        <ele>15.8</ele>
      </trkpt>
      <trkpt lat="58.95177" lon="23.73544">
        <ele>15.3</ele>
      </trkpt>
      <trkpt lat="58.95226" lon="23.73672">
        <ele>14.0</ele>
      </trkpt>
      <trkpt lat="58.95276" lon="23.73801">
        <ele>14.0</ele>
      </trkpt>
      <trkpt lat="58.95319" lon="23.73929">
        <ele>14.1</ele>
      </trkpt>
      <trkpt lat="58.95337" lon="23.73988">
        <ele>14.9</ele>
      </trkpt>
      <trkpt lat="58.95349" lon="23.73997">
        <ele>15.0</ele>
      </trkpt>
      <trkpt lat="58.95356" lon="23.74001">
        <ele>15.0</ele>
      </trkpt>
      <trkpt lat="58.95394" lon="23.74027">
        <ele>15.0</ele>
      </trkpt>
      <trkpt lat="58.95424" lon="23.74046">
        <ele>14.9</ele>
      </trkpt>
      <trkpt lat="58.95459" lon="23.74082">
        <ele>14.5</ele>
      </trkpt>
      <trkpt lat="58.95478" lon="23.74102">
        <ele>14.5</ele>
      </trkpt>
      <trkpt lat="58.9552" lon="23.74151">
        <ele>14.6</ele>
      </trkpt>
      <trkpt lat="58.95529" lon="23.74168">
        <ele>14.7</ele>
      </trkpt>
      <trkpt lat="58.95533" lon="23.7419">
        <ele>14.7</ele>
      </trkpt>
      <trkpt lat="58.95551" lon="23.74208">
        <ele>14.7</ele>
      </trkpt>
      <trkpt lat="58.95574" lon="23.7423">
        <ele>14.8</ele>
      </trkpt>
      <trkpt lat="58.95643" lon="23.74312">
        <ele>13.6</ele>
      </trkpt>
      <trkpt lat="58.956624" lon="23.743552">
        <ele>13.4</ele>
      </trkpt>
      <trkpt lat="58.956738" lon="23.743726">
        <ele>13.4</ele>
      </trkpt>
      <trkpt lat="58.95675" lon="23.74373">
        <ele>13.4</ele>
      </trkpt>
      <trkpt lat="58.95674" lon="23.7443">
        <ele>14.2</ele>
      </trkpt>
      <trkpt lat="58.95666" lon="23.74471">
        <ele>15.3</ele>
      </trkpt>
      <trkpt lat="58.9566" lon="23.74519">
        <ele>16.1</ele>
      </trkpt>
      <trkpt lat="58.95664" lon="23.7452">
        <ele>16.0</ele>
      </trkpt>
      <trkpt lat="58.95674" lon="23.74523">
        <ele>15.7</ele>
      </trkpt>
      <trkpt lat="58.95681" lon="23.74528">
        <ele>15.5</ele>
      </trkpt>
      <trkpt lat="58.95682" lon="23.74539">
        <ele>15.4</ele>
      </trkpt>
      <trkpt lat="58.95677" lon="23.74584">
        <ele>15.6</ele>
      </trkpt>
      <trkpt lat="58.95674" lon="23.74629">
        <ele>15.7</ele>
      </trkpt>
      <trkpt lat="58.9566" lon="23.74744">
        <ele>16.0</ele>
      </trkpt>
      <trkpt lat="58.95646" lon="23.7486">
        <ele>15.2</ele>
      </trkpt>
      <trkpt lat="58.95634" lon="23.74956">
        <ele>14.8</ele>
      </trkpt>
      <trkpt lat="58.95622" lon="23.75053">
        <ele>13.5</ele>
      </trkpt>
      <trkpt lat="58.95611" lon="23.75151">
        <ele>11.9</ele>
      </trkpt>
      <trkpt lat="58.956" lon="23.75249">
        <ele>11.8</ele>
      </trkpt>
      <trkpt lat="58.95592" lon="23.75346">
        <ele>11.8</ele>
      </trkpt>
      <trkpt lat="58.95583" lon="23.75443">
        <ele>12.3</ele>
      </trkpt>
      <trkpt lat="58.95579" lon="23.75541">
        <ele>12.9</ele>
      </trkpt>
      <trkpt lat="58.95574" lon="23.75639">
        <ele>12.4</ele>
      </trkpt>
      <trkpt lat="58.95573" lon="23.75756">
        <ele>12.2</ele>
      </trkpt>
      <trkpt lat="58.95574" lon="23.7588">
        <ele>12.7</ele>
      </trkpt>
      <trkpt lat="58.95576" lon="23.76004">
        <ele>14.0</ele>
      </trkpt>
      <trkpt lat="58.95593" lon="23.76013">
        <ele>14.1</ele>
      </trkpt>
      <trkpt lat="58.95637" lon="23.7604">
        <ele>14.1</ele>
      </trkpt>
      <trkpt lat="58.95682" lon="23.76067">
        <ele>14.1</ele>
      </trkpt>
      <trkpt lat="58.95714" lon="23.76094">
        <ele>13.5</ele>
      </trkpt>
      <trkpt lat="58.95731" lon="23.76119">
        <ele>13.2</ele>
      </trkpt>
      <trkpt lat="58.95736" lon="23.76126">
        <ele>13.2</ele>
      </trkpt>
      <trkpt lat="58.95766" lon="23.76186">
        <ele>12.8</ele>
      </trkpt>
      <trkpt lat="58.95784" lon="23.76237">
        <ele>12.6</ele>
      </trkpt>
      <trkpt lat="58.95802" lon="23.76327">
        <ele>13.3</ele>
      </trkpt>
      <trkpt lat="58.95821" lon="23.76416">
        <ele>14.1</ele>
      </trkpt>
      <trkpt lat="58.95827" lon="23.7645">
        <ele>14.5</ele>
      </trkpt>
      <trkpt lat="58.95832" lon="23.76461">
        <ele>14.5</ele>
      </trkpt>
      <trkpt lat="58.95839" lon="23.76464">
        <ele>14.6</ele>
      </trkpt>
      <trkpt lat="58.95917" lon="23.76458">
        <ele>15.0</ele>
      </trkpt>
      <trkpt lat="58.95926" lon="23.76455">
        <ele>15.1</ele>
      </trkpt>
      <trkpt lat="58.96003" lon="23.76422">
        <ele>15.9</ele>
      </trkpt>
      <trkpt lat="58.96029" lon="23.76421">
        <ele>15.9</ele>
      </trkpt>
      <trkpt lat="58.96108" lon="23.76423">
        <ele>15.4</ele>
      </trkpt>
      <trkpt lat="58.96188" lon="23.76425">
        <ele>14.1</ele>
      </trkpt>
      <trkpt lat="58.96236" lon="23.76428">
        <ele>14.1</ele>
      </trkpt>
      <trkpt lat="58.96286" lon="23.76427">
        <ele>14.5</ele>
      </trkpt>
      <trkpt lat="58.96336" lon="23.76419">
        <ele>15.0</ele>
      </trkpt>
      <trkpt lat="58.96336" lon="23.76418">
        <ele>15.0</ele>
      </trkpt>
      <trkpt lat="58.96378" lon="23.76408">
        <ele>15.0</ele>
      </trkpt>
      <trkpt lat="58.96429" lon="23.76392">
        <ele>15.5</ele>
      </trkpt>
      <trkpt lat="58.96494" lon="23.76369">
        <ele>18.3</ele>
      </trkpt>
      <trkpt lat="58.9656" lon="23.76347">
        <ele>19.6</ele>
      </trkpt>
      <trkpt lat="58.96582" lon="23.76344">
        <ele>19.9</ele>
      </trkpt>
      <trkpt lat="58.96601" lon="23.76351">
        <ele>19.4</ele>
      </trkpt>
      <trkpt lat="58.96613" lon="23.76363">
        <ele>19.1</ele>
      </trkpt>
      <trkpt lat="58.96621" lon="23.7638">
        <ele>18.8</ele>
      </trkpt>
      <trkpt lat="58.96627" lon="23.76393">
        <ele>18.6</ele>
      </trkpt>
      <trkpt lat="58.96634" lon="23.76423">
        <ele>18.3</ele>
      </trkpt>
      <trkpt lat="58.96639" lon="23.76459">
        <ele>18.0</ele>
      </trkpt>
      <trkpt lat="58.96647" lon="23.76547">
        <ele>17.8</ele>
      </trkpt>
      <trkpt lat="58.96653" lon="23.76588">
        <ele>17.8</ele>
      </trkpt>
      <trkpt lat="58.96664" lon="23.76644">
        <ele>18.0</ele>
      </trkpt>
      <trkpt lat="58.96676" lon="23.76687">
        <ele>17.7</ele>
      </trkpt>
      <trkpt lat="58.96688" lon="23.76714">
        <ele>17.3</ele>
      </trkpt>
      <trkpt lat="58.96699" lon="23.76731">
        <ele>17.1</ele>
      </trkpt>
      <trkpt lat="58.96713" lon="23.76746">
        <ele>17.0</ele>
      </trkpt>
      <trkpt lat="58.96744" lon="23.76774">
        <ele>17.0</ele>
      </trkpt>
      <trkpt lat="58.96791" lon="23.7682">
        <ele>16.6</ele>
      </trkpt>
      <trkpt lat="58.96839" lon="23.76866">
        <ele>16.1</ele>
      </trkpt>
      <trkpt lat="58.96855" lon="23.76879">
        <ele>16.5</ele>
      </trkpt>
      <trkpt lat="58.96875" lon="23.76888">
        <ele>17.0</ele>
      </trkpt>
      <trkpt lat="58.96892" lon="23.76893">
        <ele>17.4</ele>
      </trkpt>
      <trkpt lat="58.96975" lon="23.76901">
        <ele>17.4</ele>
      </trkpt>
      <trkpt lat="58.9701" lon="23.76913">
        <ele>16.8</ele>
      </trkpt>
      <trkpt lat="58.9703" lon="23.7693">
        <ele>16.2</ele>
      </trkpt>
      <trkpt lat="58.97055" lon="23.76954">
        <ele>15.5</ele>
      </trkpt>
      <trkpt lat="58.97107" lon="23.77007">
        <ele>15.0</ele>
      </trkpt>
      <trkpt lat="58.97129" lon="23.77024">
        <ele>15.0</ele>
      </trkpt>
      <trkpt lat="58.97159" lon="23.7704">
        <ele>15.0</ele>
      </trkpt>
      <trkpt lat="58.97215" lon="23.77066">
        <ele>16.2</ele>
      </trkpt>
      <trkpt lat="58.97222" lon="23.77077">
        <ele>16.3</ele>
      </trkpt>
      <trkpt lat="58.97274" lon="23.76945">
        <ele>15.3</ele>
      </trkpt>
      <trkpt lat="58.97334" lon="23.76818">
        <ele>14.0</ele>
      </trkpt>
      <trkpt lat="58.97381" lon="23.76709">
        <ele>14.0</ele>
      </trkpt>
      <trkpt lat="58.97429" lon="23.766">
        <ele>14.9</ele>
      </trkpt>
      <trkpt lat="58.97476" lon="23.76491">
        <ele>15.7</ele>
      </trkpt>
      <trkpt lat="58.9751" lon="23.76393">
        <ele>16.2</ele>
      </trkpt>
      <trkpt lat="58.97547" lon="23.76328">
        <ele>17.1</ele>
      </trkpt>
      <trkpt lat="58.97583" lon="23.76264">
        <ele>17.2</ele>
      </trkpt>
      <trkpt lat="58.97591" lon="23.7624">
        <ele>17.1</ele>
      </trkpt>
      <trkpt lat="58.97599" lon="23.76211">
        <ele>17.0</ele>
      </trkpt>
      <trkpt lat="58.97605" lon="23.76154">
        <ele>16.6</ele>
      </trkpt>
      <trkpt lat="58.97615" lon="23.76022">
        <ele>15.0</ele>
      </trkpt>
      <trkpt lat="58.97623" lon="23.75961">
        <ele>14.5</ele>
      </trkpt>
      <trkpt lat="58.97633" lon="23.7592">
        <ele>14.2</ele>
      </trkpt>
      <trkpt lat="58.97633" lon="23.7592">
        <ele>14.2</ele>
      </trkpt>
      <trkpt lat="58.97633" lon="23.7592">
        <ele>14.2</ele>
      </trkpt>
      <trkpt lat="58.97646" lon="23.75878">
        <ele>14.2</ele>
      </trkpt>
      <trkpt lat="58.97665" lon="23.75837">
        <ele>14.0</ele>
      </trkpt>
      <trkpt lat="58.97691" lon="23.75792">
        <ele>14.9</ele>
      </trkpt>
      <trkpt lat="58.97761" lon="23.75694">
        <ele>14.5</ele>
      </trkpt>
      <trkpt lat="58.97785" lon="23.75656">
        <ele>14.3</ele>
      </trkpt>
      <trkpt lat="58.97797" lon="23.75628">
        <ele>14.1</ele>
      </trkpt>
      <trkpt lat="58.97806" lon="23.756">
        <ele>13.9</ele>
      </trkpt>
      <trkpt lat="58.97813" lon="23.75571">
        <ele>13.7</ele>
      </trkpt>
      <trkpt lat="58.97824" lon="23.75497">
        <ele>13.8</ele>
      </trkpt>
      <trkpt lat="58.97832" lon="23.75427">
        <ele>14.0</ele>
      </trkpt>
      <trkpt lat="58.97844" lon="23.75355">
        <ele>14.5</ele>
      </trkpt>
      <trkpt lat="58.97854" lon="23.75301">
        <ele>15.1</ele>
      </trkpt>
      <trkpt lat="58.97866" lon="23.75259">
        <ele>15.4</ele>
      </trkpt>
      <trkpt lat="58.9789" lon="23.75206">
        <ele>15.3</ele>
      </trkpt>
      <trkpt lat="58.97952" lon="23.75087">
        <ele>15.3</ele>
      </trkpt>
      <trkpt lat="58.98013" lon="23.74968">
        <ele>16.7</ele>
      </trkpt>
      <trkpt lat="58.98029" lon="23.74928">
        <ele>16.7</ele>
      </trkpt>
      <trkpt lat="58.98039" lon="23.7489">
        <ele>16.8</ele>
      </trkpt>
      <trkpt lat="58.98045" lon="23.74846">
        <ele>16.7</ele>
      </trkpt>
      <trkpt lat="58.98047" lon="23.74793">
        <ele>16.7</ele>
      </trkpt>
      <trkpt lat="58.98043" lon="23.7465">
        <ele>16.5</ele>
      </trkpt>
      <trkpt lat="58.98046" lon="23.7457">
        <ele>16.7</ele>
      </trkpt>
      <trkpt lat="58.98059" lon="23.74492">
        <ele>17.1</ele>
      </trkpt>
      <trkpt lat="58.98075" lon="23.74405">
        <ele>17.7</ele>
      </trkpt>
      <trkpt lat="58.98089" lon="23.74308">
        <ele>18.5</ele>
      </trkpt>
      <trkpt lat="58.98104" lon="23.74212">
        <ele>20.0</ele>
      </trkpt>
      <trkpt lat="58.98133" lon="23.74092">
        <ele>18.2</ele>
      </trkpt>
      <trkpt lat="58.98163" lon="23.73972">
        <ele>17.2</ele>
      </trkpt>
      <trkpt lat="58.98193" lon="23.73851">
        <ele>15.6</ele>
      </trkpt>
      <trkpt lat="58.98228" lon="23.73771">
        <ele>15.6</ele>
      </trkpt>
      <trkpt lat="58.98282" lon="23.73687">
        <ele>15.2</ele>
      </trkpt>
      <trkpt lat="58.98336" lon="23.73603">
        <ele>15.2</ele>
      </trkpt>
      <trkpt lat="58.98375" lon="23.73525">
        <ele>15.0</ele>
      </trkpt>
      <trkpt lat="58.98407" lon="23.73429">
        <ele>14.3</ele>
      </trkpt>
      <trkpt lat="58.98442" lon="23.73291">
        <ele>13.8</ele>
      </trkpt>
      <trkpt lat="58.98476" lon="23.73153">
        <ele>14.3</ele>
      </trkpt>
      <trkpt lat="58.9851" lon="23.73028">
        <ele>14.2</ele>
      </trkpt>
      <trkpt lat="58.98544" lon="23.72904">
        <ele>14.1</ele>
      </trkpt>
      <trkpt lat="58.98566" lon="23.72832">
        <ele>14.6</ele>
      </trkpt>
      <trkpt lat="58.98582" lon="23.72791">
        <ele>14.5</ele>
      </trkpt>
      <trkpt lat="58.98604" lon="23.72744">
        <ele>14.7</ele>
      </trkpt>
      <trkpt lat="58.98656" lon="23.72645">
        <ele>15.4</ele>
      </trkpt>
      <trkpt lat="58.98708" lon="23.72545">
        <ele>16.3</ele>
      </trkpt>
      <trkpt lat="58.9876" lon="23.72445">
        <ele>17.2</ele>
      </trkpt>
      <trkpt lat="58.98802" lon="23.72353">
        <ele>15.9</ele>
      </trkpt>
      <trkpt lat="58.98847" lon="23.72236">
        <ele>13.7</ele>
      </trkpt>
      <trkpt lat="58.98891" lon="23.72118">
        <ele>13.2</ele>
      </trkpt>
      <trkpt lat="58.98935" lon="23.72">
        <ele>13.6</ele>
      </trkpt>
      <trkpt lat="58.98979" lon="23.71883">
        <ele>14.3</ele>
      </trkpt>
      <trkpt lat="58.99024" lon="23.71765">
        <ele>14.8</ele>
      </trkpt>
      <trkpt lat="58.99062" lon="23.71674">
        <ele>14.7</ele>
      </trkpt>
      <trkpt lat="58.99129" lon="23.71564">
        <ele>15.3</ele>
      </trkpt>
      <trkpt lat="58.992" lon="23.71484">
        <ele>16.1</ele>
      </trkpt>
      <trkpt lat="58.99272" lon="23.71405">
        <ele>16.1</ele>
      </trkpt>
      <trkpt lat="58.99343" lon="23.71326">
        <ele>16.8</ele>
      </trkpt>
      <trkpt lat="58.99377" lon="23.71274">
        <ele>16.1</ele>
      </trkpt>
      <trkpt lat="58.9939" lon="23.71253">
        <ele>16.0</ele>
      </trkpt>
      <trkpt lat="58.99405" lon="23.71224">
        <ele>16.0</ele>
      </trkpt>
      <trkpt lat="58.99444" lon="23.71145">
        <ele>15.7</ele>
      </trkpt>
      <trkpt lat="58.99481" lon="23.7108">
        <ele>15.0</ele>
      </trkpt>
      <trkpt lat="58.99524" lon="23.71006">
        <ele>15.3</ele>
      </trkpt>
      <trkpt lat="58.99568" lon="23.70933">
        <ele>16.6</ele>
      </trkpt>
      <trkpt lat="58.99634" lon="23.70822">
        <ele>18.1</ele>
      </trkpt>
      <trkpt lat="58.997" lon="23.70712">
        <ele>19.5</ele>
      </trkpt>
      <trkpt lat="58.99767" lon="23.70601">
        <ele>20.9</ele>
      </trkpt>
      <trkpt lat="58.99833" lon="23.7049">
        <ele>21.0</ele>
      </trkpt>
      <trkpt lat="58.999" lon="23.7038">
        <ele>21.0</ele>
      </trkpt>
      <trkpt lat="58.99966" lon="23.70269">
        <ele>19.2</ele>
      </trkpt>
      <trkpt lat="59.00032" lon="23.70158">
        <ele>20.2</ele>
      </trkpt>
      <trkpt lat="59.00099" lon="23.70048">
        <ele>21.5</ele>
      </trkpt>
      <trkpt lat="59.00156" lon="23.69951">
        <ele>21.5</ele>
      </trkpt>
      <trkpt lat="59.00214" lon="23.69854">
        <ele>20.4</ele>
      </trkpt>
      <trkpt lat="59.00271" lon="23.69757">
        <ele>20.3</ele>
      </trkpt>
      <trkpt lat="59.00328" lon="23.6966">
        <ele>19.8</ele>
      </trkpt>
      <trkpt lat="59.00356" lon="23.69626">
        <ele>20.6</ele>
      </trkpt>
      <trkpt lat="59.00393" lon="23.69588">
        <ele>20.2</ele>
      </trkpt>
      <trkpt lat="59.00441" lon="23.69545">
        <ele>18.6</ele>
      </trkpt>
      <trkpt lat="59.00517" lon="23.69481">
        <ele>18.2</ele>
      </trkpt>
      <trkpt lat="59.00593" lon="23.69417">
        <ele>19.0</ele>
      </trkpt>
      <trkpt lat="59.00669" lon="23.69353">
        <ele>16.8</ele>
      </trkpt>
      <trkpt lat="59.00746" lon="23.69289">
        <ele>18.2</ele>
      </trkpt>
      <trkpt lat="59.00822" lon="23.69225">
        <ele>17.1</ele>
      </trkpt>
      <trkpt lat="59.00898" lon="23.69161">
        <ele>17.7</ele>
      </trkpt>
      <trkpt lat="59.00974" lon="23.69097">
        <ele>19.1</ele>
      </trkpt>
      <trkpt lat="59.0105" lon="23.69033">
        <ele>20.7</ele>
      </trkpt>
      <trkpt lat="59.01126" lon="23.68969">
        <ele>19.4</ele>
      </trkpt>
      <trkpt lat="59.01181" lon="23.68909">
        <ele>15.7</ele>
      </trkpt>
      <trkpt lat="59.01201" lon="23.68881">
        <ele>15.2</ele>
      </trkpt>
      <trkpt lat="59.0126" lon="23.68778">
        <ele>13.2</ele>
      </trkpt>
      <trkpt lat="59.01318" lon="23.68674">
        <ele>12.7</ele>
      </trkpt>
      <trkpt lat="59.01367" lon="23.68582">
        <ele>16.0</ele>
      </trkpt>
      <trkpt lat="59.01416" lon="23.68489">
        <ele>19.2</ele>
      </trkpt>
      <trkpt lat="59.01465" lon="23.68396">
        <ele>18.8</ele>
      </trkpt>
      <trkpt lat="59.01515" lon="23.68304">
        <ele>16.3</ele>
      </trkpt>
      <trkpt lat="59.01565" lon="23.68212">
        <ele>13.7</ele>
      </trkpt>
      <trkpt lat="59.01615" lon="23.6812">
        <ele>13.9</ele>
      </trkpt>
      <trkpt lat="59.01665" lon="23.68028">
        <ele>15.0</ele>
      </trkpt>
      <trkpt lat="59.01698" lon="23.6796">
        <ele>15.6</ele>
      </trkpt>
      <trkpt lat="59.01732" lon="23.67893">
        <ele>16.5</ele>
      </trkpt>
      <trkpt lat="59.01774" lon="23.67798">
        <ele>16.8</ele>
      </trkpt>
      <trkpt lat="59.01816" lon="23.67704">
        <ele>16.9</ele>
      </trkpt>
      <trkpt lat="59.01847" lon="23.67631">
        <ele>17.1</ele>
      </trkpt>
      <trkpt lat="59.01877" lon="23.67558">
        <ele>17.7</ele>
      </trkpt>
      <trkpt lat="59.01931" lon="23.67425">
        <ele>20.6</ele>
      </trkpt>
      <trkpt lat="59.01985" lon="23.67292">
        <ele>22.1</ele>
      </trkpt>
      <trkpt lat="59.02038" lon="23.67159">
        <ele>22.2</ele>
      </trkpt>
      <trkpt lat="59.02092" lon="23.67026">
        <ele>20.7</ele>
      </trkpt>
      <trkpt lat="59.02109" lon="23.66993">
        <ele>19.9</ele>
      </trkpt>
      <trkpt lat="59.0213" lon="23.66958">
        <ele>18.6</ele>
      </trkpt>
      <trkpt lat="59.02168" lon="23.66911">
        <ele>17.0</ele>
      </trkpt>
      <trkpt lat="59.02191" lon="23.66885">
        <ele>16.7</ele>
      </trkpt>
      <trkpt lat="59.02266" lon="23.66815">
        <ele>15.4</ele>
      </trkpt>
      <trkpt lat="59.02336" lon="23.66752">
        <ele>14.1</ele>
      </trkpt>
      <trkpt lat="59.02406" lon="23.66688">
        <ele>14.8</ele>
      </trkpt>
      <trkpt lat="59.02476" lon="23.66624">
        <ele>15.1</ele>
      </trkpt>
      <trkpt lat="59.02546" lon="23.66561">
        <ele>16.1</ele>
      </trkpt>
      <trkpt lat="59.02577" lon="23.66527">
        <ele>16.5</ele>
      </trkpt>
      <trkpt lat="59.02608" lon="23.66489">
        <ele>16.9</ele>
      </trkpt>
      <trkpt lat="59.02654" lon="23.66413">
        <ele>18.5</ele>
      </trkpt>
      <trkpt lat="59.02699" lon="23.66317">
        <ele>18.3</ele>
      </trkpt>
      <trkpt lat="59.02734" lon="23.66196">
        <ele>17.0</ele>
      </trkpt>
      <trkpt lat="59.02757" lon="23.66125">
        <ele>16.6</ele>
      </trkpt>
      <trkpt lat="59.02777" lon="23.66109">
        <ele>16.9</ele>
      </trkpt>
      <trkpt lat="59.02798" lon="23.66089">
        <ele>17.0</ele>
      </trkpt>
      <trkpt lat="59.02849" lon="23.66041">
        <ele>16.6</ele>
      </trkpt>
      <trkpt lat="59.02899" lon="23.65992">
        <ele>16.7</ele>
      </trkpt>
      <trkpt lat="59.02915" lon="23.6598">
        <ele>16.7</ele>
      </trkpt>
      <trkpt lat="59.02932" lon="23.65958">
        <ele>17.0</ele>
      </trkpt>
      <trkpt lat="59.02953" lon="23.65933">
        <ele>17.4</ele>
      </trkpt>
      <trkpt lat="59.03027" lon="23.6584">
        <ele>18.7</ele>
      </trkpt>
      <trkpt lat="59.03102" lon="23.65747">
        <ele>17.8</ele>
      </trkpt>
      <trkpt lat="59.03127" lon="23.65724">
        <ele>17.5</ele>
      </trkpt>
      <trkpt lat="59.03145" lon="23.65719">
        <ele>17.3</ele>
      </trkpt>
      <trkpt lat="59.03168" lon="23.65725">
        <ele>17.0</ele>
      </trkpt>
      <trkpt lat="59.03234" lon="23.65766">
        <ele>16.0</ele>
      </trkpt>
      <trkpt lat="59.033" lon="23.65807">
        <ele>15.5</ele>
      </trkpt>
      <trkpt lat="59.03367" lon="23.65848">
        <ele>15.7</ele>
      </trkpt>
      <trkpt lat="59.03433" lon="23.65889">
        <ele>16.8</ele>
      </trkpt>
      <trkpt lat="59.03498" lon="23.65927">
        <ele>22.1</ele>
      </trkpt>
      <trkpt lat="59.03563" lon="23.65965">
        <ele>25.7</ele>
      </trkpt>
      <trkpt lat="59.03629" lon="23.66003">
        <ele>25.9</ele>
      </trkpt>
      <trkpt lat="59.03694" lon="23.66041">
        <ele>23.5</ele>
      </trkpt>
      <trkpt lat="59.03778" lon="23.66085">
        <ele>19.0</ele>
      </trkpt>
      <trkpt lat="59.03863" lon="23.6613">
        <ele>16.6</ele>
      </trkpt>
      <trkpt lat="59.03947" lon="23.66174">
        <ele>18.1</ele>
      </trkpt>
      <trkpt lat="59.04006" lon="23.66201">
        <ele>20.0</ele>
      </trkpt>
      <trkpt lat="59.04064" lon="23.66228">
        <ele>20.6</ele>
      </trkpt>
      <trkpt lat="59.04076" lon="23.66228">
        <ele>20.7</ele>
      </trkpt>
      <trkpt lat="59.04086" lon="23.6622">
        <ele>20.6</ele>
      </trkpt>
      <trkpt lat="59.04096" lon="23.66196">
        <ele>20.1</ele>
      </trkpt>
      <trkpt lat="59.04106" lon="23.6613">
        <ele>19.3</ele>
      </trkpt>
      <trkpt lat="59.04122" lon="23.66011">
        <ele>18.5</ele>
      </trkpt>
      <trkpt lat="59.04138" lon="23.65893">
        <ele>18.3</ele>
      </trkpt>
      <trkpt lat="59.04152" lon="23.65778">
        <ele>18.8</ele>
      </trkpt>
      <trkpt lat="59.04167" lon="23.65667">
        <ele>20.0</ele>
      </trkpt>
      <trkpt lat="59.04176" lon="23.65633">
        <ele>20.7</ele>
      </trkpt>
      <trkpt lat="59.04187" lon="23.65606">
        <ele>21.1</ele>
      </trkpt>
      <trkpt lat="59.04209" lon="23.65574">
        <ele>21.0</ele>
      </trkpt>
      <trkpt lat="59.04227" lon="23.65529">
        <ele>20.7</ele>
      </trkpt>
      <trkpt lat="59.04253" lon="23.6546">
        <ele>20.9</ele>
      </trkpt>
      <trkpt lat="59.04283" lon="23.65389">
        <ele>21.5</ele>
      </trkpt>
      <trkpt lat="59.04308" lon="23.65346">
        <ele>21.5</ele>
      </trkpt>
      <trkpt lat="59.04376" lon="23.65235">
        <ele>20.1</ele>
      </trkpt>
      <trkpt lat="59.04393" lon="23.65211">
        <ele>20.3</ele>
      </trkpt>
      <trkpt lat="59.04408" lon="23.652">
        <ele>20.5</ele>
      </trkpt>
      <trkpt lat="59.04422" lon="23.65196">
        <ele>20.6</ele>
      </trkpt>
      <trkpt lat="59.04442" lon="23.65199">
        <ele>20.3</ele>
      </trkpt>
      <trkpt lat="59.04467" lon="23.65208">
        <ele>19.9</ele>
      </trkpt>
      <trkpt lat="59.04502" lon="23.65217">
        <ele>19.4</ele>
      </trkpt>
      <trkpt lat="59.04526" lon="23.65215">
        <ele>19.2</ele>
      </trkpt>
      <trkpt lat="59.04548" lon="23.652">
        <ele>19.4</ele>
      </trkpt>
      <trkpt lat="59.04617" lon="23.65146">
        <ele>19.9</ele>
      </trkpt>
      <trkpt lat="59.04647" lon="23.65125">
        <ele>19.9</ele>
      </trkpt>
      <trkpt lat="59.04681" lon="23.65116">
        <ele>19.9</ele>
      </trkpt>
      <trkpt lat="59.04732" lon="23.651">
        <ele>19.8</ele>
      </trkpt>
      <trkpt lat="59.04745" lon="23.65096">
        <ele>19.9</ele>
      </trkpt>
      <trkpt lat="59.0481" lon="23.65064">
        <ele>20.3</ele>
      </trkpt>
      <trkpt lat="59.04874" lon="23.65032">
        <ele>22.2</ele>
      </trkpt>
      <trkpt lat="59.04939" lon="23.65">
        <ele>23.7</ele>
      </trkpt>
      <trkpt lat="59.04983" lon="23.6497">
        <ele>22.8</ele>
      </trkpt>
      <trkpt lat="59.05006" lon="23.64964">
        <ele>22.5</ele>
      </trkpt>
      <trkpt lat="59.05043" lon="23.64964">
        <ele>21.8</ele>
      </trkpt>
      <trkpt lat="59.05126" lon="23.64977">
        <ele>20.1</ele>
      </trkpt>
      <trkpt lat="59.05122" lon="23.64942">
        <ele>20.4</ele>
      </trkpt>
      <trkpt lat="59.05121" lon="23.64912">
        <ele>20.5</ele>
      </trkpt>
      <trkpt lat="59.05125" lon="23.64879">
        <ele>20.5</ele>
      </trkpt>
      <trkpt lat="59.05132" lon="23.64853">
        <ele>20.4</ele>
      </trkpt>
      <trkpt lat="59.05161" lon="23.64784">
        <ele>20.5</ele>
      </trkpt>
      <trkpt lat="59.05171" lon="23.64749">
        <ele>20.9</ele>
      </trkpt>
      <trkpt lat="59.05186" lon="23.64667">
        <ele>20.8</ele>
      </trkpt>
      <trkpt lat="59.05197" lon="23.64597">
        <ele>19.3</ele>
      </trkpt>
      <trkpt lat="59.0521" lon="23.64554">
        <ele>18.8</ele>
      </trkpt>
      <trkpt lat="59.05232" lon="23.64487">
        <ele>18.9</ele>
      </trkpt>
      <trkpt lat="59.05253" lon="23.64449">
        <ele>19.5</ele>
      </trkpt>
      <trkpt lat="59.05279" lon="23.64397">
        <ele>19.3</ele>
      </trkpt>
      <trkpt lat="59.05333" lon="23.64282">
        <ele>18.0</ele>
      </trkpt>
      <trkpt lat="59.05376" lon="23.64206">
        <ele>17.0</ele>
      </trkpt>
      <trkpt lat="59.054" lon="23.64173">
        <ele>16.4</ele>
      </trkpt>
      <trkpt lat="59.05478" lon="23.6409">
        <ele>16.1</ele>
      </trkpt>
      <trkpt lat="59.05555" lon="23.64007">
        <ele>17.3</ele>
      </trkpt>
      <trkpt lat="59.05573" lon="23.63979">
        <ele>18.0</ele>
      </trkpt>
      <trkpt lat="59.05585" lon="23.63952">
        <ele>18.6</ele>
      </trkpt>
      <trkpt lat="59.056" lon="23.63907">
        <ele>19.3</ele>
      </trkpt>
      <trkpt lat="59.05612" lon="23.63855">
        <ele>19.8</ele>
      </trkpt>
      <trkpt lat="59.05626" lon="23.63782">
        <ele>19.4</ele>
      </trkpt>
      <trkpt lat="59.0563" lon="23.63751">
        <ele>19.0</ele>
      </trkpt>
      <trkpt lat="59.05628" lon="23.6371">
        <ele>18.8</ele>
      </trkpt>
      <trkpt lat="59.05625" lon="23.63675">
        <ele>18.6</ele>
      </trkpt>
      <trkpt lat="59.0566" lon="23.63669">
        <ele>18.9</ele>
      </trkpt>
      <trkpt lat="59.0568" lon="23.63658">
        <ele>18.8</ele>
      </trkpt>
      <trkpt lat="59.057" lon="23.63641">
        <ele>18.4</ele>
      </trkpt>
      <trkpt lat="59.05769" lon="23.63565">
        <ele>17.0</ele>
      </trkpt>
      <trkpt lat="59.0582" lon="23.63526">
        <ele>17.0</ele>
      </trkpt>
      <trkpt lat="59.05897" lon="23.63497">
        <ele>17.0</ele>
      </trkpt>
      <trkpt lat="59.05974" lon="23.63467">
        <ele>17.7</ele>
      </trkpt>
      <trkpt lat="59.06051" lon="23.63437">
        <ele>18.6</ele>
      </trkpt>
      <trkpt lat="59.06131" lon="23.63395">
        <ele>19.1</ele>
      </trkpt>
      <trkpt lat="59.06212" lon="23.63353">
        <ele>19.8</ele>
      </trkpt>
      <trkpt lat="59.06293" lon="23.63311">
        <ele>20.2</ele>
      </trkpt>
      <trkpt lat="59.06374" lon="23.63269">
        <ele>21.2</ele>
      </trkpt>
      <trkpt lat="59.06403" lon="23.63238">
        <ele>21.6</ele>
      </trkpt>
      <trkpt lat="59.06425" lon="23.63198">
        <ele>22.0</ele>
      </trkpt>
      <trkpt lat="59.06432" lon="23.63185">
        <ele>22.0</ele>
      </trkpt>
      <trkpt lat="59.06443" lon="23.63178">
        <ele>22.0</ele>
      </trkpt>
      <trkpt lat="59.06453" lon="23.63181">
        <ele>22.1</ele>
      </trkpt>
      <trkpt lat="59.06484" lon="23.63212">
        <ele>22.4</ele>
      </trkpt>
      <trkpt lat="59.06529" lon="23.63263">
        <ele>23.4</ele>
      </trkpt>
      <trkpt lat="59.06578" lon="23.63315">
        <ele>26.0</ele>
      </trkpt>
      <trkpt lat="59.06605" lon="23.6333">
        <ele>26.3</ele>
      </trkpt>
      <trkpt lat="59.0665" lon="23.63342">
        <ele>25.4</ele>
      </trkpt>
      <trkpt lat="59.06676" lon="23.6332">
        <ele>24.4</ele>
      </trkpt>
      <trkpt lat="59.06711" lon="23.6327">
        <ele>23.0</ele>
      </trkpt>
      <trkpt lat="59.06768" lon="23.6317">
        <ele>21.6</ele>
      </trkpt>
      <trkpt lat="59.06825" lon="23.63071">
        <ele>20.1</ele>
      </trkpt>
      <trkpt lat="59.0686" lon="23.63016">
        <ele>19.4</ele>
      </trkpt>
      <trkpt lat="59.06873" lon="23.62992">
        <ele>19.0</ele>
      </trkpt>
      <trkpt lat="59.06887" lon="23.62959">
        <ele>18.5</ele>
      </trkpt>
      <trkpt lat="59.06906" lon="23.62901">
        <ele>18.1</ele>
      </trkpt>
      <trkpt lat="59.06913" lon="23.62869">
        <ele>18.0</ele>
      </trkpt>
      <trkpt lat="59.06918" lon="23.62829">
        <ele>17.9</ele>
      </trkpt>
      <trkpt lat="59.06922" lon="23.62728">
        <ele>17.0</ele>
      </trkpt>
      <trkpt lat="59.06926" lon="23.62627">
        <ele>17.5</ele>
      </trkpt>
      <trkpt lat="59.06932" lon="23.62586">
        <ele>18.0</ele>
      </trkpt>
      <trkpt lat="59.06941" lon="23.62549">
        <ele>18.0</ele>
      </trkpt>
      <trkpt lat="59.06954" lon="23.62515">
        <ele>18.0</ele>
      </trkpt>
      <trkpt lat="59.06986" lon="23.62444">
        <ele>18.0</ele>
      </trkpt>
      <trkpt lat="59.07019" lon="23.62374">
        <ele>17.8</ele>
      </trkpt>
      <trkpt lat="59.07034" lon="23.62328">
        <ele>17.6</ele>
      </trkpt>
      <trkpt lat="59.07048" lon="23.62275">
        <ele>17.4</ele>
      </trkpt>
      <trkpt lat="59.07057" lon="23.62224">
        <ele>17.3</ele>
      </trkpt>
      <trkpt lat="59.07062" lon="23.6217">
        <ele>17.3</ele>
      </trkpt>
      <trkpt lat="59.07064" lon="23.62114">
        <ele>17.9</ele>
      </trkpt>
      <trkpt lat="59.07066" lon="23.61982">
        <ele>18.4</ele>
      </trkpt>
      <trkpt lat="59.07068" lon="23.6185">
        <ele>19.2</ele>
      </trkpt>
      <trkpt lat="59.0707" lon="23.61718">
        <ele>21.2</ele>
      </trkpt>
      <trkpt lat="59.07101" lon="23.61718">
        <ele>21.2</ele>
      </trkpt>
      <trkpt lat="59.07148" lon="23.61696">
        <ele>20.9</ele>
      </trkpt>
      <trkpt lat="59.07195" lon="23.61674">
        <ele>19.9</ele>
      </trkpt>
      <trkpt lat="59.07273" lon="23.61627">
        <ele>17.4</ele>
      </trkpt>
      <trkpt lat="59.07301" lon="23.61611">
        <ele>17.1</ele>
      </trkpt>
      <trkpt lat="59.07381" lon="23.6154">
        <ele>16.4</ele>
      </trkpt>
      <trkpt lat="59.07461" lon="23.6147">
        <ele>16.0</ele>
      </trkpt>
      <trkpt lat="59.07541" lon="23.61399">
        <ele>15.5</ele>
      </trkpt>
      <trkpt lat="59.07569" lon="23.61386">
        <ele>15.2</ele>
      </trkpt>
      <trkpt lat="59.07641" lon="23.61397">
        <ele>13.6</ele>
      </trkpt>
      <trkpt lat="59.07713" lon="23.61407">
        <ele>12.4</ele>
      </trkpt>
      <trkpt lat="59.07784" lon="23.61418">
        <ele>11.6</ele>
      </trkpt>
      <trkpt lat="59.07856" lon="23.61428">
        <ele>11.1</ele>
      </trkpt>
      <trkpt lat="59.07928" lon="23.61439">
        <ele>11.4</ele>
      </trkpt>
      <trkpt lat="59.07985" lon="23.61453">
        <ele>11.9</ele>
      </trkpt>
      <trkpt lat="59.08043" lon="23.61468">
        <ele>14.6</ele>
      </trkpt>
      <trkpt lat="59.08093" lon="23.61462">
        <ele>17.1</ele>
      </trkpt>
      <trkpt lat="59.08144" lon="23.61456">
        <ele>17.4</ele>
      </trkpt>
      <trkpt lat="59.08207" lon="23.6144">
        <ele>14.8</ele>
      </trkpt>
      <trkpt lat="59.08271" lon="23.61424">
        <ele>11.7</ele>
      </trkpt>
      <trkpt lat="59.08334" lon="23.61408">
        <ele>11.0</ele>
      </trkpt>
      <trkpt lat="59.0841" lon="23.6139">
        <ele>10.1</ele>
      </trkpt>
      <trkpt lat="59.08486" lon="23.61372">
        <ele>10.0</ele>
      </trkpt>
      <trkpt lat="59.08562" lon="23.61354">
        <ele>10.2</ele>
      </trkpt>
      <trkpt lat="59.08638" lon="23.61336">
        <ele>10.0</ele>
      </trkpt>
      <trkpt lat="59.08714" lon="23.61319">
        <ele>9.5</ele>
      </trkpt>
      <trkpt lat="59.08747" lon="23.61315">
        <ele>9.2</ele>
      </trkpt>
      <trkpt lat="59.08815" lon="23.61302">
        <ele>9.6</ele>
      </trkpt>
      <trkpt lat="59.08883" lon="23.6129">
        <ele>9.2</ele>
      </trkpt>
      <trkpt lat="59.08951" lon="23.61278">
        <ele>8.9</ele>
      </trkpt>
      <trkpt lat="59.09019" lon="23.61266">
        <ele>9.1</ele>
      </trkpt>
      <trkpt lat="59.09079" lon="23.61248">
        <ele>9.9</ele>
      </trkpt>
      <trkpt lat="59.0914" lon="23.6123">
        <ele>9.8</ele>
      </trkpt>
      <trkpt lat="59.09191" lon="23.61215">
        <ele>9.4</ele>
      </trkpt>
      <trkpt lat="59.09193" lon="23.61186">
        <ele>9.2</ele>
      </trkpt>
      <trkpt lat="59.09194" lon="23.61029">
        <ele>9.0</ele>
      </trkpt>
      <trkpt lat="59.09196" lon="23.60873">
        <ele>9.0</ele>
      </trkpt>
      <trkpt lat="59.09196" lon="23.60762">
        <ele>8.4</ele>
      </trkpt>
      <trkpt lat="59.09197" lon="23.60651">
        <ele>8.5</ele>
      </trkpt>
      <trkpt lat="59.09202" lon="23.60611">
        <ele>9.0</ele>
      </trkpt>
      <trkpt lat="59.09229" lon="23.60497">
        <ele>11.0</ele>
      </trkpt>
      <trkpt lat="59.09256" lon="23.60383">
        <ele>10.8</ele>
      </trkpt>
      <trkpt lat="59.0929" lon="23.60244">
        <ele>10.4</ele>
      </trkpt>
      <trkpt lat="59.09324" lon="23.60105">
        <ele>10.0</ele>
      </trkpt>
      <trkpt lat="59.09358" lon="23.59966">
        <ele>9.8</ele>
      </trkpt>
      <trkpt lat="59.09392" lon="23.59828">
        <ele>10.3</ele>
      </trkpt>
      <trkpt lat="59.09426" lon="23.59689">
        <ele>10.0</ele>
      </trkpt>
      <trkpt lat="59.0946" lon="23.5955">
        <ele>8.8</ele>
      </trkpt>
      <trkpt lat="59.09493" lon="23.59411">
        <ele>9.0</ele>
      </trkpt>
      <trkpt lat="59.09501" lon="23.59389">
        <ele>9.0</ele>
      </trkpt>
      <trkpt lat="59.09497" lon="23.59358">
        <ele>9.0</ele>
      </trkpt>
      <trkpt lat="59.09471" lon="23.59219">
        <ele>9.3</ele>
      </trkpt>
      <trkpt lat="59.09445" lon="23.59081">
        <ele>9.3</ele>
      </trkpt>
      <trkpt lat="59.09418" lon="23.58942">
        <ele>9.0</ele>
      </trkpt>
      <trkpt lat="59.09401" lon="23.58846">
        <ele>9.0</ele>
      </trkpt>
      <trkpt lat="59.09384" lon="23.5875">
        <ele>9.6</ele>
      </trkpt>
      <trkpt lat="59.09377" lon="23.58727">
        <ele>9.5</ele>
      </trkpt>
      <trkpt lat="59.0945" lon="23.58682">
        <ele>9.6</ele>
      </trkpt>
      <trkpt lat="59.09522" lon="23.58636">
        <ele>10.3</ele>
      </trkpt>
      <trkpt lat="59.09595" lon="23.58591">
        <ele>12.8</ele>
      </trkpt>
      <trkpt lat="59.09672" lon="23.58554">
        <ele>13.1</ele>
      </trkpt>
      <trkpt lat="59.09757" lon="23.58501">
        <ele>13.2</ele>
      </trkpt>
      <trkpt lat="59.09781" lon="23.58493">
        <ele>13.8</ele>
      </trkpt>
      <trkpt lat="59.09836" lon="23.58457">
        <ele>15.0</ele>
      </trkpt>
      <trkpt lat="59.09872" lon="23.5844">
        <ele>14.7</ele>
      </trkpt>
      <trkpt lat="59.09944" lon="23.58396">
        <ele>13.9</ele>
      </trkpt>
      <trkpt lat="59.09991" lon="23.58373">
        <ele>13.4</ele>
      </trkpt>
      <trkpt lat="59.10037" lon="23.5835">
        <ele>11.6</ele>
      </trkpt>
      <trkpt lat="59.10112" lon="23.58307">
        <ele>10.4</ele>
      </trkpt>
      <trkpt lat="59.10187" lon="23.58263">
        <ele>11.2</ele>
      </trkpt>
      <trkpt lat="59.10262" lon="23.58219">
        <ele>10.9</ele>
      </trkpt>
      <trkpt lat="59.10277" lon="23.58203">
        <ele>11.2</ele>
      </trkpt>
      <trkpt lat="59.10331" lon="23.58131">
        <ele>12.3</ele>
      </trkpt>
      <trkpt lat="59.10375" lon="23.5808">
        <ele>14.1</ele>
      </trkpt>
      <trkpt lat="59.10397" lon="23.58057">
        <ele>14.4</ele>
      </trkpt>
      <trkpt lat="59.10409" lon="23.58053">
        <ele>14.4</ele>
      </trkpt>
      <trkpt lat="59.10436" lon="23.58051">
        <ele>14.8</ele>
      </trkpt>
      <trkpt lat="59.10462" lon="23.5806">
        <ele>15.2</ele>
      </trkpt>
      <trkpt lat="59.10542" lon="23.58096">
        <ele>15.6</ele>
      </trkpt>
      <trkpt lat="59.10623" lon="23.58133">
        <ele>15.7</ele>
      </trkpt>
      <trkpt lat="59.10686" lon="23.58159">
        <ele>15.2</ele>
      </trkpt>
      <trkpt lat="59.10748" lon="23.58185">
        <ele>13.5</ele>
      </trkpt>
      <trkpt lat="59.10811" lon="23.58212">
        <ele>14.0</ele>
      </trkpt>
      <trkpt lat="59.10826" lon="23.58215">
        <ele>14.0</ele>
      </trkpt>
      <trkpt lat="59.10892" lon="23.58244">
        <ele>14.0</ele>
      </trkpt>
      <trkpt lat="59.10958" lon="23.58274">
        <ele>14.0</ele>
      </trkpt>
      <trkpt lat="59.11004" lon="23.58285">
        <ele>13.5</ele>
      </trkpt>
      <trkpt lat="59.11051" lon="23.58296">
        <ele>12.2</ele>
      </trkpt>
      <trkpt lat="59.11069" lon="23.58298">
        <ele>11.8</ele>
      </trkpt>
      <trkpt lat="59.11077" lon="23.58301">
        <ele>11.5</ele>
      </trkpt>
      <trkpt lat="59.11111" lon="23.58323">
        <ele>10.8</ele>
      </trkpt>
      <trkpt lat="59.11146" lon="23.58324">
        <ele>10.3</ele>
      </trkpt>
      <trkpt lat="59.11158" lon="23.58325">
        <ele>10.1</ele>
      </trkpt>
      <trkpt lat="59.11171" lon="23.58337">
        <ele>9.9</ele>
      </trkpt>
      <trkpt lat="59.11182" lon="23.5836">
        <ele>9.4</ele>
      </trkpt>
      <trkpt lat="59.11218" lon="23.58476">
        <ele>9.2</ele>
      </trkpt>
      <trkpt lat="59.11259" lon="23.58604">
        <ele>11.4</ele>
      </trkpt>
      <trkpt lat="59.11275" lon="23.5866">
        <ele>12.5</ele>
      </trkpt>
      <trkpt lat="59.11292" lon="23.58751">
        <ele>13.0</ele>
      </trkpt>
      <trkpt lat="59.11298" lon="23.58771">
        <ele>13.0</ele>
      </trkpt>
      <trkpt lat="59.11305" lon="23.58785">
        <ele>13.0</ele>
      </trkpt>
      <trkpt lat="59.11316" lon="23.58792">
        <ele>13.2</ele>
      </trkpt>
      <trkpt lat="59.1133" lon="23.58793">
        <ele>13.4</ele>
      </trkpt>
      <trkpt lat="59.11352" lon="23.58783">
        <ele>13.6</ele>
      </trkpt>
      <trkpt lat="59.11394" lon="23.58749">
        <ele>14.0</ele>
      </trkpt>
      <trkpt lat="59.11407" lon="23.58729">
        <ele>14.0</ele>
      </trkpt>
      <trkpt lat="59.11436" lon="23.58702">
        <ele>14.0</ele>
      </trkpt>
      <trkpt lat="59.1145" lon="23.58689">
        <ele>14.0</ele>
      </trkpt>
      <trkpt lat="59.11478" lon="23.58671">
        <ele>14.0</ele>
      </trkpt>
      <trkpt lat="59.11497" lon="23.5865">
        <ele>14.2</ele>
      </trkpt>
      <trkpt lat="59.11515" lon="23.58627">
        <ele>14.5</ele>
      </trkpt>
      <trkpt lat="59.11555" lon="23.58562">
        <ele>15.0</ele>
      </trkpt>
      <trkpt lat="59.11594" lon="23.58498">
        <ele>15.0</ele>
      </trkpt>
      <trkpt lat="59.11606" lon="23.58486">
        <ele>15.1</ele>
      </trkpt>
      <trkpt lat="59.11618" lon="23.58482">
        <ele>15.1</ele>
      </trkpt>
      <trkpt lat="59.11638" lon="23.58491">
        <ele>15.0</ele>
      </trkpt>
      <trkpt lat="59.11649" lon="23.58491">
        <ele>15.0</ele>
      </trkpt>
      <trkpt lat="59.11662" lon="23.5848">
        <ele>15.0</ele>
      </trkpt>
      <trkpt lat="59.11694" lon="23.5844">
        <ele>14.1</ele>
      </trkpt>
      <trkpt lat="59.11708" lon="23.5841">
        <ele>13.5</ele>
      </trkpt>
      <trkpt lat="59.1172" lon="23.58363">
        <ele>13.1</ele>
      </trkpt>
      <trkpt lat="59.11725" lon="23.58315">
        <ele>12.5</ele>
      </trkpt>
      <trkpt lat="59.11735" lon="23.58221">
        <ele>10.8</ele>
      </trkpt>
      <trkpt lat="59.11745" lon="23.58143">
        <ele>9.7</ele>
      </trkpt>
      <trkpt lat="59.11757" lon="23.58093">
        <ele>9.1</ele>
      </trkpt>
      <trkpt lat="59.11772" lon="23.58062">
        <ele>8.8</ele>
      </trkpt>
      <trkpt lat="59.11789" lon="23.58042">
        <ele>8.7</ele>
      </trkpt>
      <trkpt lat="59.11831" lon="23.57997">
        <ele>8.9</ele>
      </trkpt>
      <trkpt lat="59.11874" lon="23.57951">
        <ele>9.2</ele>
      </trkpt>
      <trkpt lat="59.11926" lon="23.57893">
        <ele>9.9</ele>
      </trkpt>
      <trkpt lat="59.11978" lon="23.57834">
        <ele>9.3</ele>
      </trkpt>
      <trkpt lat="59.12031" lon="23.57775">
        <ele>9.4</ele>
      </trkpt>
      <trkpt lat="59.12082" lon="23.57715">
        <ele>10.0</ele>
      </trkpt>
      <trkpt lat="59.121" lon="23.577">
        <ele>10.3</ele>
      </trkpt>
      <trkpt lat="59.12133" lon="23.57704">
        <ele>10.9</ele>
      </trkpt>
      <trkpt lat="59.12178" lon="23.57719">
        <ele>12.4</ele>
      </trkpt>
      <trkpt lat="59.12263" lon="23.57751">
        <ele>17.3</ele>
      </trkpt>
      <trkpt lat="59.12284" lon="23.57755">
        <ele>17.9</ele>
      </trkpt>
      <trkpt lat="59.12303" lon="23.57751">
        <ele>18.3</ele>
      </trkpt>
      <trkpt lat="59.12378" lon="23.57711">
        <ele>18.7</ele>
      </trkpt>
      <trkpt lat="59.12431" lon="23.57681">
        <ele>18.4</ele>
      </trkpt>
      <trkpt lat="59.12484" lon="23.57651">
        <ele>18.7</ele>
      </trkpt>
      <trkpt lat="59.12518" lon="23.5763">
        <ele>18.5</ele>
      </trkpt>
      <trkpt lat="59.12587" lon="23.57593">
        <ele>17.2</ele>
      </trkpt>
      <trkpt lat="59.12656" lon="23.57556">
        <ele>16.1</ele>
      </trkpt>
      <trkpt lat="59.12726" lon="23.57518">
        <ele>15.9</ele>
      </trkpt>
      <trkpt lat="59.12795" lon="23.57481">
        <ele>16.3</ele>
      </trkpt>
      <trkpt lat="59.12859" lon="23.57447">
        <ele>16.9</ele>
      </trkpt>
      <trkpt lat="59.12924" lon="23.57413">
        <ele>18.2</ele>
      </trkpt>
      <trkpt lat="59.1295" lon="23.57393">
        <ele>18.8</ele>
      </trkpt>
      <trkpt lat="59.12961" lon="23.57373">
        <ele>19.1</ele>
      </trkpt>
      <trkpt lat="59.12974" lon="23.57343">
        <ele>19.4</ele>
      </trkpt>
      <trkpt lat="59.13009" lon="23.57272">
        <ele>20.6</ele>
      </trkpt>
      <trkpt lat="59.13039" lon="23.57205">
        <ele>19.8</ele>
      </trkpt>
      <trkpt lat="59.13069" lon="23.57137">
        <ele>18.1</ele>
      </trkpt>
      <trkpt lat="59.13093" lon="23.57098">
        <ele>17.0</ele>
      </trkpt>
      <trkpt lat="59.13119" lon="23.57064">
        <ele>16.7</ele>
      </trkpt>
      <trkpt lat="59.13156" lon="23.57027">
        <ele>16.7</ele>
      </trkpt>
      <trkpt lat="59.13184" lon="23.57003">
        <ele>16.6</ele>
      </trkpt>
      <trkpt lat="59.13239" lon="23.56998">
        <ele>15.3</ele>
      </trkpt>
      <trkpt lat="59.13263" lon="23.56991">
        <ele>15.3</ele>
      </trkpt>
      <trkpt lat="59.13278" lon="23.56972">
        <ele>15.8</ele>
      </trkpt>
      <trkpt lat="59.13321" lon="23.56912">
        <ele>17.8</ele>
      </trkpt>
      <trkpt lat="59.13363" lon="23.5685">
        <ele>19.5</ele>
      </trkpt>
      <trkpt lat="59.13405" lon="23.56788">
        <ele>21.3</ele>
      </trkpt>
      <trkpt lat="59.13431" lon="23.56748">
        <ele>21.3</ele>
      </trkpt>
      <trkpt lat="59.13438" lon="23.56736">
        <ele>21.0</ele>
      </trkpt>
      <trkpt lat="59.13484" lon="23.56815">
        <ele>19.2</ele>
      </trkpt>
      <trkpt lat="59.13531" lon="23.56895">
        <ele>18.6</ele>
      </trkpt>
      <trkpt lat="59.13577" lon="23.56975">
        <ele>18.1</ele>
      </trkpt>
      <trkpt lat="59.13616" lon="23.57062">
        <ele>18.3</ele>
      </trkpt>
      <trkpt lat="59.13654" lon="23.57149">
        <ele>19.6</ele>
      </trkpt>
      <trkpt lat="59.13695" lon="23.57225">
        <ele>20.4</ele>
      </trkpt>
      <trkpt lat="59.1372" lon="23.5726">
        <ele>20.5</ele>
      </trkpt>
      <trkpt lat="59.13744" lon="23.57284">
        <ele>20.5</ele>
      </trkpt>
      <trkpt lat="59.13773" lon="23.57309">
        <ele>20.8</ele>
      </trkpt>
      <trkpt lat="59.13799" lon="23.57328">
        <ele>21.2</ele>
      </trkpt>
      <trkpt lat="59.13848" lon="23.57358">
        <ele>21.8</ele>
      </trkpt>
      <trkpt lat="59.13861" lon="23.5737">
        <ele>21.6</ele>
      </trkpt>
      <trkpt lat="59.13873" lon="23.57387">
        <ele>21.2</ele>
      </trkpt>
      <trkpt lat="59.13888" lon="23.57421">
        <ele>20.2</ele>
      </trkpt>
      <trkpt lat="59.13911" lon="23.57483">
        <ele>17.8</ele>
      </trkpt>
      <trkpt lat="59.1394" lon="23.57542">
        <ele>17.7</ele>
      </trkpt>
      <trkpt lat="59.13969" lon="23.57599">
        <ele>19.1</ele>
      </trkpt>
      <trkpt lat="59.13998" lon="23.57503">
        <ele>19.0</ele>
      </trkpt>
      <trkpt lat="59.14027" lon="23.57407">
        <ele>20.3</ele>
      </trkpt>
      <trkpt lat="59.14037" lon="23.57377">
        <ele>20.6</ele>
      </trkpt>
      <trkpt lat="59.14058" lon="23.57336">
        <ele>21.1</ele>
      </trkpt>
      <trkpt lat="59.14092" lon="23.57296">
        <ele>22.1</ele>
      </trkpt>
      <trkpt lat="59.14122" lon="23.57265">
        <ele>23.5</ele>
      </trkpt>
      <trkpt lat="59.14167" lon="23.57239">
        <ele>25.9</ele>
      </trkpt>
      <trkpt lat="59.14191" lon="23.5723">
        <ele>26.3</ele>
      </trkpt>
      <trkpt lat="59.14217" lon="23.57214">
        <ele>26.8</ele>
      </trkpt>
      <trkpt lat="59.14249" lon="23.57197">
        <ele>27.3</ele>
      </trkpt>
      <trkpt lat="59.14272" lon="23.57189">
        <ele>27.0</ele>
      </trkpt>
      <trkpt lat="59.14304" lon="23.57167">
        <ele>26.4</ele>
      </trkpt>
      <trkpt lat="59.14346" lon="23.57135">
        <ele>25.8</ele>
      </trkpt>
      <trkpt lat="59.14381" lon="23.57098">
        <ele>25.7</ele>
      </trkpt>
      <trkpt lat="59.14415" lon="23.57051">
        <ele>26.0</ele>
      </trkpt>
      <trkpt lat="59.14431" lon="23.57011">
        <ele>26.0</ele>
      </trkpt>
      <trkpt lat="59.14464" lon="23.56907">
        <ele>23.9</ele>
      </trkpt>
      <trkpt lat="59.14484" lon="23.56795">
        <ele>23.5</ele>
      </trkpt>
      <trkpt lat="59.14494" lon="23.56648">
        <ele>23.8</ele>
      </trkpt>
      <trkpt lat="59.14494" lon="23.56588">
        <ele>23.1</ele>
      </trkpt>
      <trkpt lat="59.14493" lon="23.56533">
        <ele>22.9</ele>
      </trkpt>
      <trkpt lat="59.14497" lon="23.56497">
        <ele>22.9</ele>
      </trkpt>
      <trkpt lat="59.14507" lon="23.56461">
        <ele>22.6</ele>
      </trkpt>
      <trkpt lat="59.14517" lon="23.56441">
        <ele>22.4</ele>
      </trkpt>
      <trkpt lat="59.14535" lon="23.56418">
        <ele>22.4</ele>
      </trkpt>
      <trkpt lat="59.14579" lon="23.56378">
        <ele>22.9</ele>
      </trkpt>
      <trkpt lat="59.1461" lon="23.56354">
        <ele>22.4</ele>
      </trkpt>
      <trkpt lat="59.14651" lon="23.56313">
        <ele>21.1</ele>
      </trkpt>
      <trkpt lat="59.14673" lon="23.56283">
        <ele>20.6</ele>
      </trkpt>
      <trkpt lat="59.14691" lon="23.56254">
        <ele>20.6</ele>
      </trkpt>
      <trkpt lat="59.14708" lon="23.56222">
        <ele>20.8</ele>
      </trkpt>
      <trkpt lat="59.14727" lon="23.56195">
        <ele>21.0</ele>
      </trkpt>
      <trkpt lat="59.14744" lon="23.56179">
        <ele>21.1</ele>
      </trkpt>
      <trkpt lat="59.14765" lon="23.56168">
        <ele>21.6</ele>
      </trkpt>
      <trkpt lat="59.14847" lon="23.56106">
        <ele>24.9</ele>
      </trkpt>
      <trkpt lat="59.14883" lon="23.5607">
        <ele>25.6</ele>
      </trkpt>
      <trkpt lat="59.14892" lon="23.56047">
        <ele>25.7</ele>
      </trkpt>
      <trkpt lat="59.14908" lon="23.55996">
        <ele>25.9</ele>
      </trkpt>
      <trkpt lat="59.14918" lon="23.55955">
        <ele>26.5</ele>
      </trkpt>
      <trkpt lat="59.14931" lon="23.55865">
        <ele>27.3</ele>
      </trkpt>
      <trkpt lat="59.1494" lon="23.55753">
        <ele>25.8</ele>
      </trkpt>
      <trkpt lat="59.14949" lon="23.55701">
        <ele>25.0</ele>
      </trkpt>
      <trkpt lat="59.14953" lon="23.55646">
        <ele>24.2</ele>
      </trkpt>
      <trkpt lat="59.14955" lon="23.5559">
        <ele>23.1</ele>
      </trkpt>
      <trkpt lat="59.1496" lon="23.55502">
        <ele>22.0</ele>
      </trkpt>
      <trkpt lat="59.14958" lon="23.55474">
        <ele>22.6</ele>
      </trkpt>
      <trkpt lat="59.14953" lon="23.55384">
        <ele>24.6</ele>
      </trkpt>
      <trkpt lat="59.14954" lon="23.55327">
        <ele>25.5</ele>
      </trkpt>
      <trkpt lat="59.1496" lon="23.55263">
        <ele>25.5</ele>
      </trkpt>
      <trkpt lat="59.14962" lon="23.55179">
        <ele>26.0</ele>
      </trkpt>
      <trkpt lat="59.14962" lon="23.55138">
        <ele>26.1</ele>
      </trkpt>
      <trkpt lat="59.14957" lon="23.55083">
        <ele>26.0</ele>
      </trkpt>
      <trkpt lat="59.14954" lon="23.55048">
        <ele>25.9</ele>
      </trkpt>
      <trkpt lat="59.14958" lon="23.55">
        <ele>26.0</ele>
      </trkpt>
      <trkpt lat="59.14964" lon="23.54961">
        <ele>26.4</ele>
      </trkpt>
      <trkpt lat="59.14978" lon="23.54933">
        <ele>27.1</ele>
      </trkpt>
      <trkpt lat="59.14996" lon="23.54908">
        <ele>28.0</ele>
      </trkpt>
      <trkpt lat="59.15007" lon="23.54879">
        <ele>28.4</ele>
      </trkpt>
      <trkpt lat="59.15046" lon="23.54758">
        <ele>29.1</ele>
      </trkpt>
      <trkpt lat="59.15056" lon="23.5473">
        <ele>29.3</ele>
      </trkpt>
      <trkpt lat="59.15076" lon="23.54694">
        <ele>29.8</ele>
      </trkpt>
      <trkpt lat="59.15113" lon="23.54616">
        <ele>29.0</ele>
      </trkpt>
      <trkpt lat="59.15134" lon="23.5458">
        <ele>28.4</ele>
      </trkpt>
      <trkpt lat="59.15157" lon="23.54548">
        <ele>28.1</ele>
      </trkpt>
      <trkpt lat="59.15222" lon="23.54484">
        <ele>29.0</ele>
      </trkpt>
      <trkpt lat="59.15243" lon="23.54471">
        <ele>29.2</ele>
      </trkpt>
      <trkpt lat="59.15256" lon="23.5446">
        <ele>29.0</ele>
      </trkpt>
      <trkpt lat="59.15281" lon="23.54426">
        <ele>27.6</ele>
      </trkpt>
      <trkpt lat="59.15317" lon="23.54392">
        <ele>25.6</ele>
      </trkpt>
      <trkpt lat="59.15328" lon="23.54386">
        <ele>25.1</ele>
      </trkpt>
      <trkpt lat="59.15341" lon="23.54387">
        <ele>25.0</ele>
      </trkpt>
      <trkpt lat="59.15353" lon="23.54418">
        <ele>26.1</ele>
      </trkpt>
      <trkpt lat="59.1538" lon="23.54506">
        <ele>29.4</ele>
      </trkpt>
      <trkpt lat="59.15396" lon="23.54554">
        <ele>29.2</ele>
      </trkpt>
      <trkpt lat="59.15402" lon="23.54589">
        <ele>29.2</ele>
      </trkpt>
      <trkpt lat="59.15402" lon="23.54632">
        <ele>29.1</ele>
      </trkpt>
      <trkpt lat="59.15397" lon="23.54729">
        <ele>28.3</ele>
      </trkpt>
      <trkpt lat="59.15388" lon="23.54809">
        <ele>26.8</ele>
      </trkpt>
      <trkpt lat="59.15388" lon="23.54851">
        <ele>26.1</ele>
      </trkpt>
      <trkpt lat="59.15391" lon="23.54887">
        <ele>25.4</ele>
      </trkpt>
      <trkpt lat="59.15391" lon="23.54919">
        <ele>24.9</ele>
      </trkpt>
      <trkpt lat="59.15384" lon="23.55033">
        <ele>22.8</ele>
      </trkpt>
      <trkpt lat="59.15378" lon="23.55147">
        <ele>22.5</ele>
      </trkpt>
      <trkpt lat="59.15414" lon="23.55276">
        <ele>21.1</ele>
      </trkpt>
      <trkpt lat="59.15436" lon="23.55395">
        <ele>21.5</ele>
      </trkpt>
      <trkpt lat="59.15465" lon="23.55484">
        <ele>22.6</ele>
      </trkpt>
      <trkpt lat="59.15497" lon="23.55605">
        <ele>24.2</ele>
      </trkpt>
      <trkpt lat="59.15517" lon="23.55647">
        <ele>25.2</ele>
      </trkpt>
      <trkpt lat="59.15542" lon="23.5569">
        <ele>25.9</ele>
      </trkpt>
      <trkpt lat="59.15566" lon="23.55713">
        <ele>26.5</ele>
      </trkpt>
      <trkpt lat="59.15599" lon="23.55729">
        <ele>27.8</ele>
      </trkpt>
      <trkpt lat="59.1563" lon="23.55756">
        <ele>29.2</ele>
      </trkpt>
      <trkpt lat="59.1566" lon="23.55793">
        <ele>30.2</ele>
      </trkpt>
      <trkpt lat="59.15693" lon="23.5582">
        <ele>30.5</ele>
      </trkpt>
      <trkpt lat="59.15743" lon="23.5586">
        <ele>30.9</ele>
      </trkpt>
      <trkpt lat="59.15804" lon="23.55894">
        <ele>31.6</ele>
      </trkpt>
      <trkpt lat="59.15864" lon="23.55928">
        <ele>33.2</ele>
      </trkpt>
      <trkpt lat="59.15885" lon="23.5596">
        <ele>34.4</ele>
      </trkpt>
      <trkpt lat="59.15929" lon="23.56">
        <ele>36.0</ele>
      </trkpt>
      <trkpt lat="59.15969" lon="23.56054">
        <ele>36.0</ele>
      </trkpt>
      <trkpt lat="59.16024" lon="23.56093">
        <ele>35.1</ele>
      </trkpt>
      <trkpt lat="59.16089" lon="23.56126">
        <ele>34.1</ele>
      </trkpt>
      <trkpt lat="59.16135" lon="23.56133">
        <ele>34.8</ele>
      </trkpt>
      <trkpt lat="59.1618" lon="23.56139">
        <ele>35.0</ele>
      </trkpt>
      <trkpt lat="59.16204" lon="23.56158">
        <ele>34.6</ele>
      </trkpt>
      <trkpt lat="59.16234" lon="23.56235">
        <ele>34.2</ele>
      </trkpt>
      <trkpt lat="59.16259" lon="23.56244">
        <ele>33.9</ele>
      </trkpt>
      <trkpt lat="59.16294" lon="23.56249">
        <ele>34.0</ele>
      </trkpt>
      <trkpt lat="59.16371" lon="23.56209">
        <ele>33.8</ele>
      </trkpt>
      <trkpt lat="59.16449" lon="23.5617">
        <ele>34.0</ele>
      </trkpt>
      <trkpt lat="59.16467" lon="23.5617">
        <ele>34.0</ele>
      </trkpt>
      <trkpt lat="59.16508" lon="23.56194">
        <ele>33.8</ele>
      </trkpt>
      <trkpt lat="59.16554" lon="23.56181">
        <ele>34.5</ele>
      </trkpt>
      <trkpt lat="59.16584" lon="23.56178">
        <ele>34.8</ele>
      </trkpt>
      <trkpt lat="59.16638" lon="23.56224">
        <ele>33.0</ele>
      </trkpt>
      <trkpt lat="59.16694" lon="23.56247">
        <ele>30.1</ele>
      </trkpt>
      <trkpt lat="59.16726" lon="23.56241">
        <ele>27.8</ele>
      </trkpt>
      <trkpt lat="59.16809" lon="23.56239">
        <ele>25.3</ele>
      </trkpt>
      <trkpt lat="59.16875" lon="23.56228">
        <ele>25.6</ele>
      </trkpt>
      <trkpt lat="59.16895" lon="23.562">
        <ele>26.2</ele>
      </trkpt>
      <trkpt lat="59.16934" lon="23.56111">
        <ele>27.0</ele>
      </trkpt>
      <trkpt lat="59.16974" lon="23.56022">
        <ele>28.8</ele>
      </trkpt>
      <trkpt lat="59.17018" lon="23.55913">
        <ele>27.5</ele>
      </trkpt>
      <trkpt lat="59.1705" lon="23.558">
        <ele>26.2</ele>
      </trkpt>
      <trkpt lat="59.1708" lon="23.55723">
        <ele>27.0</ele>
      </trkpt>
      <trkpt lat="59.17097" lon="23.55679">
        <ele>26.8</ele>
      </trkpt>
      <trkpt lat="59.1713" lon="23.55617">
        <ele>26.7</ele>
      </trkpt>
      <trkpt lat="59.17162" lon="23.55556">
        <ele>26.1</ele>
      </trkpt>
      <trkpt lat="59.17198" lon="23.55449">
        <ele>26.2</ele>
      </trkpt>
      <trkpt lat="59.17234" lon="23.55341">
        <ele>27.1</ele>
      </trkpt>
      <trkpt lat="59.17261" lon="23.55225">
        <ele>29.4</ele>
      </trkpt>
      <trkpt lat="59.1729" lon="23.55142">
        <ele>30.8</ele>
      </trkpt>
      <trkpt lat="59.17308" lon="23.55031">
        <ele>32.1</ele>
      </trkpt>
      <trkpt lat="59.17326" lon="23.54921">
        <ele>32.0</ele>
      </trkpt>
      <trkpt lat="59.17351" lon="23.54782">
        <ele>31.5</ele>
      </trkpt>
      <trkpt lat="59.17377" lon="23.54644">
        <ele>30.1</ele>
      </trkpt>
      <trkpt lat="59.174" lon="23.54475">
        <ele>31.0</ele>
      </trkpt>
      <trkpt lat="59.17424" lon="23.54307">
        <ele>28.8</ele>
      </trkpt>
      <trkpt lat="59.17441" lon="23.542">
        <ele>27.7</ele>
      </trkpt>
      <trkpt lat="59.17458" lon="23.54093">
        <ele>28.4</ele>
      </trkpt>
      <trkpt lat="59.17466" lon="23.53996">
        <ele>28.8</ele>
      </trkpt>
      <trkpt lat="59.17473" lon="23.53899">
        <ele>27.6</ele>
      </trkpt>
      <trkpt lat="59.17474" lon="23.53791">
        <ele>27.0</ele>
      </trkpt>
      <trkpt lat="59.17475" lon="23.53683">
        <ele>25.3</ele>
      </trkpt>
      <trkpt lat="59.17486" lon="23.53641">
        <ele>24.4</ele>
      </trkpt>
      <trkpt lat="59.17494" lon="23.53561">
        <ele>22.7</ele>
      </trkpt>
      <trkpt lat="59.17516" lon="23.53597">
        <ele>22.9</ele>
      </trkpt>
      <trkpt lat="59.17567" lon="23.5372">
        <ele>23.7</ele>
      </trkpt>
      <trkpt lat="59.17618" lon="23.5382">
        <ele>24.1</ele>
      </trkpt>
      <trkpt lat="59.17681" lon="23.53906">
        <ele>23.6</ele>
      </trkpt>
      <trkpt lat="59.17713" lon="23.53945">
        <ele>24.1</ele>
      </trkpt>
      <trkpt lat="59.17768" lon="23.53974">
        <ele>24.1</ele>
      </trkpt>
      <trkpt lat="59.17831" lon="23.54">
        <ele>23.1</ele>
      </trkpt>
      <trkpt lat="59.17894" lon="23.54026">
        <ele>21.7</ele>
      </trkpt>
      <trkpt lat="59.1794" lon="23.54038">
        <ele>21.4</ele>
      </trkpt>
      <trkpt lat="59.17965" lon="23.54038">
        <ele>21.4</ele>
      </trkpt>
      <trkpt lat="59.17985" lon="23.54009">
        <ele>21.0</ele>
      </trkpt>
      <trkpt lat="59.18006" lon="23.53962">
        <ele>20.0</ele>
      </trkpt>
      <trkpt lat="59.18028" lon="23.53923">
        <ele>18.8</ele>
      </trkpt>
      <trkpt lat="59.18048" lon="23.53907">
        <ele>18.3</ele>
      </trkpt>
      <trkpt lat="59.18071" lon="23.53901">
        <ele>18.0</ele>
      </trkpt>
      <trkpt lat="59.18086" lon="23.53908">
        <ele>17.9</ele>
      </trkpt>
      <trkpt lat="59.1811" lon="23.53931">
        <ele>17.9</ele>
      </trkpt>
      <trkpt lat="59.18131" lon="23.53938">
        <ele>17.7</ele>
      </trkpt>
      <trkpt lat="59.18212" lon="23.53939">
        <ele>16.7</ele>
      </trkpt>
      <trkpt lat="59.18292" lon="23.5394">
        <ele>16.9</ele>
      </trkpt>
      <trkpt lat="59.18373" lon="23.53941">
        <ele>18.5</ele>
      </trkpt>
      <trkpt lat="59.18453" lon="23.53942">
        <ele>18.7</ele>
      </trkpt>
      <trkpt lat="59.18533" lon="23.53943">
        <ele>17.8</ele>
      </trkpt>
      <trkpt lat="59.18591" lon="23.53939">
        <ele>18.2</ele>
      </trkpt>
      <trkpt lat="59.18609" lon="23.53936">
        <ele>18.5</ele>
      </trkpt>
      <trkpt lat="59.18625" lon="23.53929">
        <ele>18.9</ele>
      </trkpt>
      <trkpt lat="59.18664" lon="23.53894">
        <ele>19.9</ele>
      </trkpt>
      <trkpt lat="59.18699" lon="23.53853">
        <ele>19.7</ele>
      </trkpt>
      <trkpt lat="59.18743" lon="23.53826">
        <ele>19.0</ele>
      </trkpt>
      <trkpt lat="59.188" lon="23.53776">
        <ele>18.1</ele>
      </trkpt>
      <trkpt lat="59.18867" lon="23.53713">
        <ele>16.7</ele>
      </trkpt>
      <trkpt lat="59.18933" lon="23.53651">
        <ele>16.8</ele>
      </trkpt>
      <trkpt lat="59.18991" lon="23.53583">
        <ele>15.7</ele>
      </trkpt>
      <trkpt lat="59.19027" lon="23.53546">
        <ele>13.9</ele>
      </trkpt>
      <trkpt lat="59.19076" lon="23.53513">
        <ele>12.3</ele>
      </trkpt>
      <trkpt lat="59.191" lon="23.53506">
        <ele>12.3</ele>
      </trkpt>
      <trkpt lat="59.19124" lon="23.53512">
        <ele>12.6</ele>
      </trkpt>
      <trkpt lat="59.19181" lon="23.53545">
        <ele>13.5</ele>
      </trkpt>
      <trkpt lat="59.19223" lon="23.536">
        <ele>15.2</ele>
      </trkpt>
      <trkpt lat="59.19256" lon="23.53624">
        <ele>16.6</ele>
      </trkpt>
      <trkpt lat="59.19328" lon="23.53645">
        <ele>18.2</ele>
      </trkpt>
      <trkpt lat="59.19328" lon="23.53645">
        <ele>18.2</ele>
      </trkpt>
      <trkpt lat="59.19367" lon="23.53668">
        <ele>18.0</ele>
      </trkpt>
      <trkpt lat="59.19421" lon="23.5372">
        <ele>18.6</ele>
      </trkpt>
      <trkpt lat="59.19438" lon="23.53731">
        <ele>18.8</ele>
      </trkpt>
      <trkpt lat="59.19465" lon="23.53744">
        <ele>18.9</ele>
      </trkpt>
      <trkpt lat="59.19494" lon="23.53743">
        <ele>18.9</ele>
      </trkpt>
      <trkpt lat="59.19542" lon="23.53734">
        <ele>18.3</ele>
      </trkpt>
      <trkpt lat="59.19573" lon="23.53717">
        <ele>17.7</ele>
      </trkpt>
      <trkpt lat="59.19613" lon="23.53678">
        <ele>16.7</ele>
      </trkpt>
      <trkpt lat="59.19654" lon="23.53639">
        <ele>15.8</ele>
      </trkpt>
      <trkpt lat="59.19718" lon="23.53602">
        <ele>15.1</ele>
      </trkpt>
      <trkpt lat="59.19782" lon="23.53566">
        <ele>15.4</ele>
      </trkpt>
      <trkpt lat="59.19836" lon="23.53514">
        <ele>16.0</ele>
      </trkpt>
      <trkpt lat="59.19904" lon="23.53473">
        <ele>15.4</ele>
      </trkpt>
      <trkpt lat="59.19967" lon="23.5343">
        <ele>15.4</ele>
      </trkpt>
      <trkpt lat="59.2003" lon="23.53387">
        <ele>16.6</ele>
      </trkpt>
      <trkpt lat="59.20092" lon="23.53345">
        <ele>17.3</ele>
      </trkpt>
      <trkpt lat="59.20146" lon="23.53275">
        <ele>17.3</ele>
      </trkpt>
      <trkpt lat="59.202" lon="23.53206">
        <ele>16.7</ele>
      </trkpt>
      <trkpt lat="59.202016" lon="23.532037">
        <ele>16.7</ele>
      </trkpt>
      <trkpt lat="59.20201" lon="23.53203">
        <ele>16.7</ele>
      </trkpt>
      <trkpt lat="59.20274" lon="23.53101">
        <ele>16.2</ele>
      </trkpt>
      <trkpt lat="59.203" lon="23.5308">
        <ele>16.0</ele>
      </trkpt>
      <trkpt lat="59.20322" lon="23.53083">
        <ele>16.0</ele>
      </trkpt>
      <trkpt lat="59.20386" lon="23.53153">
        <ele>15.6</ele>
      </trkpt>
      <trkpt lat="59.20411" lon="23.53172">
        <ele>15.1</ele>
      </trkpt>
      <trkpt lat="59.20429" lon="23.53179">
        <ele>14.6</ele>
      </trkpt>
      <trkpt lat="59.2046" lon="23.5318">
        <ele>13.5</ele>
      </trkpt>
      <trkpt lat="59.20526" lon="23.53154">
        <ele>11.3</ele>
      </trkpt>
      <trkpt lat="59.20568" lon="23.53144">
        <ele>10.3</ele>
      </trkpt>
      <trkpt lat="59.20583" lon="23.53148">
        <ele>10.0</ele>
      </trkpt>
      <trkpt lat="59.20597" lon="23.53155">
        <ele>10.3</ele>
      </trkpt>
      <trkpt lat="59.20616" lon="23.53176">
        <ele>10.9</ele>
      </trkpt>
      <trkpt lat="59.2065" lon="23.53221">
        <ele>11.7</ele>
      </trkpt>
      <trkpt lat="59.20661" lon="23.53234">
        <ele>11.9</ele>
      </trkpt>
      <trkpt lat="59.20681" lon="23.53248">
        <ele>12.0</ele>
      </trkpt>
      <trkpt lat="59.20701" lon="23.53257">
        <ele>12.0</ele>
      </trkpt>
      <trkpt lat="59.20713" lon="23.53259">
        <ele>11.9</ele>
      </trkpt>
      <trkpt lat="59.20745" lon="23.53261">
        <ele>11.9</ele>
      </trkpt>
      <trkpt lat="59.208" lon="23.53257">
        <ele>13.7</ele>
      </trkpt>
      <trkpt lat="59.20814" lon="23.53269">
        <ele>14.1</ele>
      </trkpt>
      <trkpt lat="59.20825" lon="23.5329">
        <ele>14.2</ele>
      </trkpt>
      <trkpt lat="59.2083" lon="23.53312">
        <ele>14.1</ele>
      </trkpt>
      <trkpt lat="59.20833" lon="23.53335">
        <ele>14.0</ele>
      </trkpt>
      <trkpt lat="59.2084" lon="23.53414">
        <ele>13.2</ele>
      </trkpt>
      <trkpt lat="59.20846" lon="23.53463">
        <ele>12.7</ele>
      </trkpt>
      <trkpt lat="59.208494" lon="23.534784">
        <ele>12.6</ele>
      </trkpt>
      <trkpt lat="59.20849" lon="23.53479">
        <ele>12.6</ele>
      </trkpt>
      <trkpt lat="59.20855" lon="23.53495">
        <ele>12.6</ele>
      </trkpt>
      <trkpt lat="59.20864" lon="23.53511">
        <ele>12.7</ele>
      </trkpt>
      <trkpt lat="59.20874" lon="23.53521">
        <ele>13.0</ele>
      </trkpt>
      <trkpt lat="59.20891" lon="23.53532">
        <ele>13.4</ele>
      </trkpt>
      <trkpt lat="59.20923" lon="23.53578">
        <ele>14.0</ele>
      </trkpt>
      <trkpt lat="59.20965" lon="23.53638">
        <ele>13.3</ele>
      </trkpt>
      <trkpt lat="59.209648" lon="23.536379">
        <ele>13.3</ele>
      </trkpt>
      <trkpt lat="59.20976" lon="23.53654">
        <ele>13.2</ele>
      </trkpt>
      <trkpt lat="59.21016" lon="23.537">
        <ele>13.2</ele>
      </trkpt>
      <trkpt lat="59.21057" lon="23.53746">
        <ele>13.7</ele>
      </trkpt>
      <trkpt lat="59.21129" lon="23.53739">
        <ele>14.1</ele>
      </trkpt>
      <trkpt lat="59.21197" lon="23.53743">
        <ele>14.4</ele>
      </trkpt>
      <trkpt lat="59.21246" lon="23.53734">
        <ele>15.1</ele>
      </trkpt>
      <trkpt lat="59.21272" lon="23.53777">
        <ele>15.2</ele>
      </trkpt>
      <trkpt lat="59.21272" lon="23.53777">
        <ele>15.2</ele>
      </trkpt>
      <trkpt lat="59.21279" lon="23.53789">
        <ele>15.3</ele>
      </trkpt>
      <trkpt lat="59.21291" lon="23.5387">
        <ele>15.0</ele>
      </trkpt>
      <trkpt lat="59.21282" lon="23.53935">
        <ele>14.7</ele>
      </trkpt>
      <trkpt lat="59.21251" lon="23.5406">
        <ele>14.7</ele>
      </trkpt>
      <trkpt lat="59.21216" lon="23.5418">
        <ele>16.4</ele>
      </trkpt>
      <trkpt lat="59.21181" lon="23.54299">
        <ele>16.2</ele>
      </trkpt>
      <trkpt lat="59.21174" lon="23.54355">
        <ele>15.9</ele>
      </trkpt>
      <trkpt lat="59.21168" lon="23.54425">
        <ele>15.9</ele>
      </trkpt>
      <trkpt lat="59.21165" lon="23.54473">
        <ele>15.3</ele>
      </trkpt>
      <trkpt lat="59.2117" lon="23.5451">
        <ele>14.8</ele>
      </trkpt>
      <trkpt lat="59.21186" lon="23.54567">
        <ele>14.2</ele>
      </trkpt>
      <trkpt lat="59.21194" lon="23.54622">
        <ele>13.4</ele>
      </trkpt>
      <trkpt lat="59.21197" lon="23.54753">
        <ele>13.4</ele>
      </trkpt>
      <trkpt lat="59.21201" lon="23.54884">
        <ele>14.0</ele>
      </trkpt>
      <trkpt lat="59.21199" lon="23.5504">
        <ele>13.9</ele>
      </trkpt>
      <trkpt lat="59.21219" lon="23.55177">
        <ele>12.6</ele>
      </trkpt>
      <trkpt lat="59.21214" lon="23.55283">
        <ele>11.8</ele>
      </trkpt>
      <trkpt lat="59.2121" lon="23.5539">
        <ele>11.5</ele>
      </trkpt>
      <trkpt lat="59.21194" lon="23.55499">
        <ele>11.0</ele>
      </trkpt>
      <trkpt lat="59.21176" lon="23.55595">
        <ele>11.4</ele>
      </trkpt>
      <trkpt lat="59.21169" lon="23.5577">
        <ele>13.3</ele>
      </trkpt>
      <trkpt lat="59.21163" lon="23.5585">
        <ele>13.7</ele>
      </trkpt>
      <trkpt lat="59.21174" lon="23.55952">
        <ele>12.6</ele>
      </trkpt>
      <trkpt lat="59.21174" lon="23.5602">
        <ele>11.9</ele>
      </trkpt>
      <trkpt lat="59.21172" lon="23.5612">
        <ele>10.7</ele>
      </trkpt>
      <trkpt lat="59.21169" lon="23.56221">
        <ele>10.1</ele>
      </trkpt>
      <trkpt lat="59.2117" lon="23.56312">
        <ele>9.4</ele>
      </trkpt>
      <trkpt lat="59.21172" lon="23.56404">
        <ele>9.3</ele>
      </trkpt>
      <trkpt lat="59.21171" lon="23.56464">
        <ele>9.3</ele>
      </trkpt>
      <trkpt lat="59.21159" lon="23.56599">
        <ele>10.1</ele>
      </trkpt>
      <trkpt lat="59.21159" lon="23.56649">
        <ele>10.6</ele>
      </trkpt>
      <trkpt lat="59.21138" lon="23.56746">
        <ele>10.6</ele>
      </trkpt>
      <trkpt lat="59.2113" lon="23.56815">
        <ele>11.0</ele>
      </trkpt>
      <trkpt lat="59.21122" lon="23.56934">
        <ele>10.9</ele>
      </trkpt>
      <trkpt lat="59.21117" lon="23.57062">
        <ele>10.8</ele>
      </trkpt>
      <trkpt lat="59.21121" lon="23.57117">
        <ele>10.9</ele>
      </trkpt>
      <trkpt lat="59.21129" lon="23.57184">
        <ele>11.2</ele>
      </trkpt>
      <trkpt lat="59.21133" lon="23.57242">
        <ele>11.7</ele>
      </trkpt>
      <trkpt lat="59.21117" lon="23.57345">
        <ele>12.2</ele>
      </trkpt>
      <trkpt lat="59.21108" lon="23.57409">
        <ele>11.9</ele>
      </trkpt>
      <trkpt lat="59.21107" lon="23.57443">
        <ele>11.7</ele>
      </trkpt>
      <trkpt lat="59.21116" lon="23.57482">
        <ele>12.0</ele>
      </trkpt>
      <trkpt lat="59.2113" lon="23.57519">
        <ele>12.6</ele>
      </trkpt>
      <trkpt lat="59.21137" lon="23.57565">
        <ele>12.4</ele>
      </trkpt>
      <trkpt lat="59.21139" lon="23.57615">
        <ele>11.7</ele>
      </trkpt>
      <trkpt lat="59.21139" lon="23.57643">
        <ele>11.4</ele>
      </trkpt>
      <trkpt lat="59.21138" lon="23.5767">
        <ele>11.0</ele>
      </trkpt>
      <trkpt lat="59.21135" lon="23.57702">
        <ele>10.6</ele>
      </trkpt>
      <trkpt lat="59.21127" lon="23.57747">
        <ele>10.1</ele>
      </trkpt>
      <trkpt lat="59.21123" lon="23.57778">
        <ele>9.9</ele>
      </trkpt>
      <trkpt lat="59.21112" lon="23.57825">
        <ele>9.7</ele>
      </trkpt>
      <trkpt lat="59.21098" lon="23.57922">
        <ele>9.4</ele>
      </trkpt>
      <trkpt lat="59.210973" lon="23.579303">
        <ele>9.4</ele>
      </trkpt>
      <trkpt lat="59.21098" lon="23.5793">
        <ele>9.5</ele>
      </trkpt>
      <trkpt lat="59.21092" lon="23.5799">
        <ele>9.9</ele>
      </trkpt>
      <trkpt lat="59.21094" lon="23.5801">
        <ele>10.0</ele>
      </trkpt>
      <trkpt lat="59.21077" lon="23.58076">
        <ele>10.0</ele>
      </trkpt>
      <trkpt lat="59.21056" lon="23.58211">
        <ele>11.2</ele>
      </trkpt>
      <trkpt lat="59.21048" lon="23.58264">
        <ele>11.5</ele>
      </trkpt>
      <trkpt lat="59.21036" lon="23.58368">
        <ele>11.9</ele>
      </trkpt>
      <trkpt lat="59.21024" lon="23.58472">
        <ele>11.0</ele>
      </trkpt>
      <trkpt lat="59.21017" lon="23.58618">
        <ele>11.1</ele>
      </trkpt>
      <trkpt lat="59.2101" lon="23.58765">
        <ele>11.6</ele>
      </trkpt>
      <trkpt lat="59.21003" lon="23.58809">
        <ele>11.2</ele>
      </trkpt>
      <trkpt lat="59.21004" lon="23.5888">
        <ele>11.0</ele>
      </trkpt>
      <trkpt lat="59.21007" lon="23.58967">
        <ele>10.9</ele>
      </trkpt>
      <trkpt lat="59.21006" lon="23.59038">
        <ele>10.9</ele>
      </trkpt>
      <trkpt lat="59.21007" lon="23.59133">
        <ele>11.5</ele>
      </trkpt>
      <trkpt lat="59.21008" lon="23.5916">
        <ele>11.7</ele>
      </trkpt>
      <trkpt lat="59.2103" lon="23.59243">
        <ele>11.3</ele>
      </trkpt>
      <trkpt lat="59.2105" lon="23.59283">
        <ele>11.2</ele>
      </trkpt>
      <trkpt lat="59.21086" lon="23.59319">
        <ele>10.8</ele>
      </trkpt>
      <trkpt lat="59.21121" lon="23.59366">
        <ele>10.3</ele>
      </trkpt>
      <trkpt lat="59.2114" lon="23.59394">
        <ele>10.1</ele>
      </trkpt>
      <trkpt lat="59.21153" lon="23.59431">
        <ele>10.0</ele>
      </trkpt>
      <trkpt lat="59.21166" lon="23.59441">
        <ele>10.0</ele>
      </trkpt>
      <trkpt lat="59.21177" lon="23.59472">
        <ele>10.0</ele>
      </trkpt>
      <trkpt lat="59.21178" lon="23.5953">
        <ele>10.0</ele>
      </trkpt>
      <trkpt lat="59.21196" lon="23.59597">
        <ele>10.0</ele>
      </trkpt>
      <trkpt lat="59.21204" lon="23.59645">
        <ele>10.0</ele>
      </trkpt>
      <trkpt lat="59.21218" lon="23.59796">
        <ele>9.8</ele>
      </trkpt>
      <trkpt lat="59.21218" lon="23.59905">
        <ele>9.6</ele>
      </trkpt>
      <trkpt lat="59.21228" lon="23.60012">
        <ele>9.3</ele>
      </trkpt>
      <trkpt lat="59.21238" lon="23.6012">
        <ele>9.0</ele>
      </trkpt>
      <trkpt lat="59.21236" lon="23.60223">
        <ele>9.2</ele>
      </trkpt>
      <trkpt lat="59.21245" lon="23.60345">
        <ele>11.3</ele>
      </trkpt>
      <trkpt lat="59.21254" lon="23.60466">
        <ele>13.0</ele>
      </trkpt>
      <trkpt lat="59.21263" lon="23.60617">
        <ele>13.3</ele>
      </trkpt>
      <trkpt lat="59.2126" lon="23.60702">
        <ele>13.1</ele>
      </trkpt>
      <trkpt lat="59.21259" lon="23.60724">
        <ele>13.0</ele>
      </trkpt>
      <trkpt lat="59.2126" lon="23.6079">
        <ele>12.9</ele>
      </trkpt>
      <trkpt lat="59.2126" lon="23.608079">
        <ele>12.9</ele>
      </trkpt>
      <trkpt lat="59.2126" lon="23.60814">
        <ele>12.9</ele>
      </trkpt>
      <trkpt lat="59.21256" lon="23.60974">
        <ele>12.9</ele>
      </trkpt>
      <trkpt lat="59.212523" lon="23.611205">
        <ele>13.0</ele>
      </trkpt>
      <trkpt lat="59.21252" lon="23.61121">
        <ele>13.0</ele>
      </trkpt>
      <trkpt lat="59.21251" lon="23.61162">
        <ele>13.0</ele>
      </trkpt>
      <trkpt lat="59.21267" lon="23.6114">
        <ele>12.9</ele>
      </trkpt>
      <trkpt lat="59.21278" lon="23.61164">
        <ele>13.0</ele>
      </trkpt>
      <trkpt lat="59.21283" lon="23.61194">
        <ele>13.0</ele>
      </trkpt>
      <trkpt lat="59.21284" lon="23.61211">
        <ele>13.0</ele>
      </trkpt>
      <trkpt lat="59.21282" lon="23.61226">
        <ele>13.0</ele>
      </trkpt>
      <trkpt lat="59.21279" lon="23.61251">
        <ele>13.0</ele>
      </trkpt>
      <trkpt lat="59.21276" lon="23.61281">
        <ele>12.9</ele>
      </trkpt>
      <trkpt lat="59.212741" lon="23.612932">
        <ele>12.8</ele>
      </trkpt>
      <trkpt lat="59.21271" lon="23.61313">
        <ele>12.8</ele>
      </trkpt>
      <trkpt lat="59.21256" lon="23.61353">
        <ele>12.9</ele>
      </trkpt>
      <trkpt lat="59.21248" lon="23.61363">
        <ele>13.0</ele>
      </trkpt>
      <trkpt lat="59.21225" lon="23.6138">
        <ele>12.7</ele>
      </trkpt>
      <trkpt lat="59.21211" lon="23.61394">
        <ele>12.5</ele>
      </trkpt>
      <trkpt lat="59.21204" lon="23.61411">
        <ele>12.4</ele>
      </trkpt>
      <trkpt lat="59.21202" lon="23.61423">
        <ele>12.4</ele>
      </trkpt>
      <trkpt lat="59.21204" lon="23.61438">
        <ele>12.3</ele>
      </trkpt>
      <trkpt lat="59.21218" lon="23.61461">
        <ele>12.3</ele>
      </trkpt>
      <trkpt lat="59.21233" lon="23.61473">
        <ele>12.3</ele>
      </trkpt>
      <trkpt lat="59.2125" lon="23.61475">
        <ele>12.3</ele>
      </trkpt>
      <trkpt lat="59.21266" lon="23.61496">
        <ele>11.7</ele>
      </trkpt>
      <trkpt lat="59.21281" lon="23.61504">
        <ele>11.1</ele>
      </trkpt>
      <trkpt lat="59.21286" lon="23.61514">
        <ele>10.7</ele>
      </trkpt>
      <trkpt lat="59.212935" lon="23.615261">
        <ele>10.2</ele>
      </trkpt>
      <trkpt lat="59.213176" lon="23.615253">
        <ele>9.7</ele>
      </trkpt>
      <trkpt lat="59.21336" lon="23.61519">
        <ele>9.6</ele>
      </trkpt>
      <trkpt lat="59.21388" lon="23.6151">
        <ele>10.4</ele>
      </trkpt>
      <trkpt lat="59.21458" lon="23.61519">
        <ele>11.0</ele>
      </trkpt>
      <trkpt lat="59.21472" lon="23.61525">
        <ele>11.1</ele>
      </trkpt>
      <trkpt lat="59.215" lon="23.6154">
        <ele>11.0</ele>
      </trkpt>
      <trkpt lat="59.21515" lon="23.61552">
        <ele>10.8</ele>
      </trkpt>
      <trkpt lat="59.21542" lon="23.61567">
        <ele>10.7</ele>
      </trkpt>
      <trkpt lat="59.21578" lon="23.61575">
        <ele>10.9</ele>
      </trkpt>
      <trkpt lat="59.21602" lon="23.61584">
        <ele>11.4</ele>
      </trkpt>
      <trkpt lat="59.21621" lon="23.61574">
        <ele>12.0</ele>
      </trkpt>
      <trkpt lat="59.2167" lon="23.61574">
        <ele>13.1</ele>
      </trkpt>
      <trkpt lat="59.21702" lon="23.61595">
        <ele>13.3</ele>
      </trkpt>
      <trkpt lat="59.21723" lon="23.61621">
        <ele>13.5</ele>
      </trkpt>
      <trkpt lat="59.21735" lon="23.61643">
        <ele>13.7</ele>
      </trkpt>
      <trkpt lat="59.21762" lon="23.61659">
        <ele>13.9</ele>
      </trkpt>
      <trkpt lat="59.21768" lon="23.6168">
        <ele>13.8</ele>
      </trkpt>
      <trkpt lat="59.21768" lon="23.61693">
        <ele>13.8</ele>
      </trkpt>
      <trkpt lat="59.21767" lon="23.61737">
        <ele>13.8</ele>
      </trkpt>
      <trkpt lat="59.2177" lon="23.61777">
        <ele>13.6</ele>
      </trkpt>
      <trkpt lat="59.21771" lon="23.61795">
        <ele>13.5</ele>
      </trkpt>
      <trkpt lat="59.21779" lon="23.6186">
        <ele>13.3</ele>
      </trkpt>
      <trkpt lat="59.21781" lon="23.61908">
        <ele>13.4</ele>
      </trkpt>
      <trkpt lat="59.21777" lon="23.6201">
        <ele>12.6</ele>
      </trkpt>
      <trkpt lat="59.21778" lon="23.62065">
        <ele>12.7</ele>
      </trkpt>
      <trkpt lat="59.21784" lon="23.62096">
        <ele>12.8</ele>
      </trkpt>
      <trkpt lat="59.218" lon="23.62139">
        <ele>13.2</ele>
      </trkpt>
      <trkpt lat="59.21811" lon="23.62201">
        <ele>13.5</ele>
      </trkpt>
      <trkpt lat="59.21816" lon="23.62253">
        <ele>13.6</ele>
      </trkpt>
      <trkpt lat="59.21807" lon="23.6228">
        <ele>13.7</ele>
      </trkpt>
      <trkpt lat="59.21794" lon="23.62289">
        <ele>13.5</ele>
      </trkpt>
      <trkpt lat="59.21776" lon="23.62282">
        <ele>13.0</ele>
      </trkpt>
      <trkpt lat="59.21764" lon="23.62274">
        <ele>12.6</ele>
      </trkpt>
      <trkpt lat="59.21757" lon="23.62278">
        <ele>12.5</ele>
      </trkpt>
      <trkpt lat="59.2172" lon="23.62201">
        <ele>11.9</ele>
      </trkpt>
      <trkpt lat="59.21671" lon="23.62128">
        <ele>11.6</ele>
      </trkpt>
      <trkpt lat="59.21616" lon="23.62121">
        <ele>12.1</ele>
      </trkpt>
      <trkpt lat="59.21561" lon="23.62114">
        <ele>12.5</ele>
      </trkpt>
      <trkpt lat="59.2154" lon="23.62166">
        <ele>13.5</ele>
      </trkpt>
      <trkpt lat="59.21529" lon="23.62249">
        <ele>13.3</ele>
      </trkpt>
      <trkpt lat="59.21526" lon="23.62284">
        <ele>13.0</ele>
      </trkpt>
      <trkpt lat="59.2152" lon="23.62314">
        <ele>12.8</ele>
      </trkpt>
      <trkpt lat="59.21517" lon="23.62337">
        <ele>12.6</ele>
      </trkpt>
      <trkpt lat="59.21515" lon="23.62372">
        <ele>12.6</ele>
      </trkpt>
      <trkpt lat="59.21514" lon="23.62399">
        <ele>12.7</ele>
      </trkpt>
      <trkpt lat="59.21515" lon="23.62417">
        <ele>12.6</ele>
      </trkpt>
      <trkpt lat="59.21515" lon="23.62433">
        <ele>12.8</ele>
      </trkpt>
      <trkpt lat="59.21508" lon="23.62494">
        <ele>13.6</ele>
      </trkpt>
      <trkpt lat="59.21518" lon="23.62579">
        <ele>13.4</ele>
      </trkpt>
      <trkpt lat="59.21532" lon="23.62654">
        <ele>13.0</ele>
      </trkpt>
      <trkpt lat="59.21541" lon="23.62693">
        <ele>12.9</ele>
      </trkpt>
      <trkpt lat="59.21544" lon="23.62787">
        <ele>13.8</ele>
      </trkpt>
      <trkpt lat="59.21543" lon="23.62838">
        <ele>14.4</ele>
      </trkpt>
      <trkpt lat="59.21554" lon="23.62983">
        <ele>12.6</ele>
      </trkpt>
      <trkpt lat="59.21561" lon="23.63036">
        <ele>12.0</ele>
      </trkpt>
      <trkpt lat="59.2157" lon="23.63076">
        <ele>11.5</ele>
      </trkpt>
      <trkpt lat="59.21591" lon="23.63134">
        <ele>11.1</ele>
      </trkpt>
      <trkpt lat="59.21625" lon="23.63238">
        <ele>11.5</ele>
      </trkpt>
      <trkpt lat="59.21633" lon="23.63272">
        <ele>11.5</ele>
      </trkpt>
      <trkpt lat="59.21647" lon="23.633">
        <ele>11.6</ele>
      </trkpt>
      <trkpt lat="59.21668" lon="23.63328">
        <ele>12.0</ele>
      </trkpt>
      <trkpt lat="59.21685" lon="23.63344">
        <ele>12.4</ele>
      </trkpt>
      <trkpt lat="59.21716" lon="23.63395">
        <ele>12.7</ele>
      </trkpt>
      <trkpt lat="59.2174" lon="23.63432">
        <ele>12.7</ele>
      </trkpt>
      <trkpt lat="59.2177" lon="23.63463">
        <ele>12.1</ele>
      </trkpt>
      <trkpt lat="59.21786" lon="23.63491">
        <ele>11.6</ele>
      </trkpt>
      <trkpt lat="59.21824" lon="23.63543">
        <ele>11.1</ele>
      </trkpt>
      <trkpt lat="59.21881" lon="23.63599">
        <ele>10.4</ele>
      </trkpt>
      <trkpt lat="59.21931" lon="23.63645">
        <ele>10.0</ele>
      </trkpt>
      <trkpt lat="59.21982" lon="23.63692">
        <ele>10.0</ele>
      </trkpt>
      <trkpt lat="59.22012" lon="23.63735">
        <ele>9.9</ele>
      </trkpt>
      <trkpt lat="59.22047" lon="23.63776">
        <ele>9.7</ele>
      </trkpt>
      <trkpt lat="59.22081" lon="23.63811">
        <ele>9.8</ele>
      </trkpt>
      <trkpt lat="59.2209" lon="23.63831">
        <ele>10.0</ele>
      </trkpt>
      <trkpt lat="59.22142" lon="23.63898">
        <ele>10.0</ele>
      </trkpt>
      <trkpt lat="59.22152" lon="23.6392">
        <ele>10.0</ele>
      </trkpt>
      <trkpt lat="59.22186" lon="23.6398">
        <ele>10.4</ele>
      </trkpt>
      <trkpt lat="59.22222" lon="23.6404">
        <ele>10.3</ele>
      </trkpt>
      <trkpt lat="59.22248" lon="23.64067">
        <ele>10.6</ele>
      </trkpt>
      <trkpt lat="59.22277" lon="23.64109">
        <ele>11.6</ele>
      </trkpt>
      <trkpt lat="59.22329" lon="23.6417">
        <ele>13.0</ele>
      </trkpt>
      <trkpt lat="59.22354" lon="23.64198">
        <ele>12.6</ele>
      </trkpt>
      <trkpt lat="59.22378" lon="23.64232">
        <ele>12.3</ele>
      </trkpt>
      <trkpt lat="59.22405" lon="23.64288">
        <ele>12.6</ele>
      </trkpt>
      <trkpt lat="59.22433" lon="23.64344">
        <ele>12.6</ele>
      </trkpt>
      <trkpt lat="59.22455" lon="23.64379">
        <ele>12.1</ele>
      </trkpt>
      <trkpt lat="59.22473" lon="23.64423">
        <ele>11.6</ele>
      </trkpt>
      <trkpt lat="59.22488" lon="23.64454">
        <ele>11.2</ele>
      </trkpt>
      <trkpt lat="59.22497" lon="23.64489">
        <ele>11.0</ele>
      </trkpt>
      <trkpt lat="59.22504" lon="23.64517">
        <ele>11.0</ele>
      </trkpt>
      <trkpt lat="59.2251" lon="23.64538">
        <ele>11.1</ele>
      </trkpt>
      <trkpt lat="59.22531" lon="23.64595">
        <ele>11.5</ele>
      </trkpt>
      <trkpt lat="59.22561" lon="23.64668">
        <ele>12.7</ele>
      </trkpt>
      <trkpt lat="59.22575" lon="23.64696">
        <ele>12.9</ele>
      </trkpt>
      <trkpt lat="59.22604" lon="23.6474">
        <ele>13.5</ele>
      </trkpt>
      <trkpt lat="59.22623" lon="23.64766">
        <ele>13.8</ele>
      </trkpt>
      <trkpt lat="59.22633" lon="23.64787">
        <ele>13.7</ele>
      </trkpt>
      <trkpt lat="59.22641" lon="23.64802">
        <ele>13.8</ele>
      </trkpt>
      <trkpt lat="59.22651" lon="23.6483">
        <ele>13.7</ele>
      </trkpt>
      <trkpt lat="59.22659" lon="23.64855">
        <ele>13.8</ele>
      </trkpt>
      <trkpt lat="59.22691" lon="23.64907">
        <ele>14.0</ele>
      </trkpt>
      <trkpt lat="59.22757" lon="23.64997">
        <ele>14.8</ele>
      </trkpt>
      <trkpt lat="59.22777" lon="23.65019">
        <ele>14.4</ele>
      </trkpt>
      <trkpt lat="59.228" lon="23.65038">
        <ele>14.1</ele>
      </trkpt>
      <trkpt lat="59.22809" lon="23.6505">
        <ele>14.0</ele>
      </trkpt>
      <trkpt lat="59.22858" lon="23.65126">
        <ele>14.2</ele>
      </trkpt>
      <trkpt lat="59.22865" lon="23.6514">
        <ele>14.3</ele>
      </trkpt>
      <trkpt lat="59.22902" lon="23.65184">
        <ele>14.1</ele>
      </trkpt>
      <trkpt lat="59.2293" lon="23.65216">
        <ele>14.0</ele>
      </trkpt>
      <trkpt lat="59.22962" lon="23.65246">
        <ele>14.0</ele>
      </trkpt>
      <trkpt lat="59.22985" lon="23.6527">
        <ele>13.8</ele>
      </trkpt>
      <trkpt lat="59.22999" lon="23.65292">
        <ele>13.5</ele>
      </trkpt>
      <trkpt lat="59.23024" lon="23.65342">
        <ele>13.3</ele>
      </trkpt>
      <trkpt lat="59.23038" lon="23.65364">
        <ele>13.5</ele>
      </trkpt>
      <trkpt lat="59.23051" lon="23.65391">
        <ele>13.6</ele>
      </trkpt>
      <trkpt lat="59.23062" lon="23.65416">
        <ele>13.7</ele>
      </trkpt>
      <trkpt lat="59.23087" lon="23.65483">
        <ele>14.0</ele>
      </trkpt>
      <trkpt lat="59.23108" lon="23.65533">
        <ele>13.7</ele>
      </trkpt>
      <trkpt lat="59.23153" lon="23.65617">
        <ele>13.4</ele>
      </trkpt>
      <trkpt lat="59.23183" lon="23.65656">
        <ele>13.1</ele>
      </trkpt>
      <trkpt lat="59.23208" lon="23.65684">
        <ele>12.9</ele>
      </trkpt>
      <trkpt lat="59.23243" lon="23.65706">
        <ele>13.0</ele>
      </trkpt>
      <trkpt lat="59.23251" lon="23.65744">
        <ele>13.0</ele>
      </trkpt>
      <trkpt lat="59.23266" lon="23.65831">
        <ele>13.2</ele>
      </trkpt>
      <trkpt lat="59.23281" lon="23.65919">
        <ele>13.4</ele>
      </trkpt>
      <trkpt lat="59.233" lon="23.66014">
        <ele>13.4</ele>
      </trkpt>
      <trkpt lat="59.23324" lon="23.66097">
        <ele>13.1</ele>
      </trkpt>
      <trkpt lat="59.23349" lon="23.6618">
        <ele>13.2</ele>
      </trkpt>
      <trkpt lat="59.23349" lon="23.6618">
        <ele>13.2</ele>
      </trkpt>
      <trkpt lat="59.23349" lon="23.6618">
        <ele>13.2</ele>
      </trkpt>
      <trkpt lat="59.23356" lon="23.66204">
        <ele>13.3</ele>
      </trkpt>
      <trkpt lat="59.23374" lon="23.66247">
        <ele>13.5</ele>
      </trkpt>
      <trkpt lat="59.23384" lon="23.663">
        <ele>13.8</ele>
      </trkpt>
      <trkpt lat="59.23387" lon="23.66362">
        <ele>13.9</ele>
      </trkpt>
      <trkpt lat="59.23381" lon="23.66423">
        <ele>13.5</ele>
      </trkpt>
      <trkpt lat="59.23345" lon="23.6655">
        <ele>12.8</ele>
      </trkpt>
      <trkpt lat="59.23309" lon="23.66677">
        <ele>13.7</ele>
      </trkpt>
      <trkpt lat="59.23298" lon="23.66758">
        <ele>13.5</ele>
      </trkpt>
      <trkpt lat="59.23283" lon="23.66915">
        <ele>11.9</ele>
      </trkpt>
      <trkpt lat="59.23275" lon="23.66936">
        <ele>11.7</ele>
      </trkpt>
      <trkpt lat="59.23271" lon="23.66946">
        <ele>11.6</ele>
      </trkpt>
      <trkpt lat="59.23251" lon="23.66999">
        <ele>11.0</ele>
      </trkpt>
      <trkpt lat="59.23224" lon="23.67104">
        <ele>11.7</ele>
      </trkpt>
      <trkpt lat="59.23201" lon="23.67212">
        <ele>12.2</ele>
      </trkpt>
      <trkpt lat="59.2316" lon="23.67306">
        <ele>12.5</ele>
      </trkpt>
      <trkpt lat="59.2312" lon="23.67401">
        <ele>13.6</ele>
      </trkpt>
      <trkpt lat="59.23109" lon="23.67436">
        <ele>13.8</ele>
      </trkpt>
      <trkpt lat="59.23085" lon="23.67531">
        <ele>14.0</ele>
      </trkpt>
      <trkpt lat="59.23066" lon="23.67614">
        <ele>13.9</ele>
      </trkpt>
      <trkpt lat="59.23047" lon="23.67698">
        <ele>14.0</ele>
      </trkpt>
      <trkpt lat="59.23033" lon="23.67808">
        <ele>13.7</ele>
      </trkpt>
      <trkpt lat="59.23018" lon="23.67918">
        <ele>13.8</ele>
      </trkpt>
      <trkpt lat="59.23018" lon="23.67918">
        <ele>13.8</ele>
      </trkpt>
      <trkpt lat="59.23018" lon="23.67918">
        <ele>13.8</ele>
      </trkpt>
      <trkpt lat="59.23007" lon="23.68006">
        <ele>13.0</ele>
      </trkpt>
      <trkpt lat="59.22998" lon="23.68056">
        <ele>13.1</ele>
      </trkpt>
      <trkpt lat="59.22982" lon="23.68105">
        <ele>13.9</ele>
      </trkpt>
      <trkpt lat="59.22952" lon="23.68158">
        <ele>15.1</ele>
      </trkpt>
      <trkpt lat="59.22913" lon="23.68199">
        <ele>16.0</ele>
      </trkpt>
      <trkpt lat="59.22867" lon="23.68223">
        <ele>16.0</ele>
      </trkpt>
      <trkpt lat="59.22817" lon="23.68257">
        <ele>16.1</ele>
      </trkpt>
      <trkpt lat="59.22767" lon="23.6829">
        <ele>16.1</ele>
      </trkpt>
      <trkpt lat="59.22691" lon="23.68348">
        <ele>15.4</ele>
      </trkpt>
      <trkpt lat="59.22691" lon="23.68348">
        <ele>15.4</ele>
      </trkpt>
      <trkpt lat="59.22663" lon="23.68366">
        <ele>15.3</ele>
      </trkpt>
      <trkpt lat="59.22588" lon="23.68395">
        <ele>14.6</ele>
      </trkpt>
      <trkpt lat="59.22513" lon="23.68423">
        <ele>15.9</ele>
      </trkpt>
      <trkpt lat="59.22445" lon="23.68499">
        <ele>16.3</ele>
      </trkpt>
      <trkpt lat="59.22378" lon="23.68575">
        <ele>15.1</ele>
      </trkpt>
      <trkpt lat="59.22354" lon="23.68596">
        <ele>14.6</ele>
      </trkpt>
      <trkpt lat="59.22355" lon="23.68611">
        <ele>14.9</ele>
      </trkpt>
      <trkpt lat="59.22353" lon="23.68633">
        <ele>15.1</ele>
      </trkpt>
      <trkpt lat="59.22343" lon="23.68721">
        <ele>15.2</ele>
      </trkpt>
      <trkpt lat="59.22324" lon="23.68825">
        <ele>14.8</ele>
      </trkpt>
      <trkpt lat="59.2231" lon="23.68883">
        <ele>14.6</ele>
      </trkpt>
      <trkpt lat="59.22305" lon="23.68917">
        <ele>14.7</ele>
      </trkpt>
      <trkpt lat="59.22301" lon="23.68931">
        <ele>14.7</ele>
      </trkpt>
      <trkpt lat="59.22296" lon="23.68962">
        <ele>14.8</ele>
      </trkpt>
      <trkpt lat="59.22291" lon="23.68981">
        <ele>14.9</ele>
      </trkpt>
      <trkpt lat="59.22291" lon="23.69027">
        <ele>14.8</ele>
      </trkpt>
      <trkpt lat="59.22301" lon="23.69142">
        <ele>14.0</ele>
      </trkpt>
      <trkpt lat="59.22304" lon="23.69191">
        <ele>13.6</ele>
      </trkpt>
      <trkpt lat="59.22308" lon="23.69204">
        <ele>13.5</ele>
      </trkpt>
      <trkpt lat="59.2231" lon="23.69238">
        <ele>13.3</ele>
      </trkpt>
      <trkpt lat="59.223147" lon="23.693266">
        <ele>12.3</ele>
      </trkpt>
      <trkpt lat="59.22317" lon="23.6937">
        <ele>13.0</ele>
      </trkpt>
      <trkpt lat="59.22356" lon="23.6945">
        <ele>14.4</ele>
      </trkpt>
      <trkpt lat="59.223553" lon="23.694502">
        <ele>14.4</ele>
      </trkpt>
      <trkpt lat="59.223553" lon="23.694502">
        <ele>14.4</ele>
      </trkpt>
      <trkpt lat="59.22354" lon="23.69453">
        <ele>14.5</ele>
      </trkpt>
      <trkpt lat="59.22373" lon="23.695">
        <ele>15.0</ele>
      </trkpt>
      <trkpt lat="59.22382" lon="23.69533">
        <ele>14.7</ele>
      </trkpt>
      <trkpt lat="59.22382" lon="23.69533">
        <ele>14.7</ele>
      </trkpt>
      <trkpt lat="59.22384" lon="23.69563">
        <ele>14.5</ele>
      </trkpt>
      <trkpt lat="59.22385" lon="23.69588">
        <ele>14.4</ele>
      </trkpt>
      <trkpt lat="59.22384" lon="23.69591">
        <ele>14.4</ele>
      </trkpt>
      <trkpt lat="59.22384" lon="23.69623">
        <ele>14.5</ele>
      </trkpt>
      <trkpt lat="59.22381" lon="23.69642">
        <ele>14.5</ele>
      </trkpt>
      <trkpt lat="59.22376" lon="23.69662">
        <ele>14.5</ele>
      </trkpt>
      <trkpt lat="59.22376" lon="23.69663">
        <ele>14.5</ele>
      </trkpt>
      <trkpt lat="59.22367" lon="23.69696">
        <ele>14.4</ele>
      </trkpt>
      <trkpt lat="59.22359" lon="23.69726">
        <ele>14.3</ele>
      </trkpt>
      <trkpt lat="59.22356" lon="23.69737">
        <ele>14.3</ele>
      </trkpt>
      <trkpt lat="59.22354" lon="23.69743">
        <ele>14.2</ele>
      </trkpt>
      <trkpt lat="59.22352" lon="23.69748">
        <ele>14.2</ele>
      </trkpt>
      <trkpt lat="59.2235" lon="23.69755">
        <ele>14.2</ele>
      </trkpt>
      <trkpt lat="59.22349" lon="23.69759">
        <ele>14.2</ele>
      </trkpt>
      <trkpt lat="59.22335" lon="23.69808">
        <ele>14.0</ele>
      </trkpt>
      <trkpt lat="59.2232" lon="23.69891">
        <ele>14.0</ele>
      </trkpt>
      <trkpt lat="59.22306" lon="23.69962">
        <ele>13.6</ele>
      </trkpt>
      <trkpt lat="59.22301" lon="23.69981">
        <ele>13.5</ele>
      </trkpt>
      <trkpt lat="59.22278" lon="23.70077">
        <ele>13.7</ele>
      </trkpt>
      <trkpt lat="59.22261" lon="23.70134">
        <ele>14.5</ele>
      </trkpt>
      <trkpt lat="59.22252" lon="23.70176">
        <ele>15.0</ele>
      </trkpt>
      <trkpt lat="59.22248" lon="23.7022">
        <ele>15.0</ele>
      </trkpt>
      <trkpt lat="59.22244" lon="23.70294">
        <ele>14.9</ele>
      </trkpt>
      <trkpt lat="59.22233" lon="23.70348">
        <ele>14.6</ele>
      </trkpt>
      <trkpt lat="59.22224" lon="23.70389">
        <ele>14.4</ele>
      </trkpt>
      <trkpt lat="59.22222" lon="23.70412">
        <ele>14.3</ele>
      </trkpt>
      <trkpt lat="59.22221" lon="23.70431">
        <ele>14.1</ele>
      </trkpt>
      <trkpt lat="59.22224" lon="23.70476">
        <ele>13.7</ele>
      </trkpt>
      <trkpt lat="59.22244" lon="23.70527">
        <ele>13.9</ele>
      </trkpt>
      <trkpt lat="59.22247" lon="23.70534">
        <ele>14.0</ele>
      </trkpt>
      <trkpt lat="59.2227" lon="23.70588">
        <ele>13.8</ele>
      </trkpt>
      <trkpt lat="59.22281" lon="23.70613">
        <ele>13.6</ele>
      </trkpt>
      <trkpt lat="59.22289" lon="23.7063">
        <ele>13.5</ele>
      </trkpt>
      <trkpt lat="59.22295" lon="23.70635">
        <ele>13.5</ele>
      </trkpt>
      <trkpt lat="59.22342" lon="23.70685">
        <ele>13.5</ele>
      </trkpt>
      <trkpt lat="59.22379" lon="23.70722">
        <ele>14.6</ele>
      </trkpt>
      <trkpt lat="59.22389" lon="23.70737">
        <ele>14.7</ele>
      </trkpt>
      <trkpt lat="59.22401" lon="23.7076">
        <ele>14.7</ele>
      </trkpt>
      <trkpt lat="59.22415" lon="23.70797">
        <ele>14.4</ele>
      </trkpt>
      <trkpt lat="59.22447" lon="23.70872">
        <ele>13.6</ele>
      </trkpt>
      <trkpt lat="59.22451" lon="23.70878">
        <ele>13.6</ele>
      </trkpt>
      <trkpt lat="59.22462" lon="23.70891">
        <ele>13.5</ele>
      </trkpt>
      <trkpt lat="59.22478" lon="23.70912">
        <ele>13.3</ele>
      </trkpt>
      <trkpt lat="59.22498" lon="23.70949">
        <ele>13.0</ele>
      </trkpt>
      <trkpt lat="59.22508" lon="23.70966">
        <ele>13.0</ele>
      </trkpt>
      <trkpt lat="59.22513" lon="23.70971">
        <ele>12.9</ele>
      </trkpt>
      <trkpt lat="59.22513" lon="23.70971">
        <ele>12.9</ele>
      </trkpt>
      <trkpt lat="59.22521" lon="23.70977">
        <ele>12.9</ele>
      </trkpt>
      <trkpt lat="59.22535" lon="23.70977">
        <ele>12.9</ele>
      </trkpt>
      <trkpt lat="59.22544" lon="23.70976">
        <ele>12.8</ele>
      </trkpt>
      <trkpt lat="59.22553" lon="23.70974">
        <ele>12.8</ele>
      </trkpt>
      <trkpt lat="59.22559" lon="23.7096">
        <ele>12.7</ele>
      </trkpt>
      <trkpt lat="59.22569" lon="23.70934">
        <ele>12.3</ele>
      </trkpt>
      <trkpt lat="59.22596" lon="23.70848">
        <ele>11.8</ele>
      </trkpt>
      <trkpt lat="59.22604" lon="23.7082">
        <ele>11.9</ele>
      </trkpt>
      <trkpt lat="59.2261" lon="23.70806">
        <ele>11.9</ele>
      </trkpt>
      <trkpt lat="59.22614" lon="23.70798">
        <ele>11.9</ele>
      </trkpt>
      <trkpt lat="59.22629" lon="23.70789">
        <ele>11.7</ele>
      </trkpt>
      <trkpt lat="59.22649" lon="23.70785">
        <ele>11.3</ele>
      </trkpt>
      <trkpt lat="59.22666" lon="23.70784">
        <ele>11.0</ele>
      </trkpt>
      <trkpt lat="59.22677" lon="23.70781">
        <ele>10.8</ele>
      </trkpt>
      <trkpt lat="59.22697" lon="23.70772">
        <ele>10.4</ele>
      </trkpt>
      <trkpt lat="59.22718" lon="23.70758">
        <ele>9.8</ele>
      </trkpt>
      <trkpt lat="59.22735" lon="23.7075">
        <ele>9.4</ele>
      </trkpt>
      <trkpt lat="59.22748" lon="23.70747">
        <ele>9.0</ele>
      </trkpt>
      <trkpt lat="59.2275" lon="23.70747">
        <ele>9.0</ele>
      </trkpt>
      <trkpt lat="59.22767" lon="23.70748">
        <ele>8.6</ele>
      </trkpt>
      <trkpt lat="59.22781" lon="23.70753">
        <ele>8.3</ele>
      </trkpt>
      <trkpt lat="59.22793" lon="23.70768">
        <ele>8.2</ele>
      </trkpt>
      <trkpt lat="59.22804" lon="23.70783">
        <ele>8.1</ele>
      </trkpt>
      <trkpt lat="59.22814" lon="23.70811">
        <ele>8.2</ele>
      </trkpt>
      <trkpt lat="59.22823" lon="23.70836">
        <ele>8.2</ele>
      </trkpt>
      <trkpt lat="59.22828" lon="23.70859">
        <ele>8.1</ele>
      </trkpt>
      <trkpt lat="59.2283" lon="23.70884">
        <ele>8.1</ele>
      </trkpt>
      <trkpt lat="59.22832" lon="23.7092">
        <ele>8.0</ele>
      </trkpt>
      <trkpt lat="59.22832" lon="23.70973">
        <ele>8.0</ele>
      </trkpt>
      <trkpt lat="59.22832" lon="23.70974">
        <ele>8.0</ele>
      </trkpt>
      <trkpt lat="59.22834" lon="23.71041">
        <ele>8.0</ele>
      </trkpt>
      <trkpt lat="59.22853" lon="23.71105">
        <ele>7.6</ele>
      </trkpt>
      <trkpt lat="59.22879" lon="23.71194">
        <ele>7.4</ele>
      </trkpt>
      <trkpt lat="59.22886" lon="23.71228">
        <ele>7.1</ele>
      </trkpt>
      <trkpt lat="59.229" lon="23.71293">
        <ele>7.0</ele>
      </trkpt>
      <trkpt lat="59.22927" lon="23.71419">
        <ele>6.8</ele>
      </trkpt>
      <trkpt lat="59.22949" lon="23.71568">
        <ele>6.6</ele>
      </trkpt>
      <trkpt lat="59.22991" lon="23.71766">
        <ele>6.7</ele>
      </trkpt>
      <trkpt lat="59.23001" lon="23.71826">
        <ele>7.0</ele>
      </trkpt>
      <trkpt lat="59.23064" lon="23.7219">
        <ele>6.1</ele>
      </trkpt>
      <trkpt lat="59.23065" lon="23.72223">
        <ele>6.1</ele>
      </trkpt>
      <trkpt lat="59.23067" lon="23.72249">
        <ele>6.2</ele>
      </trkpt>
      <trkpt lat="59.23067" lon="23.72265">
        <ele>6.4</ele>
      </trkpt>
      <trkpt lat="59.23066" lon="23.72287">
        <ele>6.5</ele>
      </trkpt>
      <trkpt lat="59.23066" lon="23.72287">
        <ele>6.5</ele>
      </trkpt>
      <trkpt lat="59.23078" lon="23.723">
        <ele>7.3</ele>
      </trkpt>
      <trkpt lat="59.23086" lon="23.72307">
        <ele>7.6</ele>
      </trkpt>
      <trkpt lat="59.23094" lon="23.72313">
        <ele>7.4</ele>
      </trkpt>
      <trkpt lat="59.23097" lon="23.72316">
        <ele>7.3</ele>
      </trkpt>
      <trkpt lat="59.23105" lon="23.72324">
        <ele>7.1</ele>
      </trkpt>
      <trkpt lat="59.23113" lon="23.72333">
        <ele>6.9</ele>
      </trkpt>
      <trkpt lat="59.23126" lon="23.72342">
        <ele>6.5</ele>
      </trkpt>
      <trkpt lat="59.23133" lon="23.72349">
        <ele>6.2</ele>
      </trkpt>
      <trkpt lat="59.2314" lon="23.72358">
        <ele>6.1</ele>
      </trkpt>
      <trkpt lat="59.23145" lon="23.72365">
        <ele>6.0</ele>
      </trkpt>
      <trkpt lat="59.2315" lon="23.72387">
        <ele>6.0</ele>
      </trkpt>
      <trkpt lat="59.23154" lon="23.72407">
        <ele>6.1</ele>
      </trkpt>
      <trkpt lat="59.23159" lon="23.72425">
        <ele>6.2</ele>
      </trkpt>
      <trkpt lat="59.23162" lon="23.72431">
        <ele>6.2</ele>
      </trkpt>
      <trkpt lat="59.23165" lon="23.72437">
        <ele>6.2</ele>
      </trkpt>
      <trkpt lat="59.23167" lon="23.72439">
        <ele>6.3</ele>
      </trkpt>
      <trkpt lat="59.23173" lon="23.72441">
        <ele>6.2</ele>
      </trkpt>
      <trkpt lat="59.23176" lon="23.72441">
        <ele>6.2</ele>
      </trkpt>
      <trkpt lat="59.23182" lon="23.7244">
        <ele>6.1</ele>
      </trkpt>
      <trkpt lat="59.23188" lon="23.72438">
        <ele>6.0</ele>
      </trkpt>
      <trkpt lat="59.23194" lon="23.72437">
        <ele>5.9</ele>
      </trkpt>
      <trkpt lat="59.23202" lon="23.72435">
        <ele>5.8</ele>
      </trkpt>
      <trkpt lat="59.23209" lon="23.72435">
        <ele>5.7</ele>
      </trkpt>
      <trkpt lat="59.23215" lon="23.72434">
        <ele>5.6</ele>
      </trkpt>
      <trkpt lat="59.23219" lon="23.72435">
        <ele>5.6</ele>
      </trkpt>
      <trkpt lat="59.23222" lon="23.72435">
        <ele>5.6</ele>
      </trkpt>
      <trkpt lat="59.23226" lon="23.72436">
        <ele>5.5</ele>
      </trkpt>
      <trkpt lat="59.23231" lon="23.72436">
        <ele>5.5</ele>
      </trkpt>
      <trkpt lat="59.23237" lon="23.72436">
        <ele>5.4</ele>
      </trkpt>
      <trkpt lat="59.23246" lon="23.72434">
        <ele>5.3</ele>
      </trkpt>
      <trkpt lat="59.23252" lon="23.72433">
        <ele>5.2</ele>
      </trkpt>
      <trkpt lat="59.23259" lon="23.72434">
        <ele>5.1</ele>
      </trkpt>
      <trkpt lat="59.23263" lon="23.72433">
        <ele>5.0</ele>
      </trkpt>
      <trkpt lat="59.23268" lon="23.72436">
        <ele>5.0</ele>
      </trkpt>
      <trkpt lat="59.23274" lon="23.7244">
        <ele>4.9</ele>
      </trkpt>
      <trkpt lat="59.23278" lon="23.72444">
        <ele>4.9</ele>
      </trkpt>
      <trkpt lat="59.2328" lon="23.72447">
        <ele>4.9</ele>
      </trkpt>
      <trkpt lat="59.23283" lon="23.72452">
        <ele>4.9</ele>
      </trkpt>
      <trkpt lat="59.23287" lon="23.7246">
        <ele>4.8</ele>
      </trkpt>
      <trkpt lat="59.2329" lon="23.72469">
        <ele>4.8</ele>
      </trkpt>
      <trkpt lat="59.23294" lon="23.72479">
        <ele>4.8</ele>
      </trkpt>
      <trkpt lat="59.23298" lon="23.72486">
        <ele>4.8</ele>
      </trkpt>
      <trkpt lat="59.23301" lon="23.72491">
        <ele>4.7</ele>
      </trkpt>
      <trkpt lat="59.23306" lon="23.72496">
        <ele>4.6</ele>
      </trkpt>
      <trkpt lat="59.23319" lon="23.7251">
        <ele>4.5</ele>
      </trkpt>
      <trkpt lat="59.23329" lon="23.72521">
        <ele>4.4</ele>
      </trkpt>
      <trkpt lat="59.23336" lon="23.72525">
        <ele>4.3</ele>
      </trkpt>
      <trkpt lat="59.23341" lon="23.72528">
        <ele>4.3</ele>
      </trkpt>
      <trkpt lat="59.233297" lon="23.725921">
        <ele>5.2</ele>
      </trkpt>
      <trkpt lat="59.233297" lon="23.725921">
        <ele>5.2</ele>
      </trkpt>
      <trkpt lat="59.2333" lon="23.72595">
        <ele>5.2</ele>
      </trkpt>
      <trkpt lat="59.23343" lon="23.72626">
        <ele>5.3</ele>
      </trkpt>
      <trkpt lat="59.23347" lon="23.72649">
        <ele>5.5</ele>
      </trkpt>
      <trkpt lat="59.23357" lon="23.72673">
        <ele>5.5</ele>
      </trkpt>
      <trkpt lat="59.23375" lon="23.72734">
        <ele>5.8</ele>
      </trkpt>
      <trkpt lat="59.23403" lon="23.72749">
        <ele>5.3</ele>
      </trkpt>
      <trkpt lat="59.23434" lon="23.72758">
        <ele>4.1</ele>
      </trkpt>
      <trkpt lat="59.23442" lon="23.72778">
        <ele>4.1</ele>
      </trkpt>
      <trkpt lat="59.2345" lon="23.72812">
        <ele>4.6</ele>
      </trkpt>
      <trkpt lat="59.23473" lon="23.72868">
        <ele>4.9</ele>
      </trkpt>
      <trkpt lat="59.23502" lon="23.72916">
        <ele>4.9</ele>
      </trkpt>
      <trkpt lat="59.23512" lon="23.72946">
        <ele>5.0</ele>
      </trkpt>
      <trkpt lat="59.23524" lon="23.72964">
        <ele>5.0</ele>
      </trkpt>
      <trkpt lat="59.2354" lon="23.72978">
        <ele>5.0</ele>
      </trkpt>
      <trkpt lat="59.23548" lon="23.72999">
        <ele>5.4</ele>
      </trkpt>
      <trkpt lat="59.23561" lon="23.73061">
        <ele>5.3</ele>
      </trkpt>
      <trkpt lat="59.23571" lon="23.73088">
        <ele>5.1</ele>
      </trkpt>
      <trkpt lat="59.23597" lon="23.73139">
        <ele>4.2</ele>
      </trkpt>
      <trkpt lat="59.23613" lon="23.73217">
        <ele>4.0</ele>
      </trkpt>
      <trkpt lat="59.23619" lon="23.7323">
        <ele>4.0</ele>
      </trkpt>
      <trkpt lat="59.23627" lon="23.73269">
        <ele>4.0</ele>
      </trkpt>
      <trkpt lat="59.23637" lon="23.73301">
        <ele>4.0</ele>
      </trkpt>
      <trkpt lat="59.23684" lon="23.73405">
        <ele>4.0</ele>
      </trkpt>
      <trkpt lat="59.23708" lon="23.7345">
        <ele>4.2</ele>
      </trkpt>
      <trkpt lat="59.23763" lon="23.73542">
        <ele>4.6</ele>
      </trkpt>
      <trkpt lat="59.23804" lon="23.73603">
        <ele>5.1</ele>
      </trkpt>
      <trkpt lat="59.23876" lon="23.73693">
        <ele>5.0</ele>
      </trkpt>
      <trkpt lat="59.23911" lon="23.73731">
        <ele>5.0</ele>
      </trkpt>
      <trkpt lat="59.2393" lon="23.73748">
        <ele>4.7</ele>
      </trkpt>
      <trkpt lat="59.23983" lon="23.7382">
        <ele>4.1</ele>
      </trkpt>
      <trkpt lat="59.24036" lon="23.73892">
        <ele>4.3</ele>
      </trkpt>
      <trkpt lat="59.24074" lon="23.73938">
        <ele>4.4</ele>
      </trkpt>
      <trkpt lat="59.24113" lon="23.73998">
        <ele>5.0</ele>
      </trkpt>
      <trkpt lat="59.2416" lon="23.74058">
        <ele>5.6</ele>
      </trkpt>
      <trkpt lat="59.24207" lon="23.74117">
        <ele>5.9</ele>
      </trkpt>
      <trkpt lat="59.24207" lon="23.74137">
        <ele>6.2</ele>
      </trkpt>
      <trkpt lat="59.24195" lon="23.7417">
        <ele>6.7</ele>
      </trkpt>
      <trkpt lat="59.24173" lon="23.74244">
        <ele>7.8</ele>
      </trkpt>
      <trkpt lat="59.24167" lon="23.74283">
        <ele>8.4</ele>
      </trkpt>
      <trkpt lat="59.24163" lon="23.74294">
        <ele>8.6</ele>
      </trkpt>
      <trkpt lat="59.24119" lon="23.74358">
        <ele>9.6</ele>
      </trkpt>
      <trkpt lat="59.24111" lon="23.74362">
        <ele>9.7</ele>
      </trkpt>
      <trkpt lat="59.241" lon="23.74372">
        <ele>9.8</ele>
      </trkpt>
      <trkpt lat="59.24096" lon="23.74393">
        <ele>9.8</ele>
      </trkpt>
      <trkpt lat="59.24097" lon="23.74417">
        <ele>9.8</ele>
      </trkpt>
      <trkpt lat="59.2411" lon="23.74457">
        <ele>9.4</ele>
      </trkpt>
      <trkpt lat="59.24116" lon="23.74477">
        <ele>9.3</ele>
      </trkpt>
      <trkpt lat="59.24127" lon="23.74503">
        <ele>9.0</ele>
      </trkpt>
      <trkpt lat="59.24173" lon="23.74529">
        <ele>8.4</ele>
      </trkpt>
      <trkpt lat="59.24202" lon="23.74553">
        <ele>8.8</ele>
      </trkpt>
      <trkpt lat="59.24259" lon="23.74613">
        <ele>9.1</ele>
      </trkpt>
      <trkpt lat="59.24316" lon="23.74673">
        <ele>9.2</ele>
      </trkpt>
      <trkpt lat="59.24344" lon="23.74692">
        <ele>9.7</ele>
      </trkpt>
      <trkpt lat="59.2441" lon="23.74712">
        <ele>10.5</ele>
      </trkpt>
      <trkpt lat="59.24439" lon="23.74717">
        <ele>10.7</ele>
      </trkpt>
      <trkpt lat="59.24469" lon="23.74708">
        <ele>10.8</ele>
      </trkpt>
      <trkpt lat="59.24495" lon="23.7472">
        <ele>11.0</ele>
      </trkpt>
      <trkpt lat="59.2451" lon="23.74736">
        <ele>11.1</ele>
      </trkpt>
      <trkpt lat="59.2451" lon="23.74736">
        <ele>11.1</ele>
      </trkpt>
      <trkpt lat="59.24533" lon="23.74739">
        <ele>11.4</ele>
      </trkpt>
      <trkpt lat="59.2459" lon="23.74755">
        <ele>11.9</ele>
      </trkpt>
      <trkpt lat="59.24607" lon="23.74766">
        <ele>11.9</ele>
      </trkpt>
      <trkpt lat="59.24683" lon="23.74765">
        <ele>12.2</ele>
      </trkpt>
      <trkpt lat="59.24739" lon="23.74773">
        <ele>12.3</ele>
      </trkpt>
      <trkpt lat="59.24768" lon="23.74775">
        <ele>12.1</ele>
      </trkpt>
      <trkpt lat="59.24806" lon="23.7479">
        <ele>11.8</ele>
      </trkpt>
      <trkpt lat="59.24823" lon="23.74807">
        <ele>11.8</ele>
      </trkpt>
      <trkpt lat="59.24843" lon="23.74855">
        <ele>12.0</ele>
      </trkpt>
      <trkpt lat="59.24866" lon="23.74918">
        <ele>12.4</ele>
      </trkpt>
      <trkpt lat="59.2488" lon="23.74943">
        <ele>12.9</ele>
      </trkpt>
      <trkpt lat="59.24893" lon="23.74954">
        <ele>13.2</ele>
      </trkpt>
      <trkpt lat="59.24908" lon="23.7496">
        <ele>13.4</ele>
      </trkpt>
      <trkpt lat="59.24955" lon="23.74964">
        <ele>13.6</ele>
      </trkpt>
      <trkpt lat="59.25007" lon="23.74955">
        <ele>13.6</ele>
      </trkpt>
      <trkpt lat="59.25042" lon="23.74964">
        <ele>14.4</ele>
      </trkpt>
      <trkpt lat="59.25054" lon="23.74964">
        <ele>14.6</ele>
      </trkpt>
      <trkpt lat="59.25083" lon="23.74951">
        <ele>14.8</ele>
      </trkpt>
      <trkpt lat="59.25123" lon="23.74959">
        <ele>15.0</ele>
      </trkpt>
      <trkpt lat="59.2513" lon="23.74964">
        <ele>15.1</ele>
      </trkpt>
      <trkpt lat="59.25153" lon="23.74967">
        <ele>15.2</ele>
      </trkpt>
      <trkpt lat="59.25208" lon="23.74964">
        <ele>16.1</ele>
      </trkpt>
      <trkpt lat="59.25245" lon="23.74948">
        <ele>16.6</ele>
      </trkpt>
      <trkpt lat="59.25287" lon="23.74921">
        <ele>16.5</ele>
      </trkpt>
      <trkpt lat="59.25345" lon="23.74898">
        <ele>16.6</ele>
      </trkpt>
      <trkpt lat="59.25375" lon="23.74892">
        <ele>16.2</ele>
      </trkpt>
      <trkpt lat="59.25392" lon="23.74878">
        <ele>15.8</ele>
      </trkpt>
      <trkpt lat="59.25407" lon="23.74879">
        <ele>15.7</ele>
      </trkpt>
      <trkpt lat="59.25424" lon="23.74904">
        <ele>15.8</ele>
      </trkpt>
      <trkpt lat="59.25434" lon="23.74926">
        <ele>15.9</ele>
      </trkpt>
      <trkpt lat="59.25447" lon="23.74934">
        <ele>15.8</ele>
      </trkpt>
      <trkpt lat="59.25459" lon="23.74934">
        <ele>15.6</ele>
      </trkpt>
      <trkpt lat="59.25476" lon="23.74915">
        <ele>15.3</ele>
      </trkpt>
      <trkpt lat="59.25511" lon="23.74869">
        <ele>14.9</ele>
      </trkpt>
      <trkpt lat="59.25569" lon="23.74814">
        <ele>13.9</ele>
      </trkpt>
      <trkpt lat="59.25582" lon="23.74798">
        <ele>13.6</ele>
      </trkpt>
      <trkpt lat="59.2564" lon="23.74669">
        <ele>13.7</ele>
      </trkpt>
      <trkpt lat="59.256548" lon="23.746501">
        <ele>13.8</ele>
      </trkpt>
      <trkpt lat="59.25655" lon="23.74651">
        <ele>13.8</ele>
      </trkpt>
      <trkpt lat="59.25668" lon="23.74633">
        <ele>14.1</ele>
      </trkpt>
      <trkpt lat="59.25688" lon="23.74619">
        <ele>15.6</ele>
      </trkpt>
      <trkpt lat="59.25702" lon="23.74609">
        <ele>16.7</ele>
      </trkpt>
      <trkpt lat="59.25711" lon="23.74603">
        <ele>17.5</ele>
      </trkpt>
      <trkpt lat="59.25719" lon="23.74597">
        <ele>18.2</ele>
      </trkpt>
      <trkpt lat="59.25742" lon="23.74581">
        <ele>20.4</ele>
      </trkpt>
      <trkpt lat="59.25753" lon="23.74577">
        <ele>21.1</ele>
      </trkpt>
      <trkpt lat="59.25758" lon="23.74576">
        <ele>21.3</ele>
      </trkpt>
      <trkpt lat="59.25763" lon="23.74575">
        <ele>21.4</ele>
      </trkpt>
      <trkpt lat="59.25768" lon="23.74576">
        <ele>21.5</ele>
      </trkpt>
      <trkpt lat="59.25772" lon="23.74577">
        <ele>21.6</ele>
      </trkpt>
      <trkpt lat="59.25781" lon="23.7458">
        <ele>21.8</ele>
      </trkpt>
      <trkpt lat="59.25788" lon="23.74582">
        <ele>21.9</ele>
      </trkpt>
      <trkpt lat="59.25806" lon="23.74586">
        <ele>22.3</ele>
      </trkpt>
      <trkpt lat="59.25807" lon="23.74586">
        <ele>22.3</ele>
      </trkpt>
      <trkpt lat="59.25817" lon="23.74587">
        <ele>22.6</ele>
      </trkpt>
      <trkpt lat="59.25826" lon="23.74586">
        <ele>22.8</ele>
      </trkpt>
      <trkpt lat="59.25834" lon="23.74585">
        <ele>23.0</ele>
      </trkpt>
      <trkpt lat="59.25843" lon="23.74584">
        <ele>22.9</ele>
      </trkpt>
      <trkpt lat="59.25859" lon="23.74582">
        <ele>22.7</ele>
      </trkpt>
      <trkpt lat="59.25861" lon="23.74582">
        <ele>22.7</ele>
      </trkpt>
      <trkpt lat="59.25869" lon="23.74582">
        <ele>22.6</ele>
      </trkpt>
      <trkpt lat="59.25896" lon="23.74588">
        <ele>22.1</ele>
      </trkpt>
      <trkpt lat="59.25926" lon="23.74591">
        <ele>21.9</ele>
      </trkpt>
      <trkpt lat="59.25937" lon="23.74586">
        <ele>22.2</ele>
      </trkpt>
      <trkpt lat="59.25939" lon="23.74585">
        <ele>22.2</ele>
      </trkpt>
      <trkpt lat="59.25949" lon="23.74578">
        <ele>22.4</ele>
      </trkpt>
      <trkpt lat="59.25965" lon="23.74564">
        <ele>22.7</ele>
      </trkpt>
      <trkpt lat="59.2598" lon="23.7455">
        <ele>22.9</ele>
      </trkpt>
      <trkpt lat="59.25996" lon="23.7454">
        <ele>23.0</ele>
      </trkpt>
      <trkpt lat="59.26006" lon="23.74536">
        <ele>23.1</ele>
      </trkpt>
      <trkpt lat="59.26016" lon="23.74533">
        <ele>23.2</ele>
      </trkpt>
      <trkpt lat="59.2603" lon="23.74532">
        <ele>23.4</ele>
      </trkpt>
      <trkpt lat="59.26047" lon="23.7453">
        <ele>23.6</ele>
      </trkpt>
      <trkpt lat="59.26068" lon="23.7453">
        <ele>23.8</ele>
      </trkpt>
      <trkpt lat="59.26075" lon="23.74531">
        <ele>23.9</ele>
      </trkpt>
      <trkpt lat="59.2608" lon="23.74532">
        <ele>24.0</ele>
      </trkpt>
      <trkpt lat="59.2609" lon="23.74536">
        <ele>24.0</ele>
      </trkpt>
      <trkpt lat="59.26108" lon="23.74547">
        <ele>24.0</ele>
      </trkpt>
      <trkpt lat="59.26116" lon="23.74554">
        <ele>24.0</ele>
      </trkpt>
      <trkpt lat="59.2612" lon="23.74558">
        <ele>24.0</ele>
      </trkpt>
      <trkpt lat="59.26124" lon="23.74562">
        <ele>24.0</ele>
      </trkpt>
      <trkpt lat="59.26131" lon="23.74572">
        <ele>24.0</ele>
      </trkpt>
      <trkpt lat="59.26135" lon="23.74578">
        <ele>24.0</ele>
      </trkpt>
      <trkpt lat="59.26142" lon="23.7459">
        <ele>24.0</ele>
      </trkpt>
      <trkpt lat="59.26148" lon="23.74602">
        <ele>24.0</ele>
      </trkpt>
      <trkpt lat="59.26165" lon="23.7463">
        <ele>24.0</ele>
      </trkpt>
      <trkpt lat="59.26168" lon="23.74635">
        <ele>24.0</ele>
      </trkpt>
      <trkpt lat="59.2618" lon="23.74652">
        <ele>24.1</ele>
      </trkpt>
      <trkpt lat="59.26204" lon="23.74684">
        <ele>24.1</ele>
      </trkpt>
      <trkpt lat="59.2622" lon="23.74705">
        <ele>23.9</ele>
      </trkpt>
      <trkpt lat="59.26234" lon="23.74723">
        <ele>23.6</ele>
      </trkpt>
      <trkpt lat="59.26261" lon="23.74764">
        <ele>22.3</ele>
      </trkpt>
      <trkpt lat="59.26264" lon="23.74769">
        <ele>22.0</ele>
      </trkpt>
      <trkpt lat="59.26273" lon="23.74788">
        <ele>21.2</ele>
      </trkpt>
      <trkpt lat="59.26276" lon="23.74794">
        <ele>21.0</ele>
      </trkpt>
      <trkpt lat="59.26289" lon="23.74819">
        <ele>20.0</ele>
      </trkpt>
      <trkpt lat="59.26302" lon="23.74844">
        <ele>19.2</ele>
      </trkpt>
      <trkpt lat="59.26314" lon="23.74865">
        <ele>18.9</ele>
      </trkpt>
      <trkpt lat="59.2632" lon="23.74872">
        <ele>18.7</ele>
      </trkpt>
      <trkpt lat="59.26332" lon="23.74888">
        <ele>18.4</ele>
      </trkpt>
      <trkpt lat="59.26346" lon="23.74901">
        <ele>18.2</ele>
      </trkpt>
      <trkpt lat="59.26354" lon="23.74908">
        <ele>18.1</ele>
      </trkpt>
      <trkpt lat="59.26362" lon="23.74913">
        <ele>18.0</ele>
      </trkpt>
      <trkpt lat="59.26363" lon="23.74914">
        <ele>18.0</ele>
      </trkpt>
      <trkpt lat="59.26371" lon="23.74918">
        <ele>18.0</ele>
      </trkpt>
      <trkpt lat="59.26376" lon="23.74921">
        <ele>18.0</ele>
      </trkpt>
      <trkpt lat="59.26381" lon="23.74923">
        <ele>18.0</ele>
      </trkpt>
      <trkpt lat="59.26386" lon="23.74923">
        <ele>18.0</ele>
      </trkpt>
      <trkpt lat="59.26397" lon="23.74923">
        <ele>18.0</ele>
      </trkpt>
      <trkpt lat="59.26402" lon="23.74922">
        <ele>18.0</ele>
      </trkpt>
      <trkpt lat="59.26416" lon="23.74912">
        <ele>18.0</ele>
      </trkpt>
      <trkpt lat="59.26451" lon="23.74883">
        <ele>18.2</ele>
      </trkpt>
      <trkpt lat="59.26464" lon="23.74874">
        <ele>18.3</ele>
      </trkpt>
      <trkpt lat="59.26479" lon="23.74867">
        <ele>18.3</ele>
      </trkpt>
      <trkpt lat="59.26498" lon="23.74863">
        <ele>18.3</ele>
      </trkpt>
      <trkpt lat="59.26519" lon="23.74864">
        <ele>18.4</ele>
      </trkpt>
      <trkpt lat="59.26528" lon="23.74865">
        <ele>18.4</ele>
      </trkpt>
      <trkpt lat="59.26536" lon="23.74867">
        <ele>18.4</ele>
      </trkpt>
      <trkpt lat="59.26542" lon="23.7487">
        <ele>18.4</ele>
      </trkpt>
      <trkpt lat="59.26548" lon="23.74875">
        <ele>18.5</ele>
      </trkpt>
      <trkpt lat="59.26554" lon="23.7488">
        <ele>18.6</ele>
      </trkpt>
      <trkpt lat="59.26563" lon="23.7489">
        <ele>18.7</ele>
      </trkpt>
      <trkpt lat="59.26573" lon="23.74898">
        <ele>18.8</ele>
      </trkpt>
      <trkpt lat="59.26591" lon="23.74917">
        <ele>18.5</ele>
      </trkpt>
      <trkpt lat="59.26601" lon="23.74929">
        <ele>18.1</ele>
      </trkpt>
      <trkpt lat="59.26608" lon="23.74939">
        <ele>17.8</ele>
      </trkpt>
      <trkpt lat="59.26614" lon="23.74952">
        <ele>17.6</ele>
      </trkpt>
      <trkpt lat="59.26619" lon="23.74967">
        <ele>17.5</ele>
      </trkpt>
      <trkpt lat="59.26633" lon="23.75005">
        <ele>17.0</ele>
      </trkpt>
      <trkpt lat="59.26641" lon="23.75023">
        <ele>16.5</ele>
      </trkpt>
      <trkpt lat="59.26646" lon="23.75031">
        <ele>16.1</ele>
      </trkpt>
      <trkpt lat="59.26652" lon="23.75041">
        <ele>15.8</ele>
      </trkpt>
      <trkpt lat="59.26666" lon="23.75064">
        <ele>15.0</ele>
      </trkpt>
      <trkpt lat="59.26681" lon="23.75093">
        <ele>14.8</ele>
      </trkpt>
      <trkpt lat="59.26687" lon="23.75108">
        <ele>14.9</ele>
      </trkpt>
      <trkpt lat="59.26701" lon="23.75155">
        <ele>15.4</ele>
      </trkpt>
      <trkpt lat="59.26718" lon="23.75198">
        <ele>15.6</ele>
      </trkpt>
      <trkpt lat="59.26734" lon="23.75234">
        <ele>15.8</ele>
      </trkpt>
      <trkpt lat="59.26734" lon="23.75234">
        <ele>15.8</ele>
      </trkpt>
      <trkpt lat="59.26758" lon="23.75367">
        <ele>16.7</ele>
      </trkpt>
      <trkpt lat="59.26764" lon="23.754">
        <ele>16.5</ele>
      </trkpt>
      <trkpt lat="59.2677" lon="23.75433">
        <ele>16.1</ele>
      </trkpt>
      <trkpt lat="59.26776" lon="23.75466">
        <ele>15.7</ele>
      </trkpt>
      <trkpt lat="59.26784" lon="23.75507">
        <ele>15.1</ele>
      </trkpt>
      <trkpt lat="59.26787" lon="23.75533">
        <ele>14.9</ele>
      </trkpt>
      <trkpt lat="59.26793" lon="23.75589">
        <ele>14.5</ele>
      </trkpt>
      <trkpt lat="59.26795" lon="23.75602">
        <ele>14.4</ele>
      </trkpt>
      <trkpt lat="59.26802" lon="23.75679">
        <ele>14.0</ele>
      </trkpt>
      <trkpt lat="59.26802" lon="23.75695">
        <ele>14.0</ele>
      </trkpt>
      <trkpt lat="59.26803" lon="23.75728">
        <ele>14.0</ele>
      </trkpt>
      <trkpt lat="59.26804" lon="23.75779">
        <ele>13.9</ele>
      </trkpt>
      <trkpt lat="59.26804" lon="23.75786">
        <ele>13.8</ele>
      </trkpt>
      <trkpt lat="59.268043" lon="23.757859">
        <ele>13.8</ele>
      </trkpt>
      <trkpt lat="59.26805" lon="23.75805">
        <ele>13.8</ele>
      </trkpt>
      <trkpt lat="59.26805" lon="23.75815">
        <ele>13.7</ele>
      </trkpt>
      <trkpt lat="59.26805" lon="23.75826">
        <ele>13.7</ele>
      </trkpt>
      <trkpt lat="59.26806" lon="23.75836">
        <ele>13.7</ele>
      </trkpt>
      <trkpt lat="59.26806" lon="23.75846">
        <ele>13.7</ele>
      </trkpt>
      <trkpt lat="59.26808" lon="23.75904">
        <ele>13.7</ele>
      </trkpt>
      <trkpt lat="59.26809" lon="23.75939">
        <ele>13.7</ele>
      </trkpt>
      <trkpt lat="59.2681" lon="23.75974">
        <ele>13.7</ele>
      </trkpt>
      <trkpt lat="59.26811" lon="23.76007">
        <ele>13.7</ele>
      </trkpt>
      <trkpt lat="59.26814" lon="23.76078">
        <ele>13.8</ele>
      </trkpt>
      <trkpt lat="59.26814" lon="23.7609">
        <ele>13.7</ele>
      </trkpt>
      <trkpt lat="59.26816" lon="23.76097">
        <ele>13.7</ele>
      </trkpt>
      <trkpt lat="59.26819" lon="23.76109">
        <ele>13.6</ele>
      </trkpt>
      <trkpt lat="59.26823" lon="23.76138">
        <ele>13.3</ele>
      </trkpt>
      <trkpt lat="59.26824" lon="23.76164">
        <ele>13.0</ele>
      </trkpt>
      <trkpt lat="59.26826" lon="23.76182">
        <ele>13.0</ele>
      </trkpt>
      <trkpt lat="59.26835" lon="23.7629">
        <ele>12.5</ele>
      </trkpt>
      <trkpt lat="59.26836" lon="23.76295">
        <ele>12.4</ele>
      </trkpt>
      <trkpt lat="59.2684" lon="23.76334">
        <ele>11.8</ele>
      </trkpt>
      <trkpt lat="59.26843" lon="23.76375">
        <ele>11.8</ele>
      </trkpt>
      <trkpt lat="59.26848" lon="23.76403">
        <ele>11.6</ele>
      </trkpt>
      <trkpt lat="59.26858" lon="23.76468">
        <ele>11.6</ele>
      </trkpt>
      <trkpt lat="59.26864" lon="23.76506">
        <ele>11.6</ele>
      </trkpt>
      <trkpt lat="59.26868" lon="23.76537">
        <ele>11.6</ele>
      </trkpt>
      <trkpt lat="59.2687" lon="23.76569">
        <ele>11.6</ele>
      </trkpt>
      <trkpt lat="59.26872" lon="23.76638">
        <ele>11.9</ele>
      </trkpt>
      <trkpt lat="59.26874" lon="23.76678">
        <ele>12.1</ele>
      </trkpt>
      <trkpt lat="59.26875" lon="23.76709">
        <ele>12.3</ele>
      </trkpt>
      <trkpt lat="59.26876" lon="23.76755">
        <ele>12.5</ele>
      </trkpt>
      <trkpt lat="59.26877" lon="23.76851">
        <ele>13.5</ele>
      </trkpt>
      <trkpt lat="59.26879" lon="23.7695">
        <ele>14.3</ele>
      </trkpt>
      <trkpt lat="59.26879" lon="23.7699">
        <ele>14.8</ele>
      </trkpt>
      <trkpt lat="59.2688" lon="23.77025">
        <ele>14.7</ele>
      </trkpt>
      <trkpt lat="59.2688" lon="23.77038">
        <ele>14.7</ele>
      </trkpt>
      <trkpt lat="59.2688" lon="23.7706">
        <ele>14.6</ele>
      </trkpt>
      <trkpt lat="59.2688" lon="23.77129">
        <ele>14.2</ele>
      </trkpt>
      <trkpt lat="59.26881" lon="23.77226">
        <ele>14.0</ele>
      </trkpt>
      <trkpt lat="59.26882" lon="23.77335">
        <ele>14.2</ele>
      </trkpt>
      <trkpt lat="59.26885" lon="23.77377">
        <ele>14.2</ele>
      </trkpt>
      <trkpt lat="59.26886" lon="23.77391">
        <ele>14.3</ele>
      </trkpt>
      <trkpt lat="59.26891" lon="23.77442">
        <ele>14.2</ele>
      </trkpt>
      <trkpt lat="59.26897" lon="23.7748">
        <ele>13.9</ele>
      </trkpt>
      <trkpt lat="59.26897" lon="23.77481">
        <ele>13.9</ele>
      </trkpt>
      <trkpt lat="59.26903" lon="23.77504">
        <ele>13.8</ele>
      </trkpt>
      <trkpt lat="59.26912" lon="23.77536">
        <ele>13.9</ele>
      </trkpt>
      <trkpt lat="59.2692" lon="23.7756">
        <ele>14.0</ele>
      </trkpt>
      <trkpt lat="59.26923" lon="23.77567">
        <ele>14.0</ele>
      </trkpt>
      <trkpt lat="59.26932" lon="23.77584">
        <ele>14.0</ele>
      </trkpt>
      <trkpt lat="59.26944" lon="23.77602">
        <ele>14.2</ele>
      </trkpt>
      <trkpt lat="59.26957" lon="23.7762">
        <ele>14.4</ele>
      </trkpt>
      <trkpt lat="59.26965" lon="23.77634">
        <ele>14.6</ele>
      </trkpt>
      <trkpt lat="59.2697" lon="23.77644">
        <ele>14.7</ele>
      </trkpt>
      <trkpt lat="59.26974" lon="23.77655">
        <ele>14.9</ele>
      </trkpt>
      <trkpt lat="59.26986" lon="23.77684">
        <ele>15.0</ele>
      </trkpt>
      <trkpt lat="59.26993" lon="23.77696">
        <ele>15.0</ele>
      </trkpt>
      <trkpt lat="59.26996" lon="23.77702">
        <ele>15.0</ele>
      </trkpt>
      <trkpt lat="59.27" lon="23.77708">
        <ele>15.0</ele>
      </trkpt>
      <trkpt lat="59.27003" lon="23.77713">
        <ele>14.9</ele>
      </trkpt>
      <trkpt lat="59.27008" lon="23.77718">
        <ele>14.6</ele>
      </trkpt>
      <trkpt lat="59.27018" lon="23.77727">
        <ele>14.2</ele>
      </trkpt>
      <trkpt lat="59.27045" lon="23.77748">
        <ele>13.4</ele>
      </trkpt>
      <trkpt lat="59.27072" lon="23.77767">
        <ele>12.8</ele>
      </trkpt>
      <trkpt lat="59.27092" lon="23.77784">
        <ele>12.5</ele>
      </trkpt>
      <trkpt lat="59.27104" lon="23.77793">
        <ele>12.2</ele>
      </trkpt>
      <trkpt lat="59.27136" lon="23.77819">
        <ele>11.2</ele>
      </trkpt>
      <trkpt lat="59.27153" lon="23.77832">
        <ele>10.6</ele>
      </trkpt>
      <trkpt lat="59.27277" lon="23.77933">
        <ele>9.6</ele>
      </trkpt>
      <trkpt lat="59.27304" lon="23.77955">
        <ele>10.4</ele>
      </trkpt>
      <trkpt lat="59.27315" lon="23.77965">
        <ele>10.7</ele>
      </trkpt>
      <trkpt lat="59.27315" lon="23.77965">
        <ele>10.7</ele>
      </trkpt>
      <trkpt lat="59.27318" lon="23.77958">
        <ele>10.5</ele>
      </trkpt>
      <trkpt lat="59.27323" lon="23.77948">
        <ele>10.1</ele>
      </trkpt>
      <trkpt lat="59.2733" lon="23.77929">
        <ele>9.4</ele>
      </trkpt>
      <trkpt lat="59.27335" lon="23.77911">
        <ele>8.7</ele>
      </trkpt>
      <trkpt lat="59.27337" lon="23.77903">
        <ele>8.3</ele>
      </trkpt>
      <trkpt lat="59.2734" lon="23.77896">
        <ele>7.8</ele>
      </trkpt>
      <trkpt lat="59.27342" lon="23.77889">
        <ele>7.4</ele>
      </trkpt>
      <trkpt lat="59.27345" lon="23.77882">
        <ele>7.0</ele>
      </trkpt>
      <trkpt lat="59.27347" lon="23.77879">
        <ele>6.7</ele>
      </trkpt>
      <trkpt lat="59.27349" lon="23.77876">
        <ele>6.5</ele>
      </trkpt>
      <trkpt lat="59.27351" lon="23.77872">
        <ele>6.2</ele>
      </trkpt>
      <trkpt lat="59.27353" lon="23.7787">
        <ele>6.0</ele>
      </trkpt>
      <trkpt lat="59.27354" lon="23.77868">
        <ele>5.9</ele>
      </trkpt>
      <trkpt lat="59.27359" lon="23.77863">
        <ele>5.3</ele>
      </trkpt>
      <trkpt lat="59.27364" lon="23.77861">
        <ele>4.9</ele>
      </trkpt>
      <trkpt lat="59.2737" lon="23.77863">
        <ele>4.6</ele>
      </trkpt>
      <trkpt lat="59.27378" lon="23.77867">
        <ele>4.2</ele>
      </trkpt>
      <trkpt lat="59.274" lon="23.77878">
        <ele>3.2</ele>
      </trkpt>
      <trkpt lat="59.27409" lon="23.77884">
        <ele>2.9</ele>
      </trkpt>
      <trkpt lat="59.2744" lon="23.77902">
        <ele>3.1</ele>
      </trkpt>
      <trkpt lat="59.27509" lon="23.77943">
        <ele>4.1</ele>
      </trkpt>
      <trkpt lat="59.27548" lon="23.77966">
        <ele>4.5</ele>
      </trkpt>
      <trkpt lat="59.27596" lon="23.77989">
        <ele>4.4</ele>
      </trkpt>
      <trkpt lat="59.27723" lon="23.78048">
        <ele>3.4</ele>
      </trkpt>
      <trkpt lat="59.27731" lon="23.78052">
        <ele>3.4</ele>
      </trkpt>
      <trkpt lat="59.27741" lon="23.78056">
        <ele>3.4</ele>
      </trkpt>
      <trkpt lat="59.27757" lon="23.78064">
        <ele>3.6</ele>
      </trkpt>
      <trkpt lat="59.27826" lon="23.78102">
        <ele>5.6</ele>
      </trkpt>
      <trkpt lat="59.27915" lon="23.7815">
        <ele>4.9</ele>
      </trkpt>
      <trkpt lat="59.27931" lon="23.78159">
        <ele>5.3</ele>
      </trkpt>
      <trkpt lat="59.27984" lon="23.78187">
        <ele>5.9</ele>
      </trkpt>
      <trkpt lat="59.28016" lon="23.78204">
        <ele>5.9</ele>
      </trkpt>
      <trkpt lat="59.28031" lon="23.78212">
        <ele>5.7</ele>
      </trkpt>
      <trkpt lat="59.28055" lon="23.78225">
        <ele>5.3</ele>
      </trkpt>
      <trkpt lat="59.28127" lon="23.78263">
        <ele>4.9</ele>
      </trkpt>
      <trkpt lat="59.28127" lon="23.78264">
        <ele>4.9</ele>
      </trkpt>
      <trkpt lat="59.28127" lon="23.78263">
        <ele>4.9</ele>
      </trkpt>
      <trkpt lat="59.28127" lon="23.78263">
        <ele>4.9</ele>
      </trkpt>
      <trkpt lat="59.28225" lon="23.78331">
        <ele>5.2</ele>
      </trkpt>
      <trkpt lat="59.28276" lon="23.78365">
        <ele>4.4</ele>
      </trkpt>
      <trkpt lat="59.28295" lon="23.7838">
        <ele>4.0</ele>
      </trkpt>
      <trkpt lat="59.28327" lon="23.78404">
        <ele>3.6</ele>
      </trkpt>
      <trkpt lat="59.2834" lon="23.78414">
        <ele>3.6</ele>
      </trkpt>
      <trkpt lat="59.28344" lon="23.78417">
        <ele>3.5</ele>
      </trkpt>
      <trkpt lat="59.28348" lon="23.7842">
        <ele>3.5</ele>
      </trkpt>
      <trkpt lat="59.28358" lon="23.78432">
        <ele>3.5</ele>
      </trkpt>
      <trkpt lat="59.28359" lon="23.78433">
        <ele>3.4</ele>
      </trkpt>
      <trkpt lat="59.28368" lon="23.78453">
        <ele>3.6</ele>
      </trkpt>
      <trkpt lat="59.28377" lon="23.78494">
        <ele>4.1</ele>
      </trkpt>
      <trkpt lat="59.28416" lon="23.7866">
        <ele>7.4</ele>
      </trkpt>
      <trkpt lat="59.2842" lon="23.78687">
        <ele>7.7</ele>
      </trkpt>
      <trkpt lat="59.2842" lon="23.78688">
        <ele>7.7</ele>
      </trkpt>
      <trkpt lat="59.28431" lon="23.7877">
        <ele>6.8</ele>
      </trkpt>
      <trkpt lat="59.284334" lon="23.788141">
        <ele>7.0</ele>
      </trkpt>
      <trkpt lat="59.28434" lon="23.78814">
        <ele>6.9</ele>
      </trkpt>
      <trkpt lat="59.28435" lon="23.7886">
        <ele>6.8</ele>
      </trkpt>
      <trkpt lat="59.28419" lon="23.78892">
        <ele>8.1</ele>
      </trkpt>
      <trkpt lat="59.28405" lon="23.78925">
        <ele>7.7</ele>
      </trkpt>
      <trkpt lat="59.28389" lon="23.78994">
        <ele>6.1</ele>
      </trkpt>
      <trkpt lat="59.28383" lon="23.7904">
        <ele>6.0</ele>
      </trkpt>
      <trkpt lat="59.28382" lon="23.79071">
        <ele>6.0</ele>
      </trkpt>
      <trkpt lat="59.28387" lon="23.79216">
        <ele>5.4</ele>
      </trkpt>
      <trkpt lat="59.28387" lon="23.79216">
        <ele>5.4</ele>
      </trkpt>
      <trkpt lat="59.28389" lon="23.7928">
        <ele>5.0</ele>
      </trkpt>
      <trkpt lat="59.28388" lon="23.79428">
        <ele>5.5</ele>
      </trkpt>
      <trkpt lat="59.28388" lon="23.795723">
        <ele>6.1</ele>
      </trkpt>
      <trkpt lat="59.284111" lon="23.796169">
        <ele>5.6</ele>
      </trkpt>
      <trkpt lat="59.284189" lon="23.79646">
        <ele>5.1</ele>
      </trkpt>
      <trkpt lat="59.284144" lon="23.796931">
        <ele>5.0</ele>
      </trkpt>
      <trkpt lat="59.284202" lon="23.797563">
        <ele>4.8</ele>
      </trkpt>
      <trkpt lat="59.284194" lon="23.798333">
        <ele>4.8</ele>
      </trkpt>
      <trkpt lat="59.284227" lon="23.799006">
        <ele>4.6</ele>
      </trkpt>
      <trkpt lat="59.284351" lon="23.800056">
        <ele>4.7</ele>
      </trkpt>
      <trkpt lat="59.28437" lon="23.80006">
        <ele>4.5</ele>
      </trkpt>
      <trkpt lat="59.28438" lon="23.80076">
        <ele>4.5</ele>
      </trkpt>
      <trkpt lat="59.28441" lon="23.80103">
        <ele>4.2</ele>
      </trkpt>
      <trkpt lat="59.2846" lon="23.8018">
        <ele>2.8</ele>
      </trkpt>
      <trkpt lat="59.28465" lon="23.80231">
        <ele>2.2</ele>
      </trkpt>
      <trkpt lat="59.28465" lon="23.80231">
        <ele>2.2</ele>
      </trkpt>
      <trkpt lat="59.28467" lon="23.80244">
        <ele>2.0</ele>
      </trkpt>
      <trkpt lat="59.28469" lon="23.80293">
        <ele>2.6</ele>
      </trkpt>
      <trkpt lat="59.28479" lon="23.8036">
        <ele>3.3</ele>
      </trkpt>
      <trkpt lat="59.28512" lon="23.80518">
        <ele>1.9</ele>
      </trkpt>
      <trkpt lat="59.28511" lon="23.80528">
        <ele>2.0</ele>
      </trkpt>
      <trkpt lat="59.28512" lon="23.80544">
        <ele>2.2</ele>
      </trkpt>
      <trkpt lat="59.28518" lon="23.80551">
        <ele>2.0</ele>
      </trkpt>
      <trkpt lat="59.28534" lon="23.80614">
        <ele>2.0</ele>
      </trkpt>
      <trkpt lat="59.28544" lon="23.80618">
        <ele>1.6</ele>
      </trkpt>
      <trkpt lat="59.28556" lon="23.80673">
        <ele>1.3</ele>
      </trkpt>
      <trkpt lat="59.28556" lon="23.80685">
        <ele>1.3</ele>
      </trkpt>
      <trkpt lat="59.285549" lon="23.806849">
        <ele>1.4</ele>
      </trkpt>
      <trkpt lat="59.28557" lon="23.80697">
        <ele>1.3</ele>
      </trkpt>
      <trkpt lat="59.28551" lon="23.80736">
        <ele>1.6</ele>
      </trkpt>
      <trkpt lat="59.28547" lon="23.80772">
        <ele>1.9</ele>
      </trkpt>
      <trkpt lat="59.2853" lon="23.80871">
        <ele>3.4</ele>
      </trkpt>
      <trkpt lat="59.28527" lon="23.80891">
        <ele>3.6</ele>
      </trkpt>
      <trkpt lat="59.28526" lon="23.80905">
        <ele>3.7</ele>
      </trkpt>
      <trkpt lat="59.28523" lon="23.80965">
        <ele>4.2</ele>
      </trkpt>
      <trkpt lat="59.2853" lon="23.81124">
        <ele>4.1</ele>
      </trkpt>
      <trkpt lat="59.28534" lon="23.81185">
        <ele>4.0</ele>
      </trkpt>
      <trkpt lat="59.28535" lon="23.81187">
        <ele>4.0</ele>
      </trkpt>
      <trkpt lat="59.28542" lon="23.81216">
        <ele>4.0</ele>
      </trkpt>
      <trkpt lat="59.28544" lon="23.81223">
        <ele>4.0</ele>
      </trkpt>
      <trkpt lat="59.28581" lon="23.81254">
        <ele>4.0</ele>
      </trkpt>
      <trkpt lat="59.28589" lon="23.81287">
        <ele>4.1</ele>
      </trkpt>
      <trkpt lat="59.28592" lon="23.81317">
        <ele>4.3</ele>
      </trkpt>
      <trkpt lat="59.28597" lon="23.81337">
        <ele>4.2</ele>
      </trkpt>
      <trkpt lat="59.2862" lon="23.81378">
        <ele>4.0</ele>
      </trkpt>
      <trkpt lat="59.28624" lon="23.8137">
        <ele>3.6</ele>
      </trkpt>
      <trkpt lat="59.28624" lon="23.81371">
        <ele>3.7</ele>
      </trkpt>
      <trkpt lat="59.28662" lon="23.8143">
        <ele>4.7</ele>
      </trkpt>
      <trkpt lat="59.28673" lon="23.81453">
        <ele>5.3</ele>
      </trkpt>
      <trkpt lat="59.28695" lon="23.81509">
        <ele>5.3</ele>
      </trkpt>
      <trkpt lat="59.28695" lon="23.81509">
        <ele>5.3</ele>
      </trkpt>
      <trkpt lat="59.28712" lon="23.81582">
        <ele>3.6</ele>
      </trkpt>
      <trkpt lat="59.28717" lon="23.81607">
        <ele>3.2</ele>
      </trkpt>
      <trkpt lat="59.28718" lon="23.81629">
        <ele>3.1</ele>
      </trkpt>
      <trkpt lat="59.28714" lon="23.81687">
        <ele>3.7</ele>
      </trkpt>
      <trkpt lat="59.28752" lon="23.81806">
        <ele>3.9</ele>
      </trkpt>
      <trkpt lat="59.28758" lon="23.81834">
        <ele>4.5</ele>
      </trkpt>
      <trkpt lat="59.2876" lon="23.81864">
        <ele>4.4</ele>
      </trkpt>
      <trkpt lat="59.2876" lon="23.81904">
        <ele>4.4</ele>
      </trkpt>
      <trkpt lat="59.28773" lon="23.81981">
        <ele>5.2</ele>
      </trkpt>
      <trkpt lat="59.2878" lon="23.82019">
        <ele>5.6</ele>
      </trkpt>
      <trkpt lat="59.28779" lon="23.8205">
        <ele>5.7</ele>
      </trkpt>
      <trkpt lat="59.2878" lon="23.82077">
        <ele>5.6</ele>
      </trkpt>
      <trkpt lat="59.28778" lon="23.82141">
        <ele>6.4</ele>
      </trkpt>
      <trkpt lat="59.28772" lon="23.82199">
        <ele>6.4</ele>
      </trkpt>
      <trkpt lat="59.28772" lon="23.82261">
        <ele>5.8</ele>
      </trkpt>
      <trkpt lat="59.28761" lon="23.82358">
        <ele>6.1</ele>
      </trkpt>
      <trkpt lat="59.28757" lon="23.82377">
        <ele>6.4</ele>
      </trkpt>
      <trkpt lat="59.28753" lon="23.8239">
        <ele>6.7</ele>
      </trkpt>
      <trkpt lat="59.28748" lon="23.82415">
        <ele>7.0</ele>
      </trkpt>
      <trkpt lat="59.28745" lon="23.82441">
        <ele>6.8</ele>
      </trkpt>
      <trkpt lat="59.2874" lon="23.82497">
        <ele>6.4</ele>
      </trkpt>
      <trkpt lat="59.2874" lon="23.82497">
        <ele>6.4</ele>
      </trkpt>
      <trkpt lat="59.2874" lon="23.82497">
        <ele>6.4</ele>
      </trkpt>
      <trkpt lat="59.28737" lon="23.8253">
        <ele>6.2</ele>
      </trkpt>
      <trkpt lat="59.28732" lon="23.82649">
        <ele>5.2</ele>
      </trkpt>
      <trkpt lat="59.2873" lon="23.82662">
        <ele>5.2</ele>
      </trkpt>
      <trkpt lat="59.28717" lon="23.82702">
        <ele>4.8</ele>
      </trkpt>
      <trkpt lat="59.28714" lon="23.82714">
        <ele>4.6</ele>
      </trkpt>
      <trkpt lat="59.28704" lon="23.82817">
        <ele>4.0</ele>
      </trkpt>
      <trkpt lat="59.28682" lon="23.82909">
        <ele>5.0</ele>
      </trkpt>
      <trkpt lat="59.28668" lon="23.82956">
        <ele>5.0</ele>
      </trkpt>
      <trkpt lat="59.28656" lon="23.82986">
        <ele>4.8</ele>
      </trkpt>
      <trkpt lat="59.28637" lon="23.83019">
        <ele>4.8</ele>
      </trkpt>
      <trkpt lat="59.28616" lon="23.83079">
        <ele>4.4</ele>
      </trkpt>
      <trkpt lat="59.28593" lon="23.83126">
        <ele>5.3</ele>
      </trkpt>
      <trkpt lat="59.28573" lon="23.83177">
        <ele>5.4</ele>
      </trkpt>
      <trkpt lat="59.28561" lon="23.83222">
        <ele>5.8</ele>
      </trkpt>
      <trkpt lat="59.28548" lon="23.83284">
        <ele>6.3</ele>
      </trkpt>
      <trkpt lat="59.28542" lon="23.83343">
        <ele>6.4</ele>
      </trkpt>
      <trkpt lat="59.28528" lon="23.834">
        <ele>6.4</ele>
      </trkpt>
      <trkpt lat="59.2851" lon="23.83443">
        <ele>6.4</ele>
      </trkpt>
      <trkpt lat="59.28484" lon="23.83495">
        <ele>6.5</ele>
      </trkpt>
      <trkpt lat="59.28462" lon="23.83534">
        <ele>6.9</ele>
      </trkpt>
      <trkpt lat="59.28421" lon="23.83635">
        <ele>7.9</ele>
      </trkpt>
      <trkpt lat="59.2838" lon="23.83736">
        <ele>7.6</ele>
      </trkpt>
      <trkpt lat="59.28357" lon="23.83805">
        <ele>7.9</ele>
      </trkpt>
      <trkpt lat="59.28342" lon="23.83866">
        <ele>8.1</ele>
      </trkpt>
      <trkpt lat="59.2833" lon="23.83904">
        <ele>8.0</ele>
      </trkpt>
      <trkpt lat="59.28318" lon="23.8396">
        <ele>8.3</ele>
      </trkpt>
      <trkpt lat="59.28308" lon="23.83997">
        <ele>8.6</ele>
      </trkpt>
      <trkpt lat="59.2828" lon="23.84118">
        <ele>7.6</ele>
      </trkpt>
      <trkpt lat="59.2825" lon="23.84274">
        <ele>7.0</ele>
      </trkpt>
      <trkpt lat="59.28236" lon="23.84333">
        <ele>7.0</ele>
      </trkpt>
      <trkpt lat="59.28216" lon="23.84395">
        <ele>7.0</ele>
      </trkpt>
      <trkpt lat="59.28188" lon="23.84467">
        <ele>6.4</ele>
      </trkpt>
      <trkpt lat="59.28149" lon="23.84607">
        <ele>6.0</ele>
      </trkpt>
      <trkpt lat="59.28111" lon="23.84748">
        <ele>5.7</ele>
      </trkpt>
      <trkpt lat="59.28095" lon="23.84788">
        <ele>5.9</ele>
      </trkpt>
      <trkpt lat="59.28085" lon="23.84848">
        <ele>4.8</ele>
      </trkpt>
      <trkpt lat="59.28057" lon="23.84906">
        <ele>2.7</ele>
      </trkpt>
      <trkpt lat="59.28038" lon="23.84951">
        <ele>3.6</ele>
      </trkpt>
      <trkpt lat="59.27996" lon="23.8503">
        <ele>4.0</ele>
      </trkpt>
      <trkpt lat="59.27958" lon="23.85094">
        <ele>3.4</ele>
      </trkpt>
      <trkpt lat="59.27919" lon="23.85157">
        <ele>5.1</ele>
      </trkpt>
      <trkpt lat="59.27898" lon="23.852">
        <ele>4.3</ele>
      </trkpt>
      <trkpt lat="59.27857" lon="23.85339">
        <ele>2.9</ele>
      </trkpt>
      <trkpt lat="59.27848" lon="23.85363">
        <ele>3.3</ele>
      </trkpt>
      <trkpt lat="59.2784" lon="23.85377">
        <ele>3.7</ele>
      </trkpt>
      <trkpt lat="59.27798" lon="23.85528">
        <ele>4.1</ele>
      </trkpt>
      <trkpt lat="59.27773" lon="23.85609">
        <ele>4.1</ele>
      </trkpt>
      <trkpt lat="59.27733" lon="23.85725">
        <ele>4.7</ele>
      </trkpt>
      <trkpt lat="59.27711" lon="23.85805">
        <ele>4.4</ele>
      </trkpt>
      <trkpt lat="59.27697" lon="23.85909">
        <ele>4.5</ele>
      </trkpt>
      <trkpt lat="59.2768" lon="23.86006">
        <ele>5.0</ele>
      </trkpt>
      <trkpt lat="59.27655" lon="23.86129">
        <ele>5.8</ele>
      </trkpt>
      <trkpt lat="59.27641" lon="23.86174">
        <ele>5.3</ele>
      </trkpt>
      <trkpt lat="59.27616" lon="23.86237">
        <ele>4.0</ele>
      </trkpt>
      <trkpt lat="59.27577" lon="23.86379">
        <ele>2.5</ele>
      </trkpt>
      <trkpt lat="59.27547" lon="23.86505">
        <ele>2.2</ele>
      </trkpt>
      <trkpt lat="59.27547" lon="23.86505">
        <ele>2.2</ele>
      </trkpt>
      <trkpt lat="59.27547" lon="23.86505">
        <ele>2.2</ele>
      </trkpt>
      <trkpt lat="59.2752" lon="23.8662">
        <ele>3.5</ele>
      </trkpt>
      <trkpt lat="59.27504" lon="23.86654">
        <ele>4.0</ele>
      </trkpt>
      <trkpt lat="59.27486" lon="23.86682">
        <ele>4.5</ele>
      </trkpt>
      <trkpt lat="59.27478" lon="23.86702">
        <ele>4.8</ele>
      </trkpt>
      <trkpt lat="59.2747" lon="23.86773">
        <ele>4.8</ele>
      </trkpt>
      <trkpt lat="59.27456" lon="23.86879">
        <ele>4.6</ele>
      </trkpt>
      <trkpt lat="59.2746" lon="23.86921">
        <ele>4.5</ele>
      </trkpt>
      <trkpt lat="59.2746" lon="23.8697">
        <ele>5.1</ele>
      </trkpt>
      <trkpt lat="59.27441" lon="23.87075">
        <ele>6.1</ele>
      </trkpt>
      <trkpt lat="59.27424" lon="23.87121">
        <ele>6.7</ele>
      </trkpt>
      <trkpt lat="59.27406" lon="23.87167">
        <ele>7.3</ele>
      </trkpt>
      <trkpt lat="59.27394" lon="23.87211">
        <ele>7.4</ele>
      </trkpt>
      <trkpt lat="59.27376" lon="23.8726">
        <ele>7.4</ele>
      </trkpt>
      <trkpt lat="59.27348" lon="23.8728">
        <ele>7.5</ele>
      </trkpt>
      <trkpt lat="59.2729" lon="23.87309">
        <ele>8.2</ele>
      </trkpt>
      <trkpt lat="59.27255" lon="23.87331">
        <ele>8.9</ele>
      </trkpt>
      <trkpt lat="59.27242" lon="23.87351">
        <ele>8.8</ele>
      </trkpt>
      <trkpt lat="59.27229" lon="23.87398">
        <ele>8.4</ele>
      </trkpt>
      <trkpt lat="59.2721" lon="23.87448">
        <ele>7.9</ele>
      </trkpt>
      <trkpt lat="59.27135" lon="23.87513">
        <ele>8.3</ele>
      </trkpt>
      <trkpt lat="59.2712" lon="23.87528">
        <ele>8.4</ele>
      </trkpt>
      <trkpt lat="59.27104" lon="23.87529">
        <ele>8.7</ele>
      </trkpt>
      <trkpt lat="59.27093" lon="23.87507">
        <ele>8.9</ele>
      </trkpt>
      <trkpt lat="59.2707" lon="23.874">
        <ele>9.7</ele>
      </trkpt>
      <trkpt lat="59.27053" lon="23.87355">
        <ele>9.3</ele>
      </trkpt>
      <trkpt lat="59.27039" lon="23.87343">
        <ele>8.9</ele>
      </trkpt>
      <trkpt lat="59.27021" lon="23.87346">
        <ele>8.5</ele>
      </trkpt>
      <trkpt lat="59.26951" lon="23.87385">
        <ele>8.6</ele>
      </trkpt>
      <trkpt lat="59.26911" lon="23.87415">
        <ele>9.1</ele>
      </trkpt>
      <trkpt lat="59.26895" lon="23.87469">
        <ele>9.1</ele>
      </trkpt>
      <trkpt lat="59.2688" lon="23.87551">
        <ele>10.0</ele>
      </trkpt>
      <trkpt lat="59.26857" lon="23.87652">
        <ele>11.9</ele>
      </trkpt>
      <trkpt lat="59.26839" lon="23.87722">
        <ele>12.1</ele>
      </trkpt>
      <trkpt lat="59.26821" lon="23.87769">
        <ele>11.9</ele>
      </trkpt>
      <trkpt lat="59.26804" lon="23.87786">
        <ele>11.6</ele>
      </trkpt>
      <trkpt lat="59.26781" lon="23.87772">
        <ele>12.0</ele>
      </trkpt>
      <trkpt lat="59.26708" lon="23.87741">
        <ele>13.3</ele>
      </trkpt>
      <trkpt lat="59.26635" lon="23.8771">
        <ele>14.4</ele>
      </trkpt>
      <trkpt lat="59.26562" lon="23.87679">
        <ele>15.3</ele>
      </trkpt>
      <trkpt lat="59.26489" lon="23.87648">
        <ele>15.3</ele>
      </trkpt>
      <trkpt lat="59.26416" lon="23.87617">
        <ele>14.6</ele>
      </trkpt>
      <trkpt lat="59.26401" lon="23.87602">
        <ele>14.2</ele>
      </trkpt>
      <trkpt lat="59.26391" lon="23.87571">
        <ele>14.1</ele>
      </trkpt>
      <trkpt lat="59.2637" lon="23.87489">
        <ele>13.9</ele>
      </trkpt>
      <trkpt lat="59.26349" lon="23.87406">
        <ele>14.7</ele>
      </trkpt>
      <trkpt lat="59.26335" lon="23.87331">
        <ele>15.9</ele>
      </trkpt>
      <trkpt lat="59.26324" lon="23.87296">
        <ele>17.0</ele>
      </trkpt>
      <trkpt lat="59.26287" lon="23.87239">
        <ele>19.8</ele>
      </trkpt>
      <trkpt lat="59.26251" lon="23.87183">
        <ele>21.9</ele>
      </trkpt>
      <trkpt lat="59.26225" lon="23.87136">
        <ele>20.9</ele>
      </trkpt>
      <trkpt lat="59.262" lon="23.871">
        <ele>19.4</ele>
      </trkpt>
      <trkpt lat="59.26179" lon="23.87096">
        <ele>18.0</ele>
      </trkpt>
      <trkpt lat="59.26157" lon="23.87104">
        <ele>17.0</ele>
      </trkpt>
      <trkpt lat="59.2613" lon="23.87126">
        <ele>16.2</ele>
      </trkpt>
      <trkpt lat="59.26089" lon="23.8715">
        <ele>14.4</ele>
      </trkpt>
      <trkpt lat="59.26066" lon="23.87159">
        <ele>13.9</ele>
      </trkpt>
      <trkpt lat="59.26017" lon="23.87131">
        <ele>13.6</ele>
      </trkpt>
      <trkpt lat="59.25998" lon="23.87127">
        <ele>13.5</ele>
      </trkpt>
      <trkpt lat="59.25977" lon="23.87248">
        <ele>13.3</ele>
      </trkpt>
      <trkpt lat="59.25968" lon="23.87316">
        <ele>12.8</ele>
      </trkpt>
      <trkpt lat="59.25961" lon="23.87362">
        <ele>12.6</ele>
      </trkpt>
      <trkpt lat="59.25942" lon="23.87492">
        <ele>11.8</ele>
      </trkpt>
      <trkpt lat="59.25923" lon="23.87623">
        <ele>12.5</ele>
      </trkpt>
      <trkpt lat="59.25918" lon="23.87648">
        <ele>12.8</ele>
      </trkpt>
      <trkpt lat="59.25923" lon="23.87665">
        <ele>13.0</ele>
      </trkpt>
      <trkpt lat="59.25973" lon="23.87722">
        <ele>13.7</ele>
      </trkpt>
      <trkpt lat="59.26023" lon="23.87779">
        <ele>14.5</ele>
      </trkpt>
      <trkpt lat="59.26023" lon="23.877788">
        <ele>14.5</ele>
      </trkpt>
      <trkpt lat="59.26023" lon="23.877788">
        <ele>14.5</ele>
      </trkpt>
      <trkpt lat="59.26045" lon="23.87799">
        <ele>14.8</ele>
      </trkpt>
      <trkpt lat="59.26052" lon="23.87817">
        <ele>14.9</ele>
      </trkpt>
      <trkpt lat="59.26083" lon="23.87919">
        <ele>16.0</ele>
      </trkpt>
      <trkpt lat="59.26088" lon="23.87943">
        <ele>16.3</ele>
      </trkpt>
      <trkpt lat="59.26096" lon="23.88046">
        <ele>17.5</ele>
      </trkpt>
      <trkpt lat="59.26107" lon="23.88153">
        <ele>19.7</ele>
      </trkpt>
      <trkpt lat="59.26122" lon="23.88275">
        <ele>19.7</ele>
      </trkpt>
      <trkpt lat="59.26145" lon="23.88431">
        <ele>19.2</ele>
      </trkpt>
      <trkpt lat="59.26168" lon="23.88587">
        <ele>19.9</ele>
      </trkpt>
      <trkpt lat="59.26179" lon="23.88692">
        <ele>19.0</ele>
      </trkpt>
      <trkpt lat="59.26191" lon="23.88798">
        <ele>18.4</ele>
      </trkpt>
      <trkpt lat="59.26201" lon="23.8892">
        <ele>18.5</ele>
      </trkpt>
      <trkpt lat="59.26207" lon="23.89034">
        <ele>20.2</ele>
      </trkpt>
      <trkpt lat="59.26206" lon="23.89144">
        <ele>21.6</ele>
      </trkpt>
      <trkpt lat="59.26222" lon="23.89307">
        <ele>22.7</ele>
      </trkpt>
      <trkpt lat="59.26219" lon="23.89482">
        <ele>22.2</ele>
      </trkpt>
      <trkpt lat="59.26221" lon="23.89575">
        <ele>22.0</ele>
      </trkpt>
      <trkpt lat="59.26228" lon="23.89719">
        <ele>22.0</ele>
      </trkpt>
      <trkpt lat="59.26234" lon="23.89863">
        <ele>21.8</ele>
      </trkpt>
      <trkpt lat="59.26241" lon="23.90008">
        <ele>22.8</ele>
      </trkpt>
      <trkpt lat="59.26232" lon="23.90112">
        <ele>21.7</ele>
      </trkpt>
      <trkpt lat="59.26222" lon="23.90216">
        <ele>21.2</ele>
      </trkpt>
      <trkpt lat="59.26202" lon="23.90311">
        <ele>21.7</ele>
      </trkpt>
      <trkpt lat="59.26189" lon="23.90363">
        <ele>22.6</ele>
      </trkpt>
      <trkpt lat="59.26141" lon="23.90472">
        <ele>25.1</ele>
      </trkpt>
      <trkpt lat="59.26099" lon="23.905357">
        <ele>25.8</ele>
      </trkpt>
      <trkpt lat="59.26099" lon="23.90535">
        <ele>25.8</ele>
      </trkpt>
      <trkpt lat="59.26083" lon="23.9056">
        <ele>26.0</ele>
      </trkpt>
      <trkpt lat="59.26096" lon="23.90573">
        <ele>25.8</ele>
      </trkpt>
      <trkpt lat="59.26164" lon="23.90649">
        <ele>25.8</ele>
      </trkpt>
      <trkpt lat="59.26196" lon="23.90689">
        <ele>25.5</ele>
      </trkpt>
      <trkpt lat="59.26208" lon="23.90698">
        <ele>25.3</ele>
      </trkpt>
      <trkpt lat="59.26231" lon="23.90732">
        <ele>25.0</ele>
      </trkpt>
      <trkpt lat="59.26259" lon="23.90788">
        <ele>24.4</ele>
      </trkpt>
      <trkpt lat="59.26292" lon="23.9086">
        <ele>24.0</ele>
      </trkpt>
      <trkpt lat="59.26324" lon="23.90933">
        <ele>24.2</ele>
      </trkpt>
      <trkpt lat="59.2636" lon="23.9101">
        <ele>24.4</ele>
      </trkpt>
      <trkpt lat="59.26366" lon="23.91033">
        <ele>24.4</ele>
      </trkpt>
      <trkpt lat="59.26374" lon="23.91083">
        <ele>24.5</ele>
      </trkpt>
      <trkpt lat="59.26407" lon="23.91204">
        <ele>24.5</ele>
      </trkpt>
      <trkpt lat="59.26429" lon="23.91272">
        <ele>24.0</ele>
      </trkpt>
      <trkpt lat="59.26435" lon="23.91315">
        <ele>23.8</ele>
      </trkpt>
      <trkpt lat="59.26435" lon="23.91326">
        <ele>23.7</ele>
      </trkpt>
      <trkpt lat="59.26434" lon="23.91338">
        <ele>23.6</ele>
      </trkpt>
      <trkpt lat="59.26427" lon="23.91376">
        <ele>23.3</ele>
      </trkpt>
      <trkpt lat="59.26406" lon="23.91458">
        <ele>22.8</ele>
      </trkpt>
      <trkpt lat="59.26385" lon="23.91539">
        <ele>21.2</ele>
      </trkpt>
      <trkpt lat="59.2638" lon="23.91597">
        <ele>20.8</ele>
      </trkpt>
      <trkpt lat="59.26366" lon="23.91722">
        <ele>20.2</ele>
      </trkpt>
      <trkpt lat="59.26357" lon="23.91822">
        <ele>19.0</ele>
      </trkpt>
      <trkpt lat="59.26341" lon="23.91941">
        <ele>18.2</ele>
      </trkpt>
      <trkpt lat="59.26326" lon="23.9206">
        <ele>18.3</ele>
      </trkpt>
      <trkpt lat="59.26311" lon="23.92179">
        <ele>19.8</ele>
      </trkpt>
      <trkpt lat="59.263" lon="23.92285">
        <ele>19.6</ele>
      </trkpt>
      <trkpt lat="59.26298" lon="23.9234">
        <ele>19.4</ele>
      </trkpt>
      <trkpt lat="59.26298" lon="23.92364">
        <ele>19.4</ele>
      </trkpt>
      <trkpt lat="59.26305" lon="23.92425">
        <ele>19.4</ele>
      </trkpt>
      <trkpt lat="59.26312" lon="23.92468">
        <ele>19.4</ele>
      </trkpt>
      <trkpt lat="59.26322" lon="23.92518">
        <ele>19.5</ele>
      </trkpt>
      <trkpt lat="59.26326" lon="23.92585">
        <ele>20.1</ele>
      </trkpt>
      <trkpt lat="59.26332" lon="23.92641">
        <ele>20.7</ele>
      </trkpt>
      <trkpt lat="59.26351" lon="23.92775">
        <ele>21.8</ele>
      </trkpt>
      <trkpt lat="59.26369" lon="23.92944">
        <ele>21.9</ele>
      </trkpt>
      <trkpt lat="59.26371" lon="23.92977">
        <ele>22.0</ele>
      </trkpt>
      <trkpt lat="59.26367" lon="23.9306">
        <ele>21.8</ele>
      </trkpt>
      <trkpt lat="59.26365" lon="23.93178">
        <ele>20.6</ele>
      </trkpt>
      <trkpt lat="59.26369" lon="23.93212">
        <ele>20.3</ele>
      </trkpt>
      <trkpt lat="59.26382" lon="23.93256">
        <ele>19.8</ele>
      </trkpt>
      <trkpt lat="59.2639" lon="23.93288">
        <ele>19.2</ele>
      </trkpt>
      <trkpt lat="59.26391" lon="23.93323">
        <ele>18.7</ele>
      </trkpt>
      <trkpt lat="59.26389" lon="23.93369">
        <ele>18.7</ele>
      </trkpt>
      <trkpt lat="59.2638" lon="23.93475">
        <ele>18.9</ele>
      </trkpt>
      <trkpt lat="59.2637" lon="23.93582">
        <ele>19.1</ele>
      </trkpt>
      <trkpt lat="59.2637" lon="23.93624">
        <ele>19.4</ele>
      </trkpt>
      <trkpt lat="59.2636" lon="23.93709">
        <ele>20.2</ele>
      </trkpt>
      <trkpt lat="59.26361" lon="23.93851">
        <ele>21.1</ele>
      </trkpt>
      <trkpt lat="59.26347" lon="23.9397">
        <ele>19.9</ele>
      </trkpt>
      <trkpt lat="59.26333" lon="23.94089">
        <ele>20.0</ele>
      </trkpt>
      <trkpt lat="59.26323" lon="23.94177">
        <ele>20.2</ele>
      </trkpt>
      <trkpt lat="59.26325" lon="23.94281">
        <ele>20.2</ele>
      </trkpt>
      <trkpt lat="59.26328" lon="23.94386">
        <ele>19.5</ele>
      </trkpt>
      <trkpt lat="59.26332" lon="23.94443">
        <ele>18.7</ele>
      </trkpt>
      <trkpt lat="59.26324" lon="23.94534">
        <ele>18.4</ele>
      </trkpt>
      <trkpt lat="59.26299" lon="23.94614">
        <ele>19.5</ele>
      </trkpt>
      <trkpt lat="59.26271" lon="23.94741">
        <ele>20.5</ele>
      </trkpt>
      <trkpt lat="59.26243" lon="23.94869">
        <ele>20.3</ele>
      </trkpt>
      <trkpt lat="59.26242" lon="23.94886">
        <ele>20.3</ele>
      </trkpt>
      <trkpt lat="59.26242" lon="23.94908">
        <ele>20.3</ele>
      </trkpt>
      <trkpt lat="59.26254" lon="23.95027">
        <ele>19.7</ele>
      </trkpt>
      <trkpt lat="59.26259" lon="23.95136">
        <ele>18.5</ele>
      </trkpt>
      <trkpt lat="59.26264" lon="23.95244">
        <ele>18.2</ele>
      </trkpt>
      <trkpt lat="59.26282" lon="23.95329">
        <ele>17.4</ele>
      </trkpt>
      <trkpt lat="59.26298" lon="23.95447">
        <ele>16.9</ele>
      </trkpt>
      <trkpt lat="59.26318" lon="23.95529">
        <ele>16.7</ele>
      </trkpt>
      <trkpt lat="59.26324" lon="23.95541">
        <ele>16.7</ele>
      </trkpt>
      <trkpt lat="59.26334" lon="23.95554">
        <ele>16.6</ele>
      </trkpt>
      <trkpt lat="59.26347" lon="23.95563">
        <ele>16.6</ele>
      </trkpt>
      <trkpt lat="59.26351" lon="23.95579">
        <ele>16.7</ele>
      </trkpt>
      <trkpt lat="59.2635" lon="23.95595">
        <ele>17.1</ele>
      </trkpt>
      <trkpt lat="59.26345" lon="23.95612">
        <ele>17.6</ele>
      </trkpt>
      <trkpt lat="59.26338" lon="23.95645">
        <ele>18.5</ele>
      </trkpt>
      <trkpt lat="59.26336" lon="23.95686">
        <ele>19.0</ele>
      </trkpt>
      <trkpt lat="59.2634" lon="23.95738">
        <ele>19.0</ele>
      </trkpt>
      <trkpt lat="59.26339" lon="23.95788">
        <ele>19.4</ele>
      </trkpt>
      <trkpt lat="59.26331" lon="23.95893">
        <ele>19.3</ele>
      </trkpt>
      <trkpt lat="59.26324" lon="23.96002">
        <ele>17.3</ele>
      </trkpt>
      <trkpt lat="59.26318" lon="23.96111">
        <ele>16.2</ele>
      </trkpt>
      <trkpt lat="59.26303" lon="23.96247">
        <ele>15.7</ele>
      </trkpt>
      <trkpt lat="59.26297" lon="23.96329">
        <ele>15.5</ele>
      </trkpt>
      <trkpt lat="59.26294" lon="23.96346">
        <ele>15.5</ele>
      </trkpt>
      <trkpt lat="59.26272" lon="23.96402">
        <ele>15.7</ele>
      </trkpt>
      <trkpt lat="59.26258" lon="23.96441">
        <ele>15.6</ele>
      </trkpt>
      <trkpt lat="59.26242" lon="23.96529">
        <ele>14.8</ele>
      </trkpt>
      <trkpt lat="59.26221" lon="23.96578">
        <ele>14.4</ele>
      </trkpt>
      <trkpt lat="59.26205" lon="23.96604">
        <ele>14.0</ele>
      </trkpt>
      <trkpt lat="59.26196" lon="23.96616">
        <ele>13.9</ele>
      </trkpt>
      <trkpt lat="59.26183" lon="23.96621">
        <ele>13.9</ele>
      </trkpt>
      <trkpt lat="59.26168" lon="23.96619">
        <ele>14.1</ele>
      </trkpt>
      <trkpt lat="59.26154" lon="23.96614">
        <ele>14.7</ele>
      </trkpt>
      <trkpt lat="59.2614" lon="23.96611">
        <ele>15.3</ele>
      </trkpt>
      <trkpt lat="59.26122" lon="23.96612">
        <ele>15.9</ele>
      </trkpt>
      <trkpt lat="59.26104" lon="23.96625">
        <ele>16.3</ele>
      </trkpt>
      <trkpt lat="59.26086" lon="23.96653">
        <ele>16.2</ele>
      </trkpt>
      <trkpt lat="59.26072" lon="23.96687">
        <ele>16.2</ele>
      </trkpt>
      <trkpt lat="59.26055" lon="23.9678">
        <ele>16.0</ele>
      </trkpt>
      <trkpt lat="59.26038" lon="23.96872">
        <ele>16.0</ele>
      </trkpt>
      <trkpt lat="59.2602" lon="23.96963">
        <ele>16.2</ele>
      </trkpt>
      <trkpt lat="59.26009" lon="23.97003">
        <ele>16.5</ele>
      </trkpt>
      <trkpt lat="59.25967" lon="23.97102">
        <ele>18.5</ele>
      </trkpt>
      <trkpt lat="59.25925" lon="23.97202">
        <ele>19.3</ele>
      </trkpt>
      <trkpt lat="59.25874" lon="23.97309">
        <ele>19.1</ele>
      </trkpt>
      <trkpt lat="59.25828" lon="23.9739">
        <ele>19.5</ele>
      </trkpt>
      <trkpt lat="59.2579" lon="23.97441">
        <ele>19.4</ele>
      </trkpt>
      <trkpt lat="59.2575" lon="23.975">
        <ele>18.0</ele>
      </trkpt>
      <trkpt lat="59.25709" lon="23.97559">
        <ele>19.4</ele>
      </trkpt>
      <trkpt lat="59.25689" lon="23.97597">
        <ele>19.6</ele>
      </trkpt>
      <trkpt lat="59.25652" lon="23.97692">
        <ele>19.8</ele>
      </trkpt>
      <trkpt lat="59.2562" lon="23.97759">
        <ele>20.5</ele>
      </trkpt>
      <trkpt lat="59.25601" lon="23.97793">
        <ele>20.0</ele>
      </trkpt>
      <trkpt lat="59.2556" lon="23.97857">
        <ele>19.5</ele>
      </trkpt>
      <trkpt lat="59.25519" lon="23.97921">
        <ele>19.4</ele>
      </trkpt>
      <trkpt lat="59.255" lon="23.97956">
        <ele>19.1</ele>
      </trkpt>
      <trkpt lat="59.25473" lon="23.9803">
        <ele>18.5</ele>
      </trkpt>
      <trkpt lat="59.25423" lon="23.9815">
        <ele>18.1</ele>
      </trkpt>
      <trkpt lat="59.254" lon="23.98189">
        <ele>18.0</ele>
      </trkpt>
      <trkpt lat="59.25351" lon="23.98254">
        <ele>18.0</ele>
      </trkpt>
      <trkpt lat="59.25303" lon="23.98319">
        <ele>18.3</ele>
      </trkpt>
      <trkpt lat="59.25265" lon="23.98375">
        <ele>18.8</ele>
      </trkpt>
      <trkpt lat="59.25228" lon="23.98431">
        <ele>19.2</ele>
      </trkpt>
      <trkpt lat="59.2519" lon="23.9849">
        <ele>19.9</ele>
      </trkpt>
      <trkpt lat="59.25156" lon="23.98564">
        <ele>21.9</ele>
      </trkpt>
      <trkpt lat="59.25121" lon="23.98638">
        <ele>23.7</ele>
      </trkpt>
      <trkpt lat="59.25084" lon="23.98716">
        <ele>24.0</ele>
      </trkpt>
      <trkpt lat="59.25084" lon="23.98716">
        <ele>24.0</ele>
      </trkpt>
      <trkpt lat="59.25028" lon="23.98832">
        <ele>24.3</ele>
      </trkpt>
      <trkpt lat="59.24993" lon="23.9892">
        <ele>24.1</ele>
      </trkpt>
      <trkpt lat="59.24957" lon="23.99007">
        <ele>23.9</ele>
      </trkpt>
      <trkpt lat="59.24925" lon="23.99073">
        <ele>23.9</ele>
      </trkpt>
      <trkpt lat="59.24895" lon="23.99117">
        <ele>23.2</ele>
      </trkpt>
      <trkpt lat="59.24863" lon="23.99181">
        <ele>22.1</ele>
      </trkpt>
      <trkpt lat="59.24828" lon="23.99248">
        <ele>22.2</ele>
      </trkpt>
      <trkpt lat="59.24793" lon="23.99316">
        <ele>22.3</ele>
      </trkpt>
      <trkpt lat="59.24777" lon="23.99376">
        <ele>22.0</ele>
      </trkpt>
      <trkpt lat="59.24732" lon="23.99519">
        <ele>20.6</ele>
      </trkpt>
      <trkpt lat="59.24687" lon="23.99662">
        <ele>19.9</ele>
      </trkpt>
      <trkpt lat="59.24638" lon="23.99793">
        <ele>20.0</ele>
      </trkpt>
      <trkpt lat="59.24613" lon="23.99845">
        <ele>19.8</ele>
      </trkpt>
      <trkpt lat="59.24576" lon="23.99916">
        <ele>20.4</ele>
      </trkpt>
      <trkpt lat="59.24538" lon="23.99986">
        <ele>20.5</ele>
      </trkpt>
      <trkpt lat="59.24502" lon="24.00098">
        <ele>19.6</ele>
      </trkpt>
      <trkpt lat="59.24467" lon="24.0021">
        <ele>19.6</ele>
      </trkpt>
      <trkpt lat="59.2443" lon="24.00338">
        <ele>19.3</ele>
      </trkpt>
      <trkpt lat="59.24394" lon="24.00441">
        <ele>18.2</ele>
      </trkpt>
      <trkpt lat="59.24359" lon="24.00543">
        <ele>17.4</ele>
      </trkpt>
      <trkpt lat="59.2433" lon="24.00615">
        <ele>17.9</ele>
      </trkpt>
      <trkpt lat="59.24294" lon="24.00686">
        <ele>19.6</ele>
      </trkpt>
      <trkpt lat="59.24242" lon="24.00806">
        <ele>20.1</ele>
      </trkpt>
      <trkpt lat="59.24201" lon="24.00889">
        <ele>20.2</ele>
      </trkpt>
      <trkpt lat="59.2416" lon="24.00973">
        <ele>19.1</ele>
      </trkpt>
      <trkpt lat="59.24123" lon="24.01059">
        <ele>18.3</ele>
      </trkpt>
      <trkpt lat="59.24091" lon="24.01138">
        <ele>17.5</ele>
      </trkpt>
      <trkpt lat="59.24059" lon="24.01217">
        <ele>16.9</ele>
      </trkpt>
      <trkpt lat="59.24018" lon="24.01312">
        <ele>16.7</ele>
      </trkpt>
      <trkpt lat="59.23981" lon="24.01402">
        <ele>16.4</ele>
      </trkpt>
      <trkpt lat="59.23944" lon="24.01492">
        <ele>15.8</ele>
      </trkpt>
      <trkpt lat="59.23923" lon="24.01532">
        <ele>15.9</ele>
      </trkpt>
      <trkpt lat="59.23859" lon="24.01611">
        <ele>17.3</ele>
      </trkpt>
      <trkpt lat="59.23845" lon="24.01634">
        <ele>17.3</ele>
      </trkpt>
      <trkpt lat="59.23815" lon="24.01708">
        <ele>16.6</ele>
      </trkpt>
      <trkpt lat="59.23801" lon="24.01732">
        <ele>16.5</ele>
      </trkpt>
      <trkpt lat="59.23759" lon="24.01794">
        <ele>17.3</ele>
      </trkpt>
      <trkpt lat="59.23698" lon="24.01866">
        <ele>18.6</ele>
      </trkpt>
      <trkpt lat="59.23691" lon="24.01878">
        <ele>18.7</ele>
      </trkpt>
      <trkpt lat="59.23675" lon="24.01893">
        <ele>18.9</ele>
      </trkpt>
      <trkpt lat="59.2362" lon="24.02023">
        <ele>19.6</ele>
      </trkpt>
      <trkpt lat="59.236092" lon="24.020512">
        <ele>19.7</ele>
      </trkpt>
      <trkpt lat="59.23577" lon="24.02135">
        <ele>20.5</ele>
      </trkpt>
      <trkpt lat="59.235769" lon="24.021353">
        <ele>20.5</ele>
      </trkpt>
      <trkpt lat="59.235382" lon="24.022352">
        <ele>20.0</ele>
      </trkpt>
      <trkpt lat="59.23538" lon="24.02235">
        <ele>20.0</ele>
      </trkpt>
      <trkpt lat="59.23512" lon="24.02287">
        <ele>18.8</ele>
      </trkpt>
      <trkpt lat="59.23482" lon="24.02304">
        <ele>18.4</ele>
      </trkpt>
      <trkpt lat="59.23398" lon="24.02358">
        <ele>18.8</ele>
      </trkpt>
      <trkpt lat="59.23383" lon="24.02367">
        <ele>19.5</ele>
      </trkpt>
      <trkpt lat="59.23369" lon="24.02381">
        <ele>20.4</ele>
      </trkpt>
      <trkpt lat="59.23314" lon="24.02432">
        <ele>24.2</ele>
      </trkpt>
      <trkpt lat="59.23301" lon="24.02446">
        <ele>24.8</ele>
      </trkpt>
      <trkpt lat="59.23292" lon="24.02453">
        <ele>25.2</ele>
      </trkpt>
      <trkpt lat="59.23239" lon="24.02499">
        <ele>26.7</ele>
      </trkpt>
      <trkpt lat="59.23191" lon="24.02539">
        <ele>29.3</ele>
      </trkpt>
      <trkpt lat="59.23187" lon="24.02543">
        <ele>29.5</ele>
      </trkpt>
      <trkpt lat="59.23154" lon="24.0257">
        <ele>30.0</ele>
      </trkpt>
      <trkpt lat="59.23141" lon="24.02581">
        <ele>29.7</ele>
      </trkpt>
      <trkpt lat="59.2313" lon="24.0259">
        <ele>29.4</ele>
      </trkpt>
      <trkpt lat="59.23121" lon="24.02596">
        <ele>29.2</ele>
      </trkpt>
      <trkpt lat="59.23115" lon="24.02601">
        <ele>29.1</ele>
      </trkpt>
      <trkpt lat="59.23097" lon="24.02611">
        <ele>28.8</ele>
      </trkpt>
      <trkpt lat="59.23078" lon="24.02619">
        <ele>28.4</ele>
      </trkpt>
      <trkpt lat="59.23068" lon="24.02622">
        <ele>28.2</ele>
      </trkpt>
      <trkpt lat="59.23042" lon="24.02628">
        <ele>27.5</ele>
      </trkpt>
      <trkpt lat="59.23015" lon="24.02634">
        <ele>26.9</ele>
      </trkpt>
      <trkpt lat="59.22991" lon="24.02639">
        <ele>26.6</ele>
      </trkpt>
      <trkpt lat="59.22983" lon="24.02642">
        <ele>26.6</ele>
      </trkpt>
      <trkpt lat="59.22971" lon="24.02647">
        <ele>26.7</ele>
      </trkpt>
      <trkpt lat="59.22951" lon="24.02659">
        <ele>26.9</ele>
      </trkpt>
      <trkpt lat="59.22938" lon="24.02669">
        <ele>27.0</ele>
      </trkpt>
      <trkpt lat="59.22921" lon="24.02685">
        <ele>27.0</ele>
      </trkpt>
      <trkpt lat="59.22889" lon="24.02715">
        <ele>26.9</ele>
      </trkpt>
      <trkpt lat="59.22864" lon="24.02733">
        <ele>26.9</ele>
      </trkpt>
      <trkpt lat="59.22846" lon="24.02743">
        <ele>26.9</ele>
      </trkpt>
      <trkpt lat="59.2283" lon="24.0275">
        <ele>27.0</ele>
      </trkpt>
      <trkpt lat="59.22814" lon="24.02758">
        <ele>27.1</ele>
      </trkpt>
      <trkpt lat="59.22791" lon="24.02769">
        <ele>27.2</ele>
      </trkpt>
      <trkpt lat="59.22758" lon="24.02789">
        <ele>27.5</ele>
      </trkpt>
      <trkpt lat="59.22738" lon="24.028">
        <ele>27.9</ele>
      </trkpt>
      <trkpt lat="59.22713" lon="24.02815">
        <ele>28.7</ele>
      </trkpt>
      <trkpt lat="59.22686" lon="24.02834">
        <ele>29.5</ele>
      </trkpt>
      <trkpt lat="59.22662" lon="24.02851">
        <ele>30.0</ele>
      </trkpt>
      <trkpt lat="59.22644" lon="24.02865">
        <ele>30.0</ele>
      </trkpt>
      <trkpt lat="59.22624" lon="24.02881">
        <ele>30.0</ele>
      </trkpt>
      <trkpt lat="59.22607" lon="24.02893">
        <ele>30.0</ele>
      </trkpt>
      <trkpt lat="59.22598" lon="24.02898">
        <ele>30.0</ele>
      </trkpt>
      <trkpt lat="59.22591" lon="24.02901">
        <ele>30.0</ele>
      </trkpt>
      <trkpt lat="59.22579" lon="24.02906">
        <ele>30.1</ele>
      </trkpt>
      <trkpt lat="59.22563" lon="24.0291">
        <ele>30.5</ele>
      </trkpt>
      <trkpt lat="59.22554" lon="24.02911">
        <ele>30.7</ele>
      </trkpt>
      <trkpt lat="59.22532" lon="24.02913">
        <ele>31.2</ele>
      </trkpt>
      <trkpt lat="59.22527" lon="24.02913">
        <ele>31.3</ele>
      </trkpt>
      <trkpt lat="59.22523" lon="24.02913">
        <ele>31.4</ele>
      </trkpt>
      <trkpt lat="59.22509" lon="24.02913">
        <ele>31.7</ele>
      </trkpt>
      <trkpt lat="59.22508" lon="24.02913">
        <ele>31.8</ele>
      </trkpt>
      <trkpt lat="59.22498" lon="24.02912">
        <ele>31.9</ele>
      </trkpt>
      <trkpt lat="59.2249" lon="24.02911">
        <ele>31.9</ele>
      </trkpt>
      <trkpt lat="59.22476" lon="24.02906">
        <ele>31.8</ele>
      </trkpt>
      <trkpt lat="59.22467" lon="24.02901">
        <ele>31.7</ele>
      </trkpt>
      <trkpt lat="59.22459" lon="24.02894">
        <ele>31.5</ele>
      </trkpt>
      <trkpt lat="59.22454" lon="24.0289">
        <ele>31.3</ele>
      </trkpt>
      <trkpt lat="59.22431" lon="24.02862">
        <ele>30.3</ele>
      </trkpt>
      <trkpt lat="59.2238" lon="24.028">
        <ele>27.1</ele>
      </trkpt>
      <trkpt lat="59.22355" lon="24.0277">
        <ele>25.8</ele>
      </trkpt>
      <trkpt lat="59.22355" lon="24.0277">
        <ele>25.8</ele>
      </trkpt>
      <trkpt lat="59.22351" lon="24.02787">
        <ele>26.2</ele>
      </trkpt>
      <trkpt lat="59.22342" lon="24.02836">
        <ele>27.3</ele>
      </trkpt>
      <trkpt lat="59.22341" lon="24.02842">
        <ele>27.4</ele>
      </trkpt>
      <trkpt lat="59.2233" lon="24.02894">
        <ele>28.3</ele>
      </trkpt>
      <trkpt lat="59.22326" lon="24.02916">
        <ele>28.6</ele>
      </trkpt>
      <trkpt lat="59.22323" lon="24.02928">
        <ele>28.9</ele>
      </trkpt>
      <trkpt lat="59.22321" lon="24.02936">
        <ele>29.1</ele>
      </trkpt>
      <trkpt lat="59.22319" lon="24.02943">
        <ele>29.3</ele>
      </trkpt>
      <trkpt lat="59.22317" lon="24.02953">
        <ele>29.5</ele>
      </trkpt>
      <trkpt lat="59.22305" lon="24.03008">
        <ele>30.7</ele>
      </trkpt>
      <trkpt lat="59.22289" lon="24.0307">
        <ele>30.3</ele>
      </trkpt>
      <trkpt lat="59.22278" lon="24.03116">
        <ele>30.1</ele>
      </trkpt>
      <trkpt lat="59.22262" lon="24.03182">
        <ele>30.1</ele>
      </trkpt>
      <trkpt lat="59.22242" lon="24.03254">
        <ele>29.7</ele>
      </trkpt>
      <trkpt lat="59.22239" lon="24.03264">
        <ele>29.5</ele>
      </trkpt>
      <trkpt lat="59.22235" lon="24.03281">
        <ele>29.3</ele>
      </trkpt>
      <trkpt lat="59.22231" lon="24.03295">
        <ele>29.1</ele>
      </trkpt>
      <trkpt lat="59.22228" lon="24.03304">
        <ele>29.1</ele>
      </trkpt>
      <trkpt lat="59.22209" lon="24.03375">
        <ele>28.7</ele>
      </trkpt>
      <trkpt lat="59.22175" lon="24.03487">
        <ele>28.1</ele>
      </trkpt>
      <trkpt lat="59.22156" lon="24.03552">
        <ele>27.9</ele>
      </trkpt>
      <trkpt lat="59.22147" lon="24.03576">
        <ele>27.8</ele>
      </trkpt>
      <trkpt lat="59.22142" lon="24.03587">
        <ele>27.7</ele>
      </trkpt>
      <trkpt lat="59.22141" lon="24.03592">
        <ele>27.6</ele>
      </trkpt>
      <trkpt lat="59.22137" lon="24.03601">
        <ele>27.4</ele>
      </trkpt>
      <trkpt lat="59.22119" lon="24.03652">
        <ele>26.6</ele>
      </trkpt>
      <trkpt lat="59.22111" lon="24.03673">
        <ele>26.3</ele>
      </trkpt>
      <trkpt lat="59.22077" lon="24.03756">
        <ele>26.0</ele>
      </trkpt>
      <trkpt lat="59.22074" lon="24.03763">
        <ele>26.0</ele>
      </trkpt>
      <trkpt lat="59.22072" lon="24.03767">
        <ele>26.0</ele>
      </trkpt>
      <trkpt lat="59.22051" lon="24.03818">
        <ele>26.3</ele>
      </trkpt>
      <trkpt lat="59.22031" lon="24.03864">
        <ele>26.6</ele>
      </trkpt>
      <trkpt lat="59.21951" lon="24.04038">
        <ele>26.4</ele>
      </trkpt>
      <trkpt lat="59.21936" lon="24.04069">
        <ele>26.2</ele>
      </trkpt>
      <trkpt lat="59.21907" lon="24.04132">
        <ele>26.5</ele>
      </trkpt>
      <trkpt lat="59.2189" lon="24.04169">
        <ele>26.7</ele>
      </trkpt>
      <trkpt lat="59.21879" lon="24.04196">
        <ele>26.4</ele>
      </trkpt>
      <trkpt lat="59.21865" lon="24.04231">
        <ele>26.1</ele>
      </trkpt>
      <trkpt lat="59.21843" lon="24.04297">
        <ele>25.4</ele>
      </trkpt>
      <trkpt lat="59.21842" lon="24.04301">
        <ele>25.4</ele>
      </trkpt>
      <trkpt lat="59.21823" lon="24.04362">
        <ele>24.8</ele>
      </trkpt>
      <trkpt lat="59.21815" lon="24.04387">
        <ele>24.7</ele>
      </trkpt>
      <trkpt lat="59.21807" lon="24.04416">
        <ele>24.6</ele>
      </trkpt>
      <trkpt lat="59.21807" lon="24.04418">
        <ele>24.6</ele>
      </trkpt>
      <trkpt lat="59.21797" lon="24.04451">
        <ele>24.6</ele>
      </trkpt>
      <trkpt lat="59.21792" lon="24.0447">
        <ele>24.7</ele>
      </trkpt>
      <trkpt lat="59.21788" lon="24.04487">
        <ele>24.7</ele>
      </trkpt>
      <trkpt lat="59.21783" lon="24.04509">
        <ele>24.8</ele>
      </trkpt>
      <trkpt lat="59.21778" lon="24.04532">
        <ele>25.0</ele>
      </trkpt>
      <trkpt lat="59.21769" lon="24.04581">
        <ele>25.3</ele>
      </trkpt>
      <trkpt lat="59.21762" lon="24.04615">
        <ele>25.6</ele>
      </trkpt>
      <trkpt lat="59.21762" lon="24.04618">
        <ele>25.6</ele>
      </trkpt>
      <trkpt lat="59.2176" lon="24.04628">
        <ele>25.7</ele>
      </trkpt>
      <trkpt lat="59.21752" lon="24.04667">
        <ele>26.0</ele>
      </trkpt>
      <trkpt lat="59.21738" lon="24.04761">
        <ele>26.3</ele>
      </trkpt>
      <trkpt lat="59.21734" lon="24.04804">
        <ele>26.5</ele>
      </trkpt>
      <trkpt lat="59.21728" lon="24.04863">
        <ele>26.8</ele>
      </trkpt>
      <trkpt lat="59.21727" lon="24.0503">
        <ele>26.5</ele>
      </trkpt>
      <trkpt lat="59.21727" lon="24.05034">
        <ele>26.4</ele>
      </trkpt>
      <trkpt lat="59.21727" lon="24.0504">
        <ele>26.4</ele>
      </trkpt>
      <trkpt lat="59.21727" lon="24.05071">
        <ele>26.3</ele>
      </trkpt>
      <trkpt lat="59.21728" lon="24.0511">
        <ele>25.9</ele>
      </trkpt>
      <trkpt lat="59.21729" lon="24.05112">
        <ele>25.9</ele>
      </trkpt>
      <trkpt lat="59.2173" lon="24.05148">
        <ele>25.5</ele>
      </trkpt>
      <trkpt lat="59.21733" lon="24.05203">
        <ele>25.2</ele>
      </trkpt>
      <trkpt lat="59.21736" lon="24.05247">
        <ele>25.2</ele>
      </trkpt>
      <trkpt lat="59.21739" lon="24.0529">
        <ele>25.1</ele>
      </trkpt>
      <trkpt lat="59.21743" lon="24.05327">
        <ele>25.1</ele>
      </trkpt>
      <trkpt lat="59.21749" lon="24.05384">
        <ele>25.6</ele>
      </trkpt>
      <trkpt lat="59.21762" lon="24.05504">
        <ele>26.5</ele>
      </trkpt>
      <trkpt lat="59.21817" lon="24.06009">
        <ele>24.3</ele>
      </trkpt>
      <trkpt lat="59.21824" lon="24.06082">
        <ele>24.5</ele>
      </trkpt>
      <trkpt lat="59.2184" lon="24.06223">
        <ele>25.6</ele>
      </trkpt>
      <trkpt lat="59.21869" lon="24.06496">
        <ele>30.0</ele>
      </trkpt>
      <trkpt lat="59.21897" lon="24.06767">
        <ele>28.4</ele>
      </trkpt>
      <trkpt lat="59.21902" lon="24.0681">
        <ele>28.4</ele>
      </trkpt>
      <trkpt lat="59.2191" lon="24.06899">
        <ele>28.7</ele>
      </trkpt>
      <trkpt lat="59.219106" lon="24.068986">
        <ele>28.8</ele>
      </trkpt>
      <trkpt lat="59.21918" lon="24.06968">
        <ele>29.6</ele>
      </trkpt>
      <trkpt lat="59.219233" lon="24.070553">
        <ele>29.9</ele>
      </trkpt>
      <trkpt lat="59.21927" lon="24.07115">
        <ele>30.3</ele>
      </trkpt>
      <trkpt lat="59.21936" lon="24.07261">
        <ele>30.6</ele>
      </trkpt>
      <trkpt lat="59.21942" lon="24.0741">
        <ele>29.1</ele>
      </trkpt>
      <trkpt lat="59.21942" lon="24.0755">
        <ele>27.6</ele>
      </trkpt>
      <trkpt lat="59.21939" lon="24.07708">
        <ele>27.5</ele>
      </trkpt>
      <trkpt lat="59.21933" lon="24.07835">
        <ele>27.6</ele>
      </trkpt>
      <trkpt lat="59.21927" lon="24.07962">
        <ele>27.2</ele>
      </trkpt>
      <trkpt lat="59.21917" lon="24.08129">
        <ele>27.0</ele>
      </trkpt>
      <trkpt lat="59.21906" lon="24.08296">
        <ele>25.7</ele>
      </trkpt>
      <trkpt lat="59.21895" lon="24.08464">
        <ele>24.2</ele>
      </trkpt>
      <trkpt lat="59.21885" lon="24.08631">
        <ele>22.9</ele>
      </trkpt>
      <trkpt lat="59.21874" lon="24.08798">
        <ele>22.7</ele>
      </trkpt>
      <trkpt lat="59.21863" lon="24.08966">
        <ele>22.1</ele>
      </trkpt>
      <trkpt lat="59.21855" lon="24.09057">
        <ele>21.3</ele>
      </trkpt>
      <trkpt lat="59.21847" lon="24.09148">
        <ele>20.2</ele>
      </trkpt>
      <trkpt lat="59.21833" lon="24.09244">
        <ele>19.1</ele>
      </trkpt>
      <trkpt lat="59.21818" lon="24.09326">
        <ele>18.3</ele>
      </trkpt>
      <trkpt lat="59.21793" lon="24.09412">
        <ele>18.5</ele>
      </trkpt>
      <trkpt lat="59.2177" lon="24.09478">
        <ele>18.8</ele>
      </trkpt>
      <trkpt lat="59.21715" lon="24.09595">
        <ele>19.3</ele>
      </trkpt>
      <trkpt lat="59.2166" lon="24.09712">
        <ele>17.5</ele>
      </trkpt>
      <trkpt lat="59.21714" lon="24.09808">
        <ele>16.5</ele>
      </trkpt>
      <trkpt lat="59.21768" lon="24.09905">
        <ele>16.2</ele>
      </trkpt>
      <trkpt lat="59.21822" lon="24.10002">
        <ele>16.0</ele>
      </trkpt>
      <trkpt lat="59.21875" lon="24.10098">
        <ele>15.5</ele>
      </trkpt>
      <trkpt lat="59.21909" lon="24.10161">
        <ele>15.1</ele>
      </trkpt>
      <trkpt lat="59.21938" lon="24.10223">
        <ele>15.8</ele>
      </trkpt>
      <trkpt lat="59.21992" lon="24.1034">
        <ele>18.9</ele>
      </trkpt>
      <trkpt lat="59.22046" lon="24.10458">
        <ele>16.3</ele>
      </trkpt>
      <trkpt lat="59.22099" lon="24.10575">
        <ele>14.2</ele>
      </trkpt>
      <trkpt lat="59.22153" lon="24.10692">
        <ele>15.9</ele>
      </trkpt>
      <trkpt lat="59.22192" lon="24.10786">
        <ele>16.1</ele>
      </trkpt>
      <trkpt lat="59.22212" lon="24.1084">
        <ele>16.5</ele>
      </trkpt>
      <trkpt lat="59.22221" lon="24.10869">
        <ele>16.3</ele>
      </trkpt>
      <trkpt lat="59.22244" lon="24.10952">
        <ele>16.1</ele>
      </trkpt>
      <trkpt lat="59.22285" lon="24.11102">
        <ele>16.2</ele>
      </trkpt>
      <trkpt lat="59.22325" lon="24.11253">
        <ele>17.0</ele>
      </trkpt>
      <trkpt lat="59.22365" lon="24.11404">
        <ele>16.6</ele>
      </trkpt>
      <trkpt lat="59.22405" lon="24.11555">
        <ele>17.8</ele>
      </trkpt>
      <trkpt lat="59.22445" lon="24.11706">
        <ele>19.3</ele>
      </trkpt>
      <trkpt lat="59.22485" lon="24.11857">
        <ele>20.8</ele>
      </trkpt>
      <trkpt lat="59.22512" lon="24.1196">
        <ele>21.1</ele>
      </trkpt>
      <trkpt lat="59.22539" lon="24.12064">
        <ele>21.1</ele>
      </trkpt>
      <trkpt lat="59.22572" lon="24.12201">
        <ele>19.6</ele>
      </trkpt>
      <trkpt lat="59.22605" lon="24.12338">
        <ele>17.7</ele>
      </trkpt>
      <trkpt lat="59.22638" lon="24.12475">
        <ele>17.3</ele>
      </trkpt>
      <trkpt lat="59.22671" lon="24.12612">
        <ele>16.9</ele>
      </trkpt>
      <trkpt lat="59.22704" lon="24.12749">
        <ele>15.7</ele>
      </trkpt>
      <trkpt lat="59.22737" lon="24.12887">
        <ele>15.4</ele>
      </trkpt>
      <trkpt lat="59.2277" lon="24.13024">
        <ele>15.8</ele>
      </trkpt>
      <trkpt lat="59.22789" lon="24.13123">
        <ele>16.5</ele>
      </trkpt>
      <trkpt lat="59.22798" lon="24.13194">
        <ele>16.8</ele>
      </trkpt>
      <trkpt lat="59.22803" lon="24.13271">
        <ele>16.6</ele>
      </trkpt>
      <trkpt lat="59.22805" lon="24.13365">
        <ele>15.9</ele>
      </trkpt>
      <trkpt lat="59.22804" lon="24.13499">
        <ele>15.4</ele>
      </trkpt>
      <trkpt lat="59.22804" lon="24.13633">
        <ele>15.4</ele>
      </trkpt>
      <trkpt lat="59.22803" lon="24.13767">
        <ele>15.9</ele>
      </trkpt>
      <trkpt lat="59.22809" lon="24.13878">
        <ele>17.5</ele>
      </trkpt>
      <trkpt lat="59.22813" lon="24.13914">
        <ele>18.3</ele>
      </trkpt>
      <trkpt lat="59.22816" lon="24.13946">
        <ele>19.0</ele>
      </trkpt>
      <trkpt lat="59.2282" lon="24.13972">
        <ele>19.5</ele>
      </trkpt>
      <trkpt lat="59.22835" lon="24.14069">
        <ele>21.8</ele>
      </trkpt>
      <trkpt lat="59.2285" lon="24.14167">
        <ele>22.4</ele>
      </trkpt>
      <trkpt lat="59.22853" lon="24.14204">
        <ele>21.9</ele>
      </trkpt>
      <trkpt lat="59.22853" lon="24.14246">
        <ele>21.6</ele>
      </trkpt>
      <trkpt lat="59.22851" lon="24.14272">
        <ele>21.1</ele>
      </trkpt>
      <trkpt lat="59.22849" lon="24.14284">
        <ele>20.9</ele>
      </trkpt>
      <trkpt lat="59.22843" lon="24.14311">
        <ele>20.4</ele>
      </trkpt>
      <trkpt lat="59.22805" lon="24.14442">
        <ele>20.6</ele>
      </trkpt>
      <trkpt lat="59.22767" lon="24.14573">
        <ele>22.4</ele>
      </trkpt>
      <trkpt lat="59.22752" lon="24.14557">
        <ele>22.9</ele>
      </trkpt>
      <trkpt lat="59.22745" lon="24.14568">
        <ele>23.2</ele>
      </trkpt>
      <trkpt lat="59.22731" lon="24.14607">
        <ele>24.0</ele>
      </trkpt>
      <trkpt lat="59.22724" lon="24.1463">
        <ele>24.5</ele>
      </trkpt>
      <trkpt lat="59.22709" lon="24.1469">
        <ele>25.5</ele>
      </trkpt>
      <trkpt lat="59.22695" lon="24.14753">
        <ele>26.0</ele>
      </trkpt>
      <trkpt lat="59.22658" lon="24.14887">
        <ele>27.1</ele>
      </trkpt>
      <trkpt lat="59.22621" lon="24.15021">
        <ele>26.3</ele>
      </trkpt>
      <trkpt lat="59.22607" lon="24.15113">
        <ele>25.0</ele>
      </trkpt>
      <trkpt lat="59.22602" lon="24.1526">
        <ele>24.8</ele>
      </trkpt>
      <trkpt lat="59.226" lon="24.15373">
        <ele>26.5</ele>
      </trkpt>
      <trkpt lat="59.22601" lon="24.15474">
        <ele>26.3</ele>
      </trkpt>
      <trkpt lat="59.22602" lon="24.15574">
        <ele>25.5</ele>
      </trkpt>
      <trkpt lat="59.22605" lon="24.15638">
        <ele>24.5</ele>
      </trkpt>
      <trkpt lat="59.22615" lon="24.15786">
        <ele>23.5</ele>
      </trkpt>
      <trkpt lat="59.22624" lon="24.15857">
        <ele>22.7</ele>
      </trkpt>
      <trkpt lat="59.22637" lon="24.15959">
        <ele>21.2</ele>
      </trkpt>
      <trkpt lat="59.22649" lon="24.16045">
        <ele>20.8</ele>
      </trkpt>
      <trkpt lat="59.2266" lon="24.16101">
        <ele>21.3</ele>
      </trkpt>
      <trkpt lat="59.22684" lon="24.1621">
        <ele>22.9</ele>
      </trkpt>
      <trkpt lat="59.22692" lon="24.16225">
        <ele>23.2</ele>
      </trkpt>
      <trkpt lat="59.22701" lon="24.16278">
        <ele>24.3</ele>
      </trkpt>
      <trkpt lat="59.227" lon="24.16283">
        <ele>24.5</ele>
      </trkpt>
      <trkpt lat="59.22691" lon="24.16302">
        <ele>25.2</ele>
      </trkpt>
      <trkpt lat="59.22688" lon="24.16311">
        <ele>25.6</ele>
      </trkpt>
      <trkpt lat="59.22685" lon="24.16328">
        <ele>26.2</ele>
      </trkpt>
      <trkpt lat="59.22711" lon="24.16302">
        <ele>24.7</ele>
      </trkpt>
      <trkpt lat="59.22735" lon="24.16438">
        <ele>26.0</ele>
      </trkpt>
      <trkpt lat="59.22756" lon="24.16422">
        <ele>25.3</ele>
      </trkpt>
      <trkpt lat="59.2277" lon="24.16416">
        <ele>25.5</ele>
      </trkpt>
      <trkpt lat="59.22822" lon="24.16428">
        <ele>27.1</ele>
      </trkpt>
      <trkpt lat="59.22891" lon="24.16436">
        <ele>27.7</ele>
      </trkpt>
      <trkpt lat="59.22961" lon="24.16445">
        <ele>28.2</ele>
      </trkpt>
      <trkpt lat="59.23022" lon="24.16439">
        <ele>28.2</ele>
      </trkpt>
      <trkpt lat="59.2307" lon="24.1642">
        <ele>28.0</ele>
      </trkpt>
      <trkpt lat="59.23117" lon="24.16401">
        <ele>27.6</ele>
      </trkpt>
      <trkpt lat="59.23149" lon="24.1639">
        <ele>27.2</ele>
      </trkpt>
      <trkpt lat="59.23178" lon="24.16381">
        <ele>26.8</ele>
      </trkpt>
      <trkpt lat="59.23207" lon="24.16378">
        <ele>26.3</ele>
      </trkpt>
      <trkpt lat="59.23237" lon="24.16378">
        <ele>25.8</ele>
      </trkpt>
      <trkpt lat="59.23265" lon="24.16384">
        <ele>25.4</ele>
      </trkpt>
      <trkpt lat="59.23294" lon="24.16394">
        <ele>25.2</ele>
      </trkpt>
      <trkpt lat="59.23334" lon="24.16417">
        <ele>25.0</ele>
      </trkpt>
      <trkpt lat="59.2337" lon="24.16442">
        <ele>26.5</ele>
      </trkpt>
      <trkpt lat="59.23432" lon="24.16491">
        <ele>28.6</ele>
      </trkpt>
      <trkpt lat="59.23495" lon="24.16541">
        <ele>28.5</ele>
      </trkpt>
      <trkpt lat="59.23558" lon="24.1659">
        <ele>27.7</ele>
      </trkpt>
      <trkpt lat="59.23621" lon="24.16639">
        <ele>27.4</ele>
      </trkpt>
      <trkpt lat="59.23652" lon="24.1666">
        <ele>27.2</ele>
      </trkpt>
      <trkpt lat="59.23698" lon="24.16681">
        <ele>25.2</ele>
      </trkpt>
      <trkpt lat="59.23748" lon="24.16693">
        <ele>22.4</ele>
      </trkpt>
      <trkpt lat="59.23817" lon="24.16701">
        <ele>21.6</ele>
      </trkpt>
      <trkpt lat="59.23887" lon="24.16708">
        <ele>23.1</ele>
      </trkpt>
      <trkpt lat="59.23927" lon="24.16716">
        <ele>24.0</ele>
      </trkpt>
      <trkpt lat="59.23952" lon="24.16724">
        <ele>23.7</ele>
      </trkpt>
      <trkpt lat="59.2398" lon="24.16737">
        <ele>23.3</ele>
      </trkpt>
      <trkpt lat="59.24063" lon="24.16787">
        <ele>23.1</ele>
      </trkpt>
      <trkpt lat="59.24147" lon="24.16837">
        <ele>23.2</ele>
      </trkpt>
      <trkpt lat="59.2423" lon="24.16887">
        <ele>24.0</ele>
      </trkpt>
      <trkpt lat="59.24313" lon="24.16937">
        <ele>22.1</ele>
      </trkpt>
      <trkpt lat="59.24359" lon="24.1696">
        <ele>21.4</ele>
      </trkpt>
      <trkpt lat="59.24399" lon="24.1697">
        <ele>22.0</ele>
      </trkpt>
      <trkpt lat="59.24446" lon="24.16971">
        <ele>22.8</ele>
      </trkpt>
      <trkpt lat="59.24484" lon="24.16962">
        <ele>23.6</ele>
      </trkpt>
      <trkpt lat="59.24505" lon="24.16954">
        <ele>24.2</ele>
      </trkpt>
      <trkpt lat="59.24546" lon="24.16932">
        <ele>25.3</ele>
      </trkpt>
      <trkpt lat="59.24559" lon="24.16923">
        <ele>25.6</ele>
      </trkpt>
      <trkpt lat="59.2458" lon="24.16904">
        <ele>26.0</ele>
      </trkpt>
      <trkpt lat="59.24611" lon="24.16872">
        <ele>25.0</ele>
      </trkpt>
      <trkpt lat="59.24638" lon="24.16838">
        <ele>24.0</ele>
      </trkpt>
      <trkpt lat="59.24661" lon="24.16802">
        <ele>24.3</ele>
      </trkpt>
      <trkpt lat="59.24688" lon="24.16753">
        <ele>25.7</ele>
      </trkpt>
      <trkpt lat="59.24717" lon="24.16682">
        <ele>26.0</ele>
      </trkpt>
      <trkpt lat="59.24737" lon="24.16623">
        <ele>24.9</ele>
      </trkpt>
      <trkpt lat="59.24754" lon="24.16558">
        <ele>23.6</ele>
      </trkpt>
      <trkpt lat="59.24774" lon="24.16458">
        <ele>22.1</ele>
      </trkpt>
      <trkpt lat="59.24799" lon="24.16325">
        <ele>22.2</ele>
      </trkpt>
      <trkpt lat="59.24824" lon="24.16192">
        <ele>23.7</ele>
      </trkpt>
      <trkpt lat="59.24832" lon="24.16152">
        <ele>23.8</ele>
      </trkpt>
      <trkpt lat="59.24855" lon="24.16065">
        <ele>23.2</ele>
      </trkpt>
      <trkpt lat="59.24894" lon="24.15941">
        <ele>22.5</ele>
      </trkpt>
      <trkpt lat="59.24903" lon="24.15913">
        <ele>22.1</ele>
      </trkpt>
      <trkpt lat="59.24944" lon="24.15806">
        <ele>21.3</ele>
      </trkpt>
      <trkpt lat="59.24985" lon="24.15699">
        <ele>19.9</ele>
      </trkpt>
      <trkpt lat="59.25027" lon="24.15592">
        <ele>20.6</ele>
      </trkpt>
      <trkpt lat="59.25055" lon="24.15537">
        <ele>19.4</ele>
      </trkpt>
      <trkpt lat="59.2507" lon="24.15512">
        <ele>18.1</ele>
      </trkpt>
      <trkpt lat="59.25107" lon="24.15457">
        <ele>16.3</ele>
      </trkpt>
      <trkpt lat="59.25148" lon="24.15413">
        <ele>14.7</ele>
      </trkpt>
      <trkpt lat="59.25189" lon="24.15379">
        <ele>14.3</ele>
      </trkpt>
      <trkpt lat="59.25219" lon="24.15363">
        <ele>14.6</ele>
      </trkpt>
      <trkpt lat="59.25252" lon="24.15351">
        <ele>15.0</ele>
      </trkpt>
      <trkpt lat="59.25277" lon="24.15347">
        <ele>15.0</ele>
      </trkpt>
      <trkpt lat="59.25308" lon="24.15346">
        <ele>15.0</ele>
      </trkpt>
      <trkpt lat="59.25331" lon="24.15349">
        <ele>15.0</ele>
      </trkpt>
      <trkpt lat="59.25393" lon="24.15363">
        <ele>16.2</ele>
      </trkpt>
      <trkpt lat="59.25455" lon="24.15376">
        <ele>17.7</ele>
      </trkpt>
      <trkpt lat="59.25488" lon="24.15378">
        <ele>18.4</ele>
      </trkpt>
      <trkpt lat="59.25526" lon="24.15374">
        <ele>19.1</ele>
      </trkpt>
      <trkpt lat="59.25554" lon="24.15365">
        <ele>19.4</ele>
      </trkpt>
      <trkpt lat="59.25588" lon="24.15348">
        <ele>19.8</ele>
      </trkpt>
      <trkpt lat="59.25618" lon="24.15327">
        <ele>20.9</ele>
      </trkpt>
      <trkpt lat="59.25648" lon="24.15301">
        <ele>21.8</ele>
      </trkpt>
      <trkpt lat="59.25684" lon="24.15262">
        <ele>21.4</ele>
      </trkpt>
      <trkpt lat="59.25728" lon="24.1521">
        <ele>19.6</ele>
      </trkpt>
      <trkpt lat="59.25773" lon="24.15158">
        <ele>17.9</ele>
      </trkpt>
      <trkpt lat="59.25803" lon="24.15128">
        <ele>18.4</ele>
      </trkpt>
      <trkpt lat="59.25833" lon="24.15103">
        <ele>19.3</ele>
      </trkpt>
      <trkpt lat="59.25854" lon="24.15088">
        <ele>19.6</ele>
      </trkpt>
      <trkpt lat="59.25871" lon="24.15077">
        <ele>19.7</ele>
      </trkpt>
      <trkpt lat="59.25887" lon="24.1507">
        <ele>19.7</ele>
      </trkpt>
      <trkpt lat="59.25919" lon="24.1506">
        <ele>19.5</ele>
      </trkpt>
      <trkpt lat="59.2596" lon="24.15054">
        <ele>19.3</ele>
      </trkpt>
      <trkpt lat="59.25997" lon="24.15056">
        <ele>19.0</ele>
      </trkpt>
      <trkpt lat="59.26076" lon="24.15072">
        <ele>18.9</ele>
      </trkpt>
      <trkpt lat="59.26154" lon="24.15087">
        <ele>19.1</ele>
      </trkpt>
      <trkpt lat="59.26212" lon="24.15092">
        <ele>18.1</ele>
      </trkpt>
      <trkpt lat="59.26301" lon="24.15084">
        <ele>16.4</ele>
      </trkpt>
      <trkpt lat="59.2639" lon="24.15076">
        <ele>16.7</ele>
      </trkpt>
      <trkpt lat="59.26457" lon="24.15067">
        <ele>16.4</ele>
      </trkpt>
      <trkpt lat="59.26506" lon="24.15049">
        <ele>15.6</ele>
      </trkpt>
      <trkpt lat="59.2654" lon="24.15029">
        <ele>15.3</ele>
      </trkpt>
      <trkpt lat="59.26568" lon="24.15006">
        <ele>15.1</ele>
      </trkpt>
      <trkpt lat="59.26593" lon="24.14983">
        <ele>15.1</ele>
      </trkpt>
      <trkpt lat="59.26624" lon="24.14944">
        <ele>15.8</ele>
      </trkpt>
      <trkpt lat="59.26652" lon="24.14901">
        <ele>16.3</ele>
      </trkpt>
      <trkpt lat="59.26693" lon="24.14825">
        <ele>16.4</ele>
      </trkpt>
      <trkpt lat="59.26737" lon="24.14741">
        <ele>18.0</ele>
      </trkpt>
      <trkpt lat="59.26773" lon="24.14678">
        <ele>18.6</ele>
      </trkpt>
      <trkpt lat="59.26815" lon="24.14589">
        <ele>20.1</ele>
      </trkpt>
      <trkpt lat="59.26858" lon="24.14501">
        <ele>21.3</ele>
      </trkpt>
      <trkpt lat="59.26902" lon="24.14381">
        <ele>23.7</ele>
      </trkpt>
      <trkpt lat="59.26945" lon="24.14261">
        <ele>23.4</ele>
      </trkpt>
      <trkpt lat="59.26989" lon="24.14141">
        <ele>21.1</ele>
      </trkpt>
      <trkpt lat="59.2702" lon="24.14061">
        <ele>19.2</ele>
      </trkpt>
      <trkpt lat="59.27051" lon="24.13981">
        <ele>17.2</ele>
      </trkpt>
      <trkpt lat="59.27072" lon="24.13938">
        <ele>16.9</ele>
      </trkpt>
      <trkpt lat="59.27072" lon="24.13938">
        <ele>16.9</ele>
      </trkpt>
      <trkpt lat="59.27072" lon="24.13938">
        <ele>16.9</ele>
      </trkpt>
      <trkpt lat="59.27128" lon="24.13825">
        <ele>17.6</ele>
      </trkpt>
      <trkpt lat="59.27193" lon="24.13709">
        <ele>19.5</ele>
      </trkpt>
      <trkpt lat="59.27259" lon="24.13593">
        <ele>21.3</ele>
      </trkpt>
      <trkpt lat="59.27325" lon="24.13478">
        <ele>20.9</ele>
      </trkpt>
      <trkpt lat="59.27391" lon="24.13362">
        <ele>20.8</ele>
      </trkpt>
      <trkpt lat="59.27442" lon="24.13284">
        <ele>20.4</ele>
      </trkpt>
      <trkpt lat="59.27494" lon="24.13205">
        <ele>20.4</ele>
      </trkpt>
      <trkpt lat="59.27523" lon="24.13175">
        <ele>20.4</ele>
      </trkpt>
      <trkpt lat="59.27585" lon="24.1313">
        <ele>21.5</ele>
      </trkpt>
      <trkpt lat="59.27626" lon="24.1311">
        <ele>21.8</ele>
      </trkpt>
      <trkpt lat="59.27671" lon="24.13101">
        <ele>21.9</ele>
      </trkpt>
      <trkpt lat="59.27716" lon="24.13102">
        <ele>20.5</ele>
      </trkpt>
      <trkpt lat="59.27763" lon="24.13114">
        <ele>19.5</ele>
      </trkpt>
      <trkpt lat="59.27837" lon="24.13141">
        <ele>19.1</ele>
      </trkpt>
      <trkpt lat="59.27911" lon="24.13168">
        <ele>19.1</ele>
      </trkpt>
      <trkpt lat="59.27985" lon="24.13195">
        <ele>17.9</ele>
      </trkpt>
      <trkpt lat="59.28064" lon="24.13217">
        <ele>17.1</ele>
      </trkpt>
      <trkpt lat="59.28153" lon="24.13235">
        <ele>16.8</ele>
      </trkpt>
      <trkpt lat="59.28242" lon="24.13252">
        <ele>17.0</ele>
      </trkpt>
      <trkpt lat="59.28282" lon="24.13257">
        <ele>17.5</ele>
      </trkpt>
      <trkpt lat="59.28319" lon="24.13256">
        <ele>17.8</ele>
      </trkpt>
      <trkpt lat="59.28348" lon="24.1325">
        <ele>17.5</ele>
      </trkpt>
      <trkpt lat="59.28376" lon="24.1324">
        <ele>16.5</ele>
      </trkpt>
      <trkpt lat="59.28413" lon="24.13222">
        <ele>15.1</ele>
      </trkpt>
      <trkpt lat="59.28469" lon="24.13172">
        <ele>14.4</ele>
      </trkpt>
      <trkpt lat="59.2849" lon="24.13148">
        <ele>13.9</ele>
      </trkpt>
      <trkpt lat="59.28532" lon="24.13086">
        <ele>13.0</ele>
      </trkpt>
      <trkpt lat="59.28557" lon="24.13039">
        <ele>12.6</ele>
      </trkpt>
      <trkpt lat="59.28589" lon="24.12965">
        <ele>12.1</ele>
      </trkpt>
      <trkpt lat="59.28618" lon="24.12872">
        <ele>12.4</ele>
      </trkpt>
      <trkpt lat="59.28631" lon="24.12818">
        <ele>12.4</ele>
      </trkpt>
      <trkpt lat="59.2866" lon="24.12685">
        <ele>11.2</ele>
      </trkpt>
      <trkpt lat="59.28689" lon="24.12551">
        <ele>10.5</ele>
      </trkpt>
      <trkpt lat="59.28718" lon="24.12418">
        <ele>10.6</ele>
      </trkpt>
      <trkpt lat="59.28754" lon="24.12283">
        <ele>10.5</ele>
      </trkpt>
      <trkpt lat="59.28772" lon="24.1223">
        <ele>10.5</ele>
      </trkpt>
      <trkpt lat="59.28818" lon="24.12124">
        <ele>9.5</ele>
      </trkpt>
      <trkpt lat="59.28857" lon="24.12057">
        <ele>8.7</ele>
      </trkpt>
      <trkpt lat="59.28873" lon="24.12035">
        <ele>8.5</ele>
      </trkpt>
      <trkpt lat="59.28873" lon="24.12035">
        <ele>8.5</ele>
      </trkpt>
      <trkpt lat="59.28935" lon="24.11961">
        <ele>7.8</ele>
      </trkpt>
      <trkpt lat="59.28984" lon="24.11918">
        <ele>7.8</ele>
      </trkpt>
      <trkpt lat="59.29017" lon="24.119">
        <ele>8.5</ele>
      </trkpt>
      <trkpt lat="59.29066" lon="24.11879">
        <ele>9.7</ele>
      </trkpt>
      <trkpt lat="59.29106" lon="24.1187">
        <ele>10.2</ele>
      </trkpt>
      <trkpt lat="59.29149" lon="24.11867">
        <ele>10.6</ele>
      </trkpt>
      <trkpt lat="59.2921" lon="24.11871">
        <ele>10.4</ele>
      </trkpt>
      <trkpt lat="59.2927" lon="24.11874">
        <ele>9.7</ele>
      </trkpt>
      <trkpt lat="59.2933" lon="24.11878">
        <ele>9.0</ele>
      </trkpt>
      <trkpt lat="59.294" lon="24.11885">
        <ele>10.6</ele>
      </trkpt>
      <trkpt lat="59.29471" lon="24.11892">
        <ele>11.2</ele>
      </trkpt>
      <trkpt lat="59.2953" lon="24.11906">
        <ele>11.1</ele>
      </trkpt>
      <trkpt lat="59.29596" lon="24.11929">
        <ele>10.9</ele>
      </trkpt>
      <trkpt lat="59.2964" lon="24.1195">
        <ele>10.6</ele>
      </trkpt>
      <trkpt lat="59.29684" lon="24.11971">
        <ele>10.4</ele>
      </trkpt>
      <trkpt lat="59.29729" lon="24.11998">
        <ele>10.7</ele>
      </trkpt>
      <trkpt lat="59.29774" lon="24.12025">
        <ele>11.0</ele>
      </trkpt>
      <trkpt lat="59.29816" lon="24.12057">
        <ele>11.0</ele>
      </trkpt>
      <trkpt lat="59.29858" lon="24.1209">
        <ele>11.3</ele>
      </trkpt>
      <trkpt lat="59.29933" lon="24.12161">
        <ele>11.1</ele>
      </trkpt>
      <trkpt lat="59.30008" lon="24.1224">
        <ele>11.1</ele>
      </trkpt>
      <trkpt lat="59.30008" lon="24.1224">
        <ele>11.1</ele>
      </trkpt>
      <trkpt lat="59.30008" lon="24.1224">
        <ele>11.1</ele>
      </trkpt>
      <trkpt lat="59.3008" lon="24.12316">
        <ele>10.4</ele>
      </trkpt>
      <trkpt lat="59.30153" lon="24.12392">
        <ele>10.5</ele>
      </trkpt>
      <trkpt lat="59.30226" lon="24.12468">
        <ele>10.2</ele>
      </trkpt>
      <trkpt lat="59.30299" lon="24.12544">
        <ele>10.3</ele>
      </trkpt>
      <trkpt lat="59.30372" lon="24.1262">
        <ele>9.8</ele>
      </trkpt>
      <trkpt lat="59.30438" lon="24.12686">
        <ele>9.7</ele>
      </trkpt>
      <trkpt lat="59.30503" lon="24.12752">
        <ele>10.2</ele>
      </trkpt>
      <trkpt lat="59.30535" lon="24.12782">
        <ele>10.5</ele>
      </trkpt>
      <trkpt lat="59.30595" lon="24.12832">
        <ele>11.1</ele>
      </trkpt>
      <trkpt lat="59.30661" lon="24.1288">
        <ele>10.8</ele>
      </trkpt>
      <trkpt lat="59.30729" lon="24.12924">
        <ele>11.2</ele>
      </trkpt>
      <trkpt lat="59.30806" lon="24.1296">
        <ele>10.8</ele>
      </trkpt>
      <trkpt lat="59.30884" lon="24.12997">
        <ele>10.1</ele>
      </trkpt>
      <trkpt lat="59.30961" lon="24.13034">
        <ele>10.5</ele>
      </trkpt>
      <trkpt lat="59.31039" lon="24.13071">
        <ele>10.6</ele>
      </trkpt>
      <trkpt lat="59.31114" lon="24.13104">
        <ele>9.4</ele>
      </trkpt>
      <trkpt lat="59.31188" lon="24.13137">
        <ele>8.4</ele>
      </trkpt>
      <trkpt lat="59.31263" lon="24.13169">
        <ele>8.0</ele>
      </trkpt>
      <trkpt lat="59.31338" lon="24.13202">
        <ele>8.1</ele>
      </trkpt>
      <trkpt lat="59.31388" lon="24.13218">
        <ele>8.9</ele>
      </trkpt>
      <trkpt lat="59.31467" lon="24.13221">
        <ele>8.5</ele>
      </trkpt>
      <trkpt lat="59.31535" lon="24.1321">
        <ele>8.2</ele>
      </trkpt>
      <trkpt lat="59.31588" lon="24.13186">
        <ele>8.3</ele>
      </trkpt>
      <trkpt lat="59.31653" lon="24.13142">
        <ele>8.6</ele>
      </trkpt>
      <trkpt lat="59.31718" lon="24.13098">
        <ele>9.4</ele>
      </trkpt>
      <trkpt lat="59.31783" lon="24.13055">
        <ele>9.7</ele>
      </trkpt>
      <trkpt lat="59.31862" lon="24.12995">
        <ele>8.3</ele>
      </trkpt>
      <trkpt lat="59.3194" lon="24.12935">
        <ele>8.1</ele>
      </trkpt>
      <trkpt lat="59.32018" lon="24.12876">
        <ele>7.5</ele>
      </trkpt>
      <trkpt lat="59.32078" lon="24.12823">
        <ele>6.0</ele>
      </trkpt>
      <trkpt lat="59.32139" lon="24.1277">
        <ele>6.0</ele>
      </trkpt>
      <trkpt lat="59.322" lon="24.12674">
        <ele>6.0</ele>
      </trkpt>
      <trkpt lat="59.32232" lon="24.12604">
        <ele>5.2</ele>
      </trkpt>
      <trkpt lat="59.32265" lon="24.12533">
        <ele>5.2</ele>
      </trkpt>
      <trkpt lat="59.32323" lon="24.12398">
        <ele>4.9</ele>
      </trkpt>
      <trkpt lat="59.3238" lon="24.12264">
        <ele>4.7</ele>
      </trkpt>
      <trkpt lat="59.32416" lon="24.12192">
        <ele>5.0</ele>
      </trkpt>
      <trkpt lat="59.32463" lon="24.1212">
        <ele>6.4</ele>
      </trkpt>
      <trkpt lat="59.32529" lon="24.12042">
        <ele>6.9</ele>
      </trkpt>
      <trkpt lat="59.32595" lon="24.11964">
        <ele>7.4</ele>
      </trkpt>
      <trkpt lat="59.32661" lon="24.11887">
        <ele>8.5</ele>
      </trkpt>
      <trkpt lat="59.32688" lon="24.11844">
        <ele>8.6</ele>
      </trkpt>
      <trkpt lat="59.32716" lon="24.1179">
        <ele>8.9</ele>
      </trkpt>
      <trkpt lat="59.32736" lon="24.11741">
        <ele>8.8</ele>
      </trkpt>
      <trkpt lat="59.32756" lon="24.11682">
        <ele>9.2</ele>
      </trkpt>
      <trkpt lat="59.32776" lon="24.11609">
        <ele>9.7</ele>
      </trkpt>
      <trkpt lat="59.32794" lon="24.11521">
        <ele>9.7</ele>
      </trkpt>
      <trkpt lat="59.3282" lon="24.11376">
        <ele>9.7</ele>
      </trkpt>
      <trkpt lat="59.32846" lon="24.1123">
        <ele>9.5</ele>
      </trkpt>
      <trkpt lat="59.32872" lon="24.11085">
        <ele>9.9</ele>
      </trkpt>
      <trkpt lat="59.32899" lon="24.1094">
        <ele>10.6</ele>
      </trkpt>
      <trkpt lat="59.32911" lon="24.1089">
        <ele>10.9</ele>
      </trkpt>
      <trkpt lat="59.32936" lon="24.10806">
        <ele>11.4</ele>
      </trkpt>
      <trkpt lat="59.32984" lon="24.10669">
        <ele>11.0</ele>
      </trkpt>
      <trkpt lat="59.33031" lon="24.10533">
        <ele>10.4</ele>
      </trkpt>
      <trkpt lat="59.33062" lon="24.10418">
        <ele>10.5</ele>
      </trkpt>
      <trkpt lat="59.33089" lon="24.10306">
        <ele>11.2</ele>
      </trkpt>
      <trkpt lat="59.33115" lon="24.10194">
        <ele>11.8</ele>
      </trkpt>
      <trkpt lat="59.33147" lon="24.10067">
        <ele>11.5</ele>
      </trkpt>
      <trkpt lat="59.33178" lon="24.0994">
        <ele>11.6</ele>
      </trkpt>
      <trkpt lat="59.33209" lon="24.09813">
        <ele>12.3</ele>
      </trkpt>
      <trkpt lat="59.33241" lon="24.09686">
        <ele>12.7</ele>
      </trkpt>
      <trkpt lat="59.33272" lon="24.09559">
        <ele>12.7</ele>
      </trkpt>
      <trkpt lat="59.33272" lon="24.09559">
        <ele>12.7</ele>
      </trkpt>
      <trkpt lat="59.33272" lon="24.09559">
        <ele>12.7</ele>
      </trkpt>
      <trkpt lat="59.33287" lon="24.09501">
        <ele>12.9</ele>
      </trkpt>
      <trkpt lat="59.33311" lon="24.09428">
        <ele>12.6</ele>
      </trkpt>
      <trkpt lat="59.33335" lon="24.09366">
        <ele>13.1</ele>
      </trkpt>
      <trkpt lat="59.33371" lon="24.09285">
        <ele>14.4</ele>
      </trkpt>
      <trkpt lat="59.33386" lon="24.09307">
        <ele>14.8</ele>
      </trkpt>
      <trkpt lat="59.33425" lon="24.09218">
        <ele>14.9</ele>
      </trkpt>
      <trkpt lat="59.33426" lon="24.09208">
        <ele>14.8</ele>
      </trkpt>
      <trkpt lat="59.33461" lon="24.09128">
        <ele>16.0</ele>
      </trkpt>
      <trkpt lat="59.33497" lon="24.09048">
        <ele>17.0</ele>
      </trkpt>
      <trkpt lat="59.33508" lon="24.09013">
        <ele>17.2</ele>
      </trkpt>
      <trkpt lat="59.33512" lon="24.08998">
        <ele>17.3</ele>
      </trkpt>
      <trkpt lat="59.33517" lon="24.08998">
        <ele>17.4</ele>
      </trkpt>
      <trkpt lat="59.33586" lon="24.09025">
        <ele>19.0</ele>
      </trkpt>
      <trkpt lat="59.33655" lon="24.09052">
        <ele>20.4</ele>
      </trkpt>
      <trkpt lat="59.33725" lon="24.09079">
        <ele>21.6</ele>
      </trkpt>
      <trkpt lat="59.3374" lon="24.08929">
        <ele>19.9</ele>
      </trkpt>
      <trkpt lat="59.33756" lon="24.08779">
        <ele>18.5</ele>
      </trkpt>
      <trkpt lat="59.33772" lon="24.0863">
        <ele>16.6</ele>
      </trkpt>
      <trkpt lat="59.33788" lon="24.0848">
        <ele>14.7</ele>
      </trkpt>
      <trkpt lat="59.33789" lon="24.08416">
        <ele>13.9</ele>
      </trkpt>
      <trkpt lat="59.338" lon="24.08362">
        <ele>14.2</ele>
      </trkpt>
      <trkpt lat="59.33805" lon="24.08344">
        <ele>14.3</ele>
      </trkpt>
      <trkpt lat="59.33827" lon="24.08295">
        <ele>14.4</ele>
      </trkpt>
      <trkpt lat="59.33834" lon="24.08259">
        <ele>14.1</ele>
      </trkpt>
      <trkpt lat="59.33843" lon="24.08253">
        <ele>14.3</ele>
      </trkpt>
      <trkpt lat="59.3385" lon="24.08263">
        <ele>14.6</ele>
      </trkpt>
      <trkpt lat="59.33858" lon="24.08228">
        <ele>14.3</ele>
      </trkpt>
      <trkpt lat="59.3386" lon="24.08213">
        <ele>14.2</ele>
      </trkpt>
      <trkpt lat="59.33879" lon="24.08197">
        <ele>14.5</ele>
      </trkpt>
      <trkpt lat="59.33899" lon="24.08203">
        <ele>15.0</ele>
      </trkpt>
      <trkpt lat="59.33902" lon="24.08202">
        <ele>15.1</ele>
      </trkpt>
      <trkpt lat="59.33907" lon="24.08188">
        <ele>15.0</ele>
      </trkpt>
      <trkpt lat="59.33914" lon="24.08183">
        <ele>15.1</ele>
      </trkpt>
      <trkpt lat="59.33917" lon="24.08171">
        <ele>15.1</ele>
      </trkpt>
      <trkpt lat="59.33945" lon="24.08085">
        <ele>15.4</ele>
      </trkpt>
      <trkpt lat="59.33955" lon="24.0806">
        <ele>15.7</ele>
      </trkpt>
      <trkpt lat="59.33982" lon="24.08001">
        <ele>16.9</ele>
      </trkpt>
      <trkpt lat="59.34018" lon="24.07939">
        <ele>17.0</ele>
      </trkpt>
      <trkpt lat="59.34043" lon="24.07908">
        <ele>16.8</ele>
      </trkpt>
      <trkpt lat="59.34075" lon="24.07878">
        <ele>16.9</ele>
      </trkpt>
      <trkpt lat="59.34092" lon="24.07868">
        <ele>17.0</ele>
      </trkpt>
      <trkpt lat="59.34109" lon="24.07862">
        <ele>17.2</ele>
      </trkpt>
      <trkpt lat="59.34158" lon="24.07853">
        <ele>18.1</ele>
      </trkpt>
      <trkpt lat="59.34184" lon="24.07856">
        <ele>18.7</ele>
      </trkpt>
      <trkpt lat="59.34195" lon="24.07858">
        <ele>19.0</ele>
      </trkpt>
      <trkpt lat="59.342" lon="24.07741">
        <ele>16.6</ele>
      </trkpt>
      <trkpt lat="59.342" lon="24.07741">
        <ele>16.6</ele>
      </trkpt>
      <trkpt lat="59.342" lon="24.07741">
        <ele>16.6</ele>
      </trkpt>
      <trkpt lat="59.34206" lon="24.07685">
        <ele>15.8</ele>
      </trkpt>
      <trkpt lat="59.34204" lon="24.07674">
        <ele>15.6</ele>
      </trkpt>
      <trkpt lat="59.34203" lon="24.07663">
        <ele>15.4</ele>
      </trkpt>
      <trkpt lat="59.34215" lon="24.07577">
        <ele>14.6</ele>
      </trkpt>
      <trkpt lat="59.34225" lon="24.07529">
        <ele>14.7</ele>
      </trkpt>
      <trkpt lat="59.34259" lon="24.0739">
        <ele>16.1</ele>
      </trkpt>
      <trkpt lat="59.34293" lon="24.07251">
        <ele>15.5</ele>
      </trkpt>
      <trkpt lat="59.34301" lon="24.07241">
        <ele>15.4</ele>
      </trkpt>
      <trkpt lat="59.34307" lon="24.07217">
        <ele>15.3</ele>
      </trkpt>
      <trkpt lat="59.34303" lon="24.07203">
        <ele>15.4</ele>
      </trkpt>
      <trkpt lat="59.34337" lon="24.07062">
        <ele>13.8</ele>
      </trkpt>
      <trkpt lat="59.34371" lon="24.0692">
        <ele>12.9</ele>
      </trkpt>
      <trkpt lat="59.34405" lon="24.06779">
        <ele>13.0</ele>
      </trkpt>
      <trkpt lat="59.34439" lon="24.06637">
        <ele>13.4</ele>
      </trkpt>
      <trkpt lat="59.34453" lon="24.06593">
        <ele>13.4</ele>
      </trkpt>
      <trkpt lat="59.34458" lon="24.06585">
        <ele>13.5</ele>
      </trkpt>
      <trkpt lat="59.3445" lon="24.06562">
        <ele>12.9</ele>
      </trkpt>
      <trkpt lat="59.34466" lon="24.06537">
        <ele>13.2</ele>
      </trkpt>
      <trkpt lat="59.34481" lon="24.06517">
        <ele>13.5</ele>
      </trkpt>
      <trkpt lat="59.34475" lon="24.06497">
        <ele>13.0</ele>
      </trkpt>
      <trkpt lat="59.34539" lon="24.06414">
        <ele>13.8</ele>
      </trkpt>
      <trkpt lat="59.34603" lon="24.06331">
        <ele>15.7</ele>
      </trkpt>
      <trkpt lat="59.34667" lon="24.06248">
        <ele>17.0</ele>
      </trkpt>
      <trkpt lat="59.34738" lon="24.06159">
        <ele>18.5</ele>
      </trkpt>
      <trkpt lat="59.34808" lon="24.06069">
        <ele>18.3</ele>
      </trkpt>
      <trkpt lat="59.34814" lon="24.06088">
        <ele>18.6</ele>
      </trkpt>
      <trkpt lat="59.34872" lon="24.06018">
        <ele>19.5</ele>
      </trkpt>
      <trkpt lat="59.3493" lon="24.05949">
        <ele>19.2</ele>
      </trkpt>
      <trkpt lat="59.34987" lon="24.0588">
        <ele>18.1</ele>
      </trkpt>
      <trkpt lat="59.35045" lon="24.0581">
        <ele>18.3</ele>
      </trkpt>
      <trkpt lat="59.35112" lon="24.05727">
        <ele>18.6</ele>
      </trkpt>
      <trkpt lat="59.35179" lon="24.05644">
        <ele>19.0</ele>
      </trkpt>
      <trkpt lat="59.35245" lon="24.05561">
        <ele>18.7</ele>
      </trkpt>
      <trkpt lat="59.35312" lon="24.05478">
        <ele>18.7</ele>
      </trkpt>
      <trkpt lat="59.35353" lon="24.0543">
        <ele>19.5</ele>
      </trkpt>
      <trkpt lat="59.35394" lon="24.05383">
        <ele>20.5</ele>
      </trkpt>
      <trkpt lat="59.35417" lon="24.05372">
        <ele>21.0</ele>
      </trkpt>
      <trkpt lat="59.35489" lon="24.0535">
        <ele>20.1</ele>
      </trkpt>
      <trkpt lat="59.35488" lon="24.05333">
        <ele>20.1</ele>
      </trkpt>
      <trkpt lat="59.35556" lon="24.05309">
        <ele>20.1</ele>
      </trkpt>
      <trkpt lat="59.35625" lon="24.05286">
        <ele>20.4</ele>
      </trkpt>
      <trkpt lat="59.3565" lon="24.05262">
        <ele>20.1</ele>
      </trkpt>
      <trkpt lat="59.35701" lon="24.052">
        <ele>19.0</ele>
      </trkpt>
      <trkpt lat="59.35752" lon="24.05138">
        <ele>17.7</ele>
      </trkpt>
      <trkpt lat="59.35757" lon="24.05151">
        <ele>17.9</ele>
      </trkpt>
      <trkpt lat="59.35825" lon="24.05068">
        <ele>18.8</ele>
      </trkpt>
      <trkpt lat="59.35825" lon="24.05068">
        <ele>18.8</ele>
      </trkpt>
      <trkpt lat="59.35825" lon="24.05068">
        <ele>18.8</ele>
      </trkpt>
      <trkpt lat="59.35864" lon="24.05022">
        <ele>19.0</ele>
      </trkpt>
      <trkpt lat="59.35858" lon="24.04996">
        <ele>19.0</ele>
      </trkpt>
      <trkpt lat="59.3585" lon="24.04887">
        <ele>18.2</ele>
      </trkpt>
      <trkpt lat="59.3585" lon="24.04851">
        <ele>17.9</ele>
      </trkpt>
      <trkpt lat="59.35863" lon="24.04775">
        <ele>17.7</ele>
      </trkpt>
      <trkpt lat="59.35864" lon="24.04747">
        <ele>17.4</ele>
      </trkpt>
      <trkpt lat="59.35863" lon="24.04728">
        <ele>17.2</ele>
      </trkpt>
      <trkpt lat="59.35841" lon="24.046">
        <ele>14.6</ele>
      </trkpt>
      <trkpt lat="59.35837" lon="24.04564">
        <ele>14.2</ele>
      </trkpt>
      <trkpt lat="59.35837" lon="24.04515">
        <ele>14.1</ele>
      </trkpt>
      <trkpt lat="59.35833" lon="24.04472">
        <ele>13.3</ele>
      </trkpt>
      <trkpt lat="59.35828" lon="24.04454">
        <ele>12.8</ele>
      </trkpt>
      <trkpt lat="59.35811" lon="24.04418">
        <ele>11.5</ele>
      </trkpt>
      <trkpt lat="59.35756" lon="24.04338">
        <ele>8.3</ele>
      </trkpt>
      <trkpt lat="59.35757" lon="24.04333">
        <ele>8.2</ele>
      </trkpt>
      <trkpt lat="59.35757" lon="24.04333">
        <ele>8.2</ele>
      </trkpt>
      <trkpt lat="59.35764" lon="24.043034">
        <ele>7.7</ele>
      </trkpt>
      <trkpt lat="59.358113" lon="24.042712">
        <ele>8.2</ele>
      </trkpt>
      <trkpt lat="59.358113" lon="24.042712">
        <ele>8.2</ele>
      </trkpt>
      <trkpt lat="59.359085" lon="24.041904">
        <ele>8.6</ele>
      </trkpt>
      <trkpt lat="59.359305" lon="24.041547">
        <ele>8.1</ele>
      </trkpt>
      <trkpt lat="59.359818" lon="24.041182">
        <ele>9.3</ele>
      </trkpt>
      <trkpt lat="59.359818" lon="24.041182">
        <ele>9.3</ele>
      </trkpt>
      <trkpt lat="59.36048" lon="24.04038">
        <ele>9.4</ele>
      </trkpt>
      <trkpt lat="59.36048" lon="24.04038">
        <ele>9.4</ele>
      </trkpt>
      <trkpt lat="59.36048" lon="24.04038">
        <ele>9.4</ele>
      </trkpt>
      <trkpt lat="59.36048" lon="24.04038">
        <ele>9.4</ele>
      </trkpt>
      <trkpt lat="59.36077" lon="24.04015">
        <ele>9.5</ele>
      </trkpt>
      <trkpt lat="59.36115" lon="24.03992">
        <ele>9.5</ele>
      </trkpt>
      <trkpt lat="59.36121" lon="24.0398">
        <ele>8.2</ele>
      </trkpt>
      <trkpt lat="59.36135" lon="24.03971">
        <ele>7.5</ele>
      </trkpt>
      <trkpt lat="59.361405" lon="24.039694">
        <ele>7.4</ele>
      </trkpt>
      <trkpt lat="59.36142" lon="24.03969">
        <ele>7.4</ele>
      </trkpt>
      <trkpt lat="59.36167" lon="24.03944">
        <ele>4.3</ele>
      </trkpt>
      <trkpt lat="59.36233" lon="24.03922">
        <ele>6.9</ele>
      </trkpt>
      <trkpt lat="59.36233" lon="24.03922">
        <ele>6.9</ele>
      </trkpt>
      <trkpt lat="59.36233" lon="24.03922">
        <ele>6.9</ele>
      </trkpt>
      <trkpt lat="59.3629" lon="24.03909">
        <ele>8.8</ele>
      </trkpt>
      <trkpt lat="59.3633" lon="24.03906">
        <ele>10.1</ele>
      </trkpt>
      <trkpt lat="59.3634" lon="24.0391">
        <ele>10.7</ele>
      </trkpt>
      <trkpt lat="59.3634" lon="24.0391">
        <ele>10.7</ele>
      </trkpt>
      <trkpt lat="59.3634" lon="24.0391">
        <ele>10.7</ele>
      </trkpt>
      <trkpt lat="59.36364" lon="24.0391">
        <ele>11.3</ele>
      </trkpt>
      <trkpt lat="59.36389" lon="24.03897">
        <ele>10.9</ele>
      </trkpt>
      <trkpt lat="59.36417" lon="24.03888">
        <ele>10.9</ele>
      </trkpt>
      <trkpt lat="59.36426" lon="24.03875">
        <ele>10.2</ele>
      </trkpt>
      <trkpt lat="59.364281" lon="24.038746">
        <ele>10.2</ele>
      </trkpt>
      <trkpt lat="59.364281" lon="24.038746">
        <ele>10.2</ele>
      </trkpt>
      <trkpt lat="59.36447" lon="24.03871">
        <ele>10.2</ele>
      </trkpt>
      <trkpt lat="59.36461" lon="24.03863">
        <ele>9.9</ele>
      </trkpt>
      <trkpt lat="59.36473" lon="24.03868">
        <ele>10.5</ele>
      </trkpt>
      <trkpt lat="59.36473" lon="24.03868">
        <ele>10.5</ele>
      </trkpt>
      <trkpt lat="59.36473" lon="24.03868">
        <ele>10.5</ele>
      </trkpt>
      <trkpt lat="59.36483" lon="24.03872">
        <ele>11.0</ele>
      </trkpt>
      <trkpt lat="59.36508" lon="24.0386">
        <ele>10.4</ele>
      </trkpt>
      <trkpt lat="59.36525" lon="24.03861">
        <ele>10.8</ele>
      </trkpt>
      <trkpt lat="59.36534" lon="24.03855">
        <ele>10.5</ele>
      </trkpt>
      <trkpt lat="59.36595" lon="24.03844">
        <ele>10.9</ele>
      </trkpt>
      <trkpt lat="59.36656" lon="24.03832">
        <ele>10.8</ele>
      </trkpt>
      <trkpt lat="59.36656" lon="24.03832">
        <ele>10.8</ele>
      </trkpt>
      <trkpt lat="59.36656" lon="24.03832">
        <ele>10.8</ele>
      </trkpt>
      <trkpt lat="59.36741" lon="24.03819">
        <ele>10.3</ele>
      </trkpt>
      <trkpt lat="59.36746" lon="24.03811">
        <ele>9.9</ele>
      </trkpt>
      <trkpt lat="59.36767" lon="24.0381">
        <ele>10.4</ele>
      </trkpt>
      <trkpt lat="59.36783" lon="24.03797">
        <ele>10.3</ele>
      </trkpt>
      <trkpt lat="59.36818" lon="24.03789">
        <ele>10.9</ele>
      </trkpt>
      <trkpt lat="59.36837" lon="24.03781">
        <ele>10.9</ele>
      </trkpt>
      <trkpt lat="59.36837" lon="24.03781">
        <ele>10.9</ele>
      </trkpt>
      <trkpt lat="59.36837" lon="24.03781">
        <ele>10.9</ele>
      </trkpt>
      <trkpt lat="59.36895" lon="24.0377">
        <ele>10.4</ele>
      </trkpt>
      <trkpt lat="59.36901" lon="24.03764">
        <ele>10.0</ele>
      </trkpt>
      <trkpt lat="59.36959" lon="24.03749">
        <ele>10.0</ele>
      </trkpt>
      <trkpt lat="59.37043" lon="24.03715">
        <ele>9.6</ele>
      </trkpt>
      <trkpt lat="59.37043" lon="24.03715">
        <ele>9.6</ele>
      </trkpt>
      <trkpt lat="59.37043" lon="24.03715">
        <ele>9.6</ele>
      </trkpt>
      <trkpt lat="59.37074" lon="24.03706">
        <ele>9.7</ele>
      </trkpt>
      <trkpt lat="59.37081" lon="24.0371">
        <ele>10.0</ele>
      </trkpt>
      <trkpt lat="59.37097" lon="24.03706">
        <ele>10.1</ele>
      </trkpt>
      <trkpt lat="59.37111" lon="24.03696">
        <ele>10.0</ele>
      </trkpt>
      <trkpt lat="59.37152" lon="24.03684">
        <ele>10.3</ele>
      </trkpt>
      <trkpt lat="59.37171" lon="24.03683">
        <ele>10.6</ele>
      </trkpt>
      <trkpt lat="59.37211" lon="24.03669">
        <ele>10.6</ele>
      </trkpt>
      <trkpt lat="59.37211" lon="24.03669">
        <ele>10.6</ele>
      </trkpt>
      <trkpt lat="59.37211" lon="24.03669">
        <ele>10.6</ele>
      </trkpt>
      <trkpt lat="59.37239" lon="24.03664">
        <ele>10.7</ele>
      </trkpt>
      <trkpt lat="59.37252" lon="24.03653">
        <ele>10.4</ele>
      </trkpt>
      <trkpt lat="59.3726" lon="24.03654">
        <ele>10.6</ele>
      </trkpt>
      <trkpt lat="59.37263" lon="24.0365">
        <ele>10.5</ele>
      </trkpt>
      <trkpt lat="59.37287" lon="24.03644">
        <ele>10.7</ele>
      </trkpt>
      <trkpt lat="59.3729" lon="24.03641">
        <ele>10.6</ele>
      </trkpt>
      <trkpt lat="59.37297" lon="24.03644">
        <ele>10.9</ele>
      </trkpt>
      <trkpt lat="59.373073" lon="24.036431">
        <ele>11.1</ele>
      </trkpt>
      <trkpt lat="59.373193" lon="24.036547">
        <ele>12.0</ele>
      </trkpt>
      <trkpt lat="59.373531" lon="24.03659">
        <ele>13.0</ele>
      </trkpt>
      <trkpt lat="59.373848" lon="24.036541">
        <ele>13.4</ele>
      </trkpt>
      <trkpt lat="59.374439" lon="24.036544">
        <ele>14.7</ele>
      </trkpt>
      <trkpt lat="59.374612" lon="24.036528">
        <ele>15.0</ele>
      </trkpt>
      <trkpt lat="59.37487" lon="24.03661">
        <ele>16.2</ele>
      </trkpt>
      <trkpt lat="59.375071" lon="24.036617">
        <ele>16.5</ele>
      </trkpt>
      <trkpt lat="59.375252" lon="24.036533">
        <ele>15.6</ele>
      </trkpt>
      <trkpt lat="59.37538" lon="24.036302">
        <ele>13.5</ele>
      </trkpt>
      <trkpt lat="59.375699" lon="24.036358">
        <ele>13.6</ele>
      </trkpt>
      <trkpt lat="59.375829" lon="24.036529">
        <ele>14.8</ele>
      </trkpt>
      <trkpt lat="59.375886" lon="24.036545">
        <ele>14.9</ele>
      </trkpt>
      <trkpt lat="59.375991" lon="24.036502">
        <ele>14.2</ele>
      </trkpt>
      <trkpt lat="59.376232" lon="24.036617">
        <ele>14.6</ele>
      </trkpt>
      <trkpt lat="59.376368" lon="24.036821">
        <ele>15.3</ele>
      </trkpt>
      <trkpt lat="59.376603" lon="24.037034">
        <ele>15.8</ele>
      </trkpt>
      <trkpt lat="59.376859" lon="24.037518">
        <ele>18.1</ele>
      </trkpt>
      <trkpt lat="59.377025" lon="24.037554">
        <ele>18.3</ele>
      </trkpt>
      <trkpt lat="59.377521" lon="24.037452">
        <ele>17.8</ele>
      </trkpt>
      <trkpt lat="59.377681" lon="24.037324">
        <ele>17.4</ele>
      </trkpt>
      <trkpt lat="59.377834" lon="24.037282">
        <ele>17.6</ele>
      </trkpt>
      <trkpt lat="59.378001" lon="24.037112">
        <ele>17.2</ele>
      </trkpt>
      <trkpt lat="59.378461" lon="24.036889">
        <ele>17.2</ele>
      </trkpt>
      <trkpt lat="59.378692" lon="24.036822">
        <ele>17.1</ele>
      </trkpt>
      <trkpt lat="59.379116" lon="24.036799">
        <ele>17.4</ele>
      </trkpt>
      <trkpt lat="59.379447" lon="24.036731">
        <ele>17.9</ele>
      </trkpt>
      <trkpt lat="59.3795" lon="24.036673">
        <ele>17.8</ele>
      </trkpt>
      <trkpt lat="59.379541" lon="24.036582">
        <ele>17.2</ele>
      </trkpt>
      <trkpt lat="59.379605" lon="24.036528">
        <ele>17.0</ele>
      </trkpt>
      <trkpt lat="59.37998" lon="24.03648">
        <ele>17.4</ele>
      </trkpt>
      <trkpt lat="59.3801" lon="24.03639">
        <ele>16.8</ele>
      </trkpt>
      <trkpt lat="59.38017" lon="24.0364">
        <ele>16.9</ele>
      </trkpt>
      <trkpt lat="59.38026" lon="24.03656">
        <ele>18.4</ele>
      </trkpt>
      <trkpt lat="59.38039" lon="24.03653">
        <ele>18.2</ele>
      </trkpt>
      <trkpt lat="59.38039" lon="24.03653">
        <ele>18.2</ele>
      </trkpt>
      <trkpt lat="59.38082" lon="24.0364">
        <ele>17.4</ele>
      </trkpt>
      <trkpt lat="59.38096" lon="24.03626">
        <ele>16.4</ele>
      </trkpt>
      <trkpt lat="59.38109" lon="24.0363">
        <ele>17.1</ele>
      </trkpt>
      <trkpt lat="59.38122" lon="24.03621">
        <ele>16.5</ele>
      </trkpt>
      <trkpt lat="59.3813" lon="24.03624">
        <ele>17.0</ele>
      </trkpt>
      <trkpt lat="59.38149" lon="24.03611">
        <ele>16.2</ele>
      </trkpt>
      <trkpt lat="59.38161" lon="24.03612">
        <ele>16.6</ele>
      </trkpt>
      <trkpt lat="59.38176" lon="24.03598">
        <ele>15.5</ele>
      </trkpt>
      <trkpt lat="59.38191" lon="24.03597">
        <ele>15.6</ele>
      </trkpt>
      <trkpt lat="59.38226" lon="24.03585">
        <ele>14.9</ele>
      </trkpt>
      <trkpt lat="59.38246" lon="24.03588">
        <ele>15.4</ele>
      </trkpt>
      <trkpt lat="59.38276" lon="24.03572">
        <ele>14.7</ele>
      </trkpt>
      <trkpt lat="59.38276" lon="24.03572">
        <ele>14.7</ele>
      </trkpt>
      <trkpt lat="59.38276" lon="24.03572">
        <ele>14.7</ele>
      </trkpt>
      <trkpt lat="59.38306" lon="24.03556">
        <ele>14.0</ele>
      </trkpt>
      <trkpt lat="59.38322" lon="24.03561">
        <ele>14.9</ele>
      </trkpt>
      <trkpt lat="59.38347" lon="24.0355">
        <ele>14.4</ele>
      </trkpt>
      <trkpt lat="59.38359" lon="24.03554">
        <ele>14.8</ele>
      </trkpt>
      <trkpt lat="59.383838" lon="24.035406">
        <ele>14.0</ele>
      </trkpt>
      <trkpt lat="59.383838" lon="24.035406">
        <ele>14.0</ele>
      </trkpt>
      <trkpt lat="59.384009" lon="24.035366">
        <ele>13.9</ele>
      </trkpt>
      <trkpt lat="59.384009" lon="24.035366">
        <ele>13.9</ele>
      </trkpt>
      <trkpt lat="59.384009" lon="24.035366">
        <ele>13.9</ele>
      </trkpt>
      <trkpt lat="59.384457" lon="24.035266">
        <ele>13.7</ele>
      </trkpt>
      <trkpt lat="59.384457" lon="24.035266">
        <ele>13.7</ele>
      </trkpt>
      <trkpt lat="59.384457" lon="24.035266">
        <ele>13.7</ele>
      </trkpt>
      <trkpt lat="59.384744" lon="24.035306">
        <ele>14.5</ele>
      </trkpt>
      <trkpt lat="59.384744" lon="24.035306">
        <ele>14.5</ele>
      </trkpt>
      <trkpt lat="59.384744" lon="24.035306">
        <ele>14.5</ele>
      </trkpt>
      <trkpt lat="59.384976" lon="24.035368">
        <ele>15.5</ele>
      </trkpt>
      <trkpt lat="59.384976" lon="24.035368">
        <ele>15.5</ele>
      </trkpt>
      <trkpt lat="59.384976" lon="24.035368">
        <ele>15.5</ele>
      </trkpt>
      <trkpt lat="59.385302" lon="24.035323">
        <ele>15.1</ele>
      </trkpt>
      <trkpt lat="59.385302" lon="24.035323">
        <ele>15.1</ele>
      </trkpt>
      <trkpt lat="59.385302" lon="24.035323">
        <ele>15.1</ele>
      </trkpt>
      <trkpt lat="59.385618" lon="24.035388">
        <ele>15.7</ele>
      </trkpt>
      <trkpt lat="59.385618" lon="24.035388">
        <ele>15.7</ele>
      </trkpt>
      <trkpt lat="59.385618" lon="24.035388">
        <ele>15.7</ele>
      </trkpt>
      <trkpt lat="59.385922" lon="24.035332">
        <ele>15.1</ele>
      </trkpt>
      <trkpt lat="59.385922" lon="24.035332">
        <ele>15.1</ele>
      </trkpt>
      <trkpt lat="59.385922" lon="24.035332">
        <ele>15.1</ele>
      </trkpt>
      <trkpt lat="59.386253" lon="24.035352">
        <ele>14.9</ele>
      </trkpt>
      <trkpt lat="59.386253" lon="24.035352">
        <ele>14.9</ele>
      </trkpt>
      <trkpt lat="59.386253" lon="24.035352">
        <ele>14.9</ele>
      </trkpt>
      <trkpt lat="59.386449" lon="24.03553">
        <ele>16.4</ele>
      </trkpt>
      <trkpt lat="59.386449" lon="24.03553">
        <ele>16.4</ele>
      </trkpt>
      <trkpt lat="59.386449" lon="24.03553">
        <ele>16.4</ele>
      </trkpt>
      <trkpt lat="59.386573" lon="24.035539">
        <ele>16.3</ele>
      </trkpt>
      <trkpt lat="59.386573" lon="24.035539">
        <ele>16.3</ele>
      </trkpt>
      <trkpt lat="59.386573" lon="24.035539">
        <ele>16.3</ele>
      </trkpt>
      <trkpt lat="59.386641" lon="24.035619">
        <ele>17.0</ele>
      </trkpt>
      <trkpt lat="59.386641" lon="24.035619">
        <ele>17.0</ele>
      </trkpt>
      <trkpt lat="59.386641" lon="24.035619">
        <ele>17.0</ele>
      </trkpt>
      <trkpt lat="59.386802" lon="24.035678">
        <ele>16.4</ele>
      </trkpt>
      <trkpt lat="59.386802" lon="24.035678">
        <ele>16.4</ele>
      </trkpt>
      <trkpt lat="59.386802" lon="24.035678">
        <ele>16.4</ele>
      </trkpt>
      <trkpt lat="59.386968" lon="24.0358">
        <ele>16.4</ele>
      </trkpt>
      <trkpt lat="59.386968" lon="24.0358">
        <ele>16.4</ele>
      </trkpt>
      <trkpt lat="59.386968" lon="24.0358">
        <ele>16.4</ele>
      </trkpt>
      <trkpt lat="59.38712" lon="24.035968">
        <ele>17.6</ele>
      </trkpt>
      <trkpt lat="59.38712" lon="24.035968">
        <ele>17.6</ele>
      </trkpt>
      <trkpt lat="59.38712" lon="24.035968">
        <ele>17.6</ele>
      </trkpt>
      <trkpt lat="59.387126" lon="24.036119">
        <ele>19.7</ele>
      </trkpt>
      <trkpt lat="59.387126" lon="24.036119">
        <ele>19.7</ele>
      </trkpt>
      <trkpt lat="59.38718" lon="24.03615">
        <ele>19.9</ele>
      </trkpt>
      <trkpt lat="59.38789" lon="24.03665">
        <ele>22.9</ele>
      </trkpt>
      <trkpt lat="59.38813" lon="24.03687">
        <ele>21.6</ele>
      </trkpt>
      <trkpt lat="59.38836" lon="24.03711">
        <ele>20.1</ele>
      </trkpt>
      <trkpt lat="59.38875" lon="24.03769">
        <ele>18.2</ele>
      </trkpt>
      <trkpt lat="59.38875" lon="24.03769">
        <ele>18.2</ele>
      </trkpt>
      <trkpt lat="59.38885" lon="24.03783">
        <ele>18.5</ele>
      </trkpt>
      <trkpt lat="59.38917" lon="24.03842">
        <ele>22.1</ele>
      </trkpt>
      <trkpt lat="59.38931" lon="24.03869">
        <ele>19.6</ele>
      </trkpt>
      <trkpt lat="59.38949" lon="24.03924">
        <ele>18.6</ele>
      </trkpt>
      <trkpt lat="59.38959" lon="24.03969">
        <ele>19.9</ele>
      </trkpt>
      <trkpt lat="59.3897" lon="24.04008">
        <ele>21.0</ele>
      </trkpt>
      <trkpt lat="59.38991" lon="24.0409">
        <ele>21.0</ele>
      </trkpt>
      <trkpt lat="59.38999" lon="24.04146">
        <ele>22.3</ele>
      </trkpt>
      <trkpt lat="59.38996" lon="24.04181">
        <ele>23.1</ele>
      </trkpt>
      <trkpt lat="59.38998" lon="24.04206">
        <ele>22.7</ele>
      </trkpt>
      <trkpt lat="59.38995" lon="24.04247">
        <ele>22.4</ele>
      </trkpt>
      <trkpt lat="59.38982" lon="24.04331">
        <ele>21.8</ele>
      </trkpt>
      <trkpt lat="59.38981" lon="24.04355">
        <ele>19.8</ele>
      </trkpt>
      <trkpt lat="59.3896" lon="24.04451">
        <ele>16.3</ele>
      </trkpt>
      <trkpt lat="59.3896" lon="24.04451">
        <ele>16.3</ele>
      </trkpt>
      <trkpt lat="59.3896" lon="24.04451">
        <ele>16.3</ele>
      </trkpt>
      <trkpt lat="59.3895" lon="24.04497">
        <ele>16.4</ele>
      </trkpt>
      <trkpt lat="59.38942" lon="24.04524">
        <ele>18.6</ele>
      </trkpt>
      <trkpt lat="59.38941" lon="24.04546">
        <ele>18.7</ele>
      </trkpt>
      <trkpt lat="59.3892" lon="24.04631">
        <ele>23.9</ele>
      </trkpt>
      <trkpt lat="59.38899" lon="24.04677">
        <ele>23.1</ele>
      </trkpt>
      <trkpt lat="59.3889" lon="24.04691">
        <ele>21.3</ele>
      </trkpt>
      <trkpt lat="59.38876" lon="24.047">
        <ele>22.1</ele>
      </trkpt>
      <trkpt lat="59.38867" lon="24.0471">
        <ele>22.5</ele>
      </trkpt>
      <trkpt lat="59.38847" lon="24.04761">
        <ele>24.0</ele>
      </trkpt>
      <trkpt lat="59.38828" lon="24.04791">
        <ele>28.3</ele>
      </trkpt>
      <trkpt lat="59.38771" lon="24.04914">
        <ele>23.4</ele>
      </trkpt>
      <trkpt lat="59.38754" lon="24.05014">
        <ele>25.7</ele>
      </trkpt>
      <trkpt lat="59.38728" lon="24.05076">
        <ele>24.5</ele>
      </trkpt>
      <trkpt lat="59.38709" lon="24.05164">
        <ele>22.0</ele>
      </trkpt>
      <trkpt lat="59.38691" lon="24.05239">
        <ele>19.2</ele>
      </trkpt>
      <trkpt lat="59.38683" lon="24.05263">
        <ele>20.6</ele>
      </trkpt>
      <trkpt lat="59.38679" lon="24.05292">
        <ele>21.3</ele>
      </trkpt>
      <trkpt lat="59.38678" lon="24.05345">
        <ele>20.4</ele>
      </trkpt>
      <trkpt lat="59.38652" lon="24.05468">
        <ele>20.3</ele>
      </trkpt>
      <trkpt lat="59.38637" lon="24.05533">
        <ele>20.0</ele>
      </trkpt>
      <trkpt lat="59.38634" lon="24.05563">
        <ele>19.5</ele>
      </trkpt>
      <trkpt lat="59.38636" lon="24.05602">
        <ele>18.1</ele>
      </trkpt>
      <trkpt lat="59.38634" lon="24.05634">
        <ele>17.2</ele>
      </trkpt>
      <trkpt lat="59.38602" lon="24.05751">
        <ele>15.5</ele>
      </trkpt>
      <trkpt lat="59.386007" lon="24.057531">
        <ele>15.8</ele>
      </trkpt>
      <trkpt lat="59.38588" lon="24.05774">
        <ele>18.3</ele>
      </trkpt>
      <trkpt lat="59.3858" lon="24.05814">
        <ele>18.7</ele>
      </trkpt>
      <trkpt lat="59.38573" lon="24.0583">
        <ele>18.8</ele>
      </trkpt>
      <trkpt lat="59.38558" lon="24.05843">
        <ele>19.1</ele>
      </trkpt>
      <trkpt lat="59.38535" lon="24.05899">
        <ele>18.0</ele>
      </trkpt>
      <trkpt lat="59.38515" lon="24.05928">
        <ele>20.0</ele>
      </trkpt>
      <trkpt lat="59.38508" lon="24.05954">
        <ele>20.5</ele>
      </trkpt>
      <trkpt lat="59.38493" lon="24.06021">
        <ele>16.7</ele>
      </trkpt>
      <trkpt lat="59.38476" lon="24.06166">
        <ele>7.8</ele>
      </trkpt>
      <trkpt lat="59.38458" lon="24.06276">
        <ele>12.8</ele>
      </trkpt>
      <trkpt lat="59.3845" lon="24.06342">
        <ele>14.3</ele>
      </trkpt>
      <trkpt lat="59.3845" lon="24.06342">
        <ele>14.3</ele>
      </trkpt>
      <trkpt lat="59.38451" lon="24.06381">
        <ele>13.4</ele>
      </trkpt>
      <trkpt lat="59.3844" lon="24.06444">
        <ele>15.4</ele>
      </trkpt>
      <trkpt lat="59.38444" lon="24.06491">
        <ele>13.6</ele>
      </trkpt>
      <trkpt lat="59.38443" lon="24.06503">
        <ele>13.6</ele>
      </trkpt>
      <trkpt lat="59.38428" lon="24.06575">
        <ele>15.7</ele>
      </trkpt>
      <trkpt lat="59.38423" lon="24.06613">
        <ele>16.0</ele>
      </trkpt>
      <trkpt lat="59.38418" lon="24.0664">
        <ele>16.4</ele>
      </trkpt>
      <trkpt lat="59.38413" lon="24.06756">
        <ele>15.4</ele>
      </trkpt>
      <trkpt lat="59.384" lon="24.06841">
        <ele>16.4</ele>
      </trkpt>
      <trkpt lat="59.38398" lon="24.07003">
        <ele>16.1</ele>
      </trkpt>
      <trkpt lat="59.38394" lon="24.07084">
        <ele>16.8</ele>
      </trkpt>
      <trkpt lat="59.38395" lon="24.07115">
        <ele>16.5</ele>
      </trkpt>
      <trkpt lat="59.38391" lon="24.0714">
        <ele>17.1</ele>
      </trkpt>
      <trkpt lat="59.38392" lon="24.07199">
        <ele>16.7</ele>
      </trkpt>
      <trkpt lat="59.3839" lon="24.0724">
        <ele>16.9</ele>
      </trkpt>
      <trkpt lat="59.38393" lon="24.07275">
        <ele>16.3</ele>
      </trkpt>
      <trkpt lat="59.38393" lon="24.073026">
        <ele>16.2</ele>
      </trkpt>
      <trkpt lat="59.38393" lon="24.073026">
        <ele>16.2</ele>
      </trkpt>
      <trkpt lat="59.383749" lon="24.073377">
        <ele>18.5</ele>
      </trkpt>
      <trkpt lat="59.383749" lon="24.073377">
        <ele>18.5</ele>
      </trkpt>
      <trkpt lat="59.383684" lon="24.075633">
        <ele>17.3</ele>
      </trkpt>
      <trkpt lat="59.383684" lon="24.075633">
        <ele>17.3</ele>
      </trkpt>
      <trkpt lat="59.383684" lon="24.075633">
        <ele>17.3</ele>
      </trkpt>
      <trkpt lat="59.38368" lon="24.07566">
        <ele>17.3</ele>
      </trkpt>
      <trkpt lat="59.3837" lon="24.07627">
        <ele>15.7</ele>
      </trkpt>
      <trkpt lat="59.38365" lon="24.07666">
        <ele>15.5</ele>
      </trkpt>
      <trkpt lat="59.38351" lon="24.07739">
        <ele>15.9</ele>
      </trkpt>
      <trkpt lat="59.3834" lon="24.07771">
        <ele>16.4</ele>
      </trkpt>
      <trkpt lat="59.38311" lon="24.07902">
        <ele>15.3</ele>
      </trkpt>
      <trkpt lat="59.38295" lon="24.07941">
        <ele>16.5</ele>
      </trkpt>
      <trkpt lat="59.38258" lon="24.08013">
        <ele>20.5</ele>
      </trkpt>
      <trkpt lat="59.38254" lon="24.08031">
        <ele>20.0</ele>
      </trkpt>
      <trkpt lat="59.38237" lon="24.08057">
        <ele>20.4</ele>
      </trkpt>
      <trkpt lat="59.38231" lon="24.0809">
        <ele>19.1</ele>
      </trkpt>
      <trkpt lat="59.38203" lon="24.08141">
        <ele>20.6</ele>
      </trkpt>
      <trkpt lat="59.38197" lon="24.08182">
        <ele>19.1</ele>
      </trkpt>
      <trkpt lat="59.38188" lon="24.0819">
        <ele>20.1</ele>
      </trkpt>
      <trkpt lat="59.38183" lon="24.08199">
        <ele>20.3</ele>
      </trkpt>
      <trkpt lat="59.38182" lon="24.08221">
        <ele>18.7</ele>
      </trkpt>
      <trkpt lat="59.38173" lon="24.0825">
        <ele>18.5</ele>
      </trkpt>
      <trkpt lat="59.38164" lon="24.08295">
        <ele>17.1</ele>
      </trkpt>
      <trkpt lat="59.38152" lon="24.08322">
        <ele>17.0</ele>
      </trkpt>
      <trkpt lat="59.38149" lon="24.08348">
        <ele>14.7</ele>
      </trkpt>
      <trkpt lat="59.38141" lon="24.08369">
        <ele>13.5</ele>
      </trkpt>
      <trkpt lat="59.38133" lon="24.08375">
        <ele>14.5</ele>
      </trkpt>
      <trkpt lat="59.38127" lon="24.08387">
        <ele>14.5</ele>
      </trkpt>
      <trkpt lat="59.3812" lon="24.08392">
        <ele>15.8</ele>
      </trkpt>
      <trkpt lat="59.38113" lon="24.08405">
        <ele>16.4</ele>
      </trkpt>
      <trkpt lat="59.38107" lon="24.08424">
        <ele>17.0</ele>
      </trkpt>
      <trkpt lat="59.38107" lon="24.08443">
        <ele>16.5</ele>
      </trkpt>
      <trkpt lat="59.3811" lon="24.08457">
        <ele>15.3</ele>
      </trkpt>
      <trkpt lat="59.38105" lon="24.08475">
        <ele>16.2</ele>
      </trkpt>
      <trkpt lat="59.38063" lon="24.086">
        <ele>16.7</ele>
      </trkpt>
      <trkpt lat="59.38052" lon="24.08625">
        <ele>16.8</ele>
      </trkpt>
      <trkpt lat="59.38042" lon="24.08653">
        <ele>16.8</ele>
      </trkpt>
      <trkpt lat="59.38008" lon="24.08789">
        <ele>14.6</ele>
      </trkpt>
      <trkpt lat="59.37991" lon="24.089">
        <ele>11.3</ele>
      </trkpt>
      <trkpt lat="59.37973" lon="24.09012">
        <ele>9.2</ele>
      </trkpt>
      <trkpt lat="59.37954" lon="24.09131">
        <ele>11.2</ele>
      </trkpt>
      <trkpt lat="59.37954" lon="24.09131">
        <ele>11.2</ele>
      </trkpt>
      <trkpt lat="59.37954" lon="24.09131">
        <ele>11.2</ele>
      </trkpt>
      <trkpt lat="59.37954" lon="24.09131">
        <ele>11.2</ele>
      </trkpt>
      <trkpt lat="59.37943" lon="24.09194">
        <ele>10.9</ele>
      </trkpt>
      <trkpt lat="59.37933" lon="24.09222">
        <ele>10.9</ele>
      </trkpt>
      <trkpt lat="59.37928" lon="24.0924">
        <ele>10.8</ele>
      </trkpt>
      <trkpt lat="59.37923" lon="24.09251">
        <ele>11.1</ele>
      </trkpt>
      <trkpt lat="59.37919" lon="24.09274">
        <ele>10.8</ele>
      </trkpt>
      <trkpt lat="59.37908" lon="24.09291">
        <ele>11.3</ele>
      </trkpt>
      <trkpt lat="59.37902" lon="24.09308">
        <ele>11.2</ele>
      </trkpt>
      <trkpt lat="59.37902" lon="24.09336">
        <ele>10.0</ele>
      </trkpt>
      <trkpt lat="59.37892" lon="24.09377">
        <ele>7.6</ele>
      </trkpt>
      <trkpt lat="59.3788" lon="24.0942">
        <ele>6.6</ele>
      </trkpt>
      <trkpt lat="59.37874" lon="24.09446">
        <ele>7.5</ele>
      </trkpt>
      <trkpt lat="59.37834" lon="24.095">
        <ele>13.9</ele>
      </trkpt>
      <trkpt lat="59.37818" lon="24.09538">
        <ele>13.5</ele>
      </trkpt>
      <trkpt lat="59.37795" lon="24.09562">
        <ele>13.8</ele>
      </trkpt>
      <trkpt lat="59.37772" lon="24.096">
        <ele>13.8</ele>
      </trkpt>
      <trkpt lat="59.37726" lon="24.0964">
        <ele>14.9</ele>
      </trkpt>
      <trkpt lat="59.37662" lon="24.09753">
        <ele>17.4</ele>
      </trkpt>
      <trkpt lat="59.37598" lon="24.09866">
        <ele>21.8</ele>
      </trkpt>
      <trkpt lat="59.3758" lon="24.09873">
        <ele>23.2</ele>
      </trkpt>
      <trkpt lat="59.3755" lon="24.10037">
        <ele>23.8</ele>
      </trkpt>
      <trkpt lat="59.37519" lon="24.10154">
        <ele>23.4</ele>
      </trkpt>
      <trkpt lat="59.37505" lon="24.10261">
        <ele>22.5</ele>
      </trkpt>
      <trkpt lat="59.37492" lon="24.10368">
        <ele>21.6</ele>
      </trkpt>
      <trkpt lat="59.37492" lon="24.10368">
        <ele>21.6</ele>
      </trkpt>
      <trkpt lat="59.37492" lon="24.10368">
        <ele>21.6</ele>
      </trkpt>
      <trkpt lat="59.37478" lon="24.10478">
        <ele>21.8</ele>
      </trkpt>
      <trkpt lat="59.37455" lon="24.10537">
        <ele>23.0</ele>
      </trkpt>
      <trkpt lat="59.37457" lon="24.10562">
        <ele>22.7</ele>
      </trkpt>
      <trkpt lat="59.37451" lon="24.10597">
        <ele>22.8</ele>
      </trkpt>
      <trkpt lat="59.37447" lon="24.10713">
        <ele>22.5</ele>
      </trkpt>
      <trkpt lat="59.3745" lon="24.10733">
        <ele>22.4</ele>
      </trkpt>
      <trkpt lat="59.37496" lon="24.10786">
        <ele>20.2</ele>
      </trkpt>
      <trkpt lat="59.37504" lon="24.10806">
        <ele>19.9</ele>
      </trkpt>
      <trkpt lat="59.37507" lon="24.10828">
        <ele>19.8</ele>
      </trkpt>
      <trkpt lat="59.37506" lon="24.10898">
        <ele>18.9</ele>
      </trkpt>
      <trkpt lat="59.37465" lon="24.11037">
        <ele>18.0</ele>
      </trkpt>
      <trkpt lat="59.37459" lon="24.11085">
        <ele>17.9</ele>
      </trkpt>
      <trkpt lat="59.37461" lon="24.11116">
        <ele>17.5</ele>
      </trkpt>
      <trkpt lat="59.37445" lon="24.1117">
        <ele>17.6</ele>
      </trkpt>
      <trkpt lat="59.37435" lon="24.11229">
        <ele>18.1</ele>
      </trkpt>
      <trkpt lat="59.3741" lon="24.11297">
        <ele>19.6</ele>
      </trkpt>
      <trkpt lat="59.37377" lon="24.11418">
        <ele>17.4</ele>
      </trkpt>
      <trkpt lat="59.37373" lon="24.11505">
        <ele>14.5</ele>
      </trkpt>
      <trkpt lat="59.37369" lon="24.1152">
        <ele>14.4</ele>
      </trkpt>
      <trkpt lat="59.37362" lon="24.11539">
        <ele>14.3</ele>
      </trkpt>
      <trkpt lat="59.37329" lon="24.11567">
        <ele>15.1</ele>
      </trkpt>
      <trkpt lat="59.37315" lon="24.11607">
        <ele>15.1</ele>
      </trkpt>
      <trkpt lat="59.37297" lon="24.11647">
        <ele>14.8</ele>
      </trkpt>
      <trkpt lat="59.37272" lon="24.11723">
        <ele>14.1</ele>
      </trkpt>
      <trkpt lat="59.37248" lon="24.11799">
        <ele>14.0</ele>
      </trkpt>
      <trkpt lat="59.37206" lon="24.11926">
        <ele>13.9</ele>
      </trkpt>
      <trkpt lat="59.37172" lon="24.12025">
        <ele>12.6</ele>
      </trkpt>
      <trkpt lat="59.37137" lon="24.12125">
        <ele>12.6</ele>
      </trkpt>
      <trkpt lat="59.37121" lon="24.12161">
        <ele>12.7</ele>
      </trkpt>
      <trkpt lat="59.37092" lon="24.12248">
        <ele>13.2</ele>
      </trkpt>
      <trkpt lat="59.37063" lon="24.12336">
        <ele>15.7</ele>
      </trkpt>
      <trkpt lat="59.37035" lon="24.12428">
        <ele>16.0</ele>
      </trkpt>
      <trkpt lat="59.37034" lon="24.1245">
        <ele>15.8</ele>
      </trkpt>
      <trkpt lat="59.37024" lon="24.12474">
        <ele>15.7</ele>
      </trkpt>
      <trkpt lat="59.37018" lon="24.12502">
        <ele>15.6</ele>
      </trkpt>
      <trkpt lat="59.37006" lon="24.12534">
        <ele>15.8</ele>
      </trkpt>
      <trkpt lat="59.36967" lon="24.12561">
        <ele>17.2</ele>
      </trkpt>
      <trkpt lat="59.36925" lon="24.12597">
        <ele>18.5</ele>
      </trkpt>
      <trkpt lat="59.36907" lon="24.12606">
        <ele>19.0</ele>
      </trkpt>
      <trkpt lat="59.36899" lon="24.12617">
        <ele>19.0</ele>
      </trkpt>
      <trkpt lat="59.36864" lon="24.12636">
        <ele>19.6</ele>
      </trkpt>
      <trkpt lat="59.36839" lon="24.12711">
        <ele>19.9</ele>
      </trkpt>
      <trkpt lat="59.36799" lon="24.12792">
        <ele>20.8</ele>
      </trkpt>
      <trkpt lat="59.36775" lon="24.12833">
        <ele>20.7</ele>
      </trkpt>
      <trkpt lat="59.36743" lon="24.1286">
        <ele>20.9</ele>
      </trkpt>
      <trkpt lat="59.3675" lon="24.13026">
        <ele>17.7</ele>
      </trkpt>
      <trkpt lat="59.3675" lon="24.13026">
        <ele>17.7</ele>
      </trkpt>
      <trkpt lat="59.3675" lon="24.13026">
        <ele>17.7</ele>
      </trkpt>
      <trkpt lat="59.36755" lon="24.1314">
        <ele>16.2</ele>
      </trkpt>
      <trkpt lat="59.36759" lon="24.13174">
        <ele>15.8</ele>
      </trkpt>
      <trkpt lat="59.36759" lon="24.13209">
        <ele>15.8</ele>
      </trkpt>
      <trkpt lat="59.36754" lon="24.13251">
        <ele>15.9</ele>
      </trkpt>
      <trkpt lat="59.36731" lon="24.13389">
        <ele>17.0</ele>
      </trkpt>
      <trkpt lat="59.36718" lon="24.13434">
        <ele>17.2</ele>
      </trkpt>
      <trkpt lat="59.36678" lon="24.13526">
        <ele>17.5</ele>
      </trkpt>
      <trkpt lat="59.36638" lon="24.13618">
        <ele>19.3</ele>
      </trkpt>
      <trkpt lat="59.36587" lon="24.13535">
        <ele>22.8</ele>
      </trkpt>
      <trkpt lat="59.36572" lon="24.13527">
        <ele>23.3</ele>
      </trkpt>
      <trkpt lat="59.36565" lon="24.13534">
        <ele>23.4</ele>
      </trkpt>
      <trkpt lat="59.36561" lon="24.13544">
        <ele>23.5</ele>
      </trkpt>
      <trkpt lat="59.36559" lon="24.13572">
        <ele>23.6</ele>
      </trkpt>
      <trkpt lat="59.36568" lon="24.13673">
        <ele>22.6</ele>
      </trkpt>
      <trkpt lat="59.3657" lon="24.13758">
        <ele>22.4</ele>
      </trkpt>
      <trkpt lat="59.3657" lon="24.13758">
        <ele>22.4</ele>
      </trkpt>
      <trkpt lat="59.3657" lon="24.13758">
        <ele>22.4</ele>
      </trkpt>
      <trkpt lat="59.36562" lon="24.13881">
        <ele>22.0</ele>
      </trkpt>
      <trkpt lat="59.36555" lon="24.14004">
        <ele>22.3</ele>
      </trkpt>
      <trkpt lat="59.36549" lon="24.14039">
        <ele>22.0</ele>
      </trkpt>
      <trkpt lat="59.36546" lon="24.14075">
        <ele>21.5</ele>
      </trkpt>
      <trkpt lat="59.36542" lon="24.14161">
        <ele>19.2</ele>
      </trkpt>
      <trkpt lat="59.36538" lon="24.14214">
        <ele>18.5</ele>
      </trkpt>
      <trkpt lat="59.36515" lon="24.14357">
        <ele>17.6</ele>
      </trkpt>
      <trkpt lat="59.36492" lon="24.145">
        <ele>19.1</ele>
      </trkpt>
      <trkpt lat="59.36472" lon="24.1457">
        <ele>18.8</ele>
      </trkpt>
      <trkpt lat="59.36464" lon="24.14612">
        <ele>18.5</ele>
      </trkpt>
      <trkpt lat="59.36462" lon="24.14677">
        <ele>17.9</ele>
      </trkpt>
      <trkpt lat="59.36437" lon="24.14786">
        <ele>18.1</ele>
      </trkpt>
      <trkpt lat="59.36412" lon="24.14896">
        <ele>17.3</ele>
      </trkpt>
      <trkpt lat="59.36364" lon="24.15001">
        <ele>17.2</ele>
      </trkpt>
      <trkpt lat="59.36363" lon="24.15013">
        <ele>17.1</ele>
      </trkpt>
      <trkpt lat="59.36371" lon="24.15042">
        <ele>16.4</ele>
      </trkpt>
      <trkpt lat="59.36371" lon="24.15065">
        <ele>16.0</ele>
      </trkpt>
      <trkpt lat="59.36317" lon="24.15178">
        <ele>15.1</ele>
      </trkpt>
      <trkpt lat="59.36317" lon="24.15178">
        <ele>15.1</ele>
      </trkpt>
      <trkpt lat="59.36311" lon="24.15193">
        <ele>15.0</ele>
      </trkpt>
      <trkpt lat="59.36289" lon="24.15224">
        <ele>15.1</ele>
      </trkpt>
      <trkpt lat="59.36264" lon="24.15249">
        <ele>15.5</ele>
      </trkpt>
      <trkpt lat="59.36191" lon="24.15299">
        <ele>16.7</ele>
      </trkpt>
      <trkpt lat="59.36159" lon="24.15328">
        <ele>17.2</ele>
      </trkpt>
      <trkpt lat="59.36077" lon="24.15388">
        <ele>16.6</ele>
      </trkpt>
      <trkpt lat="59.35995" lon="24.15448">
        <ele>14.0</ele>
      </trkpt>
      <trkpt lat="59.35984" lon="24.15452">
        <ele>14.0</ele>
      </trkpt>
      <trkpt lat="59.35954" lon="24.15447">
        <ele>14.7</ele>
      </trkpt>
      <trkpt lat="59.35929" lon="24.15468">
        <ele>14.5</ele>
      </trkpt>
      <trkpt lat="59.35924" lon="24.154697">
        <ele>14.6</ele>
      </trkpt>
      <trkpt lat="59.358815" lon="24.154788">
        <ele>15.7</ele>
      </trkpt>
      <trkpt lat="59.358268" lon="24.154806">
        <ele>17.4</ele>
      </trkpt>
      <trkpt lat="59.35812" lon="24.15488">
        <ele>17.8</ele>
      </trkpt>
      <trkpt lat="59.35751" lon="24.15507">
        <ele>19.9</ele>
      </trkpt>
      <trkpt lat="59.35746" lon="24.15513">
        <ele>19.9</ele>
      </trkpt>
      <trkpt lat="59.35731" lon="24.15518">
        <ele>20.0</ele>
      </trkpt>
      <trkpt lat="59.3567" lon="24.15523">
        <ele>20.7</ele>
      </trkpt>
      <trkpt lat="59.3561" lon="24.15528">
        <ele>21.3</ele>
      </trkpt>
      <trkpt lat="59.35586" lon="24.15552">
        <ele>21.3</ele>
      </trkpt>
      <trkpt lat="59.35585" lon="24.15604">
        <ele>20.5</ele>
      </trkpt>
      <trkpt lat="59.35581" lon="24.15652">
        <ele>19.4</ele>
      </trkpt>
      <trkpt lat="59.35575" lon="24.15677">
        <ele>19.2</ele>
      </trkpt>
      <trkpt lat="59.35569" lon="24.15698">
        <ele>19.1</ele>
      </trkpt>
      <trkpt lat="59.35547" lon="24.15746">
        <ele>18.9</ele>
      </trkpt>
      <trkpt lat="59.35526" lon="24.15802">
        <ele>18.3</ele>
      </trkpt>
      <trkpt lat="59.35499" lon="24.15889">
        <ele>16.7</ele>
      </trkpt>
      <trkpt lat="59.35478" lon="24.15972">
        <ele>15.1</ele>
      </trkpt>
      <trkpt lat="59.35457" lon="24.16055">
        <ele>14.1</ele>
      </trkpt>
      <trkpt lat="59.35433" lon="24.16152">
        <ele>14.5</ele>
      </trkpt>
      <trkpt lat="59.35416" lon="24.16199">
        <ele>16.0</ele>
      </trkpt>
      <trkpt lat="59.35369" lon="24.16303">
        <ele>19.5</ele>
      </trkpt>
      <trkpt lat="59.35321" lon="24.16406">
        <ele>20.8</ele>
      </trkpt>
      <trkpt lat="59.3529" lon="24.16485">
        <ele>20.4</ele>
      </trkpt>
      <trkpt lat="59.35283" lon="24.16507">
        <ele>20.2</ele>
      </trkpt>
      <trkpt lat="59.35283" lon="24.16507">
        <ele>20.2</ele>
      </trkpt>
      <trkpt lat="59.35283" lon="24.16507">
        <ele>20.2</ele>
      </trkpt>
      <trkpt lat="59.35246" lon="24.16625">
        <ele>20.2</ele>
      </trkpt>
      <trkpt lat="59.35208" lon="24.16743">
        <ele>19.2</ele>
      </trkpt>
      <trkpt lat="59.35171" lon="24.16861">
        <ele>19.8</ele>
      </trkpt>
      <trkpt lat="59.35153" lon="24.16932">
        <ele>19.3</ele>
      </trkpt>
      <trkpt lat="59.35133" lon="24.17058">
        <ele>17.4</ele>
      </trkpt>
      <trkpt lat="59.3511" lon="24.17176">
        <ele>15.8</ele>
      </trkpt>
      <trkpt lat="59.35092" lon="24.17246">
        <ele>15.9</ele>
      </trkpt>
      <trkpt lat="59.35069" lon="24.17316">
        <ele>15.9</ele>
      </trkpt>
      <trkpt lat="59.35048" lon="24.1737">
        <ele>15.6</ele>
      </trkpt>
      <trkpt lat="59.35009" lon="24.17462">
        <ele>16.0</ele>
      </trkpt>
      <trkpt lat="59.34971" lon="24.17554">
        <ele>15.7</ele>
      </trkpt>
      <trkpt lat="59.34932" lon="24.17647">
        <ele>14.3</ele>
      </trkpt>
      <trkpt lat="59.34877" lon="24.17773">
        <ele>15.1</ele>
      </trkpt>
      <trkpt lat="59.34821" lon="24.17899">
        <ele>16.1</ele>
      </trkpt>
      <trkpt lat="59.34792" lon="24.17952">
        <ele>16.6</ele>
      </trkpt>
      <trkpt lat="59.34732" lon="24.18044">
        <ele>18.0</ele>
      </trkpt>
      <trkpt lat="59.34672" lon="24.18137">
        <ele>19.1</ele>
      </trkpt>
      <trkpt lat="59.34612" lon="24.18229">
        <ele>18.2</ele>
      </trkpt>
      <trkpt lat="59.34552" lon="24.18321">
        <ele>16.2</ele>
      </trkpt>
      <trkpt lat="59.34516" lon="24.18368">
        <ele>15.9</ele>
      </trkpt>
      <trkpt lat="59.34502" lon="24.18378">
        <ele>16.0</ele>
      </trkpt>
      <trkpt lat="59.34499" lon="24.18462">
        <ele>16.0</ele>
      </trkpt>
      <trkpt lat="59.3443" lon="24.18385">
        <ele>18.5</ele>
      </trkpt>
      <trkpt lat="59.34362" lon="24.18308">
        <ele>21.1</ele>
      </trkpt>
      <trkpt lat="59.34294" lon="24.18231">
        <ele>23.4</ele>
      </trkpt>
      <trkpt lat="59.34226" lon="24.18154">
        <ele>25.3</ele>
      </trkpt>
      <trkpt lat="59.34158" lon="24.18077">
        <ele>23.8</ele>
      </trkpt>
      <trkpt lat="59.34118" lon="24.18036">
        <ele>22.2</ele>
      </trkpt>
      <trkpt lat="59.34097" lon="24.18021">
        <ele>21.2</ele>
      </trkpt>
      <trkpt lat="59.34081" lon="24.18021">
        <ele>20.7</ele>
      </trkpt>
      <trkpt lat="59.34063" lon="24.18067">
        <ele>21.5</ele>
      </trkpt>
      <trkpt lat="59.34015" lon="24.18144">
        <ele>20.7</ele>
      </trkpt>
      <trkpt lat="59.33982" lon="24.18261">
        <ele>19.9</ele>
      </trkpt>
      <trkpt lat="59.33941" lon="24.18388">
        <ele>19.8</ele>
      </trkpt>
      <trkpt lat="59.33915" lon="24.18457">
        <ele>19.0</ele>
      </trkpt>
      <trkpt lat="59.33858" lon="24.18576">
        <ele>18.9</ele>
      </trkpt>
      <trkpt lat="59.3384" lon="24.18601">
        <ele>19.2</ele>
      </trkpt>
      <trkpt lat="59.33823" lon="24.18608">
        <ele>19.2</ele>
      </trkpt>
      <trkpt lat="59.33811" lon="24.186">
        <ele>19.1</ele>
      </trkpt>
      <trkpt lat="59.3379" lon="24.18568">
        <ele>18.9</ele>
      </trkpt>
      <trkpt lat="59.33761" lon="24.1866">
        <ele>18.3</ele>
      </trkpt>
      <trkpt lat="59.33731" lon="24.18752">
        <ele>18.8</ele>
      </trkpt>
      <trkpt lat="59.33719" lon="24.18733">
        <ele>18.4</ele>
      </trkpt>
      <trkpt lat="59.33686" lon="24.18772">
        <ele>18.5</ele>
      </trkpt>
      <trkpt lat="59.33668" lon="24.18805">
        <ele>18.7</ele>
      </trkpt>
      <trkpt lat="59.336528" lon="24.188546">
        <ele>19.4</ele>
      </trkpt>
      <trkpt lat="59.33653" lon="24.18854">
        <ele>19.4</ele>
      </trkpt>
      <trkpt lat="59.33645" lon="24.1888">
        <ele>19.7</ele>
      </trkpt>
      <trkpt lat="59.33616" lon="24.18993">
        <ele>20.2</ele>
      </trkpt>
      <trkpt lat="59.33587" lon="24.19107">
        <ele>20.6</ele>
      </trkpt>
      <trkpt lat="59.3356" lon="24.19225">
        <ele>21.7</ele>
      </trkpt>
      <trkpt lat="59.33524" lon="24.19368">
        <ele>21.2</ele>
      </trkpt>
      <trkpt lat="59.33511" lon="24.19428">
        <ele>20.6</ele>
      </trkpt>
      <trkpt lat="59.33495" lon="24.19551">
        <ele>21.1</ele>
      </trkpt>
      <trkpt lat="59.33488" lon="24.19642">
        <ele>21.8</ele>
      </trkpt>
      <trkpt lat="59.33488" lon="24.19642">
        <ele>21.8</ele>
      </trkpt>
      <trkpt lat="59.33477" lon="24.19807">
        <ele>22.0</ele>
      </trkpt>
      <trkpt lat="59.33467" lon="24.19971">
        <ele>22.5</ele>
      </trkpt>
      <trkpt lat="59.33456" lon="24.20136">
        <ele>21.8</ele>
      </trkpt>
      <trkpt lat="59.33445" lon="24.203">
        <ele>20.9</ele>
      </trkpt>
      <trkpt lat="59.33434" lon="24.20465">
        <ele>21.2</ele>
      </trkpt>
      <trkpt lat="59.33434" lon="24.20511">
        <ele>21.5</ele>
      </trkpt>
      <trkpt lat="59.33426" lon="24.20662">
        <ele>19.4</ele>
      </trkpt>
      <trkpt lat="59.33418" lon="24.20774">
        <ele>18.7</ele>
      </trkpt>
      <trkpt lat="59.33409" lon="24.209">
        <ele>18.3</ele>
      </trkpt>
      <trkpt lat="59.334" lon="24.21027">
        <ele>18.1</ele>
      </trkpt>
      <trkpt lat="59.33391" lon="24.21153">
        <ele>16.8</ele>
      </trkpt>
      <trkpt lat="59.33385" lon="24.21267">
        <ele>16.6</ele>
      </trkpt>
      <trkpt lat="59.33385" lon="24.21267">
        <ele>16.6</ele>
      </trkpt>
      <trkpt lat="59.33383" lon="24.21309">
        <ele>16.1</ele>
      </trkpt>
      <trkpt lat="59.33375" lon="24.21398">
        <ele>15.2</ele>
      </trkpt>
      <trkpt lat="59.33367" lon="24.21488">
        <ele>14.3</ele>
      </trkpt>
      <trkpt lat="59.33361" lon="24.21575">
        <ele>14.3</ele>
      </trkpt>
      <trkpt lat="59.33354" lon="24.21663">
        <ele>14.0</ele>
      </trkpt>
      <trkpt lat="59.33335" lon="24.21708">
        <ele>14.5</ele>
      </trkpt>
      <trkpt lat="59.33316" lon="24.21741">
        <ele>15.6</ele>
      </trkpt>
      <trkpt lat="59.33301" lon="24.21758">
        <ele>16.2</ele>
      </trkpt>
      <trkpt lat="59.33278" lon="24.21773">
        <ele>16.9</ele>
      </trkpt>
      <trkpt lat="59.332779" lon="24.217742">
        <ele>16.9</ele>
      </trkpt>
      <trkpt lat="59.33241" lon="24.218">
        <ele>17.6</ele>
      </trkpt>
      <trkpt lat="59.33222" lon="24.21823">
        <ele>17.5</ele>
      </trkpt>
      <trkpt lat="59.332" lon="24.21841">
        <ele>17.6</ele>
      </trkpt>
      <trkpt lat="59.33194" lon="24.21842">
        <ele>17.7</ele>
      </trkpt>
      <trkpt lat="59.3318" lon="24.21853">
        <ele>17.8</ele>
      </trkpt>
      <trkpt lat="59.33171" lon="24.21864">
        <ele>17.9</ele>
      </trkpt>
      <trkpt lat="59.33161" lon="24.21884">
        <ele>18.1</ele>
      </trkpt>
      <trkpt lat="59.33153" lon="24.21907">
        <ele>18.2</ele>
      </trkpt>
      <trkpt lat="59.33149" lon="24.21934">
        <ele>18.0</ele>
      </trkpt>
      <trkpt lat="59.33127" lon="24.21908">
        <ele>18.5</ele>
      </trkpt>
      <trkpt lat="59.33079" lon="24.2187">
        <ele>19.5</ele>
      </trkpt>
      <trkpt lat="59.33032" lon="24.21833">
        <ele>19.4</ele>
      </trkpt>
      <trkpt lat="59.33025" lon="24.21823">
        <ele>19.4</ele>
      </trkpt>
      <trkpt lat="59.32995" lon="24.21814">
        <ele>19.3</ele>
      </trkpt>
      <trkpt lat="59.32931" lon="24.21832">
        <ele>19.8</ele>
      </trkpt>
      <trkpt lat="59.32866" lon="24.2185">
        <ele>21.0</ele>
      </trkpt>
      <trkpt lat="59.32818" lon="24.21865">
        <ele>21.0</ele>
      </trkpt>
      <trkpt lat="59.32769" lon="24.21879">
        <ele>18.8</ele>
      </trkpt>
      <trkpt lat="59.3272" lon="24.21872">
        <ele>17.1</ele>
      </trkpt>
      <trkpt lat="59.32672" lon="24.21866">
        <ele>15.6</ele>
      </trkpt>
      <trkpt lat="59.32657" lon="24.21868">
        <ele>15.4</ele>
      </trkpt>
      <trkpt lat="59.32594" lon="24.21944">
        <ele>16.7</ele>
      </trkpt>
      <trkpt lat="59.32577" lon="24.2196">
        <ele>17.2</ele>
      </trkpt>
      <trkpt lat="59.32562" lon="24.21961">
        <ele>17.6</ele>
      </trkpt>
      <trkpt lat="59.32481" lon="24.21926">
        <ele>17.5</ele>
      </trkpt>
      <trkpt lat="59.32473" lon="24.21919">
        <ele>17.1</ele>
      </trkpt>
      <trkpt lat="59.32469" lon="24.21909">
        <ele>16.8</ele>
      </trkpt>
      <trkpt lat="59.32468" lon="24.21896">
        <ele>16.7</ele>
      </trkpt>
      <trkpt lat="59.32451" lon="24.21884">
        <ele>16.1</ele>
      </trkpt>
      <trkpt lat="59.32448" lon="24.21878">
        <ele>16.0</ele>
      </trkpt>
      <trkpt lat="59.32442" lon="24.21875">
        <ele>15.8</ele>
      </trkpt>
      <trkpt lat="59.32442" lon="24.21869">
        <ele>15.7</ele>
      </trkpt>
      <trkpt lat="59.32412" lon="24.2187">
        <ele>15.1</ele>
      </trkpt>
      <trkpt lat="59.32401" lon="24.2188">
        <ele>15.4</ele>
      </trkpt>
      <trkpt lat="59.32395" lon="24.2188">
        <ele>15.5</ele>
      </trkpt>
      <trkpt lat="59.32329" lon="24.21853">
        <ele>17.1</ele>
      </trkpt>
      <trkpt lat="59.32263" lon="24.21825">
        <ele>18.7</ele>
      </trkpt>
      <trkpt lat="59.32197" lon="24.21798">
        <ele>19.0</ele>
      </trkpt>
      <trkpt lat="59.32185" lon="24.21902">
        <ele>19.6</ele>
      </trkpt>
      <trkpt lat="59.3217" lon="24.22048">
        <ele>21.5</ele>
      </trkpt>
      <trkpt lat="59.32155" lon="24.22194">
        <ele>22.6</ele>
      </trkpt>
      <trkpt lat="59.3214" lon="24.2234">
        <ele>23.0</ele>
      </trkpt>
      <trkpt lat="59.32125" lon="24.22487">
        <ele>22.9</ele>
      </trkpt>
      <trkpt lat="59.3211" lon="24.22612">
        <ele>20.8</ele>
      </trkpt>
      <trkpt lat="59.32094" lon="24.22767">
        <ele>20.9</ele>
      </trkpt>
      <trkpt lat="59.32079" lon="24.22922">
        <ele>22.1</ele>
      </trkpt>
      <trkpt lat="59.32064" lon="24.23077">
        <ele>22.5</ele>
      </trkpt>
      <trkpt lat="59.32067" lon="24.23095">
        <ele>22.4</ele>
      </trkpt>
      <trkpt lat="59.32067" lon="24.23124">
        <ele>22.3</ele>
      </trkpt>
      <trkpt lat="59.32065" lon="24.23141">
        <ele>22.3</ele>
      </trkpt>
      <trkpt lat="59.3206" lon="24.23157">
        <ele>22.3</ele>
      </trkpt>
      <trkpt lat="59.32056" lon="24.23174">
        <ele>22.4</ele>
      </trkpt>
      <trkpt lat="59.32047" lon="24.23306">
        <ele>23.7</ele>
      </trkpt>
      <trkpt lat="59.32038" lon="24.23437">
        <ele>24.6</ele>
      </trkpt>
      <trkpt lat="59.32038" lon="24.2349">
        <ele>24.9</ele>
      </trkpt>
      <trkpt lat="59.32026" lon="24.23623">
        <ele>24.5</ele>
      </trkpt>
      <trkpt lat="59.32013" lon="24.23748">
        <ele>24.7</ele>
      </trkpt>
      <trkpt lat="59.32001" lon="24.23872">
        <ele>25.0</ele>
      </trkpt>
      <trkpt lat="59.31988" lon="24.23997">
        <ele>25.7</ele>
      </trkpt>
      <trkpt lat="59.31965" lon="24.24151">
        <ele>25.6</ele>
      </trkpt>
      <trkpt lat="59.31942" lon="24.24304">
        <ele>26.1</ele>
      </trkpt>
      <trkpt lat="59.3192" lon="24.24458">
        <ele>26.0</ele>
      </trkpt>
      <trkpt lat="59.31897" lon="24.24611">
        <ele>26.3</ele>
      </trkpt>
      <trkpt lat="59.31874" lon="24.24765">
        <ele>25.8</ele>
      </trkpt>
      <trkpt lat="59.31852" lon="24.24918">
        <ele>23.2</ele>
      </trkpt>
      <trkpt lat="59.31852" lon="24.24928">
        <ele>22.9</ele>
      </trkpt>
      <trkpt lat="59.31859" lon="24.24955">
        <ele>22.2</ele>
      </trkpt>
      <trkpt lat="59.31883" lon="24.24984">
        <ele>22.1</ele>
      </trkpt>
      <trkpt lat="59.31901" lon="24.24991">
        <ele>22.6</ele>
      </trkpt>
      <trkpt lat="59.31932" lon="24.25031">
        <ele>23.2</ele>
      </trkpt>
      <trkpt lat="59.31936" lon="24.25043">
        <ele>23.2</ele>
      </trkpt>
      <trkpt lat="59.31977" lon="24.25096">
        <ele>23.8</ele>
      </trkpt>
      <trkpt lat="59.32019" lon="24.25149">
        <ele>24.1</ele>
      </trkpt>
      <trkpt lat="59.32016" lon="24.25165">
        <ele>24.4</ele>
      </trkpt>
      <trkpt lat="59.32024" lon="24.25178">
        <ele>24.0</ele>
      </trkpt>
      <trkpt lat="59.32016" lon="24.252">
        <ele>24.1</ele>
      </trkpt>
      <trkpt lat="59.31997" lon="24.25317">
        <ele>23.2</ele>
      </trkpt>
      <trkpt lat="59.31979" lon="24.25434">
        <ele>21.8</ele>
      </trkpt>
      <trkpt lat="59.31979" lon="24.2547">
        <ele>21.4</ele>
      </trkpt>
      <trkpt lat="59.31991" lon="24.25565">
        <ele>20.3</ele>
      </trkpt>
      <trkpt lat="59.31989" lon="24.25617">
        <ele>19.8</ele>
      </trkpt>
      <trkpt lat="59.31976" lon="24.25715">
        <ele>19.6</ele>
      </trkpt>
      <trkpt lat="59.31964" lon="24.25813">
        <ele>20.6</ele>
      </trkpt>
      <trkpt lat="59.31954" lon="24.25913">
        <ele>21.1</ele>
      </trkpt>
      <trkpt lat="59.31943" lon="24.26014">
        <ele>21.7</ele>
      </trkpt>
      <trkpt lat="59.31922" lon="24.26143">
        <ele>21.3</ele>
      </trkpt>
      <trkpt lat="59.319" lon="24.26272">
        <ele>21.0</ele>
      </trkpt>
      <trkpt lat="59.3189" lon="24.26358">
        <ele>21.0</ele>
      </trkpt>
      <trkpt lat="59.3188" lon="24.26444">
        <ele>21.1</ele>
      </trkpt>
      <trkpt lat="59.31879" lon="24.26501">
        <ele>21.5</ele>
      </trkpt>
      <trkpt lat="59.31856" lon="24.26516">
        <ele>21.7</ele>
      </trkpt>
      <trkpt lat="59.31809" lon="24.2659">
        <ele>22.1</ele>
      </trkpt>
      <trkpt lat="59.31767" lon="24.26648">
        <ele>22.2</ele>
      </trkpt>
      <trkpt lat="59.31745" lon="24.26684">
        <ele>22.2</ele>
      </trkpt>
      <trkpt lat="59.31721" lon="24.2676">
        <ele>22.8</ele>
      </trkpt>
      <trkpt lat="59.31696" lon="24.26837">
        <ele>23.4</ele>
      </trkpt>
      <trkpt lat="59.31622" lon="24.26934">
        <ele>23.6</ele>
      </trkpt>
      <trkpt lat="59.31548" lon="24.27031">
        <ele>23.8</ele>
      </trkpt>
      <trkpt lat="59.31473" lon="24.27129">
        <ele>26.4</ele>
      </trkpt>
      <trkpt lat="59.31399" lon="24.27226">
        <ele>28.1</ele>
      </trkpt>
      <trkpt lat="59.31325" lon="24.27323">
        <ele>26.7</ele>
      </trkpt>
      <trkpt lat="59.31316" lon="24.27358">
        <ele>26.6</ele>
      </trkpt>
      <trkpt lat="59.31312" lon="24.27419">
        <ele>26.7</ele>
      </trkpt>
      <trkpt lat="59.31307" lon="24.27459">
        <ele>26.5</ele>
      </trkpt>
      <trkpt lat="59.31256" lon="24.27544">
        <ele>26.9</ele>
      </trkpt>
      <trkpt lat="59.31219" lon="24.27613">
        <ele>27.1</ele>
      </trkpt>
      <trkpt lat="59.31183" lon="24.27681">
        <ele>26.2</ele>
      </trkpt>
      <trkpt lat="59.31134" lon="24.27788">
        <ele>26.7</ele>
      </trkpt>
      <trkpt lat="59.31085" lon="24.27896">
        <ele>26.0</ele>
      </trkpt>
      <trkpt lat="59.31036" lon="24.28003">
        <ele>27.1</ele>
      </trkpt>
      <trkpt lat="59.30987" lon="24.2811">
        <ele>29.2</ele>
      </trkpt>
      <trkpt lat="59.30972" lon="24.28132">
        <ele>30.1</ele>
      </trkpt>
      <trkpt lat="59.30953" lon="24.28142">
        <ele>30.9</ele>
      </trkpt>
      <trkpt lat="59.309" lon="24.28153">
        <ele>32.8</ele>
      </trkpt>
      <trkpt lat="59.30868" lon="24.28186">
        <ele>34.1</ele>
      </trkpt>
      <trkpt lat="59.30835" lon="24.28252">
        <ele>34.9</ele>
      </trkpt>
      <trkpt lat="59.30818" lon="24.28329">
        <ele>34.8</ele>
      </trkpt>
      <trkpt lat="59.30818" lon="24.28421">
        <ele>34.5</ele>
      </trkpt>
      <trkpt lat="59.30826" lon="24.28546">
        <ele>33.7</ele>
      </trkpt>
      <trkpt lat="59.30834" lon="24.28672">
        <ele>35.9</ele>
      </trkpt>
      <trkpt lat="59.30837" lon="24.28847">
        <ele>35.9</ele>
      </trkpt>
      <trkpt lat="59.30829" lon="24.28941">
        <ele>37.7</ele>
      </trkpt>
      <trkpt lat="59.30821" lon="24.29035">
        <ele>39.4</ele>
      </trkpt>
      <trkpt lat="59.30799" lon="24.29118">
        <ele>40.0</ele>
      </trkpt>
      <trkpt lat="59.30778" lon="24.29201">
        <ele>40.3</ele>
      </trkpt>
      <trkpt lat="59.30744" lon="24.29302">
        <ele>40.7</ele>
      </trkpt>
      <trkpt lat="59.3071" lon="24.29404">
        <ele>40.6</ele>
      </trkpt>
      <trkpt lat="59.30676" lon="24.2948">
        <ele>41.5</ele>
      </trkpt>
      <trkpt lat="59.30642" lon="24.29556">
        <ele>42.0</ele>
      </trkpt>
      <trkpt lat="59.30597" lon="24.29635">
        <ele>41.9</ele>
      </trkpt>
      <trkpt lat="59.30551" lon="24.29714">
        <ele>42.2</ele>
      </trkpt>
      <trkpt lat="59.30506" lon="24.29794">
        <ele>41.0</ele>
      </trkpt>
      <trkpt lat="59.30446" lon="24.29908">
        <ele>42.7</ele>
      </trkpt>
      <trkpt lat="59.30386" lon="24.30021">
        <ele>43.0</ele>
      </trkpt>
      <trkpt lat="59.30327" lon="24.30135">
        <ele>43.6</ele>
      </trkpt>
      <trkpt lat="59.30308" lon="24.30225">
        <ele>43.2</ele>
      </trkpt>
      <trkpt lat="59.30289" lon="24.30315">
        <ele>42.8</ele>
      </trkpt>
      <trkpt lat="59.30267" lon="24.30397">
        <ele>42.5</ele>
      </trkpt>
      <trkpt lat="59.30244" lon="24.30478">
        <ele>42.5</ele>
      </trkpt>
      <trkpt lat="59.30211" lon="24.30571">
        <ele>42.5</ele>
      </trkpt>
      <trkpt lat="59.30177" lon="24.30663">
        <ele>44.1</ele>
      </trkpt>
      <trkpt lat="59.30138" lon="24.30769">
        <ele>42.0</ele>
      </trkpt>
      <trkpt lat="59.30098" lon="24.30875">
        <ele>40.9</ele>
      </trkpt>
      <trkpt lat="59.30058" lon="24.3098">
        <ele>37.6</ele>
      </trkpt>
      <trkpt lat="59.30028" lon="24.31075">
        <ele>36.5</ele>
      </trkpt>
      <trkpt lat="59.29997" lon="24.31169">
        <ele>35.9</ele>
      </trkpt>
      <trkpt lat="59.29956" lon="24.31264">
        <ele>34.9</ele>
      </trkpt>
      <trkpt lat="59.29915" lon="24.31358">
        <ele>35.4</ele>
      </trkpt>
      <trkpt lat="59.29874" lon="24.3144">
        <ele>34.4</ele>
      </trkpt>
      <trkpt lat="59.29834" lon="24.31521">
        <ele>35.5</ele>
      </trkpt>
      <trkpt lat="59.29778" lon="24.31609">
        <ele>33.1</ele>
      </trkpt>
      <trkpt lat="59.29743" lon="24.31684">
        <ele>32.8</ele>
      </trkpt>
      <trkpt lat="59.29708" lon="24.31759">
        <ele>31.9</ele>
      </trkpt>
      <trkpt lat="59.29666" lon="24.31822">
        <ele>30.1</ele>
      </trkpt>
      <trkpt lat="59.29628" lon="24.31865">
        <ele>30.5</ele>
      </trkpt>
      <trkpt lat="59.29594" lon="24.31897">
        <ele>30.9</ele>
      </trkpt>
      <trkpt lat="59.29559" lon="24.31952">
        <ele>30.6</ele>
      </trkpt>
      <trkpt lat="59.29532" lon="24.31999">
        <ele>29.8</ele>
      </trkpt>
      <trkpt lat="59.29486" lon="24.32082">
        <ele>28.8</ele>
      </trkpt>
      <trkpt lat="59.29441" lon="24.32166">
        <ele>29.0</ele>
      </trkpt>
      <trkpt lat="59.29395" lon="24.32249">
        <ele>29.3</ele>
      </trkpt>
      <trkpt lat="59.29337" lon="24.3236">
        <ele>29.9</ele>
      </trkpt>
      <trkpt lat="59.29278" lon="24.32471">
        <ele>31.3</ele>
      </trkpt>
      <trkpt lat="59.29278" lon="24.32471">
        <ele>31.3</ele>
      </trkpt>
      <trkpt lat="59.29267" lon="24.32493">
        <ele>31.7</ele>
      </trkpt>
      <trkpt lat="59.29242" lon="24.32549">
        <ele>32.1</ele>
      </trkpt>
      <trkpt lat="59.29286" lon="24.3262">
        <ele>31.6</ele>
      </trkpt>
      <trkpt lat="59.2933" lon="24.32691">
        <ele>30.1</ele>
      </trkpt>
      <trkpt lat="59.2929" lon="24.32792">
        <ele>30.5</ele>
      </trkpt>
      <trkpt lat="59.2925" lon="24.32893">
        <ele>30.3</ele>
      </trkpt>
      <trkpt lat="59.29216" lon="24.32976">
        <ele>30.0</ele>
      </trkpt>
      <trkpt lat="59.29182" lon="24.3306">
        <ele>30.0</ele>
      </trkpt>
      <trkpt lat="59.29168" lon="24.33085">
        <ele>30.0</ele>
      </trkpt>
      <trkpt lat="59.29123" lon="24.33113">
        <ele>29.6</ele>
      </trkpt>
      <trkpt lat="59.29121" lon="24.3313">
        <ele>29.4</ele>
      </trkpt>
      <trkpt lat="59.2911" lon="24.33165">
        <ele>29.0</ele>
      </trkpt>
      <trkpt lat="59.29105" lon="24.33215">
        <ele>29.0</ele>
      </trkpt>
      <trkpt lat="59.29108" lon="24.3326">
        <ele>29.0</ele>
      </trkpt>
      <trkpt lat="59.29133" lon="24.33403">
        <ele>28.4</ele>
      </trkpt>
      <trkpt lat="59.29136" lon="24.33437">
        <ele>28.6</ele>
      </trkpt>
      <trkpt lat="59.29137" lon="24.3351">
        <ele>29.4</ele>
      </trkpt>
      <trkpt lat="59.29132" lon="24.33577">
        <ele>29.4</ele>
      </trkpt>
      <trkpt lat="59.29137" lon="24.33603">
        <ele>29.5</ele>
      </trkpt>
      <trkpt lat="59.29142" lon="24.33617">
        <ele>29.6</ele>
      </trkpt>
      <trkpt lat="59.29149" lon="24.33626">
        <ele>29.6</ele>
      </trkpt>
      <trkpt lat="59.29159" lon="24.33634">
        <ele>29.6</ele>
      </trkpt>
      <trkpt lat="59.2918" lon="24.33642">
        <ele>29.7</ele>
      </trkpt>
      <trkpt lat="59.29199" lon="24.33663">
        <ele>30.0</ele>
      </trkpt>
      <trkpt lat="59.29215" lon="24.3369">
        <ele>30.0</ele>
      </trkpt>
      <trkpt lat="59.2925" lon="24.33768">
        <ele>29.8</ele>
      </trkpt>
      <trkpt lat="59.29287" lon="24.33903">
        <ele>29.4</ele>
      </trkpt>
      <trkpt lat="59.29323" lon="24.34038">
        <ele>30.0</ele>
      </trkpt>
      <trkpt lat="59.2933" lon="24.34044">
        <ele>30.0</ele>
      </trkpt>
      <trkpt lat="59.29343" lon="24.34043">
        <ele>30.2</ele>
      </trkpt>
      <trkpt lat="59.29349" lon="24.34048">
        <ele>30.3</ele>
      </trkpt>
      <trkpt lat="59.29317" lon="24.34138">
        <ele>30.5</ele>
      </trkpt>
      <trkpt lat="59.2928" lon="24.34237">
        <ele>30.4</ele>
      </trkpt>
      <trkpt lat="59.29254" lon="24.34285">
        <ele>30.1</ele>
      </trkpt>
      <trkpt lat="59.2924" lon="24.34303">
        <ele>30.0</ele>
      </trkpt>
      <trkpt lat="59.29223" lon="24.34318">
        <ele>29.9</ele>
      </trkpt>
      <trkpt lat="59.29195" lon="24.34336">
        <ele>30.0</ele>
      </trkpt>
      <trkpt lat="59.29154" lon="24.34391">
        <ele>30.0</ele>
      </trkpt>
      <trkpt lat="59.29114" lon="24.34445">
        <ele>29.8</ele>
      </trkpt>
      <trkpt lat="59.29048" lon="24.34507">
        <ele>29.0</ele>
      </trkpt>
      <trkpt lat="59.28974" lon="24.34593">
        <ele>29.4</ele>
      </trkpt>
      <trkpt lat="59.28894" lon="24.34663">
        <ele>30.0</ele>
      </trkpt>
      <trkpt lat="59.28864" lon="24.34696">
        <ele>30.2</ele>
      </trkpt>
      <trkpt lat="59.28833" lon="24.3474">
        <ele>30.9</ele>
      </trkpt>
      <trkpt lat="59.28771" lon="24.34862">
        <ele>32.7</ele>
      </trkpt>
      <trkpt lat="59.28739" lon="24.34936">
        <ele>33.5</ele>
      </trkpt>
      <trkpt lat="59.28707" lon="24.3501">
        <ele>35.5</ele>
      </trkpt>
      <trkpt lat="59.28671" lon="24.3508">
        <ele>36.8</ele>
      </trkpt>
      <trkpt lat="59.28615" lon="24.35183">
        <ele>35.3</ele>
      </trkpt>
      <trkpt lat="59.28558" lon="24.35287">
        <ele>34.0</ele>
      </trkpt>
      <trkpt lat="59.28525" lon="24.35343">
        <ele>35.2</ele>
      </trkpt>
      <trkpt lat="59.2847" lon="24.35463">
        <ele>38.6</ele>
      </trkpt>
      <trkpt lat="59.28415" lon="24.35584">
        <ele>40.0</ele>
      </trkpt>
      <trkpt lat="59.2836" lon="24.35704">
        <ele>39.0</ele>
      </trkpt>
      <trkpt lat="59.28307" lon="24.35816">
        <ele>39.3</ele>
      </trkpt>
      <trkpt lat="59.28255" lon="24.35929">
        <ele>40.1</ele>
      </trkpt>
      <trkpt lat="59.2821" lon="24.36018">
        <ele>38.7</ele>
      </trkpt>
      <trkpt lat="59.28165" lon="24.36108">
        <ele>37.5</ele>
      </trkpt>
      <trkpt lat="59.2812" lon="24.36198">
        <ele>37.7</ele>
      </trkpt>
      <trkpt lat="59.28076" lon="24.36279">
        <ele>37.8</ele>
      </trkpt>
      <trkpt lat="59.28022" lon="24.3634">
        <ele>37.7</ele>
      </trkpt>
      <trkpt lat="59.27967" lon="24.364">
        <ele>34.4</ele>
      </trkpt>
      <trkpt lat="59.27935" lon="24.36419">
        <ele>33.4</ele>
      </trkpt>
      <trkpt lat="59.27886" lon="24.36422">
        <ele>33.0</ele>
      </trkpt>
      <trkpt lat="59.27892" lon="24.36513">
        <ele>33.2</ele>
      </trkpt>
      <trkpt lat="59.279" lon="24.36652">
        <ele>32.8</ele>
      </trkpt>
      <trkpt lat="59.27908" lon="24.3679">
        <ele>32.4</ele>
      </trkpt>
      <trkpt lat="59.27909" lon="24.36865">
        <ele>31.9</ele>
      </trkpt>
      <trkpt lat="59.27923" lon="24.36951">
        <ele>32.4</ele>
      </trkpt>
      <trkpt lat="59.27936" lon="24.36989">
        <ele>32.7</ele>
      </trkpt>
      <trkpt lat="59.27979" lon="24.37095">
        <ele>32.0</ele>
      </trkpt>
      <trkpt lat="59.28022" lon="24.37201">
        <ele>31.7</ele>
      </trkpt>
      <trkpt lat="59.28065" lon="24.37307">
        <ele>31.1</ele>
      </trkpt>
      <trkpt lat="59.28108" lon="24.37413">
        <ele>33.8</ele>
      </trkpt>
      <trkpt lat="59.28149" lon="24.37543">
        <ele>39.3</ele>
      </trkpt>
      <trkpt lat="59.28169" lon="24.37632">
        <ele>39.4</ele>
      </trkpt>
      <trkpt lat="59.28188" lon="24.37691">
        <ele>39.2</ele>
      </trkpt>
      <trkpt lat="59.28219" lon="24.37757">
        <ele>39.1</ele>
      </trkpt>
      <trkpt lat="59.28251" lon="24.37823">
        <ele>38.2</ele>
      </trkpt>
      <trkpt lat="59.28301" lon="24.37886">
        <ele>37.4</ele>
      </trkpt>
      <trkpt lat="59.28352" lon="24.37948">
        <ele>36.9</ele>
      </trkpt>
      <trkpt lat="59.28394" lon="24.38027">
        <ele>37.0</ele>
      </trkpt>
      <trkpt lat="59.28435" lon="24.38107">
        <ele>37.7</ele>
      </trkpt>
      <trkpt lat="59.28501" lon="24.38217">
        <ele>40.0</ele>
      </trkpt>
      <trkpt lat="59.28572" lon="24.38293">
        <ele>39.1</ele>
      </trkpt>
      <trkpt lat="59.28643" lon="24.3835">
        <ele>38.8</ele>
      </trkpt>
      <trkpt lat="59.28714" lon="24.38406">
        <ele>36.4</ele>
      </trkpt>
      <trkpt lat="59.28785" lon="24.38463">
        <ele>34.5</ele>
      </trkpt>
      <trkpt lat="59.28856" lon="24.3852">
        <ele>35.1</ele>
      </trkpt>
      <trkpt lat="59.2892" lon="24.38571">
        <ele>36.0</ele>
      </trkpt>
      <trkpt lat="59.28984" lon="24.38623">
        <ele>35.9</ele>
      </trkpt>
      <trkpt lat="59.29047" lon="24.38675">
        <ele>36.6</ele>
      </trkpt>
      <trkpt lat="59.29111" lon="24.38727">
        <ele>37.3</ele>
      </trkpt>
      <trkpt lat="59.29143" lon="24.38763">
        <ele>37.5</ele>
      </trkpt>
      <trkpt lat="59.29157" lon="24.38804">
        <ele>37.8</ele>
      </trkpt>
      <trkpt lat="59.29188" lon="24.38951">
        <ele>38.2</ele>
      </trkpt>
      <trkpt lat="59.292" lon="24.38992">
        <ele>38.5</ele>
      </trkpt>
      <trkpt lat="59.292" lon="24.38992">
        <ele>38.5</ele>
      </trkpt>
      <trkpt lat="59.29208" lon="24.39023">
        <ele>38.1</ele>
      </trkpt>
      <trkpt lat="59.2924" lon="24.39115">
        <ele>36.6</ele>
      </trkpt>
      <trkpt lat="59.29261" lon="24.39167">
        <ele>35.7</ele>
      </trkpt>
      <trkpt lat="59.29305" lon="24.39264">
        <ele>34.4</ele>
      </trkpt>
      <trkpt lat="59.29348" lon="24.39361">
        <ele>35.2</ele>
      </trkpt>
      <trkpt lat="59.29392" lon="24.39458">
        <ele>36.2</ele>
      </trkpt>
      <trkpt lat="59.29445" lon="24.3958">
        <ele>37.3</ele>
      </trkpt>
      <trkpt lat="59.29499" lon="24.39702">
        <ele>37.0</ele>
      </trkpt>
      <trkpt lat="59.29552" lon="24.39824">
        <ele>37.3</ele>
      </trkpt>
      <trkpt lat="59.29605" lon="24.39945">
        <ele>37.6</ele>
      </trkpt>
      <trkpt lat="59.29658" lon="24.40067">
        <ele>35.4</ele>
      </trkpt>
      <trkpt lat="59.29711" lon="24.40189">
        <ele>34.5</ele>
      </trkpt>
      <trkpt lat="59.2973" lon="24.40241">
        <ele>34.4</ele>
      </trkpt>
      <trkpt lat="59.29762" lon="24.40343">
        <ele>34.9</ele>
      </trkpt>
      <trkpt lat="59.29795" lon="24.40445">
        <ele>34.6</ele>
      </trkpt>
      <trkpt lat="59.29827" lon="24.40546">
        <ele>34.2</ele>
      </trkpt>
      <trkpt lat="59.29855" lon="24.40607">
        <ele>34.3</ele>
      </trkpt>
      <trkpt lat="59.29881" lon="24.40647">
        <ele>34.6</ele>
      </trkpt>
      <trkpt lat="59.29905" lon="24.40674">
        <ele>34.9</ele>
      </trkpt>
      <trkpt lat="59.29922" lon="24.40689">
        <ele>35.1</ele>
      </trkpt>
      <trkpt lat="59.29921" lon="24.407">
        <ele>35.1</ele>
      </trkpt>
      <trkpt lat="59.29923" lon="24.40709">
        <ele>35.1</ele>
      </trkpt>
      <trkpt lat="59.29927" lon="24.40716">
        <ele>35.1</ele>
      </trkpt>
      <trkpt lat="59.29932" lon="24.40717">
        <ele>35.2</ele>
      </trkpt>
      <trkpt lat="59.29936" lon="24.40714">
        <ele>35.2</ele>
      </trkpt>
      <trkpt lat="59.2994" lon="24.40708">
        <ele>35.3</ele>
      </trkpt>
      <trkpt lat="59.29984" lon="24.40762">
        <ele>35.7</ele>
      </trkpt>
      <trkpt lat="59.30028" lon="24.40816">
        <ele>36.1</ele>
      </trkpt>
      <trkpt lat="59.30103" lon="24.40898">
        <ele>38.0</ele>
      </trkpt>
      <trkpt lat="59.30166" lon="24.40958">
        <ele>38.0</ele>
      </trkpt>
      <trkpt lat="59.30233" lon="24.40989">
        <ele>38.0</ele>
      </trkpt>
      <trkpt lat="59.30318" lon="24.41042">
        <ele>41.3</ele>
      </trkpt>
      <trkpt lat="59.30332" lon="24.41054">
        <ele>41.9</ele>
      </trkpt>
      <trkpt lat="59.30352" lon="24.41094">
        <ele>41.9</ele>
      </trkpt>
      <trkpt lat="59.30354" lon="24.41245">
        <ele>41.0</ele>
      </trkpt>
      <trkpt lat="59.303554" lon="24.413463">
        <ele>41.0</ele>
      </trkpt>
      <trkpt lat="59.30356" lon="24.41346">
        <ele>41.0</ele>
      </trkpt>
      <trkpt lat="59.30356" lon="24.41468">
        <ele>40.4</ele>
      </trkpt>
      <trkpt lat="59.30357" lon="24.4159">
        <ele>39.9</ele>
      </trkpt>
      <trkpt lat="59.30358" lon="24.41711">
        <ele>39.3</ele>
      </trkpt>
      <trkpt lat="59.30358" lon="24.41826">
        <ele>38.4</ele>
      </trkpt>
      <trkpt lat="59.30365" lon="24.41968">
        <ele>38.4</ele>
      </trkpt>
      <trkpt lat="59.30372" lon="24.42111">
        <ele>38.3</ele>
      </trkpt>
      <trkpt lat="59.30372" lon="24.42111">
        <ele>38.3</ele>
      </trkpt>
      <trkpt lat="59.30376" lon="24.42199">
        <ele>37.8</ele>
      </trkpt>
      <trkpt lat="59.30382" lon="24.42288">
        <ele>37.3</ele>
      </trkpt>
      <trkpt lat="59.30387" lon="24.42377">
        <ele>37.0</ele>
      </trkpt>
      <trkpt lat="59.30395" lon="24.42546">
        <ele>37.0</ele>
      </trkpt>
      <trkpt lat="59.3048" lon="24.42542">
        <ele>37.0</ele>
      </trkpt>
      <trkpt lat="59.30566" lon="24.42537">
        <ele>37.8</ele>
      </trkpt>
      <trkpt lat="59.305655" lon="24.425386">
        <ele>37.8</ele>
      </trkpt>
      <trkpt lat="59.30585" lon="24.42538">
        <ele>38.0</ele>
      </trkpt>
      <trkpt lat="59.30652" lon="24.42535">
        <ele>38.0</ele>
      </trkpt>
      <trkpt lat="59.30691" lon="24.42537">
        <ele>38.3</ele>
      </trkpt>
      <trkpt lat="59.30737" lon="24.42543">
        <ele>38.8</ele>
      </trkpt>
      <trkpt lat="59.30788" lon="24.4256">
        <ele>39.5</ele>
      </trkpt>
      <trkpt lat="59.30802" lon="24.42572">
        <ele>39.6</ele>
      </trkpt>
      <trkpt lat="59.30812" lon="24.42584">
        <ele>39.7</ele>
      </trkpt>
      <trkpt lat="59.30816" lon="24.42596">
        <ele>39.8</ele>
      </trkpt>
      <trkpt lat="59.30815" lon="24.42618">
        <ele>39.9</ele>
      </trkpt>
      <trkpt lat="59.30806" lon="24.42699">
        <ele>40.0</ele>
      </trkpt>
      <trkpt lat="59.30805" lon="24.42718">
        <ele>40.0</ele>
      </trkpt>
      <trkpt lat="59.30808" lon="24.42744">
        <ele>40.0</ele>
      </trkpt>
      <trkpt lat="59.3081" lon="24.42759">
        <ele>40.0</ele>
      </trkpt>
      <trkpt lat="59.30817" lon="24.4278">
        <ele>40.1</ele>
      </trkpt>
      <trkpt lat="59.3083" lon="24.42806">
        <ele>40.0</ele>
      </trkpt>
      <trkpt lat="59.30861" lon="24.42894">
        <ele>38.7</ele>
      </trkpt>
      <trkpt lat="59.30899" lon="24.4301">
        <ele>37.0</ele>
      </trkpt>
      <trkpt lat="59.30938" lon="24.43127">
        <ele>35.6</ele>
      </trkpt>
      <trkpt lat="59.30963" lon="24.43205">
        <ele>34.4</ele>
      </trkpt>
      <trkpt lat="59.30987" lon="24.43284">
        <ele>32.8</ele>
      </trkpt>
      <trkpt lat="59.31009" lon="24.4336">
        <ele>31.7</ele>
      </trkpt>
      <trkpt lat="59.31012" lon="24.43358">
        <ele>31.6</ele>
      </trkpt>
      <trkpt lat="59.31031" lon="24.43415">
        <ele>31.0</ele>
      </trkpt>
      <trkpt lat="59.31044" lon="24.43456">
        <ele>30.5</ele>
      </trkpt>
      <trkpt lat="59.31054" lon="24.43485">
        <ele>30.2</ele>
      </trkpt>
      <trkpt lat="59.3107" lon="24.43542">
        <ele>29.7</ele>
      </trkpt>
      <trkpt lat="59.31105" lon="24.43558">
        <ele>29.8</ele>
      </trkpt>
      <trkpt lat="59.31109" lon="24.43541">
        <ele>29.6</ele>
      </trkpt>
      <trkpt lat="59.31119" lon="24.43512">
        <ele>29.5</ele>
      </trkpt>
      <trkpt lat="59.3113" lon="24.43509">
        <ele>29.6</ele>
      </trkpt>
      <trkpt lat="59.3116" lon="24.43538">
        <ele>30.0</ele>
      </trkpt>
      <trkpt lat="59.31164" lon="24.43551">
        <ele>30.0</ele>
      </trkpt>
      <trkpt lat="59.31165" lon="24.43561">
        <ele>30.0</ele>
      </trkpt>
      <trkpt lat="59.31163" lon="24.43569">
        <ele>30.0</ele>
      </trkpt>
      <trkpt lat="59.31153" lon="24.43617">
        <ele>30.4</ele>
      </trkpt>
      <trkpt lat="59.31151" lon="24.43638">
        <ele>30.7</ele>
      </trkpt>
      <trkpt lat="59.31152" lon="24.43649">
        <ele>30.8</ele>
      </trkpt>
      <trkpt lat="59.31165" lon="24.43672">
        <ele>30.9</ele>
      </trkpt>
      <trkpt lat="59.31198" lon="24.43709">
        <ele>30.5</ele>
      </trkpt>
      <trkpt lat="59.31246" lon="24.4377">
        <ele>29.8</ele>
      </trkpt>
      <trkpt lat="59.31294" lon="24.43831">
        <ele>29.0</ele>
      </trkpt>
      <trkpt lat="59.31347" lon="24.43889">
        <ele>28.8</ele>
      </trkpt>
      <trkpt lat="59.314" lon="24.43947">
        <ele>28.6</ele>
      </trkpt>
      <trkpt lat="59.31449" lon="24.44034">
        <ele>28.6</ele>
      </trkpt>
      <trkpt lat="59.31494" lon="24.44147">
        <ele>28.9</ele>
      </trkpt>
      <trkpt lat="59.31531" lon="24.44263">
        <ele>29.8</ele>
      </trkpt>
      <trkpt lat="59.3157" lon="24.44403">
        <ele>31.8</ele>
      </trkpt>
      <trkpt lat="59.31609" lon="24.44542">
        <ele>33.5</ele>
      </trkpt>
      <trkpt lat="59.31648" lon="24.44682">
        <ele>36.5</ele>
      </trkpt>
      <trkpt lat="59.31687" lon="24.44821">
        <ele>38.4</ele>
      </trkpt>
      <trkpt lat="59.31688" lon="24.44847">
        <ele>38.5</ele>
      </trkpt>
      <trkpt lat="59.31716" lon="24.44903">
        <ele>37.8</ele>
      </trkpt>
      <trkpt lat="59.31741" lon="24.44949">
        <ele>37.3</ele>
      </trkpt>
      <trkpt lat="59.31793" lon="24.45061">
        <ele>38.6</ele>
      </trkpt>
      <trkpt lat="59.31845" lon="24.45174">
        <ele>39.7</ele>
      </trkpt>
      <trkpt lat="59.31897" lon="24.45286">
        <ele>38.9</ele>
      </trkpt>
      <trkpt lat="59.31953" lon="24.45402">
        <ele>37.7</ele>
      </trkpt>
      <trkpt lat="59.32008" lon="24.45518">
        <ele>36.8</ele>
      </trkpt>
      <trkpt lat="59.3207" lon="24.45636">
        <ele>35.9</ele>
      </trkpt>
      <trkpt lat="59.32132" lon="24.45754">
        <ele>36.0</ele>
      </trkpt>
      <trkpt lat="59.32158" lon="24.45687">
        <ele>36.0</ele>
      </trkpt>
      <trkpt lat="59.32195" lon="24.45589">
        <ele>36.3</ele>
      </trkpt>
      <trkpt lat="59.32231" lon="24.45491">
        <ele>35.5</ele>
      </trkpt>
      <trkpt lat="59.3224" lon="24.4546">
        <ele>35.6</ele>
      </trkpt>
      <trkpt lat="59.32242" lon="24.45445">
        <ele>35.7</ele>
      </trkpt>
      <trkpt lat="59.32247" lon="24.45431">
        <ele>35.8</ele>
      </trkpt>
      <trkpt lat="59.32289" lon="24.45327">
        <ele>36.6</ele>
      </trkpt>
      <trkpt lat="59.32332" lon="24.45223">
        <ele>37.3</ele>
      </trkpt>
      <trkpt lat="59.32363" lon="24.45186">
        <ele>37.1</ele>
      </trkpt>
      <trkpt lat="59.32383" lon="24.45153">
        <ele>36.9</ele>
      </trkpt>
      <trkpt lat="59.32449" lon="24.45091">
        <ele>36.5</ele>
      </trkpt>
      <trkpt lat="59.32447" lon="24.45076">
        <ele>36.7</ele>
      </trkpt>
      <trkpt lat="59.3252" lon="24.45011">
        <ele>36.4</ele>
      </trkpt>
      <trkpt lat="59.32594" lon="24.44947">
        <ele>35.3</ele>
      </trkpt>
      <trkpt lat="59.32668" lon="24.44883">
        <ele>33.4</ele>
      </trkpt>
      <trkpt lat="59.32668" lon="24.44883">
        <ele>33.4</ele>
      </trkpt>
      <trkpt lat="59.32668" lon="24.44883">
        <ele>33.4</ele>
      </trkpt>
      <trkpt lat="59.32726" lon="24.44832">
        <ele>34.0</ele>
      </trkpt>
      <trkpt lat="59.32784" lon="24.44781">
        <ele>32.3</ele>
      </trkpt>
      <trkpt lat="59.32842" lon="24.44731">
        <ele>30.8</ele>
      </trkpt>
      <trkpt lat="59.32905" lon="24.44677">
        <ele>30.9</ele>
      </trkpt>
      <trkpt lat="59.32967" lon="24.44623">
        <ele>30.3</ele>
      </trkpt>
      <trkpt lat="59.3303" lon="24.4457">
        <ele>30.7</ele>
      </trkpt>
      <trkpt lat="59.33093" lon="24.44516">
        <ele>32.3</ele>
      </trkpt>
      <trkpt lat="59.33155" lon="24.445">
        <ele>34.6</ele>
      </trkpt>
      <trkpt lat="59.33177" lon="24.44477">
        <ele>34.7</ele>
      </trkpt>
      <trkpt lat="59.33216" lon="24.44382">
        <ele>34.0</ele>
      </trkpt>
      <trkpt lat="59.33255" lon="24.44287">
        <ele>34.0</ele>
      </trkpt>
      <trkpt lat="59.3327" lon="24.44296">
        <ele>34.1</ele>
      </trkpt>
      <trkpt lat="59.33328" lon="24.44403">
        <ele>34.9</ele>
      </trkpt>
      <trkpt lat="59.33386" lon="24.4451">
        <ele>36.6</ele>
      </trkpt>
      <trkpt lat="59.3344" lon="24.44643">
        <ele>37.3</ele>
      </trkpt>
      <trkpt lat="59.33495" lon="24.44776">
        <ele>38.3</ele>
      </trkpt>
      <trkpt lat="59.33549" lon="24.44908">
        <ele>41.1</ele>
      </trkpt>
      <trkpt lat="59.33604" lon="24.45041">
        <ele>41.0</ele>
      </trkpt>
      <trkpt lat="59.33617" lon="24.45064">
        <ele>41.0</ele>
      </trkpt>
      <trkpt lat="59.33634" lon="24.45081">
        <ele>41.0</ele>
      </trkpt>
      <trkpt lat="59.33649" lon="24.45085">
        <ele>41.0</ele>
      </trkpt>
      <trkpt lat="59.3365" lon="24.45098">
        <ele>41.1</ele>
      </trkpt>
      <trkpt lat="59.33721" lon="24.45034">
        <ele>41.4</ele>
      </trkpt>
      <trkpt lat="59.33792" lon="24.44971">
        <ele>42.3</ele>
      </trkpt>
      <trkpt lat="59.33831" lon="24.44945">
        <ele>42.7</ele>
      </trkpt>
      <trkpt lat="59.33843" lon="24.44944">
        <ele>42.5</ele>
      </trkpt>
      <trkpt lat="59.33858" lon="24.44953">
        <ele>42.2</ele>
      </trkpt>
      <trkpt lat="59.339" lon="24.45013">
        <ele>41.8</ele>
      </trkpt>
      <trkpt lat="59.33943" lon="24.45073">
        <ele>39.8</ele>
      </trkpt>
      <trkpt lat="59.33946" lon="24.45067">
        <ele>39.7</ele>
      </trkpt>
      <trkpt lat="59.34012" lon="24.45146">
        <ele>36.1</ele>
      </trkpt>
      <trkpt lat="59.34077" lon="24.45225">
        <ele>35.1</ele>
      </trkpt>
      <trkpt lat="59.3416" lon="24.45287">
        <ele>35.4</ele>
      </trkpt>
      <trkpt lat="59.34244" lon="24.45349">
        <ele>36.9</ele>
      </trkpt>
      <trkpt lat="59.34302" lon="24.45419">
        <ele>35.7</ele>
      </trkpt>
      <trkpt lat="59.3436" lon="24.45489">
        <ele>34.1</ele>
      </trkpt>
      <trkpt lat="59.34385" lon="24.45524">
        <ele>34.2</ele>
      </trkpt>
      <trkpt lat="59.34389" lon="24.45532">
        <ele>34.3</ele>
      </trkpt>
      <trkpt lat="59.34402" lon="24.4556">
        <ele>34.6</ele>
      </trkpt>
      <trkpt lat="59.34437" lon="24.45648">
        <ele>35.8</ele>
      </trkpt>
      <trkpt lat="59.34455" lon="24.45683">
        <ele>35.8</ele>
      </trkpt>
      <trkpt lat="59.34487" lon="24.45719">
        <ele>35.4</ele>
      </trkpt>
      <trkpt lat="59.34531" lon="24.4575">
        <ele>33.9</ele>
      </trkpt>
      <trkpt lat="59.34574" lon="24.45766">
        <ele>32.1</ele>
      </trkpt>
      <trkpt lat="59.34599" lon="24.45766">
        <ele>31.8</ele>
      </trkpt>
      <trkpt lat="59.34663" lon="24.45751">
        <ele>32.0</ele>
      </trkpt>
      <trkpt lat="59.34728" lon="24.45736">
        <ele>32.7</ele>
      </trkpt>
      <trkpt lat="59.34792" lon="24.45721">
        <ele>34.4</ele>
      </trkpt>
      <trkpt lat="59.34806" lon="24.45723">
        <ele>34.8</ele>
      </trkpt>
      <trkpt lat="59.34819" lon="24.45735">
        <ele>35.0</ele>
      </trkpt>
      <trkpt lat="59.34835" lon="24.45768">
        <ele>34.3</ele>
      </trkpt>
      <trkpt lat="59.34871" lon="24.45868">
        <ele>31.2</ele>
      </trkpt>
      <trkpt lat="59.34906" lon="24.45968">
        <ele>28.2</ele>
      </trkpt>
      <trkpt lat="59.3492" lon="24.46">
        <ele>27.0</ele>
      </trkpt>
      <trkpt lat="59.34936" lon="24.46018">
        <ele>27.2</ele>
      </trkpt>
      <trkpt lat="59.34953" lon="24.46023">
        <ele>27.3</ele>
      </trkpt>
      <trkpt lat="59.34968" lon="24.46021">
        <ele>27.5</ele>
      </trkpt>
      <trkpt lat="59.34987" lon="24.46005">
        <ele>27.8</ele>
      </trkpt>
      <trkpt lat="59.35039" lon="24.45929">
        <ele>27.9</ele>
      </trkpt>
      <trkpt lat="59.35091" lon="24.45854">
        <ele>28.0</ele>
      </trkpt>
      <trkpt lat="59.35143" lon="24.45778">
        <ele>28.9</ele>
      </trkpt>
      <trkpt lat="59.35163" lon="24.45758">
        <ele>28.9</ele>
      </trkpt>
      <trkpt lat="59.35214" lon="24.459">
        <ele>25.9</ele>
      </trkpt>
      <trkpt lat="59.35266" lon="24.46042">
        <ele>24.0</ele>
      </trkpt>
      <trkpt lat="59.35317" lon="24.46183">
        <ele>23.2</ele>
      </trkpt>
      <trkpt lat="59.35369" lon="24.46325">
        <ele>23.0</ele>
      </trkpt>
      <trkpt lat="59.35379" lon="24.46341">
        <ele>23.0</ele>
      </trkpt>
      <trkpt lat="59.35392" lon="24.46352">
        <ele>23.1</ele>
      </trkpt>
      <trkpt lat="59.35406" lon="24.46373">
        <ele>23.1</ele>
      </trkpt>
      <trkpt lat="59.35417" lon="24.46401">
        <ele>23.0</ele>
      </trkpt>
      <trkpt lat="59.3546" lon="24.4652">
        <ele>22.0</ele>
      </trkpt>
      <trkpt lat="59.35503" lon="24.46639">
        <ele>21.7</ele>
      </trkpt>
      <trkpt lat="59.35546" lon="24.46758">
        <ele>21.4</ele>
      </trkpt>
      <trkpt lat="59.35589" lon="24.46877">
        <ele>21.1</ele>
      </trkpt>
      <trkpt lat="59.35632" lon="24.46996">
        <ele>21.6</ele>
      </trkpt>
      <trkpt lat="59.3567" lon="24.47134">
        <ele>21.4</ele>
      </trkpt>
      <trkpt lat="59.35709" lon="24.47272">
        <ele>21.3</ele>
      </trkpt>
      <trkpt lat="59.35747" lon="24.4741">
        <ele>22.0</ele>
      </trkpt>
      <trkpt lat="59.35786" lon="24.47547">
        <ele>23.6</ele>
      </trkpt>
      <trkpt lat="59.35824" lon="24.47685">
        <ele>26.2</ele>
      </trkpt>
      <trkpt lat="59.35863" lon="24.47823">
        <ele>27.8</ele>
      </trkpt>
      <trkpt lat="59.35901" lon="24.47961">
        <ele>29.5</ele>
      </trkpt>
      <trkpt lat="59.35939" lon="24.48098">
        <ele>30.2</ele>
      </trkpt>
      <trkpt lat="59.35971" lon="24.48198">
        <ele>31.6</ele>
      </trkpt>
      <trkpt lat="59.35987" lon="24.48204">
        <ele>31.8</ele>
      </trkpt>
      <trkpt lat="59.36027" lon="24.48249">
        <ele>33.0</ele>
      </trkpt>
      <trkpt lat="59.36068" lon="24.48294">
        <ele>33.6</ele>
      </trkpt>
      <trkpt lat="59.36141" lon="24.48365">
        <ele>33.1</ele>
      </trkpt>
      <trkpt lat="59.36209" lon="24.48464">
        <ele>32.8</ele>
      </trkpt>
      <trkpt lat="59.36278" lon="24.48562">
        <ele>32.1</ele>
      </trkpt>
      <trkpt lat="59.36346" lon="24.48661">
        <ele>32.7</ele>
      </trkpt>
      <trkpt lat="59.36368" lon="24.48705">
        <ele>32.9</ele>
      </trkpt>
      <trkpt lat="59.36409" lon="24.4884">
        <ele>32.4</ele>
      </trkpt>
      <trkpt lat="59.3645" lon="24.48975">
        <ele>33.3</ele>
      </trkpt>
      <trkpt lat="59.36491" lon="24.4911">
        <ele>34.1</ele>
      </trkpt>
      <trkpt lat="59.36488" lon="24.49136">
        <ele>34.8</ele>
      </trkpt>
      <trkpt lat="59.36423" lon="24.49232">
        <ele>40.3</ele>
      </trkpt>
      <trkpt lat="59.36426" lon="24.49255">
        <ele>40.7</ele>
      </trkpt>
      <trkpt lat="59.36497" lon="24.49314">
        <ele>38.7</ele>
      </trkpt>
      <trkpt lat="59.36568" lon="24.49373">
        <ele>37.1</ele>
      </trkpt>
      <trkpt lat="59.3664" lon="24.49432">
        <ele>35.2</ele>
      </trkpt>
      <trkpt lat="59.36711" lon="24.49491">
        <ele>33.4</ele>
      </trkpt>
      <trkpt lat="59.36782" lon="24.4955">
        <ele>30.9</ele>
      </trkpt>
      <trkpt lat="59.36854" lon="24.49601">
        <ele>28.4</ele>
      </trkpt>
      <trkpt lat="59.36926" lon="24.49653">
        <ele>26.3</ele>
      </trkpt>
      <trkpt lat="59.36999" lon="24.49704">
        <ele>23.9</ele>
      </trkpt>
      <trkpt lat="59.37006" lon="24.4969">
        <ele>23.4</ele>
      </trkpt>
      <trkpt lat="59.37078" lon="24.49661">
        <ele>22.1</ele>
      </trkpt>
      <trkpt lat="59.37151" lon="24.49632">
        <ele>20.9</ele>
      </trkpt>
      <trkpt lat="59.37223" lon="24.49604">
        <ele>20.2</ele>
      </trkpt>
      <trkpt lat="59.373" lon="24.49579">
        <ele>20.6</ele>
      </trkpt>
      <trkpt lat="59.3732" lon="24.49566">
        <ele>20.8</ele>
      </trkpt>
      <trkpt lat="59.37379" lon="24.49462">
        <ele>21.3</ele>
      </trkpt>
      <trkpt lat="59.37394" lon="24.49448">
        <ele>21.3</ele>
      </trkpt>
      <trkpt lat="59.37451" lon="24.49503">
        <ele>22.0</ele>
      </trkpt>
      <trkpt lat="59.37529" lon="24.49565">
        <ele>22.3</ele>
      </trkpt>
      <trkpt lat="59.37608" lon="24.49626">
        <ele>23.5</ele>
      </trkpt>
      <trkpt lat="59.37687" lon="24.49688">
        <ele>23.7</ele>
      </trkpt>
      <trkpt lat="59.37766" lon="24.4975">
        <ele>21.8</ele>
      </trkpt>
      <trkpt lat="59.37845" lon="24.49812">
        <ele>21.8</ele>
      </trkpt>
      <trkpt lat="59.37854" lon="24.49831">
        <ele>22.0</ele>
      </trkpt>
      <trkpt lat="59.37886" lon="24.49934">
        <ele>22.0</ele>
      </trkpt>
      <trkpt lat="59.37917" lon="24.50037">
        <ele>22.0</ele>
      </trkpt>
      <trkpt lat="59.37958" lon="24.50175">
        <ele>22.0</ele>
      </trkpt>
      <trkpt lat="59.37999" lon="24.50313">
        <ele>22.0</ele>
      </trkpt>
      <trkpt lat="59.3804" lon="24.50452">
        <ele>22.0</ele>
      </trkpt>
      <trkpt lat="59.38081" lon="24.5059">
        <ele>22.0</ele>
      </trkpt>
      <trkpt lat="59.38122" lon="24.50728">
        <ele>22.0</ele>
      </trkpt>
      <trkpt lat="59.38163" lon="24.50866">
        <ele>22.0</ele>
      </trkpt>
      <trkpt lat="59.38204" lon="24.51005">
        <ele>22.0</ele>
      </trkpt>
      <trkpt lat="59.38245" lon="24.51143">
        <ele>22.7</ele>
      </trkpt>
      <trkpt lat="59.38245" lon="24.51143">
        <ele>22.7</ele>
      </trkpt>
      <trkpt lat="59.38282" lon="24.51266">
        <ele>23.1</ele>
      </trkpt>
      <trkpt lat="59.38318" lon="24.51388">
        <ele>23.8</ele>
      </trkpt>
      <trkpt lat="59.38355" lon="24.51511">
        <ele>25.5</ele>
      </trkpt>
      <trkpt lat="59.38298" lon="24.51595">
        <ele>24.7</ele>
      </trkpt>
      <trkpt lat="59.38242" lon="24.5168">
        <ele>25.4</ele>
      </trkpt>
      <trkpt lat="59.38235" lon="24.51694">
        <ele>25.7</ele>
      </trkpt>
      <trkpt lat="59.38212" lon="24.51826">
        <ele>25.5</ele>
      </trkpt>
      <trkpt lat="59.38201" lon="24.51869">
        <ele>25.6</ele>
      </trkpt>
      <trkpt lat="59.38191" lon="24.51905">
        <ele>25.7</ele>
      </trkpt>
      <trkpt lat="59.38172" lon="24.51961">
        <ele>26.4</ele>
      </trkpt>
      <trkpt lat="59.38131" lon="24.52037">
        <ele>28.5</ele>
      </trkpt>
      <trkpt lat="59.3811" lon="24.52101">
        <ele>28.8</ele>
      </trkpt>
      <trkpt lat="59.38109" lon="24.52179">
        <ele>28.1</ele>
      </trkpt>
      <trkpt lat="59.38116" lon="24.52351">
        <ele>27.3</ele>
      </trkpt>
      <trkpt lat="59.38114" lon="24.52382">
        <ele>27.5</ele>
      </trkpt>
      <trkpt lat="59.38109" lon="24.52409">
        <ele>27.7</ele>
      </trkpt>
      <trkpt lat="59.38081" lon="24.52512">
        <ele>28.0</ele>
      </trkpt>
      <trkpt lat="59.38064" lon="24.52565">
        <ele>27.8</ele>
      </trkpt>
      <trkpt lat="59.3804" lon="24.52623">
        <ele>27.5</ele>
      </trkpt>
      <trkpt lat="59.38023" lon="24.52657">
        <ele>27.3</ele>
      </trkpt>
      <trkpt lat="59.37992" lon="24.52702">
        <ele>26.9</ele>
      </trkpt>
      <trkpt lat="59.37977" lon="24.5273">
        <ele>26.7</ele>
      </trkpt>
      <trkpt lat="59.37955" lon="24.52822">
        <ele>26.9</ele>
      </trkpt>
      <trkpt lat="59.37933" lon="24.52915">
        <ele>27.0</ele>
      </trkpt>
      <trkpt lat="59.37903" lon="24.53062">
        <ele>27.1</ele>
      </trkpt>
      <trkpt lat="59.37884" lon="24.5314">
        <ele>27.9</ele>
      </trkpt>
      <trkpt lat="59.37875" lon="24.53287">
        <ele>29.7</ele>
      </trkpt>
      <trkpt lat="59.37862" lon="24.53453">
        <ele>30.5</ele>
      </trkpt>
      <trkpt lat="59.37863" lon="24.5347">
        <ele>30.4</ele>
      </trkpt>
      <trkpt lat="59.37865" lon="24.53483">
        <ele>30.3</ele>
      </trkpt>
      <trkpt lat="59.3787" lon="24.53496">
        <ele>30.1</ele>
      </trkpt>
      <trkpt lat="59.37913" lon="24.53567">
        <ele>29.9</ele>
      </trkpt>
      <trkpt lat="59.37917" lon="24.53579">
        <ele>29.9</ele>
      </trkpt>
      <trkpt lat="59.37916" lon="24.53595">
        <ele>30.1</ele>
      </trkpt>
      <trkpt lat="59.37913" lon="24.5361">
        <ele>30.3</ele>
      </trkpt>
      <trkpt lat="59.37887" lon="24.53717">
        <ele>30.6</ele>
      </trkpt>
      <trkpt lat="59.37888" lon="24.53732">
        <ele>30.7</ele>
      </trkpt>
      <trkpt lat="59.37891" lon="24.53744">
        <ele>30.7</ele>
      </trkpt>
      <trkpt lat="59.37921" lon="24.53794">
        <ele>30.9</ele>
      </trkpt>
      <trkpt lat="59.37925" lon="24.53803">
        <ele>30.8</ele>
      </trkpt>
      <trkpt lat="59.37927" lon="24.53814">
        <ele>30.7</ele>
      </trkpt>
      <trkpt lat="59.37933" lon="24.53821">
        <ele>30.6</ele>
      </trkpt>
      <trkpt lat="59.37935" lon="24.5383">
        <ele>30.6</ele>
      </trkpt>
      <trkpt lat="59.37936" lon="24.53843">
        <ele>30.4</ele>
      </trkpt>
      <trkpt lat="59.37929" lon="24.5387">
        <ele>30.3</ele>
      </trkpt>
      <trkpt lat="59.37929" lon="24.53882">
        <ele>30.2</ele>
      </trkpt>
      <trkpt lat="59.37933" lon="24.53888">
        <ele>30.1</ele>
      </trkpt>
      <trkpt lat="59.37947" lon="24.53906">
        <ele>29.9</ele>
      </trkpt>
      <trkpt lat="59.37963" lon="24.53932">
        <ele>29.7</ele>
      </trkpt>
      <trkpt lat="59.37967" lon="24.53936">
        <ele>29.7</ele>
      </trkpt>
      <trkpt lat="59.37964" lon="24.53944">
        <ele>29.6</ele>
      </trkpt>
      <trkpt lat="59.3796" lon="24.53939">
        <ele>29.6</ele>
      </trkpt>
      <trkpt lat="59.37955" lon="24.53958">
        <ele>29.5</ele>
      </trkpt>
      <trkpt lat="59.37955" lon="24.53964">
        <ele>29.5</ele>
      </trkpt>
      <trkpt lat="59.37956" lon="24.53974">
        <ele>29.5</ele>
      </trkpt>
      <trkpt lat="59.37947" lon="24.53993">
        <ele>29.4</ele>
      </trkpt>
      <trkpt lat="59.37956" lon="24.53974">
        <ele>29.5</ele>
      </trkpt>
      <trkpt lat="59.37966" lon="24.53988">
        <ele>29.6</ele>
      </trkpt>
      <trkpt lat="59.37991" lon="24.5403">
        <ele>29.9</ele>
      </trkpt>
      <trkpt lat="59.38031" lon="24.54077">
        <ele>30.7</ele>
      </trkpt>
      <trkpt lat="59.38069" lon="24.54138">
        <ele>31.1</ele>
      </trkpt>
      <trkpt lat="59.38126" lon="24.54256">
        <ele>32.6</ele>
      </trkpt>
      <trkpt lat="59.38151" lon="24.54323">
        <ele>34.3</ele>
      </trkpt>
      <trkpt lat="59.38186" lon="24.54403">
        <ele>35.2</ele>
      </trkpt>
      <trkpt lat="59.3822" lon="24.54482">
        <ele>34.9</ele>
      </trkpt>
      <trkpt lat="59.38267" lon="24.54584">
        <ele>35.4</ele>
      </trkpt>
      <trkpt lat="59.382868" lon="24.546269">
        <ele>35.7</ele>
      </trkpt>
      <trkpt lat="59.38286" lon="24.54628">
        <ele>35.6</ele>
      </trkpt>
      <trkpt lat="59.38295" lon="24.54646">
        <ele>35.7</ele>
      </trkpt>
      <trkpt lat="59.38286" lon="24.54661">
        <ele>35.5</ele>
      </trkpt>
      <trkpt lat="59.38252" lon="24.54725">
        <ele>35.7</ele>
      </trkpt>
      <trkpt lat="59.3821" lon="24.54793">
        <ele>36.8</ele>
      </trkpt>
      <trkpt lat="59.38156" lon="24.54886">
        <ele>36.9</ele>
      </trkpt>
      <trkpt lat="59.38135" lon="24.54939">
        <ele>36.6</ele>
      </trkpt>
      <trkpt lat="59.38097" lon="24.55065">
        <ele>36.2</ele>
      </trkpt>
      <trkpt lat="59.38059" lon="24.5519">
        <ele>36.7</ele>
      </trkpt>
      <trkpt lat="59.38018" lon="24.55332">
        <ele>37.0</ele>
      </trkpt>
      <trkpt lat="59.37977" lon="24.55465">
        <ele>37.3</ele>
      </trkpt>
      <trkpt lat="59.37936" lon="24.55598">
        <ele>39.3</ele>
      </trkpt>
      <trkpt lat="59.37893" lon="24.55742">
        <ele>40.4</ele>
      </trkpt>
      <trkpt lat="59.3785" lon="24.55885">
        <ele>40.0</ele>
      </trkpt>
      <trkpt lat="59.37807" lon="24.56028">
        <ele>39.7</ele>
      </trkpt>
      <trkpt lat="59.37765" lon="24.56172">
        <ele>38.7</ele>
      </trkpt>
      <trkpt lat="59.37722" lon="24.56315">
        <ele>38.1</ele>
      </trkpt>
      <trkpt lat="59.37692" lon="24.5641">
        <ele>37.9</ele>
      </trkpt>
      <trkpt lat="59.37683" lon="24.56423">
        <ele>37.7</ele>
      </trkpt>
      <trkpt lat="59.37674" lon="24.56419">
        <ele>37.3</ele>
      </trkpt>
      <trkpt lat="59.37634" lon="24.56365">
        <ele>37.0</ele>
      </trkpt>
      <trkpt lat="59.37573" lon="24.5628">
        <ele>36.1</ele>
      </trkpt>
      <trkpt lat="59.37512" lon="24.56195">
        <ele>34.3</ele>
      </trkpt>
      <trkpt lat="59.37454" lon="24.56115">
        <ele>32.8</ele>
      </trkpt>
      <trkpt lat="59.37396" lon="24.56035">
        <ele>31.5</ele>
      </trkpt>
      <trkpt lat="59.37338" lon="24.55955">
        <ele>30.1</ele>
      </trkpt>
      <trkpt lat="59.3728" lon="24.55876">
        <ele>28.7</ele>
      </trkpt>
      <trkpt lat="59.37235" lon="24.55815">
        <ele>27.8</ele>
      </trkpt>
      <trkpt lat="59.3719" lon="24.55754">
        <ele>27.3</ele>
      </trkpt>
      <trkpt lat="59.37138" lon="24.5568">
        <ele>27.0</ele>
      </trkpt>
      <trkpt lat="59.37129" lon="24.55672">
        <ele>27.0</ele>
      </trkpt>
      <trkpt lat="59.37122" lon="24.55686">
        <ele>27.0</ele>
      </trkpt>
      <trkpt lat="59.37088" lon="24.55803">
        <ele>26.4</ele>
      </trkpt>
      <trkpt lat="59.37054" lon="24.5592">
        <ele>26.4</ele>
      </trkpt>
      <trkpt lat="59.37019" lon="24.56038">
        <ele>27.0</ele>
      </trkpt>
      <trkpt lat="59.36985" lon="24.56157">
        <ele>27.5</ele>
      </trkpt>
      <trkpt lat="59.3695" lon="24.56275">
        <ele>29.1</ele>
      </trkpt>
      <trkpt lat="59.36936" lon="24.56317">
        <ele>29.1</ele>
      </trkpt>
      <trkpt lat="59.36926" lon="24.56337">
        <ele>29.0</ele>
      </trkpt>
      <trkpt lat="59.36898" lon="24.56362">
        <ele>29.7</ele>
      </trkpt>
      <trkpt lat="59.36823" lon="24.56435">
        <ele>30.7</ele>
      </trkpt>
      <trkpt lat="59.36748" lon="24.56508">
        <ele>29.0</ele>
      </trkpt>
      <trkpt lat="59.36674" lon="24.56581">
        <ele>29.0</ele>
      </trkpt>
      <trkpt lat="59.36703" lon="24.5667">
        <ele>28.0</ele>
      </trkpt>
      <trkpt lat="59.36734" lon="24.56776">
        <ele>29.1</ele>
      </trkpt>
      <trkpt lat="59.36766" lon="24.56882">
        <ele>30.0</ele>
      </trkpt>
      <trkpt lat="59.36808" lon="24.57021">
        <ele>30.3</ele>
      </trkpt>
      <trkpt lat="59.36849" lon="24.57161">
        <ele>31.0</ele>
      </trkpt>
      <trkpt lat="59.36886" lon="24.57282">
        <ele>32.0</ele>
      </trkpt>
      <trkpt lat="59.36922" lon="24.57403">
        <ele>33.1</ele>
      </trkpt>
      <trkpt lat="59.36958" lon="24.57524">
        <ele>34.5</ele>
      </trkpt>
      <trkpt lat="59.36994" lon="24.57645">
        <ele>35.6</ele>
      </trkpt>
      <trkpt lat="59.37016" lon="24.57712">
        <ele>36.2</ele>
      </trkpt>
      <trkpt lat="59.37028" lon="24.57755">
        <ele>36.4</ele>
      </trkpt>
      <trkpt lat="59.3703" lon="24.57773">
        <ele>36.6</ele>
      </trkpt>
      <trkpt lat="59.3703" lon="24.57813">
        <ele>37.1</ele>
      </trkpt>
      <trkpt lat="59.37018" lon="24.57962">
        <ele>40.1</ele>
      </trkpt>
      <trkpt lat="59.37016" lon="24.58021">
        <ele>41.2</ele>
      </trkpt>
      <trkpt lat="59.37016" lon="24.58021">
        <ele>41.2</ele>
      </trkpt>
      <trkpt lat="59.37016" lon="24.58032">
        <ele>41.3</ele>
      </trkpt>
      <trkpt lat="59.37004" lon="24.58171">
        <ele>42.8</ele>
      </trkpt>
      <trkpt lat="59.36999" lon="24.58231">
        <ele>42.2</ele>
      </trkpt>
      <trkpt lat="59.37001" lon="24.58281">
        <ele>41.6</ele>
      </trkpt>
      <trkpt lat="59.37018" lon="24.58394">
        <ele>41.0</ele>
      </trkpt>
      <trkpt lat="59.37027" lon="24.58454">
        <ele>41.4</ele>
      </trkpt>
      <trkpt lat="59.37038" lon="24.5858">
        <ele>42.4</ele>
      </trkpt>
      <trkpt lat="59.37022" lon="24.58595">
        <ele>42.4</ele>
      </trkpt>
      <trkpt lat="59.37008" lon="24.58612">
        <ele>42.4</ele>
      </trkpt>
      <trkpt lat="59.36974" lon="24.58655">
        <ele>42.5</ele>
      </trkpt>
      <trkpt lat="59.36932" lon="24.58718">
        <ele>42.2</ele>
      </trkpt>
      <trkpt lat="59.36881" lon="24.58805">
        <ele>42.7</ele>
      </trkpt>
      <trkpt lat="59.36831" lon="24.58892">
        <ele>43.7</ele>
      </trkpt>
      <trkpt lat="59.3678" lon="24.58979">
        <ele>43.5</ele>
      </trkpt>
      <trkpt lat="59.36833" lon="24.59101">
        <ele>44.8</ele>
      </trkpt>
      <trkpt lat="59.36858" lon="24.59151">
        <ele>44.4</ele>
      </trkpt>
      <trkpt lat="59.36887" lon="24.59192">
        <ele>44.9</ele>
      </trkpt>
      <trkpt lat="59.36952" lon="24.59271">
        <ele>47.0</ele>
      </trkpt>
      <trkpt lat="59.36998" lon="24.59359">
        <ele>48.3</ele>
      </trkpt>
      <trkpt lat="59.37025" lon="24.59399">
        <ele>49.6</ele>
      </trkpt>
      <trkpt lat="59.3706" lon="24.59449">
        <ele>51.9</ele>
      </trkpt>
      <trkpt lat="59.37068" lon="24.59484">
        <ele>53.1</ele>
      </trkpt>
      <trkpt lat="59.37073" lon="24.59533">
        <ele>53.6</ele>
      </trkpt>
      <trkpt lat="59.37074" lon="24.59604">
        <ele>53.9</ele>
      </trkpt>
      <trkpt lat="59.37075" lon="24.59619">
        <ele>54.1</ele>
      </trkpt>
      <trkpt lat="59.37074" lon="24.5968">
        <ele>54.7</ele>
      </trkpt>
      <trkpt lat="59.3708" lon="24.59705">
        <ele>54.9</ele>
      </trkpt>
      <trkpt lat="59.37119" lon="24.59754">
        <ele>55.5</ele>
      </trkpt>
      <trkpt lat="59.37135" lon="24.59798">
        <ele>56.2</ele>
      </trkpt>
      <trkpt lat="59.37173" lon="24.59941">
        <ele>56.6</ele>
      </trkpt>
      <trkpt lat="59.37182" lon="24.59986">
        <ele>56.1</ele>
      </trkpt>
      <trkpt lat="59.37182" lon="24.59986">
        <ele>56.1</ele>
      </trkpt>
      <trkpt lat="59.37202" lon="24.60082">
        <ele>56.4</ele>
      </trkpt>
      <trkpt lat="59.3722" lon="24.60151">
        <ele>57.2</ele>
      </trkpt>
      <trkpt lat="59.3728" lon="24.60275">
        <ele>56.9</ele>
      </trkpt>
      <trkpt lat="59.37345" lon="24.60322">
        <ele>54.3</ele>
      </trkpt>
      <trkpt lat="59.3736" lon="24.60355">
        <ele>53.4</ele>
      </trkpt>
      <trkpt lat="59.37363" lon="24.60387">
        <ele>53.2</ele>
      </trkpt>
      <trkpt lat="59.37362" lon="24.6048">
        <ele>53.0</ele>
      </trkpt>
      <trkpt lat="59.37366" lon="24.60515">
        <ele>52.9</ele>
      </trkpt>
      <trkpt lat="59.37376" lon="24.60548">
        <ele>52.8</ele>
      </trkpt>
      <trkpt lat="59.37409" lon="24.60633">
        <ele>53.3</ele>
      </trkpt>
      <trkpt lat="59.37413" lon="24.60667">
        <ele>54.0</ele>
      </trkpt>
      <trkpt lat="59.37411" lon="24.60717">
        <ele>54.1</ele>
      </trkpt>
      <trkpt lat="59.37414" lon="24.6077">
        <ele>54.3</ele>
      </trkpt>
      <trkpt lat="59.37408" lon="24.60812">
        <ele>54.8</ele>
      </trkpt>
      <trkpt lat="59.37385" lon="24.60882">
        <ele>55.2</ele>
      </trkpt>
      <trkpt lat="59.37375" lon="24.60903">
        <ele>55.4</ele>
      </trkpt>
      <trkpt lat="59.37376" lon="24.60941">
        <ele>55.8</ele>
      </trkpt>
      <trkpt lat="59.37387" lon="24.61012">
        <ele>56.4</ele>
      </trkpt>
      <trkpt lat="59.37405" lon="24.61082">
        <ele>56.1</ele>
      </trkpt>
      <trkpt lat="59.37432" lon="24.61167">
        <ele>56.0</ele>
      </trkpt>
      <trkpt lat="59.37459" lon="24.61246">
        <ele>56.0</ele>
      </trkpt>
      <trkpt lat="59.37499" lon="24.61336">
        <ele>56.0</ele>
      </trkpt>
      <trkpt lat="59.37531" lon="24.61402">
        <ele>56.7</ele>
      </trkpt>
      <trkpt lat="59.37561" lon="24.6147">
        <ele>57.2</ele>
      </trkpt>
      <trkpt lat="59.37587" lon="24.61545">
        <ele>57.0</ele>
      </trkpt>
      <trkpt lat="59.37635" lon="24.61603">
        <ele>56.4</ele>
      </trkpt>
      <trkpt lat="59.3766" lon="24.6163">
        <ele>56.1</ele>
      </trkpt>
      <trkpt lat="59.37668" lon="24.61675">
        <ele>55.9</ele>
      </trkpt>
      <trkpt lat="59.37674" lon="24.61742">
        <ele>55.2</ele>
      </trkpt>
      <trkpt lat="59.37682" lon="24.6179">
        <ele>54.9</ele>
      </trkpt>
      <trkpt lat="59.37697" lon="24.6184">
        <ele>55.0</ele>
      </trkpt>
      <trkpt lat="59.37717" lon="24.619">
        <ele>55.5</ele>
      </trkpt>
      <trkpt lat="59.37748" lon="24.61966">
        <ele>56.3</ele>
      </trkpt>
      <trkpt lat="59.37757" lon="24.61973">
        <ele>56.3</ele>
      </trkpt>
      <trkpt lat="59.37761" lon="24.61991">
        <ele>56.2</ele>
      </trkpt>
      <trkpt lat="59.37777" lon="24.62029">
        <ele>56.3</ele>
      </trkpt>
      <trkpt lat="59.37794" lon="24.62062">
        <ele>56.5</ele>
      </trkpt>
      <trkpt lat="59.37825" lon="24.62138">
        <ele>57.6</ele>
      </trkpt>
      <trkpt lat="59.37839" lon="24.62194">
        <ele>57.0</ele>
      </trkpt>
      <trkpt lat="59.37845" lon="24.62232">
        <ele>55.6</ele>
      </trkpt>
      <trkpt lat="59.37891" lon="24.62234">
        <ele>55.4</ele>
      </trkpt>
      <trkpt lat="59.37907" lon="24.62242">
        <ele>55.2</ele>
      </trkpt>
      <trkpt lat="59.37947" lon="24.62342">
        <ele>53.7</ele>
      </trkpt>
      <trkpt lat="59.38001" lon="24.62465">
        <ele>53.3</ele>
      </trkpt>
      <trkpt lat="59.38055" lon="24.62588">
        <ele>54.6</ele>
      </trkpt>
      <trkpt lat="59.38101" lon="24.62697">
        <ele>55.3</ele>
      </trkpt>
      <trkpt lat="59.38146" lon="24.62807">
        <ele>55.1</ele>
      </trkpt>
      <trkpt lat="59.38193" lon="24.62913">
        <ele>53.7</ele>
      </trkpt>
      <trkpt lat="59.3824" lon="24.6302">
        <ele>53.6</ele>
      </trkpt>
      <trkpt lat="59.38279" lon="24.63115">
        <ele>54.4</ele>
      </trkpt>
      <trkpt lat="59.38319" lon="24.6321">
        <ele>55.5</ele>
      </trkpt>
      <trkpt lat="59.38359" lon="24.63303">
        <ele>56.1</ele>
      </trkpt>
      <trkpt lat="59.38398" lon="24.63396">
        <ele>55.2</ele>
      </trkpt>
      <trkpt lat="59.38426" lon="24.6343">
        <ele>54.6</ele>
      </trkpt>
      <trkpt lat="59.38437" lon="24.63449">
        <ele>53.9</ele>
      </trkpt>
      <trkpt lat="59.38452" lon="24.6348">
        <ele>52.7</ele>
      </trkpt>
      <trkpt lat="59.38465" lon="24.63512">
        <ele>51.8</ele>
      </trkpt>
      <trkpt lat="59.38477" lon="24.63532">
        <ele>51.4</ele>
      </trkpt>
      <trkpt lat="59.38484" lon="24.63548">
        <ele>51.2</ele>
      </trkpt>
      <trkpt lat="59.38494" lon="24.63494">
        <ele>50.5</ele>
      </trkpt>
      <trkpt lat="59.38509" lon="24.63427">
        <ele>52.1</ele>
      </trkpt>
      <trkpt lat="59.3853" lon="24.63342">
        <ele>52.3</ele>
      </trkpt>
      <trkpt lat="59.38551" lon="24.63258">
        <ele>51.8</ele>
      </trkpt>
      <trkpt lat="59.38587" lon="24.63101">
        <ele>50.9</ele>
      </trkpt>
      <trkpt lat="59.38619" lon="24.62975">
        <ele>49.9</ele>
      </trkpt>
      <trkpt lat="59.38651" lon="24.6285">
        <ele>47.1</ele>
      </trkpt>
      <trkpt lat="59.38654" lon="24.62844">
        <ele>46.9</ele>
      </trkpt>
      <trkpt lat="59.38664" lon="24.62835">
        <ele>46.2</ele>
      </trkpt>
      <trkpt lat="59.38666" lon="24.6283">
        <ele>46.1</ele>
      </trkpt>
      <trkpt lat="59.38665" lon="24.62818">
        <ele>46.3</ele>
      </trkpt>
      <trkpt lat="59.38666" lon="24.62811">
        <ele>46.3</ele>
      </trkpt>
      <trkpt lat="59.38699" lon="24.62701">
        <ele>46.2</ele>
      </trkpt>
      <trkpt lat="59.38722" lon="24.62641">
        <ele>45.3</ele>
      </trkpt>
      <trkpt lat="59.38731" lon="24.62624">
        <ele>44.7</ele>
      </trkpt>
      <trkpt lat="59.38743" lon="24.62601">
        <ele>43.7</ele>
      </trkpt>
      <trkpt lat="59.38772" lon="24.62558">
        <ele>43.4</ele>
      </trkpt>
      <trkpt lat="59.38792" lon="24.62536">
        <ele>43.7</ele>
      </trkpt>
      <trkpt lat="59.38817" lon="24.62513">
        <ele>43.9</ele>
      </trkpt>
      <trkpt lat="59.38841" lon="24.62496">
        <ele>43.9</ele>
      </trkpt>
      <trkpt lat="59.38866" lon="24.62481">
        <ele>43.7</ele>
      </trkpt>
      <trkpt lat="59.38893" lon="24.62474">
        <ele>43.5</ele>
      </trkpt>
      <trkpt lat="59.38935" lon="24.62471">
        <ele>43.3</ele>
      </trkpt>
      <trkpt lat="59.38973" lon="24.6248">
        <ele>43.5</ele>
      </trkpt>
      <trkpt lat="59.38997" lon="24.62491">
        <ele>43.8</ele>
      </trkpt>
      <trkpt lat="59.3901" lon="24.625">
        <ele>44.2</ele>
      </trkpt>
      <trkpt lat="59.3901" lon="24.625">
        <ele>44.2</ele>
      </trkpt>
      <trkpt lat="59.3901" lon="24.625">
        <ele>44.2</ele>
      </trkpt>
      <trkpt lat="59.39094" lon="24.62554">
        <ele>46.0</ele>
      </trkpt>
      <trkpt lat="59.39152" lon="24.62603">
        <ele>44.6</ele>
      </trkpt>
      <trkpt lat="59.39178" lon="24.62629">
        <ele>43.2</ele>
      </trkpt>
      <trkpt lat="59.39207" lon="24.62663">
        <ele>41.6</ele>
      </trkpt>
      <trkpt lat="59.3923" lon="24.62697">
        <ele>41.1</ele>
      </trkpt>
      <trkpt lat="59.39279" lon="24.62786">
        <ele>38.1</ele>
      </trkpt>
      <trkpt lat="59.39301" lon="24.62835">
        <ele>35.6</ele>
      </trkpt>
      <trkpt lat="59.3932" lon="24.62884">
        <ele>35.2</ele>
      </trkpt>
      <trkpt lat="59.39355" lon="24.62999">
        <ele>36.0</ele>
      </trkpt>
      <trkpt lat="59.39369" lon="24.63061">
        <ele>35.0</ele>
      </trkpt>
      <trkpt lat="59.39394" lon="24.63202">
        <ele>32.2</ele>
      </trkpt>
      <trkpt lat="59.3942" lon="24.63342">
        <ele>30.1</ele>
      </trkpt>
      <trkpt lat="59.39446" lon="24.63483">
        <ele>31.6</ele>
      </trkpt>
      <trkpt lat="59.39471" lon="24.63623">
        <ele>32.4</ele>
      </trkpt>
      <trkpt lat="59.39497" lon="24.63764">
        <ele>31.2</ele>
      </trkpt>
      <trkpt lat="59.39522" lon="24.63904">
        <ele>30.2</ele>
      </trkpt>
      <trkpt lat="59.39537" lon="24.63967">
        <ele>29.1</ele>
      </trkpt>
      <trkpt lat="59.39553" lon="24.64025">
        <ele>28.7</ele>
      </trkpt>
      <trkpt lat="59.39585" lon="24.64114">
        <ele>29.4</ele>
      </trkpt>
      <trkpt lat="59.39602" lon="24.64156">
        <ele>30.1</ele>
      </trkpt>
      <trkpt lat="59.39623" lon="24.64198">
        <ele>30.7</ele>
      </trkpt>
      <trkpt lat="59.39653" lon="24.64251">
        <ele>31.0</ele>
      </trkpt>
      <trkpt lat="59.39689" lon="24.64304">
        <ele>30.6</ele>
      </trkpt>
      <trkpt lat="59.39742" lon="24.64365">
        <ele>30.1</ele>
      </trkpt>
      <trkpt lat="59.39771" lon="24.64391">
        <ele>29.0</ele>
      </trkpt>
      <trkpt lat="59.39799" lon="24.64411">
        <ele>27.6</ele>
      </trkpt>
      <trkpt lat="59.39839" lon="24.64433">
        <ele>25.4</ele>
      </trkpt>
      <trkpt lat="59.39875" lon="24.64447">
        <ele>22.5</ele>
      </trkpt>
      <trkpt lat="59.39903" lon="24.64453">
        <ele>20.4</ele>
      </trkpt>
      <trkpt lat="59.39962" lon="24.64457">
        <ele>18.9</ele>
      </trkpt>
      <trkpt lat="59.39974" lon="24.64462">
        <ele>18.9</ele>
      </trkpt>
      <trkpt lat="59.3998" lon="24.6446">
        <ele>18.8</ele>
      </trkpt>
      <trkpt lat="59.3999" lon="24.64449">
        <ele>18.5</ele>
      </trkpt>
      <trkpt lat="59.40038" lon="24.64434">
        <ele>17.3</ele>
      </trkpt>
      <trkpt lat="59.40097" lon="24.64404">
        <ele>15.9</ele>
      </trkpt>
      <trkpt lat="59.40157" lon="24.64374">
        <ele>15.9</ele>
      </trkpt>
      <trkpt lat="59.40201" lon="24.6436">
        <ele>16.0</ele>
      </trkpt>
      <trkpt lat="59.40228" lon="24.64355">
        <ele>16.0</ele>
      </trkpt>
      <trkpt lat="59.40283" lon="24.64357">
        <ele>16.0</ele>
      </trkpt>
      <trkpt lat="59.40337" lon="24.6437">
        <ele>16.0</ele>
      </trkpt>
      <trkpt lat="59.40413" lon="24.64411">
        <ele>15.0</ele>
      </trkpt>
      <trkpt lat="59.40466" lon="24.64457">
        <ele>14.7</ele>
      </trkpt>
      <trkpt lat="59.40514" lon="24.64502">
        <ele>14.9</ele>
      </trkpt>
      <trkpt lat="59.40562" lon="24.64548">
        <ele>14.8</ele>
      </trkpt>
      <trkpt lat="59.40574" lon="24.6456">
        <ele>14.8</ele>
      </trkpt>
      <trkpt lat="59.40596" lon="24.64592">
        <ele>14.8</ele>
      </trkpt>
      <trkpt lat="59.40602" lon="24.64594">
        <ele>14.6</ele>
      </trkpt>
      <trkpt lat="59.40608" lon="24.64589">
        <ele>14.4</ele>
      </trkpt>
      <trkpt lat="59.40622" lon="24.64635">
        <ele>14.1</ele>
      </trkpt>
      <trkpt lat="59.40633" lon="24.64667">
        <ele>13.6</ele>
      </trkpt>
      <trkpt lat="59.40692" lon="24.64799">
        <ele>13.8</ele>
      </trkpt>
      <trkpt lat="59.4075" lon="24.6493">
        <ele>14.3</ele>
      </trkpt>
      <trkpt lat="59.40754" lon="24.64924">
        <ele>14.2</ele>
      </trkpt>
      <trkpt lat="59.40755" lon="24.64926">
        <ele>14.2</ele>
      </trkpt>
      <trkpt lat="59.40761" lon="24.64941">
        <ele>14.5</ele>
      </trkpt>
      <trkpt lat="59.40763" lon="24.64945">
        <ele>14.6</ele>
      </trkpt>
      <trkpt lat="59.40767" lon="24.64938">
        <ele>14.5</ele>
      </trkpt>
      <trkpt lat="59.40772" lon="24.64951">
        <ele>14.7</ele>
      </trkpt>
      <trkpt lat="59.40775" lon="24.64982">
        <ele>15.3</ele>
      </trkpt>
      <trkpt lat="59.40779" lon="24.65001">
        <ele>15.7</ele>
      </trkpt>
      <trkpt lat="59.40828" lon="24.6511">
        <ele>15.1</ele>
      </trkpt>
      <trkpt lat="59.40876" lon="24.6522">
        <ele>13.8</ele>
      </trkpt>
      <trkpt lat="59.40924" lon="24.65329">
        <ele>14.8</ele>
      </trkpt>
      <trkpt lat="59.40972" lon="24.65438">
        <ele>14.6</ele>
      </trkpt>
      <trkpt lat="59.4102" lon="24.65547">
        <ele>15.1</ele>
      </trkpt>
      <trkpt lat="59.41059" lon="24.65638">
        <ele>14.3</ele>
      </trkpt>
      <trkpt lat="59.41098" lon="24.65729">
        <ele>14.8</ele>
      </trkpt>
      <trkpt lat="59.41137" lon="24.65819">
        <ele>15.8</ele>
      </trkpt>
      <trkpt lat="59.41177" lon="24.65908">
        <ele>15.9</ele>
      </trkpt>
      <trkpt lat="59.41217" lon="24.65998">
        <ele>13.8</ele>
      </trkpt>
      <trkpt lat="59.41257" lon="24.66087">
        <ele>14.2</ele>
      </trkpt>
      <trkpt lat="59.41243" lon="24.66112">
        <ele>14.7</ele>
      </trkpt>
      <trkpt lat="59.41245" lon="24.66115">
        <ele>14.8</ele>
      </trkpt>
      <trkpt lat="59.41254" lon="24.66135">
        <ele>15.2</ele>
      </trkpt>
      <trkpt lat="59.41257" lon="24.6614">
        <ele>15.3</ele>
      </trkpt>
      <trkpt lat="59.41266" lon="24.66159">
        <ele>15.7</ele>
      </trkpt>
      <trkpt lat="59.41267" lon="24.66162">
        <ele>15.7</ele>
      </trkpt>
      <trkpt lat="59.4127" lon="24.66156">
        <ele>15.6</ele>
      </trkpt>
      <trkpt lat="59.41276" lon="24.66155">
        <ele>15.5</ele>
      </trkpt>
      <trkpt lat="59.41284" lon="24.6614">
        <ele>15.2</ele>
      </trkpt>
      <trkpt lat="59.41316" lon="24.66213">
        <ele>15.2</ele>
      </trkpt>
      <trkpt lat="59.41325" lon="24.66225">
        <ele>15.1</ele>
      </trkpt>
      <trkpt lat="59.41374" lon="24.66327">
        <ele>15.0</ele>
      </trkpt>
      <trkpt lat="59.41423" lon="24.66439">
        <ele>16.4</ele>
      </trkpt>
      <trkpt lat="59.41473" lon="24.66552">
        <ele>16.6</ele>
      </trkpt>
      <trkpt lat="59.41523" lon="24.66664">
        <ele>15.7</ele>
      </trkpt>
      <trkpt lat="59.41573" lon="24.66777">
        <ele>15.1</ele>
      </trkpt>
      <trkpt lat="59.41623" lon="24.66889">
        <ele>15.6</ele>
      </trkpt>
      <trkpt lat="59.41672" lon="24.67002">
        <ele>15.0</ele>
      </trkpt>
      <trkpt lat="59.41688" lon="24.6703">
        <ele>15.0</ele>
      </trkpt>
      <trkpt lat="59.4171" lon="24.67065">
        <ele>15.0</ele>
      </trkpt>
      <trkpt lat="59.41771" lon="24.67148">
        <ele>15.3</ele>
      </trkpt>
      <trkpt lat="59.41832" lon="24.6723">
        <ele>15.2</ele>
      </trkpt>
      <trkpt lat="59.41869" lon="24.67275">
        <ele>15.3</ele>
      </trkpt>
      <trkpt lat="59.41923" lon="24.67335">
        <ele>14.7</ele>
      </trkpt>
      <trkpt lat="59.41932" lon="24.67349">
        <ele>14.1</ele>
      </trkpt>
      <trkpt lat="59.4195" lon="24.67392">
        <ele>12.7</ele>
      </trkpt>
      <trkpt lat="59.42021" lon="24.67479">
        <ele>10.3</ele>
      </trkpt>
      <trkpt lat="59.42093" lon="24.67566">
        <ele>9.9</ele>
      </trkpt>
      <trkpt lat="59.42163" lon="24.67647">
        <ele>9.0</ele>
      </trkpt>
      <trkpt lat="59.42233" lon="24.67728">
        <ele>7.9</ele>
      </trkpt>
      <trkpt lat="59.42303" lon="24.67809">
        <ele>7.4</ele>
      </trkpt>
      <trkpt lat="59.42372" lon="24.67889">
        <ele>9.5</ele>
      </trkpt>
      <trkpt lat="59.42442" lon="24.6797">
        <ele>10.0</ele>
      </trkpt>
      <trkpt lat="59.42511" lon="24.68051">
        <ele>9.9</ele>
      </trkpt>
      <trkpt lat="59.42579" lon="24.68132">
        <ele>9.0</ele>
      </trkpt>
      <trkpt lat="59.42648" lon="24.68213">
        <ele>8.2</ele>
      </trkpt>
      <trkpt lat="59.42717" lon="24.68294">
        <ele>8.0</ele>
      </trkpt>
      <trkpt lat="59.42786" lon="24.68376">
        <ele>8.4</ele>
      </trkpt>
      <trkpt lat="59.42854" lon="24.68457">
        <ele>8.6</ele>
      </trkpt>
      <trkpt lat="59.42861" lon="24.68461">
        <ele>8.5</ele>
      </trkpt>
      <trkpt lat="59.42867" lon="24.68462">
        <ele>8.4</ele>
      </trkpt>
      <trkpt lat="59.42877" lon="24.68455">
        <ele>8.2</ele>
      </trkpt>
      <trkpt lat="59.42886" lon="24.68467">
        <ele>8.0</ele>
      </trkpt>
      <trkpt lat="59.42894" lon="24.68457">
        <ele>7.9</ele>
      </trkpt>
      <trkpt lat="59.42904" lon="24.68458">
        <ele>7.7</ele>
      </trkpt>
      <trkpt lat="59.42908" lon="24.68464">
        <ele>7.6</ele>
      </trkpt>
      <trkpt lat="59.42909" lon="24.68472">
        <ele>7.5</ele>
      </trkpt>
      <trkpt lat="59.42912" lon="24.68502">
        <ele>7.1</ele>
      </trkpt>
      <trkpt lat="59.42924" lon="24.68496">
        <ele>7.0</ele>
      </trkpt>
      <trkpt lat="59.42945" lon="24.685">
        <ele>7.0</ele>
      </trkpt>
      <trkpt lat="59.42955" lon="24.68495">
        <ele>7.0</ele>
      </trkpt>
      <trkpt lat="59.43" lon="24.68461">
        <ele>6.5</ele>
      </trkpt>
      <trkpt lat="59.43044" lon="24.68426">
        <ele>6.1</ele>
      </trkpt>
      <trkpt lat="59.43049" lon="24.68426">
        <ele>6.1</ele>
      </trkpt>
      <trkpt lat="59.43053" lon="24.6843">
        <ele>6.2</ele>
      </trkpt>
      <trkpt lat="59.43056" lon="24.68437">
        <ele>6.2</ele>
      </trkpt>
      <trkpt lat="59.43087" lon="24.68567">
        <ele>7.0</ele>
      </trkpt>
      <trkpt lat="59.43119" lon="24.68697">
        <ele>7.6</ele>
      </trkpt>
      <trkpt lat="59.43137" lon="24.6868">
        <ele>7.7</ele>
      </trkpt>
      <trkpt lat="59.4314" lon="24.6868">
        <ele>7.7</ele>
      </trkpt>
      <trkpt lat="59.43187" lon="24.68636">
        <ele>8.0</ele>
      </trkpt>
      <trkpt lat="59.43233" lon="24.68591">
        <ele>8.0</ele>
      </trkpt>
      <trkpt lat="59.43297" lon="24.68525">
        <ele>7.3</ele>
      </trkpt>
      <trkpt lat="59.4331" lon="24.68517">
        <ele>7.2</ele>
      </trkpt>
      <trkpt lat="59.43346" lon="24.68484">
        <ele>7.3</ele>
      </trkpt>
      <trkpt lat="59.43403" lon="24.68427">
        <ele>7.9</ele>
      </trkpt>
      <trkpt lat="59.4346" lon="24.6837">
        <ele>7.7</ele>
      </trkpt>
      <trkpt lat="59.43517" lon="24.68313">
        <ele>7.5</ele>
      </trkpt>
      <trkpt lat="59.43535" lon="24.6828">
        <ele>7.5</ele>
      </trkpt>
      <trkpt lat="59.43544" lon="24.68295">
        <ele>8.2</ele>
      </trkpt>
      <trkpt lat="59.43573" lon="24.68319">
        <ele>10.0</ele>
      </trkpt>
      <trkpt lat="59.43649" lon="24.68361">
        <ele>11.7</ele>
      </trkpt>
      <trkpt lat="59.43725" lon="24.68402">
        <ele>10.3</ele>
      </trkpt>
      <trkpt lat="59.43725" lon="24.68402">
        <ele>10.3</ele>
      </trkpt>
      <trkpt lat="59.43784" lon="24.68433">
        <ele>10.3</ele>
      </trkpt>
      <trkpt lat="59.43843" lon="24.68463">
        <ele>10.3</ele>
      </trkpt>
      <trkpt lat="59.43903" lon="24.68494">
        <ele>8.6</ele>
      </trkpt>
      <trkpt lat="59.43973" lon="24.68532">
        <ele>8.9</ele>
      </trkpt>
      <trkpt lat="59.44044" lon="24.68571">
        <ele>9.6</ele>
      </trkpt>
      <trkpt lat="59.44115" lon="24.68609">
        <ele>10.3</ele>
      </trkpt>
      <trkpt lat="59.4413" lon="24.686173">
        <ele>10.2</ele>
      </trkpt>
      <trkpt lat="59.44129" lon="24.68622">
        <ele>10.3</ele>
      </trkpt>
      <trkpt lat="59.44144" lon="24.6863">
        <ele>10.1</ele>
      </trkpt>
      <trkpt lat="59.44155" lon="24.68636">
        <ele>9.9</ele>
      </trkpt>
      <trkpt lat="59.44155" lon="24.68636">
        <ele>9.9</ele>
      </trkpt>
      <trkpt lat="59.4416" lon="24.68592">
        <ele>9.2</ele>
      </trkpt>
      <trkpt lat="59.44173" lon="24.6849">
        <ele>7.6</ele>
      </trkpt>
      <trkpt lat="59.44173" lon="24.6849">
        <ele>7.6</ele>
      </trkpt>
      <trkpt lat="59.44213" lon="24.68507">
        <ele>7.0</ele>
      </trkpt>
      <trkpt lat="59.44227" lon="24.68514">
        <ele>6.7</ele>
      </trkpt>
      <trkpt lat="59.44231" lon="24.68516">
        <ele>6.6</ele>
      </trkpt>
      <trkpt lat="59.44234" lon="24.68517">
        <ele>6.6</ele>
      </trkpt>
      <trkpt lat="59.44245" lon="24.68522">
        <ele>6.4</ele>
      </trkpt>
      <trkpt lat="59.44265" lon="24.68528">
        <ele>6.2</ele>
      </trkpt>
      <trkpt lat="59.44302" lon="24.68546">
        <ele>5.9</ele>
      </trkpt>
      <trkpt lat="59.44308" lon="24.68549">
        <ele>5.9</ele>
      </trkpt>
      <trkpt lat="59.44309" lon="24.68549">
        <ele>5.9</ele>
      </trkpt>
      <trkpt lat="59.44355" lon="24.68569">
        <ele>5.3</ele>
      </trkpt>
      <trkpt lat="59.44355" lon="24.68569">
        <ele>5.3</ele>
      </trkpt>
      <trkpt lat="59.44378" lon="24.68531">
        <ele>4.3</ele>
      </trkpt>
      <trkpt lat="59.44379" lon="24.68529">
        <ele>4.3</ele>
      </trkpt>
      <trkpt lat="59.44382" lon="24.68525">
        <ele>4.1</ele>
      </trkpt>
      <trkpt lat="59.44407" lon="24.68519">
        <ele>3.5</ele>
      </trkpt>
      <trkpt lat="59.44423" lon="24.68515">
        <ele>3.4</ele>
      </trkpt>
      <trkpt lat="59.44503" lon="24.68506">
        <ele>6.1</ele>
      </trkpt>
      <trkpt lat="59.44621" lon="24.68488">
        <ele>5.6</ele>
      </trkpt>
      <trkpt lat="59.44721" lon="24.68479">
        <ele>4.8</ele>
      </trkpt>
      <trkpt lat="59.44739" lon="24.68476">
        <ele>4.6</ele>
      </trkpt>
      <trkpt lat="59.44771" lon="24.68471">
        <ele>4.6</ele>
      </trkpt>
      <trkpt lat="59.44788" lon="24.68468">
        <ele>4.8</ele>
      </trkpt>
      <trkpt lat="59.44795" lon="24.68467">
        <ele>4.9</ele>
      </trkpt>
      <trkpt lat="59.44805" lon="24.68463">
        <ele>4.8</ele>
      </trkpt>
      <trkpt lat="59.44819" lon="24.68457">
        <ele>4.8</ele>
      </trkpt>
      <trkpt lat="59.44827" lon="24.68452">
        <ele>4.6</ele>
      </trkpt>
      <trkpt lat="59.44835" lon="24.68449">
        <ele>4.6</ele>
      </trkpt>
      <trkpt lat="59.44869" lon="24.68427">
        <ele>5.1</ele>
      </trkpt>
      <trkpt lat="59.44887" lon="24.68414">
        <ele>5.5</ele>
      </trkpt>
      <trkpt lat="59.44919" lon="24.6839">
        <ele>6.4</ele>
      </trkpt>
      <trkpt lat="59.44954" lon="24.68369">
        <ele>7.0</ele>
      </trkpt>
      <trkpt lat="59.44963" lon="24.68366">
        <ele>7.2</ele>
      </trkpt>
      <trkpt lat="59.44973" lon="24.68367">
        <ele>7.6</ele>
      </trkpt>
      <trkpt lat="59.44991" lon="24.6837">
        <ele>8.2</ele>
      </trkpt>
      <trkpt lat="59.44991" lon="24.6837">
        <ele>8.2</ele>
      </trkpt>
      <trkpt lat="59.45002" lon="24.68351">
        <ele>8.2</ele>
      </trkpt>
      <trkpt lat="59.45013" lon="24.68333">
        <ele>8.1</ele>
      </trkpt>
      <trkpt lat="59.45023" lon="24.68323">
        <ele>8.1</ele>
      </trkpt>
      <trkpt lat="59.45031" lon="24.68312">
        <ele>8.0</ele>
      </trkpt>
      <trkpt lat="59.4504" lon="24.68298">
        <ele>7.8</ele>
      </trkpt>
      <trkpt lat="59.45044" lon="24.68294">
        <ele>7.8</ele>
      </trkpt>
      <trkpt lat="59.45047" lon="24.68291">
        <ele>7.8</ele>
      </trkpt>
      <trkpt lat="59.45051" lon="24.68288">
        <ele>7.9</ele>
      </trkpt>
      <trkpt lat="59.45053" lon="24.68287">
        <ele>7.9</ele>
      </trkpt>
      <trkpt lat="59.4506" lon="24.68286">
        <ele>8.0</ele>
      </trkpt>
      <trkpt lat="59.4506" lon="24.68286">
        <ele>8.0</ele>
      </trkpt>
      <trkpt lat="59.45064" lon="24.68263">
        <ele>7.7</ele>
      </trkpt>
      <trkpt lat="59.4507" lon="24.68216">
        <ele>7.6</ele>
      </trkpt>
      <trkpt lat="59.45076" lon="24.68174">
        <ele>7.7</ele>
      </trkpt>
      <trkpt lat="59.45076" lon="24.68174">
        <ele>7.7</ele>
      </trkpt>
      <trkpt lat="59.45081" lon="24.68175">
        <ele>7.9</ele>
      </trkpt>
      <trkpt lat="59.45088" lon="24.68172">
        <ele>8.1</ele>
      </trkpt>
      <trkpt lat="59.45102" lon="24.68163">
        <ele>8.2</ele>
      </trkpt>
      <trkpt lat="59.4513" lon="24.68148">
        <ele>8.6</ele>
      </trkpt>
      <trkpt lat="59.45232" lon="24.68087">
        <ele>10.7</ele>
      </trkpt>
      <trkpt lat="59.45254" lon="24.68074">
        <ele>11.0</ele>
      </trkpt>
      <trkpt lat="59.45295" lon="24.6805">
        <ele>11.5</ele>
      </trkpt>
      <trkpt lat="59.45328" lon="24.6803">
        <ele>11.9</ele>
      </trkpt>
      <trkpt lat="59.45368" lon="24.68007">
        <ele>14.5</ele>
      </trkpt>
      <trkpt lat="59.454" lon="24.67988">
        <ele>16.9</ele>
      </trkpt>
      <trkpt lat="59.45414" lon="24.67979">
        <ele>17.8</ele>
      </trkpt>
      <trkpt lat="59.45416" lon="24.67978">
        <ele>18.0</ele>
      </trkpt>
      <trkpt lat="59.45436" lon="24.67941">
        <ele>18.2</ele>
      </trkpt>
      <trkpt lat="59.45436" lon="24.67941">
        <ele>18.2</ele>
      </trkpt>
      <trkpt lat="59.45467" lon="24.68001">
        <ele>18.6</ele>
      </trkpt>
      <trkpt lat="59.45473" lon="24.68014">
        <ele>18.7</ele>
      </trkpt>
      <trkpt lat="59.45498" lon="24.68061">
        <ele>19.0</ele>
      </trkpt>
      <trkpt lat="59.45508" lon="24.68076">
        <ele>19.1</ele>
      </trkpt>
      <trkpt lat="59.45515" lon="24.68088">
        <ele>19.1</ele>
      </trkpt>
      <trkpt lat="59.45515" lon="24.68088">
        <ele>19.1</ele>
      </trkpt>
      <trkpt lat="59.45526" lon="24.68068">
        <ele>19.3</ele>
      </trkpt>
      <trkpt lat="59.45531" lon="24.68063">
        <ele>19.4</ele>
      </trkpt>
      <trkpt lat="59.4556" lon="24.68003">
        <ele>19.7</ele>
      </trkpt>
      <trkpt lat="59.45612" lon="24.67901">
        <ele>19.7</ele>
      </trkpt>
      <trkpt lat="59.45643" lon="24.67842">
        <ele>20.4</ele>
      </trkpt>
      <trkpt lat="59.45664" lon="24.67801">
        <ele>20.5</ele>
      </trkpt>
      <trkpt lat="59.45667" lon="24.67795">
        <ele>20.6</ele>
      </trkpt>
      <trkpt lat="59.45669" lon="24.6779">
        <ele>20.6</ele>
      </trkpt>
      <trkpt lat="59.45675" lon="24.67777">
        <ele>20.7</ele>
      </trkpt>
      <trkpt lat="59.45708" lon="24.67712">
        <ele>21.8</ele>
      </trkpt>
      <trkpt lat="59.45714" lon="24.67699">
        <ele>22.0</ele>
      </trkpt>
      <trkpt lat="59.45755" lon="24.67624">
        <ele>22.8</ele>
      </trkpt>
      <trkpt lat="59.45776" lon="24.67584">
        <ele>22.6</ele>
      </trkpt>
      <trkpt lat="59.45786" lon="24.67565">
        <ele>22.7</ele>
      </trkpt>
      <trkpt lat="59.45804" lon="24.67528">
        <ele>22.9</ele>
      </trkpt>
      <trkpt lat="59.45816" lon="24.67505">
        <ele>23.1</ele>
      </trkpt>
      <trkpt lat="59.45847" lon="24.67439">
        <ele>21.6</ele>
      </trkpt>
      <trkpt lat="59.45863" lon="24.67407">
        <ele>20.7</ele>
      </trkpt>
      <trkpt lat="59.45878" lon="24.67372">
        <ele>20.0</ele>
      </trkpt>
      <trkpt lat="59.45891" lon="24.6734">
        <ele>19.8</ele>
      </trkpt>
      <trkpt lat="59.45932" lon="24.67239">
        <ele>19.2</ele>
      </trkpt>
      <trkpt lat="59.45949" lon="24.67208">
        <ele>19.1</ele>
      </trkpt>
      <trkpt lat="59.45978" lon="24.67157">
        <ele>19.6</ele>
      </trkpt>
      <trkpt lat="59.45997" lon="24.67124">
        <ele>20.4</ele>
      </trkpt>
      <trkpt lat="59.46009" lon="24.67104">
        <ele>20.8</ele>
      </trkpt>
      <trkpt lat="59.46009" lon="24.67104">
        <ele>20.8</ele>
      </trkpt>
      <trkpt lat="59.46015" lon="24.67129">
        <ele>20.5</ele>
      </trkpt>
      <trkpt lat="59.4601" lon="24.67189">
        <ele>20.0</ele>
      </trkpt>
      <trkpt lat="59.4601" lon="24.67197">
        <ele>20.0</ele>
      </trkpt>
      <trkpt lat="59.46005" lon="24.67268">
        <ele>20.2</ele>
      </trkpt>
      <trkpt lat="59.46004" lon="24.67288">
        <ele>20.4</ele>
      </trkpt>
      <trkpt lat="59.46002" lon="24.67333">
        <ele>20.9</ele>
      </trkpt>
      <trkpt lat="59.45998" lon="24.67399">
        <ele>21.0</ele>
      </trkpt>
      <trkpt lat="59.45995" lon="24.67456">
        <ele>21.2</ele>
      </trkpt>
      <trkpt lat="59.45995" lon="24.67482">
        <ele>21.3</ele>
      </trkpt>
      <trkpt lat="59.45996" lon="24.67487">
        <ele>21.3</ele>
      </trkpt>
      <trkpt lat="59.45997" lon="24.67493">
        <ele>21.2</ele>
      </trkpt>
      <trkpt lat="59.45999" lon="24.67504">
        <ele>21.1</ele>
      </trkpt>
      <trkpt lat="59.46003" lon="24.67517">
        <ele>21.1</ele>
      </trkpt>
      <trkpt lat="59.46039" lon="24.67614">
        <ele>20.2</ele>
      </trkpt>
      <trkpt lat="59.46048" lon="24.67634">
        <ele>20.0</ele>
      </trkpt>
      <trkpt lat="59.46052" lon="24.67643">
        <ele>19.9</ele>
      </trkpt>
      <trkpt lat="59.46056" lon="24.67652">
        <ele>19.7</ele>
      </trkpt>
      <trkpt lat="59.46064" lon="24.67675">
        <ele>19.4</ele>
      </trkpt>
      <trkpt lat="59.46064" lon="24.67675">
        <ele>19.4</ele>
      </trkpt>
      <trkpt lat="59.46065" lon="24.67686">
        <ele>19.3</ele>
      </trkpt>
      <trkpt lat="59.46065" lon="24.67694">
        <ele>19.3</ele>
      </trkpt>
      <trkpt lat="59.46065" lon="24.67705">
        <ele>19.3</ele>
      </trkpt>
      <trkpt lat="59.46054" lon="24.67746">
        <ele>20.1</ele>
      </trkpt>
      <trkpt lat="59.46037" lon="24.67787">
        <ele>21.3</ele>
      </trkpt>
      <trkpt lat="59.46009" lon="24.67885">
        <ele>22.2</ele>
      </trkpt>
      <trkpt lat="59.45998" lon="24.67927">
        <ele>21.9</ele>
      </trkpt>
      <trkpt lat="59.45993" lon="24.67948">
        <ele>21.8</ele>
      </trkpt>
      <trkpt lat="59.4599" lon="24.67958">
        <ele>21.8</ele>
      </trkpt>
      <trkpt lat="59.45971" lon="24.6803">
        <ele>21.8</ele>
      </trkpt>
      <trkpt lat="59.4595" lon="24.68095">
        <ele>21.6</ele>
      </trkpt>
      <trkpt lat="59.45949" lon="24.681">
        <ele>21.5</ele>
      </trkpt>
      <trkpt lat="59.4594" lon="24.68129">
        <ele>20.9</ele>
      </trkpt>
      <trkpt lat="59.45934" lon="24.68153">
        <ele>20.1</ele>
      </trkpt>
      <trkpt lat="59.45875" lon="24.68359">
        <ele>18.5</ele>
      </trkpt>
      <trkpt lat="59.45862" lon="24.684">
        <ele>17.9</ele>
      </trkpt>
      <trkpt lat="59.45838" lon="24.68464">
        <ele>17.3</ele>
      </trkpt>
      <trkpt lat="59.45838" lon="24.68464">
        <ele>17.3</ele>
      </trkpt>
      <trkpt lat="59.45905" lon="24.68465">
        <ele>16.1</ele>
      </trkpt>
      <trkpt lat="59.45912" lon="24.68465">
        <ele>15.9</ele>
      </trkpt>
      <trkpt lat="59.45955" lon="24.68464">
        <ele>15.2</ele>
      </trkpt>
      <trkpt lat="59.45961" lon="24.68464">
        <ele>15.1</ele>
      </trkpt>
      <trkpt lat="59.45967" lon="24.68462">
        <ele>15.0</ele>
      </trkpt>
      <trkpt lat="59.45972" lon="24.68459">
        <ele>15.0</ele>
      </trkpt>
      <trkpt lat="59.46025" lon="24.68409">
        <ele>14.4</ele>
      </trkpt>
      <trkpt lat="59.46035" lon="24.68404">
        <ele>14.2</ele>
      </trkpt>
      <trkpt lat="59.46039" lon="24.68402">
        <ele>14.1</ele>
      </trkpt>
      <trkpt lat="59.46042" lon="24.68401">
        <ele>14.0</ele>
      </trkpt>
      <trkpt lat="59.46043" lon="24.684">
        <ele>14.0</ele>
      </trkpt>
      <trkpt lat="59.46058" lon="24.68395">
        <ele>13.6</ele>
      </trkpt>
      <trkpt lat="59.46072" lon="24.68392">
        <ele>13.3</ele>
      </trkpt>
      <trkpt lat="59.46078" lon="24.68392">
        <ele>13.1</ele>
      </trkpt>
      <trkpt lat="59.46084" lon="24.68393">
        <ele>13.0</ele>
      </trkpt>
      <trkpt lat="59.46095" lon="24.68396">
        <ele>13.1</ele>
      </trkpt>
      <trkpt lat="59.46103" lon="24.68399">
        <ele>13.2</ele>
      </trkpt>
      <trkpt lat="59.46109" lon="24.68402">
        <ele>13.3</ele>
      </trkpt>
      <trkpt lat="59.4611" lon="24.68402">
        <ele>13.3</ele>
      </trkpt>
      <trkpt lat="59.46153" lon="24.68433">
        <ele>13.7</ele>
      </trkpt>
      <trkpt lat="59.46153" lon="24.68433">
        <ele>13.7</ele>
      </trkpt>
      <trkpt lat="59.46149" lon="24.68451">
        <ele>13.6</ele>
      </trkpt>
      <trkpt lat="59.461493" lon="24.684511">
        <ele>13.6</ele>
      </trkpt>
      <trkpt lat="59.46134" lon="24.68534">
        <ele>12.8</ele>
      </trkpt>
      <trkpt lat="59.46114" lon="24.68637">
        <ele>10.5</ele>
      </trkpt>
      <trkpt lat="59.46114" lon="24.68657">
        <ele>10.0</ele>
      </trkpt>
      <trkpt lat="59.46116" lon="24.68662">
        <ele>9.9</ele>
      </trkpt>
      <trkpt lat="59.46129" lon="24.68676">
        <ele>10.1</ele>
      </trkpt>
      <trkpt lat="59.4613" lon="24.68692">
        <ele>10.1</ele>
      </trkpt>
      <trkpt lat="59.4614" lon="24.68778">
        <ele>10.0</ele>
      </trkpt>
      <trkpt lat="59.46137" lon="24.68804">
        <ele>9.6</ele>
      </trkpt>
      <trkpt lat="59.46142" lon="24.68807">
        <ele>9.7</ele>
      </trkpt>
      <trkpt lat="59.46172" lon="24.6883">
        <ele>9.9</ele>
      </trkpt>
      <trkpt lat="59.46186" lon="24.68845">
        <ele>9.3</ele>
      </trkpt>
      <trkpt lat="59.46212" lon="24.68863">
        <ele>8.4</ele>
      </trkpt>
      <trkpt lat="59.46242" lon="24.6887">
        <ele>7.7</ele>
      </trkpt>
      <trkpt lat="59.46271" lon="24.68882">
        <ele>7.2</ele>
      </trkpt>
      <trkpt lat="59.46284" lon="24.68884">
        <ele>7.0</ele>
      </trkpt>
      <trkpt lat="59.46317" lon="24.68893">
        <ele>6.5</ele>
      </trkpt>
      <trkpt lat="59.46371" lon="24.68917">
        <ele>5.1</ele>
      </trkpt>
      <trkpt lat="59.46391" lon="24.68898">
        <ele>5.0</ele>
      </trkpt>
      <trkpt lat="59.46399" lon="24.68896">
        <ele>4.9</ele>
      </trkpt>
      <trkpt lat="59.46414" lon="24.68893">
        <ele>4.6</ele>
      </trkpt>
      <trkpt lat="59.46421" lon="24.68887">
        <ele>4.5</ele>
      </trkpt>
      <trkpt lat="59.46428" lon="24.68924">
        <ele>3.3</ele>
      </trkpt>
      <trkpt lat="59.46436" lon="24.68944">
        <ele>2.6</ele>
      </trkpt>
      <trkpt lat="59.46449" lon="24.68946">
        <ele>2.0</ele>
      </trkpt>
      <trkpt lat="59.46461" lon="24.68958">
        <ele>1.4</ele>
      </trkpt>
      <trkpt lat="59.46521" lon="24.69035">
        <ele>4.3</ele>
      </trkpt>
      <trkpt lat="59.46581" lon="24.69112">
        <ele>5.0</ele>
      </trkpt>
      <trkpt lat="59.46641" lon="24.6919">
        <ele>0.4</ele>
      </trkpt>
      <trkpt lat="59.46664" lon="24.69217">
        <ele>1.2</ele>
      </trkpt>
      <trkpt lat="59.46695" lon="24.69243">
        <ele>1.5</ele>
      </trkpt>
      <trkpt lat="59.46705" lon="24.69237">
        <ele>1.3</ele>
      </trkpt>
      <trkpt lat="59.46737" lon="24.69239">
        <ele>1.0</ele>
      </trkpt>
      <trkpt lat="59.46826" lon="24.6925">
        <ele>1.0</ele>
      </trkpt>
      <trkpt lat="59.46871" lon="24.69257">
        <ele>0.7</ele>
      </trkpt>
      <trkpt lat="59.46884" lon="24.69262">
        <ele>0.6</ele>
      </trkpt>
      <trkpt lat="59.46897" lon="24.69277">
        <ele>0.6</ele>
      </trkpt>
      <trkpt lat="59.46905" lon="24.69297">
        <ele>0.8</ele>
      </trkpt>
      <trkpt lat="59.46939" lon="24.69443">
        <ele>2.7</ele>
      </trkpt>
      <trkpt lat="59.46965" lon="24.69565">
        <ele>2.1</ele>
      </trkpt>
      <trkpt lat="59.46996" lon="24.69697">
        <ele>3.8</ele>
      </trkpt>
      <trkpt lat="59.47005" lon="24.69723">
        <ele>4.4</ele>
      </trkpt>
      <trkpt lat="59.47016" lon="24.69749">
        <ele>5.0</ele>
      </trkpt>
      <trkpt lat="59.47062" lon="24.69749">
        <ele>5.0</ele>
      </trkpt>
      <trkpt lat="59.47118" lon="24.69744">
        <ele>4.0</ele>
      </trkpt>
      <trkpt lat="59.47141" lon="24.69748">
        <ele>3.6</ele>
      </trkpt>
      <trkpt lat="59.47166" lon="24.69746">
        <ele>2.9</ele>
      </trkpt>
      <trkpt lat="59.47213" lon="24.69752">
        <ele>3.1</ele>
      </trkpt>
      <trkpt lat="59.47253" lon="24.69755">
        <ele>3.1</ele>
      </trkpt>
      <trkpt lat="59.47282" lon="24.6976">
        <ele>3.0</ele>
      </trkpt>
      <trkpt lat="59.47334" lon="24.69759">
        <ele>2.3</ele>
      </trkpt>
      <trkpt lat="59.47414" lon="24.69765">
        <ele>2.4</ele>
      </trkpt>
      <trkpt lat="59.47459" lon="24.69765">
        <ele>3.1</ele>
      </trkpt>
      <trkpt lat="59.47471" lon="24.69761">
        <ele>3.3</ele>
      </trkpt>
      <trkpt lat="59.47488" lon="24.69762">
        <ele>3.6</ele>
      </trkpt>
      <trkpt lat="59.47511" lon="24.69754">
        <ele>4.0</ele>
      </trkpt>
      <trkpt lat="59.47523" lon="24.69697">
        <ele>4.0</ele>
      </trkpt>
      <trkpt lat="59.47531" lon="24.69652">
        <ele>4.1</ele>
      </trkpt>
      <trkpt lat="59.47538" lon="24.69606">
        <ele>4.3</ele>
      </trkpt>
      <trkpt lat="59.47551" lon="24.69559">
        <ele>4.8</ele>
      </trkpt>
      <trkpt lat="59.47563" lon="24.69498">
        <ele>5.5</ele>
      </trkpt>
      <trkpt lat="59.47593" lon="24.69354">
        <ele>5.2</ele>
      </trkpt>
      <trkpt lat="59.47599" lon="24.69314">
        <ele>5.3</ele>
      </trkpt>
      <trkpt lat="59.47601" lon="24.69305">
        <ele>5.4</ele>
      </trkpt>
      <trkpt lat="59.47605" lon="24.69298">
        <ele>5.4</ele>
      </trkpt>
      <trkpt lat="59.47617" lon="24.69288">
        <ele>5.6</ele>
      </trkpt>
      <trkpt lat="59.47621" lon="24.69277">
        <ele>5.6</ele>
      </trkpt>
      <trkpt lat="59.47632" lon="24.69222">
        <ele>5.4</ele>
      </trkpt>
      <trkpt lat="59.47648" lon="24.69106">
        <ele>4.8</ele>
      </trkpt>
      <trkpt lat="59.47664" lon="24.6899">
        <ele>4.6</ele>
      </trkpt>
      <trkpt lat="59.47667" lon="24.68979">
        <ele>4.3</ele>
      </trkpt>
      <trkpt lat="59.47672" lon="24.68971">
        <ele>4.1</ele>
      </trkpt>
      <trkpt lat="59.47714" lon="24.68925">
        <ele>4.5</ele>
      </trkpt>
      <trkpt lat="59.47755" lon="24.68878">
        <ele>6.1</ele>
      </trkpt>
      <trkpt lat="59.47789" lon="24.68836">
        <ele>6.9</ele>
      </trkpt>
      <trkpt lat="59.47864" lon="24.68773">
        <ele>6.9</ele>
      </trkpt>
      <trkpt lat="59.47886" lon="24.68762">
        <ele>6.9</ele>
      </trkpt>
      <trkpt lat="59.47921" lon="24.68751">
        <ele>7.1</ele>
      </trkpt>
      <trkpt lat="59.48006" lon="24.6871">
        <ele>8.1</ele>
      </trkpt>
      <trkpt lat="59.48094" lon="24.68731">
        <ele>9.9</ele>
      </trkpt>
      <trkpt lat="59.48147" lon="24.687">
        <ele>10.2</ele>
      </trkpt>
      <trkpt lat="59.48189" lon="24.68667">
        <ele>10.0</ele>
      </trkpt>
      <trkpt lat="59.48252" lon="24.68611">
        <ele>8.0</ele>
      </trkpt>
      <trkpt lat="59.48258" lon="24.68608">
        <ele>8.0</ele>
      </trkpt>
      <trkpt lat="59.48326" lon="24.68613">
        <ele>9.0</ele>
      </trkpt>
      <trkpt lat="59.48344" lon="24.68617">
        <ele>8.9</ele>
      </trkpt>
      <trkpt lat="59.48361" lon="24.68617">
        <ele>8.5</ele>
      </trkpt>
      <trkpt lat="59.48371" lon="24.68618">
        <ele>8.3</ele>
      </trkpt>
      <trkpt lat="59.48382" lon="24.68622">
        <ele>8.2</ele>
      </trkpt>
      <trkpt lat="59.48417" lon="24.68647">
        <ele>8.8</ele>
      </trkpt>
      <trkpt lat="59.48422" lon="24.68649">
        <ele>8.7</ele>
      </trkpt>
      <trkpt lat="59.48435" lon="24.68662">
        <ele>8.8</ele>
      </trkpt>
      <trkpt lat="59.48466" lon="24.68695">
        <ele>8.5</ele>
      </trkpt>
      <trkpt lat="59.4847" lon="24.68703">
        <ele>8.6</ele>
      </trkpt>
      <trkpt lat="59.48472" lon="24.68711">
        <ele>8.8</ele>
      </trkpt>
      <trkpt lat="59.48473" lon="24.68723">
        <ele>9.1</ele>
      </trkpt>
      <trkpt lat="59.48483" lon="24.68738">
        <ele>9.2</ele>
      </trkpt>
      <trkpt lat="59.48491" lon="24.68745">
        <ele>9.2</ele>
      </trkpt>
      <trkpt lat="59.48511" lon="24.68774">
        <ele>8.7</ele>
      </trkpt>
      <trkpt lat="59.48516" lon="24.68843">
        <ele>10.3</ele>
      </trkpt>
      <trkpt lat="59.48517" lon="24.68865">
        <ele>9.8</ele>
      </trkpt>
      <trkpt lat="59.48521" lon="24.68894">
        <ele>8.9</ele>
      </trkpt>
      <trkpt lat="59.48519" lon="24.68918">
        <ele>8.6</ele>
      </trkpt>
      <trkpt lat="59.48512" lon="24.68933">
        <ele>8.8</ele>
      </trkpt>
      <trkpt lat="59.4848" lon="24.68976">
        <ele>9.7</ele>
      </trkpt>
      <trkpt lat="59.48427" lon="24.69039">
        <ele>9.7</ele>
      </trkpt>
      <trkpt lat="59.48397" lon="24.69059">
        <ele>9.5</ele>
      </trkpt>
      <trkpt lat="59.48342" lon="24.69075">
        <ele>10.9</ele>
      </trkpt>
      <trkpt lat="59.48288" lon="24.6909">
        <ele>11.3</ele>
      </trkpt>
      <trkpt lat="59.48252" lon="24.69098">
        <ele>11.6</ele>
      </trkpt>
      <trkpt lat="59.48239" lon="24.69104">
        <ele>11.8</ele>
      </trkpt>
      <trkpt lat="59.4819" lon="24.69116">
        <ele>12.7</ele>
      </trkpt>
      <trkpt lat="59.48184" lon="24.69119">
        <ele>12.7</ele>
      </trkpt>
      <trkpt lat="59.48119" lon="24.69216">
        <ele>10.9</ele>
      </trkpt>
      <trkpt lat="59.48053" lon="24.69312">
        <ele>10.4</ele>
      </trkpt>
      <trkpt lat="59.48051" lon="24.6933">
        <ele>9.9</ele>
      </trkpt>
      <trkpt lat="59.48054" lon="24.69385">
        <ele>8.7</ele>
      </trkpt>
      <trkpt lat="59.48052" lon="24.69414">
        <ele>8.2</ele>
      </trkpt>
      <trkpt lat="59.48052" lon="24.69569">
        <ele>6.1</ele>
      </trkpt>
      <trkpt lat="59.48053" lon="24.69725">
        <ele>6.4</ele>
      </trkpt>
      <trkpt lat="59.48051" lon="24.69748">
        <ele>6.4</ele>
      </trkpt>
      <trkpt lat="59.4805" lon="24.69767">
        <ele>6.3</ele>
      </trkpt>
      <trkpt lat="59.48038" lon="24.69844">
        <ele>6.1</ele>
      </trkpt>
      <trkpt lat="59.48039" lon="24.6986">
        <ele>6.1</ele>
      </trkpt>
      <trkpt lat="59.48037" lon="24.69881">
        <ele>6.1</ele>
      </trkpt>
      <trkpt lat="59.48024" lon="24.69915">
        <ele>6.4</ele>
      </trkpt>
      <trkpt lat="59.48004" lon="24.69961">
        <ele>6.4</ele>
      </trkpt>
      <trkpt lat="59.47947" lon="24.69955">
        <ele>6.2</ele>
      </trkpt>
      <trkpt lat="59.47878" lon="24.69945">
        <ele>6.2</ele>
      </trkpt>
      <trkpt lat="59.47872" lon="24.69943">
        <ele>6.2</ele>
      </trkpt>
      <trkpt lat="59.47866" lon="24.69958">
        <ele>6.3</ele>
      </trkpt>
      <trkpt lat="59.47836" lon="24.70068">
        <ele>6.2</ele>
      </trkpt>
      <trkpt lat="59.47816" lon="24.70154">
        <ele>5.6</ele>
      </trkpt>
      <trkpt lat="59.47781" lon="24.70283">
        <ele>5.2</ele>
      </trkpt>
      <trkpt lat="59.47747" lon="24.70412">
        <ele>5.0</ele>
      </trkpt>
      <trkpt lat="59.47712" lon="24.70541">
        <ele>4.0</ele>
      </trkpt>
      <trkpt lat="59.47681" lon="24.70657">
        <ele>4.0</ele>
      </trkpt>
      <trkpt lat="59.47651" lon="24.70774">
        <ele>4.2</ele>
      </trkpt>
      <trkpt lat="59.47621" lon="24.70885">
        <ele>4.5</ele>
      </trkpt>
      <trkpt lat="59.4759" lon="24.70997">
        <ele>4.0</ele>
      </trkpt>
      <trkpt lat="59.4756" lon="24.71109">
        <ele>5.0</ele>
      </trkpt>
      <trkpt lat="59.47556" lon="24.71131">
        <ele>5.2</ele>
      </trkpt>
      <trkpt lat="59.47527" lon="24.71234">
        <ele>5.3</ele>
      </trkpt>
      <trkpt lat="59.47499" lon="24.71336">
        <ele>6.0</ele>
      </trkpt>
      <trkpt lat="59.47475" lon="24.71421">
        <ele>5.7</ele>
      </trkpt>
      <trkpt lat="59.47463" lon="24.71449">
        <ele>5.7</ele>
      </trkpt>
      <trkpt lat="59.47455" lon="24.71461">
        <ele>5.7</ele>
      </trkpt>
      <trkpt lat="59.4742" lon="24.71502">
        <ele>6.0</ele>
      </trkpt>
      <trkpt lat="59.47387" lon="24.71543">
        <ele>6.3</ele>
      </trkpt>
      <trkpt lat="59.47352" lon="24.71591">
        <ele>6.3</ele>
      </trkpt>
      <trkpt lat="59.47336" lon="24.71612">
        <ele>6.4</ele>
      </trkpt>
      <trkpt lat="59.47319" lon="24.71633">
        <ele>6.6</ele>
      </trkpt>
      <trkpt lat="59.47308" lon="24.71651">
        <ele>6.8</ele>
      </trkpt>
      <trkpt lat="59.47297" lon="24.71675">
        <ele>7.0</ele>
      </trkpt>
      <trkpt lat="59.47259" lon="24.71781">
        <ele>7.4</ele>
      </trkpt>
      <trkpt lat="59.47208" lon="24.7192">
        <ele>7.0</ele>
      </trkpt>
      <trkpt lat="59.47176" lon="24.72001">
        <ele>6.2</ele>
      </trkpt>
      <trkpt lat="59.47173" lon="24.71999">
        <ele>6.2</ele>
      </trkpt>
      <trkpt lat="59.4717" lon="24.72009">
        <ele>6.1</ele>
      </trkpt>
      <trkpt lat="59.47147" lon="24.72007">
        <ele>5.9</ele>
      </trkpt>
      <trkpt lat="59.47144" lon="24.72004">
        <ele>6.0</ele>
      </trkpt>
      <trkpt lat="59.47137" lon="24.7199">
        <ele>6.0</ele>
      </trkpt>
      <trkpt lat="59.47126" lon="24.72009">
        <ele>5.8</ele>
      </trkpt>
      <trkpt lat="59.47081" lon="24.71906">
        <ele>6.0</ele>
      </trkpt>
      <trkpt lat="59.47036" lon="24.71803">
        <ele>5.8</ele>
      </trkpt>
      <trkpt lat="59.47029" lon="24.71793">
        <ele>5.7</ele>
      </trkpt>
      <trkpt lat="59.46991" lon="24.71741">
        <ele>5.2</ele>
      </trkpt>
      <trkpt lat="59.46942" lon="24.71688">
        <ele>6.4</ele>
      </trkpt>
      <trkpt lat="59.46878" lon="24.71622">
        <ele>7.2</ele>
      </trkpt>
      <trkpt lat="59.46835" lon="24.71574">
        <ele>8.0</ele>
      </trkpt>
      <trkpt lat="59.46774" lon="24.71509">
        <ele>8.0</ele>
      </trkpt>
      <trkpt lat="59.46712" lon="24.71444">
        <ele>7.6</ele>
      </trkpt>
      <trkpt lat="59.4665" lon="24.71379">
        <ele>7.6</ele>
      </trkpt>
      <trkpt lat="59.46589" lon="24.71314">
        <ele>6.3</ele>
      </trkpt>
      <trkpt lat="59.46578" lon="24.71299">
        <ele>6.4</ele>
      </trkpt>
      <trkpt lat="59.46567" lon="24.71298">
        <ele>6.4</ele>
      </trkpt>
      <trkpt lat="59.465216" lon="24.712492">
        <ele>7.0</ele>
      </trkpt>
      <trkpt lat="59.46501" lon="24.71227">
        <ele>7.0</ele>
      </trkpt>
      <trkpt lat="59.46435" lon="24.71156">
        <ele>6.3</ele>
      </trkpt>
      <trkpt lat="59.46403" lon="24.71104">
        <ele>6.6</ele>
      </trkpt>
      <trkpt lat="59.46352" lon="24.71019">
        <ele>6.8</ele>
      </trkpt>
      <trkpt lat="59.46302" lon="24.70933">
        <ele>6.5</ele>
      </trkpt>
      <trkpt lat="59.46252" lon="24.70847">
        <ele>7.0</ele>
      </trkpt>
      <trkpt lat="59.46252" lon="24.70841">
        <ele>7.0</ele>
      </trkpt>
      <trkpt lat="59.46257" lon="24.70829">
        <ele>7.0</ele>
      </trkpt>
      <trkpt lat="59.46191" lon="24.70714">
        <ele>8.1</ele>
      </trkpt>
      <trkpt lat="59.46134" lon="24.70619">
        <ele>7.8</ele>
      </trkpt>
      <trkpt lat="59.46078" lon="24.70525">
        <ele>6.9</ele>
      </trkpt>
      <trkpt lat="59.4606" lon="24.70568">
        <ele>6.7</ele>
      </trkpt>
      <trkpt lat="59.4606" lon="24.70568">
        <ele>6.7</ele>
      </trkpt>
      <trkpt lat="59.4606" lon="24.70568">
        <ele>6.7</ele>
      </trkpt>
      <trkpt lat="59.459997" lon="24.70716">
        <ele>6.0</ele>
      </trkpt>
      <trkpt lat="59.459846" lon="24.707529">
        <ele>6.2</ele>
      </trkpt>
      <trkpt lat="59.459846" lon="24.707529">
        <ele>6.2</ele>
      </trkpt>
      <trkpt lat="59.459825" lon="24.707575">
        <ele>6.2</ele>
      </trkpt>
    </trkseg>
  </trk>
</gpx>
