km,klass,surface,highway,tracktype,smoothness,dist_m
0,asfalt,asphalt,service,grade2,good,0
0.2768572789798879,pinnas,ground,tertiary,grade5,excellent,0
0.5109990161873381,asfalt,asphalt,service,grade4,excellent,0
0.7515358552461391,asfalt,asphalt,cycleway,grade4,excellent,0
0.9848857053902608,asfalt,asphalt,cycleway,grade4,excellent,0
1.2594713151319903,asfalt,asphalt,cycleway,grade4,excellent,0
1.5013890656530267,asfalt,asphalt,cycleway,grade3,excellent,0
1.7768533364694523,asfalt,asphalt,track,grade4,good,1
1.9931996174510453,asfalt,asphalt,track,grade4,good,1
2.2148813990158245,asfalt,asphalt,track,grade4,good,0
2.4762585796056773,asfalt,asphalt,track,grade4,good,0
2.738127356445376,asfalt,asphalt,track,grade4,good,0
2.9594058277846402,kruus,compacted,track,grade3,excellent,0
3.255225189520915,kruus,gravel,track,grade4,intermediate,0
3.4886903639248534,kruus,gravel,track,grade4,intermediate,1
3.747151840353501,kruus,gravel,track,grade4,intermediate,0
3.999641236355872,kruus,gravel,track,grade4,intermediate,0
4.222902831592845,kruus,gravel,track,grade5,excellent,0
4.520268532005234,pinnas,sand,track,grade4,excellent,1
4.758032114147694,kruus,gravel,track,grade4,excellent,0
5.010796153318552,kruus,gravel,track,grade4,excellent,0
5.243720217207167,kruus,gravel,track,grade4,excellent,0
5.526499451057617,kruus,gravel,track,grade4,excellent,0
5.733273781190894,kruus,gravel,track,grade3,good,3
6.031736086568025,kruus,gravel,track,grade3,good,0
6.235585535067771,asfalt,asphalt,track,grade3,excellent,0
6.49754351408396,asfalt,asphalt,track,grade3,excellent,0
6.76306966052345,asfalt,asphalt,path,grade3,intermediate,0
6.992663521900944,asfalt,asphalt,path,grade3,intermediate,0
7.256627128230717,asfalt,asphalt,path,grade3,intermediate,0
7.490426677160969,teadmata,sett,track,grade2,bad,0
7.762531217834225,kruus,gravel,service,grade3,good,0
7.979816312260563,asfalt,asphalt,track,grade1,excellent,3
8.213836955265585,asfalt,paving_stones,track,grade1,good,0
8.501575800944675,asfalt,asphalt,service,grade3,good,0
8.748441499900585,asfalt,paving_stones,residential,grade2,excellent,0
8.993685928280632,asfalt,paving_stones,residential,grade2,excellent,0
9.23444619090501,asfalt,asphalt,footway,grade2,good,1
9.503704897393826,asfalt,asphalt,footway,grade4,good,0
9.748756737659674,teadmata,unhewn_cobblestone,residential,grade4,bad,1
9.999445865353309,asfalt,asphalt,tertiary,grade4,good,0
10.278219450663174,kruus,unpaved,tertiary,grade3,excellent,1
10.523175733781326,kruus,unpaved,tertiary,grade3,excellent,0
10.742767450021194,asfalt,asphalt,tertiary,grade2,good,0
10.9959706950456,asfalt,asphalt,tertiary,grade2,excellent,0
11.289015835001816,asfalt,asphalt,residential,grade4,intermediate,0
11.463780125579802,asfalt,asphalt,residential,grade4,intermediate,0
11.751035357536045,asfalt,paving_stones,service,grade4,good,0
11.981850825069932,teadmata,cobblestone,residential,grade5,good,0
12.23665945276996,asfalt,asphalt,residential,grade5,good,0
12.477012360624768,kruus,gravel,residential,grade2,good,0
12.741079357694815,asfalt,asphalt,cycleway,grade4,good,0
12.986837376059293,asfalt,asphalt,cycleway,grade4,good,0
13.267785406836824,asfalt,asphalt,cycleway,grade4,good,1
13.48304072577,asfalt,asphalt,cycleway,grade2,good,0
13.737574723227874,asfalt,asphalt,cycleway,grade1,good,0
14.006837705460324,asfalt,asphalt,cycleway,grade1,good,0
14.256590002821666,asfalt,asphalt,cycleway,grade5,good,0
14.497907287481688,asfalt,asphalt,cycleway,grade3,excellent,0
14.752558483866276,asfalt,asphalt,cycleway,grade3,excellent,0
14.997782978532836,pinnas,ground,cycleway,grade1,excellent,0
15.227589434267358,pinnas,ground,cycleway,grade1,excellent,0
15.497717960286074,asfalt,paved,cycleway,grade2,excellent,0
15.751820010064117,asfalt,paved,cycleway,grade2,excellent,0
16.036393804015706,asfalt,asphalt,cycleway,grade2,good,1
16.29198635605013,asfalt,asphalt,cycleway,grade2,good,0
16.5081413398607,asfalt,asphalt,cycleway,grade2,good,0
16.78639439416943,asfalt,paving_stones,cycleway,grade1,good,0
16.99333294869119,asfalt,paving_stones,cycleway,grade1,good,0
17.257502621576936,kruus,unpaved,residential,grade2,bad,0
17.51235685255507,kruus,unpaved,residential,grade2,bad,0
17.75260416745656,kruus,unpaved,residential,grade2,bad,0
18.02985531394872,asfalt,asphalt,residential,grade5,excellent,0
18.251685502815988,asfalt,paving_stones,cycleway,grade1,excellent,0
18.489118189931958,asfalt,paving_stones,cycleway,grade1,excellent,0
18.771423565278816,asfalt,asphalt,service,grade3,good,0
18.993774284455583,asfalt,paving_stones,cycleway,grade1,excellent,0
19.245397890582094,asfalt,paving_stones,cycleway,grade1,excellent,0
19.49959557687699,pinnas,ground,unclassified,grade3,good,0
19.74752923651841,asfalt,asphalt,unclassified,grade3,excellent,0
20.003983054861266,asfalt,asphalt,residential,grade5,good,0
20.254934845453523,asfalt,asphalt,residential,grade3,good,0
20.494399259975495,asfalt,asphalt,residential,grade2,good,0
20.787931598939473,asfalt,asphalt,residential,grade2,good,0
20.969592612836,asfalt,asphalt,residential,grade2,good,0
21.288674353968933,asfalt,asphalt,residential,grade2,intermediate,0
21.467886555864677,asfalt,asphalt,residential,grade2,intermediate,0
21.743413702848642,asfalt,asphalt,cycleway,grade3,intermediate,0
22.029867752032583,asfalt,asphalt,residential,grade2,good,0
22.28008856377286,kruus,compacted,residential,grade3,impassable,0
22.464574595548303,kruus,compacted,residential,grade3,impassable,0
22.751460794767894,kruus,compacted,residential,grade3,excellent,0
23.016286863302597,asfalt,asphalt,unclassified,grade4,good,0
23.251247130747913,asfalt,asphalt,residential,grade3,excellent,1
23.495290441434886,asfalt,asphalt,residential,grade3,excellent,1
23.730044588698156,asfalt,asphalt,unclassified,grade5,good,0
24.00928463075605,asfalt,asphalt,unclassified,grade5,good,1
24.268765239726235,asfalt,asphalt,unclassified,grade5,good,1
24.50118529265989,asfalt,asphalt,unclassified,grade5,good,0
24.751876747428227,asfalt,asphalt,unclassified,grade5,good,0
24.98202480249239,asfalt,asphalt,unclassified,grade5,good,0
25.270789712148936,asfalt,asphalt,cycleway,grade5,excellent,0
25.4837343209456,asfalt,asphalt,cycleway,grade5,excellent,0
25.753515316608524,asfalt,asphalt,cycleway,grade5,excellent,0
26.01419859340365,kruus,unpaved,track,grade4,good,0
26.246889788106223,asfalt,asphalt,service,grade2,excellent,0
26.512150125621808,asfalt,asphalt,unclassified,grade1,excellent,0
26.747988964103957,asfalt,asphalt,unclassified,grade3,intermediate,1
27.013928532362865,asfalt,asphalt,unclassified,grade5,good,1
27.20634807190431,kruus,unpaved,residential,grade3,bad,0
27.48561884558379,asfalt,asphalt,residential,grade2,intermediate,0
27.75096128941423,asfalt,asphalt,path,grade5,intermediate,0
28.00474541285123,asfalt,asphalt,path,grade1,bad,0
28.246210419261676,asfalt,asphalt,path,grade1,bad,0
28.50345954647911,asfalt,asphalt,path,grade3,excellent,0
28.761132111527626,asfalt,asphalt,path,grade4,very_horrible,0
29.017498631400407,asfalt,asphalt,path,grade4,very_horrible,1
29.257382898665394,asfalt,asphalt,path,grade5,very_bad,0
29.517594567215625,asfalt,concrete,path,grade2,good,0
29.766220136695864,pinnas,grass,path,grade5,excellent,0
30.00432491717261,asfalt,paving_stones,residential,grade4,good,0
30.24182328324129,asfalt,asphalt,residential,grade3,excellent,1
30.478149357655823,asfalt,asphalt,residential,grade3,excellent,1
30.760456895276764,asfalt,asphalt,residential,grade3,excellent,0
31.030179071172633,asfalt,asphalt,residential,grade3,excellent,0
31.23112856458049,asfalt,asphalt,tertiary,grade5,excellent,0
31.50535822553989,asfalt,concrete,tertiary,grade5,good,0
31.780963024107347,asfalt,concrete,tertiary,grade5,good,0
32.00918651935624,kruus,gravel,tertiary,grade4,good,0
32.23784044737104,kruus,gravel,tertiary,grade4,good,0
32.52867292053588,kruus,gravel,tertiary,grade4,good,0
32.749180064304056,kruus,gravel,tertiary,grade4,good,1
33.004441749323256,kruus,gravel,tertiary,grade4,good,0
33.22373125188215,kruus,gravel,tertiary,grade4,good,1
33.49469401678836,kruus,gravel,tertiary,grade4,good,0
33.74291546441072,kruus,gravel,tertiary,grade4,good,0
34.030221318386864,kruus,gravel,tertiary,grade4,good,0
34.24555741865274,asfalt,asphalt,path,grade1,excellent,0
34.505008826464326,asfalt,asphalt,path,grade1,excellent,0
34.74822711728916,asfalt,asphalt,unclassified,grade5,excellent,0
34.998195397307974,asfalt,asphalt,unclassified,grade5,excellent,0
35.25963593622692,asfalt,asphalt,unclassified,grade5,excellent,0
35.5036735495712,asfalt,asphalt,track,grade3,good,0
35.75061455651005,asfalt,asphalt,path,grade3,good,0
35.99616277616998,asfalt,asphalt,path,grade3,good,0
36.23097409065662,asfalt,asphalt,track,grade1,good,0
36.50763929979364,asfalt,asphalt,path,grade4,good,0
36.731458744041824,asfalt,asphalt,path,grade4,good,0
36.98230934496743,asfalt,asphalt,path,grade5,excellent,0
37.25614715665719,asfalt,asphalt,path,grade5,excellent,0
37.500725381672225,asfalt,asphalt,path,grade5,excellent,0
37.75252496009823,asfalt,paving_stones,path,grade5,excellent,0
38.008524934196494,asfalt,concrete,residential,grade1,good,0
38.257728286105966,asfalt,paving_stones,unclassified,grade2,good,0
38.50341279840196,asfalt,paving_stones,unclassified,grade2,good,0
38.79185362253952,asfalt,asphalt,residential,grade3,good,0
39.02566776376788,asfalt,asphalt,residential,grade3,good,0
39.25349657900656,asfalt,asphalt,residential,grade4,intermediate,0
39.544508264416024,asfalt,asphalt,tertiary,grade3,very_horrible,0
39.74334874475198,asfalt,asphalt,tertiary,grade3,very_horrible,0
40.041600204144494,asfalt,asphalt,tertiary,grade3,very_horrible,0
40.2110614077777,asfalt,asphalt,unclassified,grade4,excellent,0
40.497373273381605,asfalt,asphalt,unclassified,grade4,excellent,0
40.75669413816454,asfalt,asphalt,unclassified,grade4,excellent,0
41.006324275857565,asfalt,asphalt,unclassified,grade4,excellent,0
41.29558025700334,teadmata,wood,unclassified,grade2,excellent,0
41.491547286205126,teadmata,wood,unclassified,grade2,excellent,0
41.76918997478537,teadmata,wood,unclassified,grade2,excellent,1
41.98933437458869,asfalt,asphalt,track,grade3,excellent,0
42.26268407103069,asfalt,asphalt,track,grade3,excellent,0
42.50044543990704,asfalt,asphalt,track,grade3,excellent,0
42.76219067195411,asfalt,asphalt,track,grade3,excellent,0
42.98471563187111,asfalt,asphalt,track,grade3,excellent,0
43.24392526355536,asfalt,asphalt,track,grade2,excellent,0
43.497136490446955,asfalt,asphalt,tertiary,grade4,good,0
43.72783119000946,asfalt,asphalt,tertiary,grade4,good,0
44.01321177193189,asfalt,asphalt,tertiary,grade4,good,0
44.238054702438404,asfalt,asphalt,tertiary,grade4,good,0
44.50240652094959,asfalt,asphalt,residential,grade1,intermediate,0
44.7457255947233,asfalt,paving_stones,residential,grade2,bad,0
44.974106123284486,asfalt,asphalt,residential,grade3,excellent,0
45.24807390305317,kruus,gravel,pedestrian,grade1,good,0
45.492191358787196,asfalt,asphalt,path,grade1,good,0
45.76217649352435,kruus,unpaved,path,grade3,excellent,0
45.99082104579677,kruus,unpaved,path,grade3,excellent,0
46.2756096767192,kruus,unpaved,path,grade3,excellent,0
46.51318870195302,kruus,unpaved,path,grade3,excellent,0
46.739987744377636,asfalt,asphalt,footway,grade2,excellent,0
46.997673168368095,asfalt,asphalt,service,grade2,excellent,0
47.24454055101492,asfalt,asphalt,path,grade5,excellent,0
47.48873388823142,asfalt,asphalt,unclassified,grade2,good,0
47.75998171327104,asfalt,asphalt,tertiary,grade3,intermediate,0
48.001230753817595,asfalt,asphalt,tertiary,grade4,intermediate,0
48.25661822123357,asfalt,asphalt,residential,grade3,excellent,0
48.507514876227916,asfalt,asphalt,residential,grade3,excellent,0
48.7584740770873,asfalt,asphalt,residential,grade3,excellent,1
49.01329683831253,asfalt,asphalt,residential,grade3,excellent,0
49.26422555757665,asfalt,asphalt,unclassified,grade3,excellent,0
49.520314321389705,asfalt,asphalt,unclassified,grade3,excellent,0
49.75126171002264,asfalt,asphalt,unclassified,grade3,excellent,0
50.02173312668024,asfalt,asphalt,residential,grade5,intermediate,0
50.226460258203645,asfalt,asphalt,unclassified,grade4,excellent,1
50.53092175860484,asfalt,asphalt,unclassified,grade4,excellent,0
50.74911972717987,kruus,compacted,track,grade2,excellent,0
50.98431085347224,asfalt,asphalt,track,grade2,intermediate,0
51.24594553665446,asfalt,asphalt,track,grade2,intermediate,0
51.50350208438392,asfalt,asphalt,track,grade2,good,0
51.78065965999011,asfalt,asphalt,unclassified,grade3,good,0
51.98710600063587,asfalt,asphalt,unclassified,grade3,good,1
52.26111055901488,asfalt,asphalt,unclassified,grade3,good,1
52.500199893342646,asfalt,asphalt,unclassified,grade3,good,0
52.760048662805445,asfalt,asphalt,unclassified,grade3,good,0
53.006581505646935,asfalt,asphalt,unclassified,grade3,good,0
53.2743253617673,asfalt,asphalt,tertiary,grade1,excellent,0
53.5012338149565,asfalt,asphalt,tertiary,grade1,excellent,0
53.71395811190517,asfalt,asphalt,residential,grade2,good,0
53.992441196157976,asfalt,asphalt,residential,grade2,good,0
54.23524275535061,kruus,compacted,unclassified,grade2,good,0
54.50989607725453,asfalt,paving_stones,track,grade4,excellent,0
54.77093075758942,asfalt,paving_stones,track,grade4,excellent,0
55.00052810751567,asfalt,paving_stones,track,grade4,excellent,0
55.23798616856497,asfalt,paving_stones,track,grade4,excellent,0
55.50449831057679,asfalt,paving_stones,track,grade4,excellent,0
55.76173122487354,kruus,fine_gravel,track,grade2,excellent,0
56.00586331246438,kruus,fine_gravel,track,grade2,excellent,0
56.24766668508033,kruus,fine_gravel,track,grade2,excellent,0
56.514579988028245,asfalt,asphalt,track,grade4,good,0
56.760131796427174,asfalt,asphalt,track,grade4,good,1
56.999396894718785,asfalt,asphalt,track,grade4,good,0
57.242120574690965,asfalt,asphalt,track,grade4,good,0
57.5089476385171,kruus,fine_gravel,unclassified,grade3,excellent,0
57.735781566901046,kruus,fine_gravel,unclassified,grade3,excellent,0
57.98246146145486,kruus,fine_gravel,unclassified,grade3,excellent,0
58.23332622943802,kruus,fine_gravel,unclassified,grade3,excellent,0
58.49655012459454,kruus,fine_gravel,unclassified,grade3,excellent,0
58.72701958111907,kruus,fine_gravel,unclassified,grade3,excellent,0
58.984594746015105,kruus,fine_gravel,unclassified,grade3,excellent,0
59.265297225424646,asfalt,asphalt,unclassified,grade2,good,0
59.481291946853695,asfalt,asphalt,unclassified,grade2,good,0
59.75554695862926,asfalt,asphalt,unclassified,grade2,good,0
60.028665006400956,asfalt,paving_stones,unclassified,grade4,good,0
60.26646157248894,asfalt,asphalt,tertiary,grade3,excellent,1
60.47126964164838,asfalt,asphalt,unclassified,grade5,good,0
60.74233407564121,asfalt,asphalt,unclassified,grade5,good,0
61.042937525906936,asfalt,asphalt,unclassified,grade2,good,0
61.22355820600135,asfalt,asphalt,unclassified,grade2,good,1
61.494360255028454,asfalt,asphalt,unclassified,grade2,good,0
61.74452852907105,asfalt,asphalt,unclassified,grade2,good,0
61.970915953482034,asfalt,asphalt,unclassified,grade2,good,0
62.23011826158491,asfalt,asphalt,unclassified,grade2,good,0
62.50295954147118,asfalt,asphalt,unclassified,grade2,good,0
62.767081202304844,asfalt,asphalt,unclassified,grade5,good,0
63.01510637682294,asfalt,asphalt,unclassified,grade5,good,0
63.266610142236594,asfalt,asphalt,unclassified,grade5,good,1
63.463711423518156,asfalt,asphalt,unclassified,grade5,good,1
63.73100873182002,asfalt,asphalt,unclassified,grade3,good,0
63.97511421409677,asfalt,asphalt,unclassified,grade3,good,1
64.24635921841407,asfalt,asphalt,unclassified,grade3,good,0
64.48750293653188,asfalt,asphalt,unclassified,grade3,good,0
64.71666459778318,asfalt,asphalt,unclassified,grade5,excellent,0
64.99095197696914,asfalt,asphalt,unclassified,grade5,excellent,0
65.22541202159518,asfalt,paving_stones,cycleway,grade4,excellent,0
65.53334110731502,asfalt,paving_stones,unclassified,grade2,excellent,0
65.73551602207333,asfalt,asphalt,tertiary,grade3,good,1
65.98552878537701,asfalt,asphalt,tertiary,grade3,good,0
66.24924499764101,asfalt,asphalt,tertiary,grade3,good,0
66.492124464607,asfalt,asphalt,tertiary,grade3,good,0
66.72024999045051,asfalt,asphalt,tertiary,grade3,good,0
67.00875719715651,asfalt,asphalt,tertiary,grade3,good,0
67.20989233149878,pinnas,ground,cycleway,grade4,excellent,0
67.51189200491834,pinnas,ground,cycleway,grade4,excellent,0
67.73605005011066,asfalt,asphalt,cycleway,grade3,good,0
68.0180889998357,asfalt,asphalt,cycleway,grade3,good,0
68.28094655350006,asfalt,asphalt,cycleway,grade3,good,1
68.46427650084885,asfalt,asphalt,service,grade4,good,0
68.7347981200684,asfalt,asphalt,cycleway,grade4,good,0
68.98426420683127,asfalt,asphalt,cycleway,grade4,good,0
69.25640860297055,asfalt,asphalt,cycleway,grade3,excellent,1
69.49986101001491,asfalt,asphalt,cycleway,grade1,good,0
69.75962109956244,asfalt,asphalt,service,grade3,intermediate,0
69.98813547223722,teadmata,tiles,path,grade3,excellent,0
70.2506646177994,asfalt,paving_stones,living_street,grade3,intermediate,0
70.51620638389136,asfalt,paving_stones,footway,grade3,good,0
70.7698132698048,asfalt,asphalt,footway,grade4,good,0
71.00274713785343,asfalt,asphalt,footway,grade3,good,0
71.22958259230207,asfalt,paving_stones,cycleway,grade4,intermediate,0
71.48197915088146,asfalt,paving_stones,cycleway,grade4,intermediate,1
71.77043071294429,asfalt,paving_stones,cycleway,grade4,intermediate,0
71.98277804539974,asfalt,paving_stones,cycleway,grade4,intermediate,0
72.25283022952235,asfalt,paving_stones,cycleway,grade4,intermediate,0
72.4979550637904,asfalt,paving_stones,cycleway,grade4,intermediate,0
72.74933042099224,kruus,gravel,cycleway,grade3,bad,0
73.03178372877026,kruus,gravel,cycleway,grade3,bad,0
73.21828795255652,asfalt,asphalt,unclassified,grade3,bad,0
73.53040914456311,asfalt,asphalt,unclassified,grade3,bad,0
73.78199474238848,asfalt,asphalt,unclassified,grade3,bad,0
73.95600638825603,asfalt,asphalt,unclassified,grade3,bad,0
74.22283204870847,asfalt,asphalt,unclassified,grade3,bad,0
74.49024699454583,asfalt,asphalt,service,grade4,excellent,0
74.76972244368507,asfalt,asphalt,unclassified,grade3,bad,0
74.98413536852316,asfalt,asphalt,unclassified,grade3,bad,0
75.26260988759233,asfalt,asphalt,unclassified,grade3,bad,0
75.54280805484667,asfalt,asphalt,unclassified,grade3,bad,0
75.72145301348449,asfalt,asphalt,unclassified,grade3,bad,1
75.98930324637594,asfalt,asphalt,unclassified,grade3,bad,0
76.26778119416953,asfalt,asphalt,unclassified,grade3,bad,0
76.52447233033402,asfalt,asphalt,unclassified,grade3,bad,0
76.78127586198515,asfalt,asphalt,track,grade5,excellent,0
77.00481688051279,asfalt,asphalt,track,grade5,excellent,0
77.2490232383164,asfalt,asphalt,unclassified,grade1,excellent,0
77.49727976211744,asfalt,asphalt,unclassified,grade1,excellent,0
77.73708038252119,asfalt,asphalt,unclassified,grade1,excellent,0
78.02459280372086,asfalt,asphalt,unclassified,grade1,excellent,1
78.25799656190323,asfalt,asphalt,unclassified,grade1,excellent,0
78.48704307069856,asfalt,asphalt,unclassified,grade2,good,0
78.74896039768345,asfalt,asphalt,unclassified,grade4,excellent,0
79.02453288550983,pinnas,ground,unclassified,grade2,good,0
79.26888075885354,asfalt,asphalt,tertiary,grade2,good,0
79.49065676623081,asfalt,asphalt,tertiary,grade2,good,0
79.76994870034738,asfalt,asphalt,tertiary,grade2,good,0
80.01779202962057,asfalt,asphalt,tertiary,grade2,good,0
80.23699670442002,asfalt,asphalt,tertiary,grade1,very_horrible,0
80.53185186687072,asfalt,asphalt,tertiary,grade1,very_horrible,0
80.76763925900521,asfalt,asphalt,tertiary,grade1,very_horrible,0
80.98840617940651,asfalt,asphalt,tertiary,grade1,very_horrible,0
81.25740713954167,asfalt,asphalt,tertiary,grade1,very_horrible,1
81.47845450871179,asfalt,asphalt,tertiary,grade1,very_horrible,0
81.75623054737288,asfalt,asphalt,tertiary,grade1,very_horrible,0
81.96615187836834,asfalt,asphalt,tertiary,grade1,very_horrible,0
82.22755484202635,asfalt,asphalt,tertiary,grade1,very_horrible,0
82.49182605195968,asfalt,asphalt,tertiary,grade1,very_horrible,0
82.74421302043409,asfalt,asphalt,unclassified,grade5,good,1
83.03451573967112,asfalt,asphalt,unclassified,grade5,good,0
83.25682922536193,asfalt,asphalt,unclassified,grade5,good,0
83.49256936559749,asfalt,asphalt,unclassified,grade5,good,1
83.74424174859233,asfalt,asphalt,unclassified,grade5,good,0
84.00665795662495,asfalt,asphalt,unclassified,grade5,good,0
84.24473239334947,asfalt,asphalt,unclassified,grade5,good,0
84.50377671313481,asfalt,asphalt,unclassified,grade5,good,0
84.73257628429084,asfalt,asphalt,unclassified,grade5,good,0
85.01235483596265,asfalt,asphalt,residential,grade3,good,0
85.258808416378,asfalt,asphalt,residential,grade3,good,0
85.50000367514546,asfalt,asphalt,residential,grade3,good,0
85.74002682689945,asfalt,asphalt,residential,grade3,good,0
86.04786743333024,asfalt,asphalt,residential,grade3,good,0
86.22967403032911,asfalt,asphalt,residential,grade3,good,0
86.51329348653005,asfalt,asphalt,residential,grade3,good,0
86.74002924117156,asfalt,asphalt,raceway,grade4,good,0
86.98191388852115,teadmata,asphalt,raceway,grade4,good,77
87.20869704623439,asfalt,asphalt,raceway,grade4,good,1
87.53189331448984,asfalt,asphalt,raceway,grade4,good,1
87.74626795795082,kruus,gravel,unclassified,grade2,excellent,0
88.03113953076031,kruus,gravel,unclassified,grade2,excellent,0
88.27148957446535,kruus,gravel,unclassified,grade2,excellent,0
88.49600821960041,kruus,gravel,unclassified,grade2,excellent,0
88.75324163785388,pinnas,grass,cycleway,grade3,intermediate,0
88.97990423850271,pinnas,ground,cycleway,grade2,good,0
89.26420165573116,pinnas,ground,cycleway,grade2,good,0
89.47810195700661,kruus,fine_gravel,tertiary,grade4,excellent,1
89.74421982554921,asfalt,asphalt,track,grade4,intermediate,0
90.00734405296058,asfalt,concrete,track,grade2,intermediate,0
90.23086224497305,asfalt,concrete,track,grade2,intermediate,0
90.49800893662702,pinnas,ground,track,grade1,bad,0
90.79077280623869,pinnas,ground,track,grade3,excellent,0
90.99061305959643,pinnas,ground,track,grade3,excellent,0
91.27886605714448,pinnas,ground,track,grade3,excellent,0
91.51673469210448,asfalt,paving_stones,path,grade2,excellent,0
91.72651584307864,asfalt,asphalt,track,grade3,good,0
91.99107964451827,asfalt,asphalt,track,grade3,good,0
92.2395107974101,asfalt,asphalt,track,grade3,good,1
92.52093767488665,asfalt,paving_stones,track,grade2,good,0
92.73055370761979,asfalt,asphalt,track,grade3,good,0
93.01352363007992,asfalt,asphalt,track,grade2,good,0
93.23104951015954,asfalt,asphalt,track,grade1,good,0
93.47561772113384,asfalt,asphalt,track,grade1,good,0
93.7549466676598,asfalt,asphalt,track,grade3,good,0
94.02507608575254,asfalt,concrete,unclassified,grade3,intermediate,0
94.24601752720326,asfalt,concrete,unclassified,grade3,intermediate,1
94.48871363651278,asfalt,concrete,unclassified,grade3,intermediate,0
94.73018342600994,asfalt,concrete,unclassified,grade3,intermediate,0
94.9853158792387,asfalt,concrete,unclassified,grade3,intermediate,0
95.25307007724429,kruus,compacted,cycleway,grade3,good,0
95.50948814914851,asfalt,asphalt,service,grade3,good,0
95.71808275964983,pinnas,dirt,tertiary,grade4,intermediate,0
95.9543176702029,pinnas,dirt,unclassified,grade2,intermediate,0
96.23848190046606,asfalt,asphalt,unclassified,grade3,good,0
96.52272665968945,asfalt,asphalt,unclassified,grade4,good,0
96.74991183447655,asfalt,asphalt,unclassified,grade4,good,0
97.02520589679801,asfalt,asphalt,unclassified,grade4,good,0
97.23347833454041,asfalt,asphalt,unclassified,grade4,good,0
97.47575529074314,kruus,unpaved,service,grade1,excellent,0
97.7337180168888,asfalt,asphalt,unclassified,grade4,good,0
98.00671038966938,asfalt,asphalt,unclassified,grade4,good,0
98.23928729216375,teadmata,sett,unclassified,grade3,bad,0
98.53804772918686,teadmata,sett,unclassified,grade3,bad,1
98.76182804590442,teadmata,sett,unclassified,grade3,bad,0
99.03747477791947,asfalt,asphalt,tertiary,grade5,excellent,0
99.21921344466287,asfalt,asphalt,tertiary,grade3,good,0
99.484337997663,asfalt,asphalt,tertiary,grade3,good,0
99.72380464719967,asfalt,asphalt,tertiary,grade3,good,0
99.98833473127489,asfalt,asphalt,tertiary,grade3,good,0
100.25278568686385,asfalt,asphalt,tertiary,grade3,good,0
100.49577127111723,asfalt,asphalt,tertiary,grade3,good,0
100.74474158021512,asfalt,asphalt,tertiary,grade3,good,0
100.9906038692809,asfalt,asphalt,tertiary,grade3,good,0
101.2678035799331,asfalt,asphalt,tertiary,grade3,good,0
101.47644473719897,asfalt,asphalt,tertiary,grade3,good,0
101.76139740718692,asfalt,asphalt,tertiary,grade3,good,0
101.9945756876063,asfalt,asphalt,tertiary,grade3,good,0
102.23009964653718,asfalt,asphalt,tertiary,grade3,good,0
102.4897147579766,asfalt,asphalt,tertiary,grade3,good,0
102.75553823673164,asfalt,asphalt,tertiary,grade3,good,0
102.97434557796998,asfalt,asphalt,tertiary,grade3,good,0
103.27870850235071,asfalt,asphalt,tertiary,grade3,good,0
103.48176972436723,asfalt,asphalt,tertiary,grade3,good,0
103.75814794814144,asfalt,asphalt,tertiary,grade3,good,0
103.97949572755384,asfalt,asphalt,tertiary,grade3,good,0
104.21676097759226,asfalt,asphalt,tertiary,grade3,good,0
104.50907200545447,asfalt,asphalt,tertiary,grade3,good,0
104.77225719268121,asfalt,asphalt,tertiary,grade3,good,0
104.99646655276489,asfalt,asphalt,tertiary,grade3,good,0
105.27062971835011,asfalt,asphalt,tertiary,grade3,excellent,0
105.50392544539844,asfalt,asphalt,tertiary,grade3,excellent,0
105.7502186310537,asfalt,asphalt,tertiary,grade3,excellent,0
106.0070772126789,asfalt,asphalt,tertiary,grade3,excellent,0
106.23679942844045,asfalt,asphalt,tertiary,grade3,excellent,0
106.47009236713899,asfalt,asphalt,tertiary,grade3,excellent,0
106.75394899227872,asfalt,asphalt,tertiary,grade3,excellent,0
107.00293604404337,asfalt,asphalt,tertiary,grade3,excellent,0
107.24090111532267,asfalt,asphalt,tertiary,grade3,excellent,0
107.51878010933889,asfalt,asphalt,tertiary,grade3,excellent,0
107.71162381699526,asfalt,asphalt,tertiary,grade3,excellent,0
108.01090751345887,asfalt,asphalt,unclassified,grade4,excellent,0
108.24443831192079,asfalt,asphalt,unclassified,grade4,excellent,0
108.49447854494717,asfalt,asphalt,unclassified,grade4,excellent,0
108.78521324830277,asfalt,asphalt,unclassified,grade4,excellent,0
109.02344851374998,asfalt,asphalt,unclassified,grade4,excellent,0
109.2704534701376,asfalt,asphalt,unclassified,grade4,excellent,0
109.4914350863762,asfalt,asphalt,unclassified,grade4,excellent,0
109.76879451522869,asfalt,asphalt,unclassified,grade4,excellent,0
109.9909804830429,asfalt,asphalt,unclassified,grade4,excellent,0
110.26505416059103,asfalt,asphalt,unclassified,grade4,excellent,0
110.47280239852586,asfalt,asphalt,unclassified,grade4,excellent,0
110.74824393113539,asfalt,asphalt,unclassified,grade4,excellent,0
111.00918033412484,asfalt,asphalt,unclassified,grade4,excellent,1
111.23244810605388,asfalt,asphalt,unclassified,grade4,excellent,0
111.47484284076114,asfalt,asphalt,unclassified,grade4,excellent,0
111.7614967720773,asfalt,asphalt,unclassified,grade4,excellent,0
112.0185650084519,asfalt,asphalt,unclassified,grade4,excellent,0
112.24714093817501,asfalt,asphalt,unclassified,grade4,excellent,0
112.54310582541333,asfalt,asphalt,unclassified,grade4,excellent,0
112.73090064667099,asfalt,asphalt,unclassified,grade4,excellent,0
112.98117295846302,asfalt,asphalt,unclassified,grade3,excellent,0
113.25193950987631,asfalt,asphalt,unclassified,grade4,excellent,0
113.49436775066349,asfalt,asphalt,unclassified,grade4,excellent,0
113.7513547504855,asfalt,asphalt,unclassified,grade4,excellent,0
114.02650965273152,asfalt,asphalt,track,grade3,excellent,0
114.22578462717834,asfalt,asphalt,track,grade3,excellent,0
114.51036296621072,asfalt,asphalt,track,grade3,excellent,0
114.75970756896814,asfalt,asphalt,track,grade3,excellent,0
115.00071904731661,asfalt,asphalt,track,grade3,excellent,0
115.25427179934677,asfalt,asphalt,track,grade3,excellent,1
115.46710751068163,asfalt,asphalt,track,grade3,excellent,0
115.73121934821516,asfalt,asphalt,track,grade3,excellent,0
115.9898680534997,asfalt,asphalt,track,grade3,excellent,0
116.2634467152818,asfalt,paving_stones,unclassified,grade1,good,0
116.50483363387791,asfalt,asphalt,unclassified,grade2,bad,0
116.75480673124693,asfalt,asphalt,unclassified,grade2,bad,0
117.01759911973204,asfalt,asphalt,unclassified,grade2,bad,0
117.2531207588692,asfalt,asphalt,unclassified,grade2,bad,0
117.51926345924716,asfalt,asphalt,unclassified,grade2,bad,0
117.77287830100602,asfalt,asphalt,unclassified,grade2,bad,0
118.01728766543069,asfalt,asphalt,unclassified,grade2,bad,0
118.23095384584907,asfalt,asphalt,unclassified,grade2,bad,0
118.48106708252139,asfalt,asphalt,unclassified,grade2,bad,0
118.74370763492459,asfalt,asphalt,unclassified,grade2,bad,0
118.99203119911895,asfalt,asphalt,unclassified,grade2,bad,0
119.2459515656227,asfalt,asphalt,unclassified,grade2,bad,1
119.53482837117747,asfalt,asphalt,unclassified,grade2,bad,0
119.73920467630734,asfalt,asphalt,unclassified,grade2,bad,0
120.01617345736923,asfalt,asphalt,track,grade3,good,0
120.26108499899227,asfalt,asphalt,track,grade3,good,0
120.47344727677492,asfalt,asphalt,track,grade3,good,0
120.75878518207442,asfalt,asphalt,track,grade3,good,0
120.99764132016278,asfalt,asphalt,track,grade3,good,0
121.253589982565,asfalt,asphalt,track,grade3,good,0
121.50168805735383,asfalt,asphalt,track,grade3,good,0
121.75555644784866,asfalt,asphalt,track,grade3,good,0
121.98180039505424,asfalt,asphalt,track,grade3,good,0
122.2760791702196,asfalt,asphalt,unclassified,grade4,excellent,1
122.46663685040166,asfalt,asphalt,unclassified,grade4,excellent,0
122.73590816422708,asfalt,asphalt,unclassified,grade4,excellent,1
122.98095658801562,asfalt,asphalt,unclassified,grade2,good,0
123.26723982525941,asfalt,asphalt,unclassified,grade2,good,0
123.46328534129532,asfalt,asphalt,unclassified,grade2,good,0
123.75828159808037,asfalt,asphalt,unclassified,grade4,excellent,0
124.0308010174738,asfalt,asphalt,unclassified,grade2,good,0
124.2663346435087,asfalt,asphalt,tertiary,grade3,excellent,0
124.48811660781577,asfalt,asphalt,service,grade4,intermediate,0
124.73248565174431,asfalt,asphalt,tertiary,grade3,excellent,0
124.98542451407832,asfalt,asphalt,tertiary,grade3,excellent,0
125.26691978923225,pinnas,ground,tertiary,grade4,excellent,0
125.52049888104389,asfalt,paved,tertiary,grade3,intermediate,0
125.77533291178474,asfalt,paved,tertiary,grade3,intermediate,0
125.96342306961502,asfalt,paved,tertiary,grade3,intermediate,0
126.25139066612026,asfalt,paved,tertiary,grade3,intermediate,0
126.54591209911865,asfalt,paved,tertiary,grade3,intermediate,1
126.7431865866389,asfalt,paved,tertiary,grade3,intermediate,0
127.02579746290236,asfalt,paved,tertiary,grade3,intermediate,0
127.29322256271726,asfalt,paved,tertiary,grade3,intermediate,1
127.47928673523312,asfalt,paved,tertiary,grade3,intermediate,0
127.74302337467074,asfalt,paved,tertiary,grade3,intermediate,0
128.01695162477128,asfalt,paved,tertiary,grade3,intermediate,0
128.29536291106945,asfalt,paved,tertiary,grade3,intermediate,0
128.4886567403229,asfalt,paved,tertiary,grade3,intermediate,0
128.77807232573645,asfalt,paved,tertiary,grade3,intermediate,0
128.95510236037643,asfalt,paved,tertiary,grade3,intermediate,0
129.23858606888618,asfalt,paved,tertiary,grade3,intermediate,1
129.50224906551804,asfalt,paving_stones,tertiary,grade4,excellent,0
129.75137975176855,pinnas,ground,tertiary,grade2,very_bad,0
129.99024858380392,kruus,compacted,cycleway,grade3,intermediate,0
130.24045213390838,kruus,pebblestone,cycleway,grade4,intermediate,0
130.48202598955592,kruus,pebblestone,cycleway,grade4,intermediate,1
130.76962649315743,kruus,pebblestone,cycleway,grade4,intermediate,0
130.9540985859162,kruus,pebblestone,cycleway,grade4,intermediate,0
131.23242485311923,kruus,pebblestone,cycleway,grade4,intermediate,0
131.5061909506321,kruus,pebblestone,cycleway,grade4,intermediate,0
131.78272349570483,kruus,pebblestone,cycleway,grade4,intermediate,0
131.96966876886773,kruus,pebblestone,cycleway,grade4,intermediate,0
132.2498144293808,kruus,pebblestone,cycleway,grade4,intermediate,0
132.5305179353822,kruus,pebblestone,cycleway,grade4,intermediate,0
132.71718809218208,kruus,pebblestone,cycleway,grade4,intermediate,0
133.0103860386599,kruus,pebblestone,cycleway,grade4,intermediate,0
133.20983216462116,kruus,pebblestone,cycleway,grade4,intermediate,0
133.50886042621593,kruus,pebblestone,cycleway,grade4,intermediate,0
133.70831286261458,kruus,pebblestone,cycleway,grade4,intermediate,0
134.00735056560825,kruus,pebblestone,cycleway,grade4,intermediate,0
134.2068093123816,kruus,pebblestone,cycleway,grade4,intermediate,1
134.48443295142587,kruus,pebblestone,cycleway,grade4,intermediate,0
134.71317858537196,asfalt,paved,track,grade3,excellent,0
134.95359345755952,kruus,pebblestone,cycleway,grade4,intermediate,0
135.24557443030827,kruus,pebblestone,cycleway,grade4,intermediate,0
135.5374616207884,kruus,pebblestone,cycleway,grade4,intermediate,0
135.71904250252598,kruus,pebblestone,cycleway,grade4,intermediate,1
136.0000579696564,kruus,pebblestone,cycleway,grade4,intermediate,0
136.26669812845464,kruus,pebblestone,cycleway,grade4,intermediate,0
136.48690533556913,kruus,pebblestone,cycleway,grade4,intermediate,0
136.77069160253114,kruus,pebblestone,cycleway,grade4,intermediate,0
136.96551572597642,kruus,pebblestone,cycleway,grade4,intermediate,1
137.25751727526992,kruus,pebblestone,cycleway,grade4,intermediate,1
137.4517573835983,kruus,pebblestone,cycleway,grade4,intermediate,0
137.74425655419472,kruus,pebblestone,cycleway,grade4,intermediate,0
138.0362807303522,kruus,pebblestone,cycleway,grade4,intermediate,0
138.2311294196341,kruus,pebblestone,cycleway,grade4,intermediate,1
138.52365134528603,kruus,pebblestone,cycleway,grade4,intermediate,1
138.71850951013877,kruus,pebblestone,cycleway,grade4,intermediate,1
139.0099686118807,kruus,pebblestone,cycleway,grade4,intermediate,0
139.20483619498083,kruus,pebblestone,cycleway,grade4,intermediate,0
139.4891332180236,kruus,pebblestone,cycleway,grade4,intermediate,0
139.78656994313528,kruus,pebblestone,cycleway,grade4,intermediate,0
140.03301278614944,kruus,pebblestone,cycleway,grade4,intermediate,1
140.28830309786701,kruus,pebblestone,cycleway,grade4,intermediate,0
140.4716348390328,kruus,gravel,cycleway,grade3,intermediate,0
140.7413664354059,kruus,gravel,cycleway,grade3,intermediate,1
141.02274532083365,kruus,gravel,cycleway,grade3,intermediate,1
141.20981313158583,kruus,gravel,cycleway,grade3,intermediate,1
141.49119749236962,kruus,gravel,cycleway,grade3,intermediate,0
141.77351893452897,kruus,gravel,cycleway,grade3,intermediate,0
141.98031001123675,kruus,gravel,cycleway,grade3,intermediate,0
142.2271074845001,kruus,gravel,cycleway,grade3,intermediate,0
142.47362644738993,kruus,gravel,cycleway,grade3,intermediate,0
142.7614041006905,kruus,gravel,cycleway,grade3,intermediate,0
142.95306823273881,kruus,gravel,cycleway,grade3,intermediate,0
143.23089000555308,kruus,gravel,cycleway,grade3,intermediate,1
143.50387614095908,kruus,gravel,cycleway,grade3,intermediate,0
143.7851114978014,kruus,gravel,cycleway,grade3,intermediate,0
143.98375399163712,kruus,gravel,cycleway,grade3,intermediate,0
144.28120343429444,kruus,gravel,cycleway,grade3,intermediate,0
144.4798502335729,kruus,gravel,cycleway,grade3,intermediate,1
144.77730484418254,kruus,gravel,cycleway,grade3,intermediate,0
144.97579902389003,kruus,gravel,cycleway,grade3,intermediate,0
145.27341391761888,kruus,gravel,cycleway,grade3,intermediate,0
145.4719115466782,kruus,gravel,cycleway,grade3,intermediate,0
145.76953246430804,kruus,gravel,cycleway,grade3,intermediate,1
145.9680335406855,kruus,gravel,cycleway,grade3,intermediate,0
146.26550356625106,kruus,gravel,cycleway,grade3,intermediate,0
146.46416320016814,kruus,gravel,cycleway,grade3,intermediate,1
146.76163839154756,kruus,gravel,cycleway,grade3,intermediate,0
146.95957802452386,kruus,gravel,cycleway,grade3,intermediate,0
147.24775848360827,kruus,gravel,cycleway,grade3,intermediate,0
147.543693070129,kruus,gravel,cycleway,grade3,intermediate,0
147.74050163987687,kruus,gravel,cycleway,grade3,intermediate,0
148.03628525607448,kruus,gravel,cycleway,grade3,intermediate,0
148.25370877540837,kruus,compacted,path,grade4,excellent,0
148.48005809074948,kruus,compacted,path,grade4,excellent,1
148.7796340154467,kruus,compacted,path,grade4,excellent,0
148.9790476873457,kruus,compacted,path,grade4,excellent,1
149.25208429527612,kruus,compacted,path,grade4,excellent,0
149.52470301362695,asfalt,concrete,tertiary,grade1,good,0
149.73417757419148,kruus,compacted,tertiary,grade1,excellent,1
149.98465532564163,kruus,compacted,tertiary,grade1,excellent,0
150.2639520259121,kruus,compacted,tertiary,grade1,excellent,0
150.51525517055975,kruus,compacted,tertiary,grade1,excellent,0
150.7333309571896,kruus,compacted,tertiary,grade1,excellent,1
150.9881645062657,kruus,compacted,tertiary,grade1,excellent,1
151.27167206204325,asfalt,asphalt,tertiary,grade1,excellent,1
151.46054802948214,asfalt,asphalt,tertiary,grade1,excellent,0
151.7448582292846,asfalt,asphalt,tertiary,grade2,excellent,0
151.9997927803645,asfalt,asphalt,tertiary,grade2,excellent,0
152.2468761806419,asfalt,asphalt,tertiary,grade2,excellent,0
152.46802300254333,asfalt,asphalt,tertiary,grade2,excellent,0
152.7688547998723,asfalt,asphalt,tertiary,grade2,excellent,1
153.00664400706162,asfalt,asphalt,tertiary,grade2,excellent,0
153.2703660994937,asfalt,asphalt,tertiary,grade2,good,0
153.4582625361189,asfalt,asphalt,tertiary,grade2,good,0
153.73963731529437,asfalt,asphalt,tertiary,grade2,good,0
154.02040606075252,asfalt,asphalt,tertiary,grade2,good,0
154.2650588743883,asfalt,asphalt,tertiary,grade1,excellent,1
154.49506575594154,asfalt,asphalt,tertiary,grade3,excellent,0
154.75032104689362,asfalt,asphalt,tertiary,grade2,good,0
155.00726221232637,asfalt,asphalt,tertiary,grade2,good,0
155.24931139816323,asfalt,asphalt,tertiary,grade3,excellent,0
155.54556031658194,asfalt,asphalt,tertiary,grade3,excellent,0
155.73847849215485,asfalt,asphalt,tertiary,grade3,excellent,0
156.02602236067878,asfalt,asphalt,tertiary,grade3,excellent,0
156.21858877904396,asfalt,asphalt,tertiary,grade3,excellent,0
156.5148546206572,kruus,unpaved,tertiary,grade2,good,0
156.784051455753,kruus,unpaved,tertiary,grade2,good,0
157.01055292526323,kruus,unpaved,tertiary,grade2,good,0
157.2402397696764,kruus,unpaved,tertiary,grade2,good,0
157.50761409515096,kruus,unpaved,tertiary,grade2,good,0
157.72411111618953,kruus,unpaved,tertiary,grade2,good,0
157.98060560805345,kruus,unpaved,tertiary,grade2,good,0
158.2109955404027,kruus,unpaved,tertiary,grade2,good,0
158.51046800881318,kruus,unpaved,tertiary,grade2,good,0
158.76992829858506,kruus,unpaved,tertiary,grade2,good,0
158.9888636620018,kruus,unpaved,tertiary,grade2,good,0
159.24667140159875,kruus,unpaved,tertiary,grade2,good,0
159.50147594414915,kruus,unpaved,tertiary,grade2,good,0
159.7237503908457,asfalt,asphalt,tertiary,grade3,excellent,0
160.02357887675032,kruus,gravel,tertiary,grade3,good,0
160.2211874734885,kruus,gravel,tertiary,grade3,good,0
160.52804270234773,asfalt,asphalt,tertiary,grade3,intermediate,0
160.76125391166613,asfalt,asphalt,unclassified,grade3,intermediate,0
160.97615675373623,asfalt,asphalt,unclassified,grade3,intermediate,0
161.22214187085856,asfalt,asphalt,unclassified,grade3,intermediate,0
161.51702780105043,asfalt,asphalt,unclassified,grade3,intermediate,1
161.70577147356056,asfalt,asphalt,unclassified,grade3,intermediate,0
162.00396491970866,asfalt,asphalt,unclassified,grade3,intermediate,0
162.27154052350937,asfalt,asphalt,residential,grade4,good,0
162.52487763647122,asfalt,asphalt,residential,grade4,good,0
162.7468995683886,asfalt,asphalt,residential,grade4,good,0
163.03654586331845,asfalt,asphalt,secondary,grade5,intermediate,0
163.2268726527146,asfalt,asphalt,tertiary,grade1,good,0
163.48065760704782,asfalt,asphalt,tertiary,grade1,good,0
163.75717366497827,asfalt,asphalt,tertiary,grade1,good,0
164.03428310206766,asfalt,asphalt,tertiary,grade1,good,0
164.24262222931503,asfalt,asphalt,tertiary,grade1,good,0
164.48407285335136,asfalt,asphalt,tertiary,grade1,good,0
164.73943569041575,asfalt,asphalt,tertiary,grade1,good,0
165.0145337878934,asfalt,asphalt,unclassified,grade5,good,0
165.2559721668634,asfalt,asphalt,unclassified,grade5,good,0
165.50283631182307,asfalt,asphalt,unclassified,grade5,good,1
165.7584584977772,asfalt,asphalt,unclassified,grade5,good,1
166.02396526170153,asfalt,asphalt,unclassified,grade5,good,1
166.24641516640807,asfalt,asphalt,unclassified,grade5,good,0
166.49810117693306,asfalt,asphalt,unclassified,grade5,good,0
166.78033784129187,asfalt,asphalt,unclassified,grade5,good,0
166.9632348043248,asfalt,asphalt,unclassified,grade5,good,0
167.23525665818624,asfalt,asphalt,unclassified,grade5,good,0
167.48800299487837,asfalt,asphalt,unclassified,grade4,excellent,0
167.74485522972273,asfalt,asphalt,unclassified,grade4,excellent,0
168.0115124942814,asfalt,asphalt,unclassified,grade4,excellent,1
168.23431357126103,asfalt,asphalt,unclassified,grade4,excellent,0
168.47808613535452,asfalt,asphalt,unclassified,grade4,excellent,1
168.7572904832304,asfalt,asphalt,unclassified,grade4,excellent,0
169.017063874888,asfalt,asphalt,unclassified,grade4,excellent,0
169.24517714604923,pinnas,ground,unclassified,grade4,excellent,0
169.4633025580819,pinnas,ground,unclassified,grade4,excellent,0
169.7466772707374,asfalt,asphalt,tertiary,grade4,good,0
169.98172786915836,asfalt,asphalt,tertiary,grade4,good,0
170.25054785345594,asfalt,asphalt,tertiary,grade4,good,0
170.50407412172814,pinnas,ground,tertiary,grade1,excellent,0
170.78078458749906,pinnas,ground,tertiary,grade1,excellent,0
171.01323090172218,asfalt,asphalt,tertiary,grade1,good,0
171.28076991679663,asfalt,asphalt,tertiary,grade1,good,0
171.50301470578097,asfalt,asphalt,tertiary,grade1,good,0
171.75163100544063,asfalt,asphalt,unclassified,grade2,excellent,0
172.0140498599944,asfalt,asphalt,unclassified,grade2,excellent,0
172.2744180482462,asfalt,asphalt,unclassified,grade2,excellent,0
172.5172704452043,asfalt,asphalt,unclassified,grade2,excellent,0
172.70916386550817,asfalt,asphalt,unclassified,grade2,excellent,0
172.992880677423,asfalt,asphalt,residential,grade5,good,0
173.23790132071966,asfalt,asphalt,residential,grade5,good,0
173.50148132555836,teadmata,asphalt,residential,grade5,good,37
173.77763978812877,asfalt,asphalt,track,grade1,excellent,1
173.99029745266682,asfalt,asphalt,track,grade1,excellent,0
174.24262866487285,asfalt,asphalt,track,grade1,excellent,1
174.4980376407926,asfalt,asphalt,track,grade2,excellent,0
174.75567662526245,asfalt,asphalt,track,grade2,excellent,0
175.0235086752524,asfalt,paved,unclassified,grade2,excellent,0
175.24455786208134,asfalt,asphalt,unclassified,grade1,excellent,0
175.53076841479663,asfalt,asphalt,unclassified,grade1,excellent,0
175.75026451102923,asfalt,asphalt,unclassified,grade1,excellent,0
176.00446998931304,asfalt,asphalt,unclassified,grade3,good,1
176.2547065392453,asfalt,asphalt,unclassified,grade2,excellent,0
176.5033617121533,pinnas,dirt,tertiary,grade5,excellent,0
176.76621138178564,pinnas,dirt,tertiary,grade5,excellent,0
176.97844138383206,pinnas,dirt,tertiary,grade5,excellent,1
177.2586133408926,pinnas,dirt,tertiary,grade5,excellent,0
177.48509275903226,pinnas,dirt,tertiary,grade5,excellent,0
177.7777580724826,pinnas,dirt,tertiary,grade5,excellent,0
177.97968808675395,pinnas,dirt,tertiary,grade5,excellent,0
178.2786757634763,pinnas,dirt,tertiary,grade5,excellent,0
178.4744936897754,asfalt,asphalt,tertiary,grade5,good,0
178.72018059835247,asfalt,asphalt,tertiary,grade5,good,0
179.01376606412308,asfalt,asphalt,tertiary,grade5,good,0
179.27218570869596,asfalt,asphalt,unclassified,grade1,good,0
179.4984747834219,asfalt,asphalt,tertiary,grade5,good,0
179.7147128869339,asfalt,asphalt,tertiary,grade5,good,0
179.9689021723755,asfalt,asphalt,primary,grade3,good,0
180.2545931950303,asfalt,asphalt,primary,grade3,good,0
180.52001346860877,asfalt,asphalt,primary,grade3,good,0
180.75887868595643,kruus,compacted,service,grade3,good,0
181.0397084101669,pinnas,ground,primary,grade4,excellent,0
181.24322881644187,pinnas,ground,primary,grade3,excellent,0
181.50945495741115,asfalt,asphalt,unclassified,grade1,excellent,0
181.6245507283815,asfalt,asphalt,service,grade4,excellent,0
204.17274598296794,asfalt,asphalt,tertiary,grade3,intermediate,0
204.2279968717883,teadmata,wood,secondary,grade2,good,0
204.49289235159938,kruus,gravel,service,grade5,intermediate,0
204.743075375275,kruus,gravel,service,grade5,intermediate,1
204.98629757520587,kruus,gravel,service,grade5,intermediate,0
205.2597523335012,kruus,gravel,service,grade5,intermediate,0
205.4956576847421,teadmata,wood,track,grade5,good,0
205.76935577327254,kruus,gravel,service,grade3,good,0
205.98692206187303,asfalt,paved,track,grade2,excellent,0
206.25039641167217,asfalt,paved,track,grade2,excellent,0
206.49571978351324,asfalt,paved,track,grade2,excellent,0
206.74340418146258,asfalt,paved,track,grade2,excellent,0
206.99049544014116,asfalt,paved,track,grade2,excellent,0
207.26694080971788,asfalt,asphalt,track,grade5,good,0
207.5040480055936,kruus,gravel,unclassified,grade3,good,0
207.7449064426706,kruus,gravel,unclassified,grade3,good,0
208.00942361743554,kruus,gravel,unclassified,grade3,good,0
208.264089464753,kruus,gravel,unclassified,grade3,good,0
208.50190884809214,asfalt,asphalt,service,grade4,good,0
208.76779301841947,asfalt,asphalt,service,grade4,good,0
209.00713536253062,asfalt,asphalt,service,grade4,good,0
209.2677735805195,asfalt,asphalt,service,grade4,good,1
209.51474390432625,asfalt,asphalt,service,grade4,good,0
209.74355114208782,pinnas,sand,service,grade4,intermediate,0
210.02338835035383,kruus,unpaved,service,grade3,good,0
210.22402989721618,kruus,gravel,service,grade3,good,0
210.49544770062067,kruus,unpaved,unclassified,grade3,good,0
210.74409392287168,pinnas,grass,tertiary,grade4,good,0
211.02904694365873,pinnas,grass,tertiary,grade4,good,0
211.22458730982424,pinnas,grass,tertiary,grade4,good,0
211.4982358249411,asfalt,asphalt,track,grade5,good,0
211.73687017755182,kruus,gravel,track,grade4,excellent,0
211.9612818162637,kruus,gravel,track,grade4,excellent,0
212.23494964076357,kruus,gravel,track,grade4,excellent,0
212.48331492828132,kruus,gravel,track,grade4,excellent,0
212.7610082142285,kruus,gravel,track,grade4,excellent,0
212.98555740641652,pinnas,grass,tertiary,grade4,good,0
213.24252054248106,asfalt,asphalt,tertiary,grade3,good,0
213.48110482564132,asfalt,asphalt,tertiary,grade3,good,0
213.76240270748593,asfalt,asphalt,tertiary,grade3,good,0
213.95381697097432,asfalt,asphalt,tertiary,grade3,good,0
214.2462747474054,asfalt,asphalt,tertiary,grade3,good,0
214.51583322814466,asfalt,asphalt,tertiary,grade3,good,0
214.74798981477244,asfalt,asphalt,tertiary,grade4,intermediate,0
214.96902473007285,asfalt,asphalt,tertiary,grade4,intermediate,0
215.26827514293188,asfalt,asphalt,tertiary,grade4,intermediate,0
215.50908427031385,asfalt,asphalt,tertiary,grade4,intermediate,0
215.77211026924832,kruus,compacted,track,grade5,excellent,0
216.00974021113458,asfalt,asphalt,tertiary,grade4,intermediate,0
216.27801331559698,asfalt,asphalt,tertiary,grade4,intermediate,0
216.4910002948869,asfalt,asphalt,tertiary,grade4,intermediate,0
216.7772532526557,asfalt,asphalt,tertiary,grade4,intermediate,0
216.99356449910684,asfalt,asphalt,tertiary,grade4,intermediate,0
217.25379232499938,asfalt,asphalt,tertiary,grade4,intermediate,0
217.49167801740367,asfalt,asphalt,tertiary,grade4,intermediate,0
217.77594920992323,asfalt,asphalt,tertiary,grade4,intermediate,1
217.9957791174845,asfalt,asphalt,tertiary,grade3,excellent,0
218.29205331643263,asfalt,asphalt,tertiary,grade3,excellent,0
218.5003345320233,asfalt,asphalt,tertiary,grade3,excellent,0
218.74254516130384,asfalt,asphalt,tertiary,grade3,excellent,0
218.9988048846994,asfalt,asphalt,tertiary,grade3,excellent,0
219.26316336407734,asfalt,asphalt,tertiary,grade3,excellent,0
219.51069070147946,asfalt,asphalt,tertiary,grade3,excellent,0
219.74532247901567,asfalt,asphalt,tertiary,grade3,excellent,0
219.9910085775917,asfalt,asphalt,tertiary,grade3,excellent,0
220.23041553536575,asfalt,asphalt,tertiary,grade3,excellent,0
220.46561349403433,asfalt,asphalt,tertiary,grade3,good,1
220.7487213057805,asfalt,asphalt,tertiary,grade3,good,0
221.00871139511108,asfalt,asphalt,tertiary,grade3,good,0
221.25140683622237,asfalt,asphalt,tertiary,grade3,good,0
221.49267234598602,asfalt,asphalt,tertiary,grade3,intermediate,1
221.74629815644784,asfalt,paving_stones,tertiary,grade4,excellent,1
221.9911475533624,asfalt,asphalt,unclassified,grade5,good,0
222.26609569461198,pinnas,ground,path,grade3,good,0
222.47447827379744,asfalt,asphalt,track,grade3,good,1
222.74457823799733,asfalt,asphalt,track,grade3,very_bad,0
222.97676711028473,asfalt,asphalt,track,grade3,good,0
223.24394825442832,asfalt,asphalt,track,grade3,good,2
223.51430542961782,asfalt,asphalt,track,grade5,good,0
223.75142443628548,asfalt,asphalt,track,grade5,good,0
223.991563072169,asfalt,asphalt,track,grade5,good,0
224.2134300191259,asfalt,asphalt,tertiary,grade3,intermediate,0
224.51445603674966,asfalt,asphalt,tertiary,grade3,intermediate,0
224.75589652839375,asfalt,asphalt,tertiary,grade3,intermediate,0
224.9847207194097,asfalt,asphalt,tertiary,grade3,intermediate,0
225.22710241436164,asfalt,asphalt,tertiary,grade3,intermediate,0
225.5021482053079,asfalt,asphalt,unclassified,grade3,bad,0
225.74592469884922,asfalt,asphalt,unclassified,grade3,bad,0
225.97473925307642,asfalt,asphalt,unclassified,grade3,bad,0
226.2819067267815,asfalt,asphalt,unclassified,grade3,bad,0
226.51205268908015,asfalt,asphalt,track,grade2,bad,0
226.74927968820177,asfalt,asphalt,track,grade2,bad,0
227.0103138057585,asfalt,asphalt,track,grade2,bad,0
227.23171943432988,asfalt,asphalt,track,grade2,bad,0
227.5074006210293,asfalt,asphalt,track,grade3,good,0
227.73941920043836,asfalt,asphalt,track,grade3,good,0
228.00231707530972,asfalt,asphalt,unclassified,grade4,good,1
228.25551473660963,asfalt,asphalt,unclassified,grade4,good,0
228.48677591226647,kruus,gravel,unclassified,grade3,good,0
228.7533847258032,kruus,gravel,unclassified,grade3,good,0
228.97758196112127,kruus,gravel,unclassified,grade3,good,1
229.25640675759902,kruus,gravel,unclassified,grade3,good,0
229.50323903328513,kruus,gravel,unclassified,grade3,good,0
229.7162596180998,kruus,gravel,unclassified,grade3,good,0
230.00832899169146,asfalt,asphalt,unclassified,grade2,excellent,0
230.21276943103646,asfalt,asphalt,unclassified,grade2,excellent,0
230.49754262348586,asfalt,paved,tertiary,grade3,good,0
230.74333860286194,asfalt,asphalt,tertiary,grade4,bad,0
231.0212478396088,asfalt,asphalt,tertiary,grade2,excellent,0
231.25367931604367,asfalt,asphalt,tertiary,grade4,good,0
231.50005571503343,asfalt,asphalt,tertiary,grade4,good,0
231.73571875014724,asfalt,asphalt,tertiary,grade4,good,0
231.98669749213119,asfalt,asphalt,tertiary,grade2,excellent,0
232.23491628484223,asfalt,asphalt,tertiary,grade2,excellent,0
232.47166139471352,asfalt,asphalt,tertiary,grade2,excellent,0
232.7597898864788,asfalt,asphalt,tertiary,grade2,excellent,0
232.9837561891568,asfalt,asphalt,tertiary,grade3,good,0
233.2545598316855,asfalt,asphalt,tertiary,grade3,good,0
233.5153209521636,asfalt,asphalt,tertiary,grade3,good,0
233.73007260565538,asfalt,paving_stones,tertiary,grade3,excellent,0
233.9992394976526,asfalt,paving_stones,tertiary,grade3,excellent,0
234.25483506859214,asfalt,paving_stones,tertiary,grade3,excellent,0
234.48969483631876,asfalt,paving_stones,tertiary,grade3,excellent,0
234.77464831179518,asfalt,paving_stones,tertiary,grade3,excellent,0
235.0217893549356,asfalt,asphalt,tertiary,grade2,intermediate,0
235.25153594697335,asfalt,asphalt,tertiary,grade2,intermediate,1
235.47196488293037,asfalt,asphalt,residential,grade3,good,0
235.7420738282953,asfalt,asphalt,residential,grade3,good,0
235.9890223150533,asfalt,asphalt,residential,grade4,good,0
236.25380538592924,asfalt,asphalt,residential,grade4,good,1
236.5259979502404,asfalt,paving_stones,residential,grade5,excellent,0
236.7388182638957,asfalt,asphalt,residential,grade3,excellent,0
237.01729699618085,kruus,gravel,cycleway,grade1,good,0
237.21162436982283,kruus,gravel,cycleway,grade1,good,0
237.48615376850256,kruus,gravel,cycleway,grade1,good,0
237.73399620583567,teadmata,stone,residential,grade5,excellent,0
237.9646031131089,teadmata,stone,residential,grade5,excellent,0
238.2631292906786,asfalt,asphalt,track,grade3,good,0
238.46079302390297,asfalt,asphalt,track,grade3,good,0
238.75651134484878,asfalt,asphalt,track,grade3,good,0
239.02198579795152,kruus,gravel,track,grade1,excellent,0
239.21145259552506,kruus,gravel,track,grade1,excellent,0
239.48212828628385,kruus,gravel,track,grade1,excellent,0
239.77089381618245,kruus,gravel,track,grade1,excellent,0
240.01303448457165,kruus,gravel,track,grade1,excellent,0
240.21821588353683,kruus,gravel,track,grade1,excellent,0
240.5040436147509,kruus,gravel,track,grade1,excellent,0
240.7210502397706,kruus,gravel,track,grade1,excellent,1
240.9993657006288,kruus,gravel,track,grade1,excellent,0
241.2741512801553,kruus,gravel,track,grade1,excellent,0
241.5221873630239,kruus,gravel,track,grade1,excellent,0
241.76370522318513,kruus,gravel,track,grade1,excellent,0
242.01275630512396,kruus,gravel,track,grade1,excellent,0
242.27796494938602,pinnas,sand,track,grade4,excellent,0
242.52136899915467,pinnas,sand,track,grade4,excellent,1
242.70893545510765,pinnas,sand,track,grade4,excellent,0
242.96571043298246,pinnas,sand,track,grade4,excellent,0
243.24758432854438,asfalt,asphalt,track,grade4,excellent,0
243.4642538600812,asfalt,asphalt,track,grade3,good,0
243.78688045425585,asfalt,asphalt,track,grade3,good,0
244.03649951461276,asfalt,asphalt,track,grade3,good,0
244.21417707462948,asfalt,asphalt,track,grade3,good,0
244.496763491953,asfalt,asphalt,track,grade3,good,1
244.74059617109097,asfalt,asphalt,track,grade3,excellent,0
245.02085340676848,asfalt,asphalt,track,grade3,excellent,0
245.20668064943433,asfalt,asphalt,track,grade3,excellent,0
245.5336772111419,asfalt,asphalt,track,grade3,excellent,1
245.73230578323822,asfalt,asphalt,track,grade2,excellent,0
246.03748777971023,asfalt,asphalt,track,grade3,good,0
246.2357209314618,asfalt,asphalt,track,grade3,good,0
246.47617664019432,kruus,compacted,path,grade3,good,0
246.75605986175782,kruus,compacted,path,grade3,good,0
246.97668063887855,kruus,compacted,path,grade3,good,0
247.2542414359341,kruus,compacted,path,grade3,good,0
247.51768637342616,kruus,compacted,path,grade3,good,0
247.74599297087371,kruus,compacted,path,grade3,good,0
248.02634437339927,kruus,compacted,path,grade3,good,0
248.2870280478702,kruus,compacted,path,grade3,good,0
248.47758460934068,kruus,compacted,path,grade3,good,0
248.73346540153887,kruus,compacted,path,grade3,good,0
248.99684820545784,kruus,compacted,path,grade3,good,0
249.22798370084365,kruus,compacted,path,grade3,good,0
249.52647602551392,kruus,compacted,path,grade3,good,0
249.748553478697,kruus,compacted,path,grade3,good,0
250.00249406904663,kruus,compacted,path,grade3,good,0
250.25464738604578,kruus,compacted,path,grade3,good,1
250.49408394358167,kruus,compacted,path,grade3,good,0
250.71602413939056,asfalt,asphalt,unclassified,grade2,excellent,0
250.9892206372648,pinnas,ground,unclassified,grade3,good,0
251.2614226078964,pinnas,ground,unclassified,grade3,good,0
251.52567849542453,pinnas,ground,unclassified,grade3,good,0
251.75477346623939,pinnas,ground,unclassified,grade3,good,0
251.99718799911565,pinnas,ground,unclassified,grade3,good,0
252.28843352734032,pinnas,ground,unclassified,grade3,good,0
252.48741918021088,pinnas,ground,unclassified,grade3,good,0
252.75333444176687,pinnas,ground,unclassified,grade3,good,0
252.98450947644406,asfalt,asphalt,unclassified,grade4,good,0
253.2658313901173,asfalt,asphalt,unclassified,grade4,good,0
253.48141661356277,asfalt,asphalt,unclassified,grade4,good,0
253.72135199793033,asfalt,asphalt,unclassified,grade4,good,0
254.021965181582,asfalt,asphalt,unclassified,grade4,good,0
254.24243432496394,asfalt,asphalt,unclassified,grade4,good,0
254.48704462441495,asfalt,asphalt,unclassified,grade4,good,0
254.7559508165989,asfalt,asphalt,unclassified,grade4,good,0
255.0011772721726,asfalt,asphalt,unclassified,grade4,good,0
255.2510692475328,asfalt,asphalt,unclassified,grade4,good,1
255.51228668988153,asfalt,asphalt,unclassified,grade4,good,1
255.75427782304442,asfalt,asphalt,unclassified,grade4,good,0
255.991607465817,asfalt,asphalt,unclassified,grade4,good,0
256.2500925702913,kruus,gravel,track,grade2,good,0
256.51672188570285,kruus,gravel,track,grade2,good,0
256.7496296084804,kruus,gravel,track,grade2,good,0
256.99643575310625,kruus,gravel,track,grade2,good,0
257.25499642905913,kruus,gravel,track,grade2,good,0
257.51811651490374,asfalt,asphalt,tertiary,grade4,intermediate,0
257.7716704212403,kruus,gravel,track,grade4,good,0
257.99241278978764,kruus,gravel,track,grade4,good,0
258.272428679684,kruus,gravel,track,grade4,good,0
258.4801048396801,kruus,gravel,track,grade4,good,0
258.758489568929,kruus,gravel,track,grade4,good,1
258.98866247414867,kruus,gravel,track,grade4,good,0
259.22322472674495,kruus,gravel,track,grade4,good,0
259.53122810886333,kruus,gravel,track,grade4,good,0
259.7489923206403,kruus,gravel,track,grade4,good,0
260.01758370223894,asfalt,asphalt,tertiary,grade4,bad,0
260.2499253840577,asfalt,asphalt,tertiary,grade4,bad,0
260.50664337399894,asfalt,asphalt,tertiary,grade4,bad,0
260.76385270516965,asfalt,asphalt,tertiary,grade4,bad,0
260.9867826220515,asfalt,asphalt,tertiary,grade4,bad,0
261.26358944979796,asfalt,asphalt,tertiary,grade4,bad,0
261.46626510624304,asfalt,asphalt,tertiary,grade4,bad,0
261.7405682639265,asfalt,asphalt,tertiary,grade4,bad,1
262.0154802857162,asfalt,asphalt,tertiary,grade4,bad,0
262.29039291634547,asfalt,asphalt,tertiary,grade4,bad,0
262.46852703398605,kruus,compacted,tertiary,grade3,excellent,0
262.7438798535915,kruus,compacted,tertiary,grade3,excellent,0
263.0217852813134,kruus,compacted,tertiary,grade3,excellent,0
263.21071943166544,kruus,compacted,tertiary,grade3,excellent,0
263.5238586760876,kruus,compacted,tertiary,grade3,excellent,0
263.7304457372251,kruus,compacted,tertiary,grade3,excellent,0
264.0244843874046,kruus,compacted,tertiary,grade3,excellent,0
264.22013409554586,kruus,compacted,tertiary,grade3,excellent,0
264.51502040390227,kruus,compacted,tertiary,grade3,excellent,0
264.7099197850601,kruus,compacted,tertiary,grade3,excellent,0
265.0020857259408,kruus,compacted,tertiary,grade3,excellent,0
265.29472221672506,kruus,compacted,tertiary,grade3,excellent,1
265.48963447887525,kruus,compacted,tertiary,grade3,excellent,0
265.7482073650223,kruus,compacted,tertiary,grade3,excellent,0
265.9908882296227,kruus,compacted,tertiary,grade3,excellent,0
266.29414850145395,kruus,compacted,tertiary,grade3,excellent,0
266.49062882115624,kruus,compacted,tertiary,grade3,excellent,0
266.73516645577035,kruus,compacted,tertiary,grade3,excellent,0
267.0263762627062,kruus,compacted,tertiary,grade3,excellent,0
267.2162591161373,kruus,compacted,tertiary,grade3,excellent,0
267.49304686538085,kruus,compacted,tertiary,grade3,excellent,0
267.76251059295595,kruus,compacted,tertiary,grade3,excellent,0
267.98233175001906,kruus,compacted,tertiary,grade3,excellent,0
268.2392467902353,kruus,compacted,tertiary,grade3,excellent,0
268.50441460327215,kruus,compacted,tertiary,grade3,excellent,0
268.7780343691708,asfalt,concrete,tertiary,grade4,good,0
269.0214436065269,asfalt,asphalt,footway,grade5,excellent,0
269.2443341876081,asfalt,asphalt,footway,grade5,excellent,0
269.49616210972863,asfalt,asphalt,footway,grade5,excellent,0
269.7516270389399,asfalt,asphalt,footway,grade5,excellent,0
270.0080543681983,asfalt,asphalt,footway,grade4,very_horrible,0
270.2680542665586,asfalt,asphalt,footway,grade4,very_horrible,0
270.499086390564,asfalt,asphalt,footway,grade4,very_horrible,0
270.77926724235346,asfalt,asphalt,cycleway,grade4,excellent,0
270.99326027512006,asfalt,asphalt,secondary,grade5,good,0
271.2650637922327,asfalt,asphalt,secondary,grade5,good,0
271.4923066752471,asfalt,asphalt,secondary,grade5,good,0
271.77383760863324,asfalt,asphalt,secondary,grade5,good,0
272.0407136381855,asfalt,asphalt,secondary,grade5,good,0
272.2188910090845,asfalt,asphalt,secondary,grade5,good,0
272.50097997572317,asfalt,asphalt,secondary,grade5,good,0
272.7501912269507,asfalt,asphalt,secondary,grade5,good,0
273.0050670060247,kruus,compacted,tertiary,grade1,good,0
273.22836160797965,kruus,compacted,tertiary,grade1,good,0
273.5240897226045,kruus,compacted,tertiary,grade1,good,0
273.71532530102553,kruus,compacted,tertiary,grade1,good,0
273.96847287183186,kruus,compacted,tertiary,grade1,good,0
274.246082474981,asfalt,paving_stones,tertiary,grade3,good,0
274.51525849805205,asfalt,paving_stones,tertiary,grade3,good,0
274.7571767212519,asfalt,paving_stones,tertiary,grade3,good,0
274.970433337566,asfalt,paving_stones,tertiary,grade3,good,0
275.2285251011434,asfalt,paving_stones,tertiary,grade3,good,0
275.50832847184387,teadmata,wood,tertiary,grade3,good,0
275.75060890388613,teadmata,wood,tertiary,grade3,good,0
275.9917923502381,asfalt,asphalt,service,grade3,excellent,0
276.2055163973467,asfalt,paving_stones,service,grade1,excellent,0
276.5057283327383,pinnas,ground,tertiary,grade3,excellent,0
276.71956378373966,pinnas,ground,tertiary,grade3,excellent,0
276.9981992844656,asfalt,asphalt,tertiary,grade5,good,0
277.2393763225655,asfalt,asphalt,tertiary,grade5,good,0
277.48357318971586,asfalt,asphalt,tertiary,grade5,good,0
277.7539348079786,asfalt,asphalt,tertiary,grade5,good,0
277.9733809513599,asfalt,asphalt,tertiary,grade5,good,0
278.2726760455703,asfalt,asphalt,tertiary,grade5,good,0
278.5169018001134,asfalt,asphalt,tertiary,grade5,good,0
278.76012047108713,kruus,compacted,tertiary,grade5,intermediate,0
278.9660341992951,asfalt,asphalt,tertiary,grade5,intermediate,0
279.25313664292497,pinnas,dirt,unclassified,grade3,good,0
279.50581460326714,pinnas,dirt,unclassified,grade3,good,0
279.75132594567793,pinnas,dirt,unclassified,grade3,good,0
279.99457850513,pinnas,dirt,unclassified,grade3,good,0
280.23670219548285,pinnas,dirt,unclassified,grade3,good,0
280.5351463292921,pinnas,dirt,unclassified,grade3,good,1
280.74891025004206,pinnas,dirt,unclassified,grade3,good,0
280.9949512185518,asfalt,asphalt,unclassified,grade1,excellent,0
281.27829853201484,asfalt,asphalt,unclassified,grade1,excellent,0
281.51360047465016,asfalt,asphalt,unclassified,grade1,excellent,0
281.73336011560536,asfalt,asphalt,unclassified,grade1,excellent,0
281.9796636540663,asfalt,asphalt,unclassified,grade1,excellent,0
282.25319223759294,asfalt,asphalt,unclassified,grade1,excellent,0
282.5304997321642,asfalt,asphalt,unclassified,grade1,excellent,0
282.7774846276428,asfalt,asphalt,tertiary,grade4,good,0
283.00091774168675,asfalt,asphalt,tertiary,grade4,good,0
283.29061897323476,asfalt,asphalt,tertiary,grade4,good,0
283.4878830560473,asfalt,asphalt,tertiary,grade4,good,0
283.7282203027278,asfalt,asphalt,tertiary,grade4,good,0
284.0186325388261,asfalt,asphalt,tertiary,grade4,good,0
284.2860934163953,asfalt,asphalt,tertiary,grade3,good,1
284.46371184510804,asfalt,asphalt,tertiary,grade3,good,1
284.7600650153828,asfalt,asphalt,tertiary,grade3,good,0
285.0054459589681,asfalt,asphalt,tertiary,grade2,excellent,0
285.2462979284074,asfalt,asphalt,tertiary,grade5,good,0
285.52307068302065,asfalt,asphalt,tertiary,grade3,good,0
285.7411353023594,asfalt,asphalt,tertiary,grade3,good,0
285.99351992348,asfalt,asphalt,tertiary,grade3,good,0
286.25160750951915,asfalt,asphalt,tertiary,grade3,good,0
286.4976891875663,asfalt,asphalt,tertiary,grade3,good,0
286.7261381108237,asfalt,concrete,tertiary,grade2,good,0
287.0278004182553,asfalt,asphalt,service,grade2,good,0
287.241820675428,asfalt,paving_stones,secondary,grade3,excellent,0
287.47121969164346,asfalt,asphalt,tertiary,grade3,good,0
287.71726436509346,pinnas,ground,tertiary,grade4,good,0
288.0234109384547,pinnas,ground,tertiary,grade4,excellent,0
288.2623892229772,pinnas,ground,tertiary,grade4,excellent,0
288.45743733999524,pinnas,ground,tertiary,grade4,excellent,0
288.74972129623353,pinnas,grass,unclassified,grade4,good,0
288.96654645656156,asfalt,asphalt,unclassified,grade1,good,0
289.22585870772014,asfalt,asphalt,unclassified,grade1,good,1
289.50236221662414,asfalt,asphalt,unclassified,grade1,good,1
289.7341896982298,asfalt,asphalt,unclassified,grade1,good,0
290.0270508014786,asfalt,asphalt,unclassified,grade1,good,0
290.2786750341499,asfalt,asphalt,unclassified,grade1,good,0
290.46450546019673,asfalt,asphalt,unclassified,grade1,good,0
290.74061788607116,asfalt,asphalt,unclassified,grade1,good,0
291.01434230788635,asfalt,asphalt,unclassified,grade1,good,0
291.23343501512795,asfalt,asphalt,unclassified,grade1,good,0
291.4617367464105,asfalt,asphalt,unclassified,grade1,good,0
291.7414868657581,asfalt,asphalt,unclassified,grade1,good,0
292.02848452669156,asfalt,asphalt,unclassified,grade1,good,0
292.27168082172517,asfalt,asphalt,tertiary,grade2,good,0
292.4580640057415,asfalt,asphalt,tertiary,grade2,good,0
292.7189446584442,asfalt,asphalt,tertiary,grade2,good,0
292.97997655958414,asfalt,asphalt,tertiary,grade2,good,0
293.2494566718097,asfalt,asphalt,tertiary,grade2,good,0
293.48140671919504,asfalt,asphalt,tertiary,grade2,good,0
293.74069735205154,kruus,pebblestone,tertiary,grade2,good,0
294.0029940477997,kruus,pebblestone,tertiary,grade2,good,0
294.2740908322312,kruus,pebblestone,tertiary,grade2,good,0
294.4726403528144,kruus,pebblestone,tertiary,grade2,good,0
294.7467085158568,kruus,pebblestone,tertiary,grade2,good,0
295.04238732275394,kruus,pebblestone,tertiary,grade2,good,0
295.2396863108836,kruus,pebblestone,tertiary,grade2,good,0
295.51236095179246,kruus,pebblestone,tertiary,grade2,good,0
295.74401661190603,asfalt,asphalt,unclassified,grade1,excellent,0
295.9721648799479,asfalt,asphalt,unclassified,grade1,excellent,0
296.2114008775458,asfalt,asphalt,unclassified,grade1,excellent,0
296.5307184346241,asfalt,asphalt,unclassified,grade1,excellent,1
296.765706844768,asfalt,asphalt,unclassified,grade1,excellent,0
296.99869847303825,asfalt,asphalt,unclassified,grade5,excellent,1
297.2146909230827,pinnas,ground,tertiary,grade4,excellent,1
297.48404397545903,pinnas,ground,tertiary,grade4,excellent,0
297.74727567149176,asfalt,asphalt,tertiary,grade5,good,0
297.9857802741684,asfalt,asphalt,tertiary,grade5,good,1
298.27623328535657,asfalt,asphalt,tertiary,grade5,good,0
298.45541245907987,asfalt,asphalt,tertiary,grade5,good,0
298.7244678958295,asfalt,asphalt,tertiary,grade5,good,0
298.99409474304133,asfalt,asphalt,tertiary,grade5,good,0
299.2437483235138,asfalt,asphalt,tertiary,grade5,good,0
299.4820483489909,asfalt,asphalt,tertiary,grade5,good,0
299.7387808932836,asfalt,asphalt,tertiary,grade5,good,0
300.01409714274337,asfalt,asphalt,tertiary,grade5,good,0
300.2434673038182,asfalt,asphalt,tertiary,grade5,good,0
300.51150969951124,asfalt,asphalt,tertiary,grade5,good,0
300.7831570697736,asfalt,asphalt,tertiary,grade5,good,0
301.00594039028135,asfalt,asphalt,tertiary,grade5,good,0
301.27082227581366,kruus,unpaved,track,grade3,intermediate,0
301.4976036453653,kruus,unpaved,track,grade3,intermediate,0
301.7600115166175,kruus,unpaved,track,grade3,intermediate,0
302.0117651313209,kruus,unpaved,track,grade3,intermediate,0
302.25817310306564,kruus,unpaved,track,grade3,intermediate,0
302.5045386982378,kruus,unpaved,track,grade3,intermediate,0
302.75228988432383,kruus,unpaved,track,grade3,intermediate,0
302.9854891460774,kruus,unpaved,track,grade3,intermediate,0
303.2339788261828,kruus,unpaved,track,grade3,intermediate,0
303.50431883174383,kruus,unpaved,track,grade3,intermediate,0
303.7451562520851,kruus,unpaved,track,grade3,intermediate,0
303.99543114939917,kruus,unpaved,track,grade3,intermediate,0
304.23726485089963,kruus,unpaved,track,grade3,intermediate,0
304.49536987038766,kruus,unpaved,track,grade3,intermediate,0
304.7444868062089,kruus,unpaved,track,grade3,intermediate,0
305.00636906914536,kruus,gravel,tertiary,grade4,excellent,0
305.29130562356204,asfalt,asphalt,tertiary,grade3,good,0
305.4922429046579,asfalt,asphalt,tertiary,grade3,good,0
305.7430274382055,asfalt,asphalt,tertiary,grade3,good,0
305.96890178543515,asfalt,asphalt,tertiary,grade3,good,0
306.2277103761064,asfalt,asphalt,tertiary,grade3,good,0
306.47886991825976,asfalt,asphalt,tertiary,grade3,good,0
306.7568982635556,asfalt,asphalt,tertiary,grade3,good,0
306.98105610212235,asfalt,asphalt,tertiary,grade3,good,0
307.2404328584418,asfalt,asphalt,tertiary,grade3,good,0
307.49645663093463,asfalt,asphalt,tertiary,grade3,good,0
307.7862823867938,asfalt,asphalt,tertiary,grade3,good,0
307.9784358690433,asfalt,asphalt,tertiary,grade3,good,0
308.21227263985963,asfalt,asphalt,tertiary,grade3,good,0
308.47296502918306,asfalt,asphalt,unclassified,grade5,intermediate,0
308.766219237696,asfalt,asphalt,unclassified,grade5,intermediate,0
308.960809811406,asfalt,asphalt,unclassified,grade5,intermediate,0
309.2558247489721,asfalt,asphalt,unclassified,grade5,intermediate,0
309.5144224323455,asfalt,asphalt,unclassified,grade5,intermediate,0
309.79023440188564,asfalt,asphalt,unclassified,grade5,intermediate,0
310.03489186282707,asfalt,asphalt,unclassified,grade5,intermediate,0
310.2439587493948,asfalt,asphalt,unclassified,grade5,intermediate,0
310.49641640003324,asfalt,asphalt,unclassified,grade5,intermediate,0
310.7878602265962,asfalt,asphalt,unclassified,grade5,intermediate,0
310.9780911383373,asfalt,asphalt,unclassified,grade5,intermediate,0
311.2746427540091,asfalt,asphalt,unclassified,grade5,intermediate,0
311.5397154025476,asfalt,asphalt,secondary,grade5,good,0
311.77515824949415,asfalt,asphalt,secondary,grade5,good,0
312.0007415745239,asfalt,asphalt,secondary,grade5,good,0
312.2444395635654,asfalt,asphalt,tertiary,grade3,bad,0
312.5108116420366,asfalt,asphalt,tertiary,grade3,bad,0
312.7081359991758,asfalt,asphalt,tertiary,grade3,bad,1
313.00361233795104,asfalt,asphalt,tertiary,grade3,bad,0
313.2705931759734,asfalt,asphalt,tertiary,grade3,bad,0
313.51601034600196,asfalt,asphalt,track,grade5,good,0
313.76527543535747,asfalt,asphalt,tertiary,grade3,bad,0
314.00687722528323,asfalt,asphalt,tertiary,grade3,bad,0
314.25410881068575,asfalt,paving_stones,tertiary,grade3,excellent,0
314.5154287119894,asfalt,paving_stones,tertiary,grade3,excellent,0
314.76888582182875,asfalt,paving_stones,tertiary,grade3,excellent,0
314.978440057395,asfalt,paving_stones,tertiary,grade3,excellent,0
315.26376891870603,asfalt,asphalt,tertiary,grade3,intermediate,0
315.49460024979896,asfalt,asphalt,tertiary,grade5,excellent,0
315.75660397131804,asfalt,asphalt,tertiary,grade4,excellent,0
315.9883198515046,pinnas,sand,tertiary,grade5,good,0
316.25937546860865,asfalt,asphalt,service,grade1,good,0
316.47344848592724,asfalt,asphalt,service,grade3,excellent,0
316.78731788888206,teadmata,asphalt,unclassified,grade3,good,95
316.97583896559894,teadmata,asphalt,unclassified,grade3,good,283
317.25978089198105,teadmata,asphalt,unclassified,grade3,good,492
317.54449786853047,teadmata,asphalt,unclassified,grade3,good,753
317.73340676544063,teadmata,asphalt,unclassified,grade3,good,933
318.01813627123977,teadmata,asphalt,unclassified,grade3,good,1211
318.20705354452855,teadmata,asphalt,unclassified,grade3,good,1396
318.50472251502606,teadmata,asphalt,track,grade4,intermediate,1660
318.7036515112576,teadmata,asphalt,track,grade4,intermediate,1704
319.00133480455355,teadmata,asphalt,track,grade4,intermediate,1809
319.2990266998683,teadmata,asphalt,service,grade1,excellent,1909
319.4968142399585,teadmata,asphalt,service,grade1,excellent,1980
319.79452050243924,teadmata,asphalt,service,grade1,excellent,2117
319.99347429999267,teadmata,asphalt,service,grade1,excellent,2227
320.2812858281042,teadmata,asphalt,track,grade3,good,2366
320.4703397255072,teadmata,asphalt,track,grade3,good,2472
320.75349273064404,teadmata,asphalt,track,grade3,good,2649
321.0370877515019,teadmata,asphalt,track,grade3,good,2843
321.2261553941373,teadmata,asphalt,track,grade3,good,2980
321.5130489291692,teadmata,asphalt,track,grade3,good,3189
321.7095437469408,teadmata,asphalt,track,grade3,good,3122
322.00459830150345,teadmata,asphalt,track,grade3,good,3002
322.28914811772455,teadmata,asphalt,track,grade3,good,2907
322.479744870833,teadmata,asphalt,track,grade3,good,2857
322.7647904587377,teadmata,asphalt,track,grade3,good,2806
322.95491697293375,teadmata,asphalt,track,grade3,good,2787
323.24059269243014,teadmata,asphalt,track,grade3,good,2783
323.52517741656555,teadmata,asphalt,track,grade3,good,2808
323.7157974866522,teadmata,asphalt,track,grade3,good,2841
324.00500015014273,teadmata,asphalt,track,grade3,good,2915
324.2021543347346,teadmata,asphalt,track,grade3,good,2981
324.49899144256443,teadmata,asphalt,track,grade3,good,3102
324.79584023823037,teadmata,concrete,service,grade4,excellent,3232
324.99411146964286,teadmata,concrete,service,grade4,excellent,3198
325.29035593065794,teadmata,concrete,service,grade4,excellent,3145
325.48863686040477,teadmata,concrete,service,grade4,excellent,3111
325.78455923719554,teadmata,concrete,service,grade4,excellent,3075
325.982040379053,teadmata,concrete,service,grade4,excellent,3036
326.2786902919707,teadmata,concrete,service,grade4,excellent,2919
326.476180543275,teadmata,concrete,service,grade4,excellent,2841
326.77303142128926,teadmata,concrete,service,grade4,excellent,2720
326.9708234073932,teadmata,concrete,service,grade4,excellent,2638
327.2682064075348,teadmata,concrete,service,grade4,excellent,2516
327.46632376698744,teadmata,concrete,service,grade4,excellent,2434
327.763404728616,teadmata,concrete,service,grade4,excellent,2311
327.9615313644016,teadmata,concrete,service,grade4,excellent,2229
328.25819519374676,teadmata,concrete,service,grade4,excellent,2107
328.45675905250476,teadmata,concrete,service,grade4,excellent,2025
328.7541838639632,teadmata,concrete,service,grade4,excellent,1902
328.95201332035947,teadmata,concrete,service,grade4,excellent,1820
329.24945206783474,teadmata,concrete,service,grade4,excellent,1697
329.5468991878199,teadmata,concrete,service,grade4,excellent,1575
329.7447436071645,teadmata,concrete,service,grade4,excellent,1492
330.04220466332043,teadmata,concrete,service,grade4,excellent,1301
330.2403739608362,teadmata,concrete,service,grade4,excellent,1155
330.53753347452823,teadmata,concrete,service,grade4,excellent,935
330.7357120487378,teadmata,concrete,service,grade4,excellent,789
331.0267890711649,teadmata,concrete,service,grade4,excellent,574
331.2117067291374,teadmata,concrete,service,grade4,excellent,437
331.4898417901201,teadmata,concrete,service,grade4,excellent,233
331.76766070749267,asfalt,concrete,service,grade4,excellent,28
331.9999052435829,teadmata,concrete,service,grade4,excellent,142
332.21233944311444,teadmata,concrete,service,grade4,excellent,247
332.5061220329639,teadmata,concrete,service,grade4,excellent,324
332.7245054796436,teadmata,concrete,service,grade4,excellent,354
333.0313970228589,teadmata,concrete,service,grade4,excellent,267
333.2042606475441,teadmata,asphalt,tertiary,grade2,good,169
333.48890650184126,asfalt,asphalt,tertiary,grade4,good,1
333.739539679679,asfalt,asphalt,tertiary,grade2,good,0
334.0166705047334,asfalt,asphalt,tertiary,grade1,good,0
334.24071808782406,asfalt,asphalt,tertiary,grade1,good,0
334.50356439939947,asfalt,asphalt,tertiary,grade1,good,0
334.74978490156434,asfalt,asphalt,tertiary,grade1,good,0
335.00805454444173,asfalt,asphalt,tertiary,grade1,good,0
335.27612471871976,asfalt,asphalt,tertiary,grade1,excellent,0
335.4724548339019,asfalt,asphalt,tertiary,grade1,excellent,0
335.7666689958106,asfalt,asphalt,tertiary,grade1,excellent,0
335.9860322773668,asfalt,asphalt,tertiary,grade1,excellent,0
336.27888133440604,pinnas,ground,track,grade1,intermediate,0
336.50743964434764,asfalt,asphalt,tertiary,grade2,good,0
336.7647653115173,asfalt,asphalt,tertiary,grade2,good,0
336.9715809061212,asfalt,asphalt,tertiary,grade2,good,0
337.2519645405236,pinnas,grass,tertiary,grade3,excellent,1
337.4831532309285,asfalt,paved,tertiary,grade3,excellent,0
337.78672386023317,asfalt,paved,tertiary,grade3,excellent,1
338.0097253604428,asfalt,asphalt,tertiary,grade3,good,0
338.2630208199396,kruus,gravel,tertiary,grade1,good,0
338.5085703073831,pinnas,ground,tertiary,grade3,good,0
338.7265155379665,pinnas,ground,tertiary,grade3,good,0
338.99951263950624,pinnas,ground,tertiary,grade3,good,0
339.21570331756936,pinnas,ground,tertiary,grade3,good,0
339.4906476965813,pinnas,ground,tertiary,grade3,good,0
339.7441055400969,asfalt,concrete:plates,tertiary,grade5,good,0
340.0407223430847,asfalt,concrete:plates,tertiary,grade5,good,0
340.2381166485702,asfalt,asphalt,unclassified,grade2,good,0
340.47660819834584,asfalt,concrete:plates,tertiary,grade5,good,0
340.71039543359666,asfalt,concrete:plates,tertiary,grade5,good,0
341.00767510104896,asfalt,concrete:plates,tertiary,grade5,good,0
341.28254686029635,asfalt,concrete:plates,tertiary,grade5,good,0
341.4775589997609,asfalt,concrete:plates,tertiary,grade5,good,0
341.752265717967,asfalt,concrete:plates,tertiary,grade5,good,1
341.96402696359536,asfalt,concrete:plates,tertiary,grade5,good,1
342.24486810372275,asfalt,concrete:plates,tertiary,grade5,good,0
342.47248476502574,asfalt,concrete:plates,tertiary,grade5,good,0
342.77301431719485,asfalt,asphalt,tertiary,grade4,excellent,0
342.96748494825164,asfalt,asphalt,tertiary,grade4,excellent,0
343.2433091144448,asfalt,asphalt,tertiary,grade4,excellent,0
343.4910732845202,asfalt,asphalt,tertiary,grade4,excellent,0
343.74860394955425,asfalt,asphalt,tertiary,grade4,excellent,0
343.9895691441521,asfalt,asphalt,tertiary,grade4,excellent,0
344.219361302288,asfalt,paving_stones,unclassified,grade3,good,0
344.49005576284435,asfalt,asphalt,tertiary,grade4,excellent,0
344.75373066312477,asfalt,asphalt,tertiary,grade4,excellent,0
344.96777234971313,asfalt,asphalt,tertiary,grade4,excellent,0
345.2828848595795,asfalt,asphalt,tertiary,grade4,excellent,0
345.4794916197304,asfalt,asphalt,tertiary,grade4,excellent,0
345.7537728637001,asfalt,asphalt,tertiary,grade4,excellent,0
345.98543987497783,asfalt,asphalt,tertiary,grade4,excellent,0
346.2520975018751,asfalt,asphalt,tertiary,grade4,excellent,0
346.4836652773702,asfalt,paving_stones,service,grade2,intermediate,0
346.771634871131,asfalt,asphalt,tertiary,grade4,excellent,0
346.9898625320224,kruus,unpaved,tertiary,grade5,good,0
347.23204309552165,kruus,unpaved,tertiary,grade5,good,0
347.5233056363772,kruus,unpaved,tertiary,grade5,good,1
347.73361928319974,kruus,unpaved,tertiary,grade5,good,0
348.01901143760483,pinnas,dirt,tertiary,grade4,good,0
348.2526579721982,pinnas,dirt,tertiary,grade4,good,0
348.53329294503146,pinnas,dirt,tertiary,grade4,good,0
348.7323068747184,pinnas,dirt,tertiary,grade4,good,0
349.00224777311814,pinnas,dirt,tertiary,grade4,good,0
349.2719892330694,pinnas,dirt,tertiary,grade4,good,0
349.5028663965766,kruus,gravel,tertiary,grade4,good,0
349.7531698821916,asfalt,asphalt,tertiary,grade2,excellent,0
349.9709561243672,asfalt,asphalt,tertiary,grade2,excellent,1
350.2970120861441,asfalt,asphalt,tertiary,grade2,excellent,0
350.5407753386554,asfalt,asphalt,tertiary,grade2,excellent,0
350.7281740489698,asfalt,asphalt,tertiary,grade2,excellent,0
350.974813935259,asfalt,asphalt,tertiary,grade2,excellent,1
351.25113265848313,asfalt,asphalt,tertiary,grade2,excellent,0
351.5099474504426,kruus,fine_gravel,tertiary,grade4,bad,0
351.7474018367834,kruus,fine_gravel,tertiary,grade4,bad,0
351.9757922890201,kruus,fine_gravel,tertiary,grade4,bad,0
352.2905358375424,kruus,fine_gravel,tertiary,grade4,bad,0
352.48466123103674,kruus,fine_gravel,tertiary,grade4,bad,0
352.75031888501485,kruus,fine_gravel,tertiary,grade4,bad,0
352.9914437180113,kruus,fine_gravel,tertiary,grade4,bad,0
353.25737376762316,kruus,fine_gravel,tertiary,grade4,bad,0
353.47437956823813,kruus,fine_gravel,tertiary,grade4,bad,0
353.73138749152275,kruus,fine_gravel,tertiary,grade4,bad,0
354.0208584954835,kruus,fine_gravel,tertiary,grade4,bad,0
354.24669537919164,kruus,fine_gravel,tertiary,grade4,bad,0
354.50844737926235,kruus,fine_gravel,tertiary,grade4,bad,0
354.75771486032056,kruus,fine_gravel,tertiary,grade4,bad,0
355.03923663079854,kruus,fine_gravel,tertiary,grade4,bad,0
355.27708722019116,kruus,fine_gravel,tertiary,grade4,bad,0
355.516067672336,kruus,fine_gravel,tertiary,grade4,bad,0
355.7590782629272,kruus,fine_gravel,tertiary,grade4,bad,0
356.0219706347511,kruus,fine_gravel,tertiary,grade4,bad,0
356.2528164991348,kruus,fine_gravel,tertiary,grade4,bad,0
356.5130476307161,asfalt,concrete,unclassified,grade2,bad,0
356.76442533700066,asfalt,concrete,unclassified,grade2,bad,0
356.994506873663,asfalt,concrete,unclassified,grade2,bad,0
357.2560010155481,asfalt,asphalt,unclassified,grade3,intermediate,0
357.4938426473686,asfalt,asphalt,unclassified,grade3,good,0
357.7424359082908,asfalt,asphalt,unclassified,grade2,excellent,0
357.99925841801036,asfalt,asphalt,track,grade3,intermediate,1
358.2341885178601,asfalt,asphalt,track,grade3,excellent,0
358.4926910594517,asfalt,asphalt,track,grade3,excellent,0
358.7462112329923,asfalt,asphalt,track,grade3,excellent,0
359.0106963865574,asfalt,asphalt,track,grade3,excellent,0
359.24933389473904,asfalt,paving_stones,unclassified,grade4,good,0
359.5196861970376,asfalt,paving_stones,unclassified,grade4,good,0
359.74348081844613,asfalt,paving_stones,unclassified,grade4,good,0
360.01262030138946,asfalt,paving_stones,unclassified,grade4,good,0
360.2545020884505,asfalt,paving_stones,unclassified,grade4,good,0
360.50594674638336,asfalt,asphalt,unclassified,grade3,good,0
360.75842467921615,asfalt,asphalt,unclassified,grade3,good,0
360.99950238794366,asfalt,asphalt,service,grade4,good,0
361.24284227130534,asfalt,asphalt,track,grade4,intermediate,0
361.4826203843467,asfalt,asphalt,track,grade3,good,0
361.7740352386206,asfalt,asphalt,track,grade3,good,0
362.03193706576934,asfalt,asphalt,unclassified,grade3,good,1
362.2214596811396,asfalt,asphalt,unclassified,grade3,good,0
362.5032071577295,asfalt,asphalt,unclassified,grade3,good,0
362.74574964176105,asfalt,asphalt,unclassified,grade3,good,0
363.03399236978726,asfalt,asphalt,unclassified,grade3,good,0
363.2464471900964,asfalt,asphalt,unclassified,grade3,good,0
363.52093897420554,asfalt,asphalt,unclassified,grade3,good,0
363.742955943112,asfalt,asphalt,unclassified,grade3,good,0
363.9807106124262,asfalt,asphalt,track,grade5,excellent,0
364.2623676921805,asfalt,asphalt,track,grade3,intermediate,0
364.4882097072171,kruus,gravel,tertiary,grade4,good,0
364.7403135267818,kruus,gravel,tertiary,grade4,good,0
364.98808962809863,kruus,gravel,tertiary,grade4,good,0
365.28530215344216,asfalt,asphalt,tertiary,grade3,excellent,0
365.48627486613645,asfalt,asphalt,tertiary,grade3,excellent,0
365.75248864077906,asfalt,asphalt,unclassified,grade2,intermediate,0
366.0065514427374,kruus,unpaved,path,grade2,very_bad,0
366.2168118970457,kruus,unpaved,path,grade2,very_bad,0
366.47973378426155,kruus,unpaved,path,grade2,very_bad,0
366.7309462174395,kruus,unpaved,path,grade2,very_bad,0
367.0262616118594,kruus,unpaved,path,grade2,very_bad,0
367.2642655007979,kruus,unpaved,path,grade2,very_bad,0
367.4855775765617,kruus,unpaved,path,grade2,very_bad,0
367.7248598181706,kruus,unpaved,path,grade2,very_bad,0
367.9938033446353,kruus,unpaved,path,grade2,very_bad,0
368.23098563571534,asfalt,asphalt,path,grade2,good,0
368.5067626555721,asfalt,paving_stones,track,grade4,good,0
368.7484853899698,asfalt,paving_stones,track,grade4,good,0
368.99808472229535,asfalt,concrete,track,grade3,bad,0
369.2463979196349,asfalt,concrete,track,grade3,bad,0
369.4920629648985,asfalt,paving_stones,track,grade2,good,0
369.7575709287423,asfalt,paving_stones,track,grade2,good,0
370.01063011538326,asfalt,paving_stones,track,grade2,good,1
370.2254631960455,asfalt,paving_stones,track,grade2,good,0
370.51551800254464,asfalt,paving_stones,track,grade2,good,0
370.76968270727804,asfalt,paving_stones,track,grade2,good,0
370.98633836127897,asfalt,paving_stones,track,grade2,good,0
371.2551204649836,asfalt,paving_stones,track,grade2,good,0
371.4987838328846,asfalt,paving_stones,track,grade2,good,0
371.77274575391255,asfalt,paving_stones,track,grade2,good,0
371.9892895112821,asfalt,paving_stones,track,grade2,good,0
372.291414892916,asfalt,paving_stones,track,grade2,good,0
372.48913915355536,asfalt,paving_stones,track,grade2,good,0
372.77608629154514,asfalt,paving_stones,track,grade2,good,0
373.008556513775,asfalt,paving_stones,track,grade2,good,0
373.2627105274163,kruus,gravel,track,grade4,good,0
373.5090575830212,kruus,unpaved,unclassified,grade4,good,0
373.773673156265,asfalt,asphalt,track,grade2,excellent,0
373.9932135394264,asfalt,asphalt,track,grade3,excellent,0
374.2348804858414,asfalt,asphalt,tertiary,grade3,intermediate,0
374.52398843583774,asfalt,asphalt,tertiary,grade3,bad,0
374.72845920636325,asfalt,asphalt,tertiary,grade3,bad,0
375.0064305593475,asfalt,asphalt,tertiary,grade3,bad,0
375.2604197040974,asfalt,asphalt,tertiary,grade3,bad,0
375.5004292610534,asfalt,asphalt,tertiary,grade3,bad,0
375.72387139093627,asfalt,asphalt,tertiary,grade3,bad,0
376.00487626936024,asfalt,asphalt,tertiary,grade3,bad,0
376.2165560166268,asfalt,asphalt,tertiary,grade3,bad,0
376.49010917067983,asfalt,asphalt,tertiary,grade3,bad,0
376.7219768576032,asfalt,asphalt,tertiary,grade3,bad,0
376.9739709867735,asfalt,asphalt,tertiary,grade3,bad,0
377.2459492654584,asfalt,asphalt,tertiary,grade3,bad,0
377.49203876732963,asfalt,asphalt,tertiary,grade3,bad,0
377.7299898514935,asfalt,asphalt,tertiary,grade3,bad,0
378.0316696266561,asfalt,asphalt,tertiary,grade3,bad,0
378.2269530533018,asfalt,asphalt,tertiary,grade3,bad,0
378.5091703619182,asfalt,asphalt,tertiary,grade3,bad,0
378.77266037905684,asfalt,asphalt,tertiary,grade3,bad,0
379.03535360724584,asfalt,asphalt,tertiary,grade3,bad,0
379.237250684466,asfalt,asphalt,tertiary,grade3,bad,0
379.47036768410186,asfalt,asphalt,tertiary,grade3,bad,0
379.757877541678,asfalt,asphalt,tertiary,grade3,bad,0
380.02432411301555,asfalt,asphalt,tertiary,grade3,bad,0
380.2657254023523,asfalt,asphalt,tertiary,grade3,bad,0
380.52423330699844,asfalt,asphalt,tertiary,grade3,bad,0
380.74521000546844,asfalt,asphalt,tertiary,grade3,bad,0
381.03120221066905,asfalt,asphalt,tertiary,grade3,bad,0
381.25158771180566,asfalt,asphalt,tertiary,grade3,bad,0
381.4841504182734,asfalt,asphalt,tertiary,grade3,bad,0
381.7553941980316,asfalt,asphalt,tertiary,grade3,bad,0
381.9810606969752,asfalt,asphalt,tertiary,grade4,good,0
382.25659956533946,asfalt,asphalt,unclassified,grade4,excellent,0
382.4833906927451,asfalt,asphalt,unclassified,grade4,excellent,0
382.76204517034387,asfalt,asphalt,unclassified,grade4,excellent,0
383.01191115939605,asfalt,asphalt,unclassified,grade4,excellent,0
383.2544291832886,asfalt,asphalt,unclassified,grade4,excellent,0
383.49263300137443,asfalt,asphalt,unclassified,grade4,excellent,0
383.72783232308154,asfalt,asphalt,tertiary,grade1,good,0
383.9971845609444,asfalt,asphalt,tertiary,grade4,good,0
384.2688096506686,asfalt,asphalt,tertiary,grade4,good,0
384.46041767787136,asfalt,asphalt,tertiary,grade4,good,0
384.74786664548276,asfalt,asphalt,tertiary,grade4,good,0
385.0352785438851,asfalt,asphalt,tertiary,grade4,good,0
385.26418715902923,asfalt,asphalt,tertiary,grade4,good,0
385.52960976366097,asfalt,asphalt,tertiary,grade4,good,0
385.71428472066395,asfalt,asphalt,tertiary,grade4,good,0
385.97607020741714,asfalt,asphalt,tertiary,grade4,good,0
386.2426085974707,asfalt,asphalt,tertiary,grade5,good,0
386.5038161073736,asfalt,asphalt,tertiary,grade5,good,0
386.76134269988694,asfalt,asphalt,tertiary,grade5,good,0
387.0158175793266,asfalt,asphalt,tertiary,grade5,good,0
387.23846377122044,asfalt,asphalt,tertiary,grade5,good,0
387.49874445519146,asfalt,asphalt,tertiary,grade5,good,1
387.718977482835,pinnas,sand,tertiary,grade4,excellent,0
387.98651944333005,pinnas,sand,tertiary,grade4,excellent,0
388.21588901645976,pinnas,sand,tertiary,grade4,excellent,0
388.5381096640817,pinnas,sand,tertiary,grade4,excellent,0
388.754949166633,pinnas,sand,tertiary,grade2,excellent,0
388.9926958928417,pinnas,sand,tertiary,grade2,excellent,0
389.2776983348882,pinnas,sand,tertiary,grade2,excellent,0
389.5014839781285,pinnas,sand,tertiary,grade2,excellent,0
389.7595521217916,pinnas,sand,tertiary,grade2,excellent,0
389.9859729096964,pinnas,sand,tertiary,grade2,excellent,0
390.2480201990601,pinnas,sand,tertiary,grade1,intermediate,0
390.5138016126423,asfalt,asphalt,unclassified,grade2,good,0
390.74737677701216,kruus,gravel,track,grade2,intermediate,0
391.04247892329647,asfalt,asphalt,track,grade1,good,1
391.2425764062132,asfalt,asphalt,track,grade2,good,1
391.48720085349805,asfalt,asphalt,track,grade2,good,0
391.7520201128521,asfalt,paving_stones,track,grade3,good,0
391.9878421221552,asfalt,paving_stones,track,grade3,good,0
392.2550902930798,kruus,compacted,track,grade1,good,0
392.49738068320556,kruus,compacted,track,grade1,good,0
392.75428616781636,kruus,compacted,track,grade1,good,0
392.99340365310013,kruus,compacted,track,grade1,good,0
393.2530379566612,kruus,compacted,track,grade1,good,0
393.501668878425,asfalt,asphalt,track,grade3,good,0
393.74901969277255,kruus,compacted,track,grade1,good,0
393.98488080698843,kruus,compacted,track,grade1,good,1
394.2804631307214,kruus,gravel,track,grade2,intermediate,0
394.49738729432585,kruus,gravel,track,grade2,intermediate,0
394.7709417613614,kruus,gravel,track,grade2,intermediate,0
395.00252212431707,kruus,unpaved,track,grade1,bad,0
395.21517883072875,kruus,unpaved,track,grade1,bad,0
395.5227489255442,kruus,unpaved,track,grade1,bad,1
395.748603842734,asfalt,asphalt,unclassified,grade1,bad,0
396.0036900094546,asfalt,asphalt,unclassified,grade1,bad,11
396.25189394620884,asfalt,asphalt,unclassified,grade1,bad,7
396.49576104609474,asfalt,asphalt,track,grade3,good,1
396.73598281235127,asfalt,asphalt,track,grade3,good,2
397.0084755660385,asfalt,asphalt,track,grade3,good,3
397.25160480067865,asfalt,asphalt,track,grade3,good,1
397.5010615559616,asfalt,asphalt,track,grade3,good,0
397.74817009433826,asfalt,asphalt,track,grade4,excellent,0
397.99879312601524,asfalt,asphalt,track,grade4,excellent,0
398.26446251877655,asfalt,asphalt,track,grade3,intermediate,1
398.50779117410775,asfalt,asphalt,track,grade3,intermediate,0
398.7751682896004,asfalt,asphalt,track,grade3,intermediate,0
399.00702656980764,asfalt,asphalt,track,grade3,excellent,0
399.24852342869025,asfalt,asphalt,unclassified,grade2,good,0
399.4904235386567,asfalt,asphalt,unclassified,grade2,good,0
399.78224753887974,asfalt,asphalt,unclassified,grade2,good,0
400.01794810464105,asfalt,asphalt,unclassified,grade2,good,0
400.2379420667903,asfalt,asphalt,unclassified,grade2,good,0
400.4884228825254,asfalt,asphalt,unclassified,grade2,good,0
400.75819076782483,kruus,pebblestone,unclassified,grade2,good,0
400.98941247864957,asfalt,asphalt,track,grade2,good,0
401.2661106689711,asfalt,asphalt,track,grade2,good,0
401.5170445257234,asfalt,asphalt,track,grade2,good,0
401.7282627013639,asfalt,asphalt,track,grade2,good,0
401.97713457020745,asfalt,asphalt,track,grade2,intermediate,0
402.2436235010052,asfalt,asphalt,track,grade2,intermediate,0
402.4771183112131,asfalt,asphalt,track,grade2,intermediate,0
402.74876120233455,asfalt,asphalt,track,grade2,intermediate,0
402.9903138617412,asfalt,asphalt,track,grade2,intermediate,0
403.2363703308207,asfalt,asphalt,track,grade2,intermediate,0
403.5144248863628,asfalt,asphalt,track,grade2,intermediate,0
403.72912532669073,asfalt,asphalt,track,grade2,intermediate,0
404.02752448649875,asfalt,asphalt,track,grade2,intermediate,0
404.2205826302761,asfalt,asphalt,track,grade4,excellent,0
404.4991202802271,asfalt,asphalt,track,grade4,excellent,0
404.7371991639122,asfalt,asphalt,track,grade3,excellent,0
404.9928587296669,asfalt,asphalt,unclassified,grade5,excellent,0
405.25194559063317,asfalt,asphalt,unclassified,grade5,excellent,0
405.50639628763844,asfalt,asphalt,unclassified,grade5,excellent,0
405.72784665135663,asfalt,asphalt,unclassified,grade5,excellent,0
405.9919724708197,asfalt,asphalt,unclassified,grade5,excellent,0
406.2789449301051,asfalt,asphalt,unclassified,grade5,excellent,0
406.4952740758448,asfalt,asphalt,unclassified,grade5,excellent,0
406.7958460443108,asfalt,asphalt,unclassified,grade5,excellent,0
406.9920740699698,asfalt,asphalt,unclassified,grade3,good,0
407.2386390166906,asfalt,asphalt,unclassified,grade1,good,0
407.5020919779583,asfalt,asphalt,unclassified,grade1,good,0
407.73504123350455,pinnas,grass,unclassified,grade3,excellent,0
407.99301222245737,pinnas,grass,unclassified,grade3,excellent,0
408.2663539143326,pinnas,grass,unclassified,grade3,excellent,1
408.4913858919114,pinnas,grass,unclassified,grade3,excellent,0
408.7466277939301,pinnas,grass,unclassified,grade3,excellent,0
409.02531994311033,pinnas,grass,unclassified,grade3,excellent,0
409.2651666139445,pinnas,grass,unclassified,grade3,excellent,0
409.52497723922164,asfalt,asphalt,unclassified,grade4,good,0
409.7167901128075,asfalt,asphalt,unclassified,grade4,good,1
409.99818514036633,asfalt,asphalt,unclassified,grade4,good,0
410.2757535572276,asfalt,asphalt,unclassified,grade4,good,0
410.52838575301985,asfalt,asphalt,unclassified,grade4,good,0
410.74456749505737,asfalt,asphalt,unclassified,grade4,good,0
410.9682986672328,kruus,compacted,unclassified,grade3,excellent,0
411.23716101089747,asfalt,asphalt,tertiary,grade5,good,0
411.5059216412661,asfalt,asphalt,tertiary,grade5,good,0
411.74645178368087,asfalt,asphalt,tertiary,grade5,good,0
411.9753628808473,asfalt,asphalt,tertiary,grade5,good,0
412.22342345401387,asfalt,asphalt,tertiary,grade5,good,0
412.4926774299704,asfalt,asphalt,tertiary,grade5,good,0
412.7712700287326,asfalt,asphalt,tertiary,grade5,good,0
412.9810299490337,asfalt,asphalt,tertiary,grade5,good,0
413.22284769716106,asfalt,asphalt,tertiary,grade5,good,0
413.4682086995561,asfalt,asphalt,tertiary,grade5,good,0
413.74405825753183,asfalt,asphalt,tertiary,grade5,good,0
414.00267062622294,asfalt,asphalt,unclassified,grade1,excellent,0
414.2896041124591,asfalt,asphalt,unclassified,grade1,excellent,0
414.5013051746016,asfalt,asphalt,unclassified,grade1,excellent,0
414.75122557440756,asfalt,asphalt,unclassified,grade1,excellent,0
414.9895134909937,asfalt,asphalt,unclassified,grade1,excellent,0
415.26925756494904,asfalt,asphalt,unclassified,grade1,excellent,0
415.5023166502337,asfalt,asphalt,unclassified,grade3,excellent,0
415.72797105973484,asfalt,asphalt,unclassified,grade3,excellent,0
415.99155720152993,asfalt,asphalt,unclassified,grade2,good,0
416.2741089716184,asfalt,asphalt,unclassified,grade2,good,0
416.4940818850399,asfalt,asphalt,unclassified,grade2,good,0
416.73410029082424,asfalt,asphalt,unclassified,grade2,good,0
416.982025517467,asfalt,asphalt,unclassified,grade2,good,1
417.24012022343123,asfalt,asphalt,unclassified,grade2,good,1
417.51183301693317,asfalt,asphalt,track,grade4,excellent,0
417.7462548587467,asfalt,asphalt,unclassified,grade1,excellent,0
417.9875239293391,asfalt,asphalt,unclassified,grade1,excellent,0
418.24516969742774,asfalt,asphalt,unclassified,grade1,excellent,0
418.5270730826617,asfalt,asphalt,unclassified,grade5,excellent,1
418.7491883113512,asfalt,asphalt,unclassified,grade5,excellent,0
419.0078747309735,asfalt,asphalt,unclassified,grade5,excellent,0
419.2727886288558,teadmata,asphalt,unclassified,grade5,excellent,99
419.4997876082083,teadmata,asphalt,secondary,grade2,good,46
419.7210110498257,teadmata,rock,unclassified,grade3,intermediate,0
419.9719926249123,teadmata,rock,unclassified,grade3,intermediate,0
420.23935031348697,teadmata,rock,unclassified,grade3,intermediate,0
420.48172459954696,teadmata,rock,unclassified,grade3,intermediate,0
420.74274295388915,teadmata,rock,unclassified,grade3,intermediate,0
420.99299007672994,teadmata,rock,unclassified,grade3,intermediate,0
421.27054408023855,teadmata,rock,unclassified,grade3,intermediate,0
421.47692688322905,teadmata,rock,unclassified,grade3,intermediate,0
421.7319336989893,teadmata,rock,unclassified,grade3,intermediate,0
422.02024370447936,teadmata,rock,unclassified,grade3,intermediate,0
422.23893564365216,teadmata,rock,unclassified,grade3,intermediate,0
422.4825438305528,teadmata,rock,unclassified,grade3,intermediate,0
422.7552992965186,teadmata,rock,unclassified,grade3,intermediate,0
422.986356908078,teadmata,rock,unclassified,grade3,intermediate,0
423.2561327425918,teadmata,rock,unclassified,grade3,intermediate,0
423.49243077184826,teadmata,rock,unclassified,grade3,intermediate,0
423.7334741441489,teadmata,rock,unclassified,grade3,intermediate,0
424.01144067207264,teadmata,rock,unclassified,grade3,intermediate,0
424.229066324891,teadmata,rock,unclassified,grade3,intermediate,0
424.52122439170745,teadmata,rock,unclassified,grade3,intermediate,0
424.7179460539437,teadmata,wood,secondary,grade5,excellent,0
424.9761042826358,asfalt,asphalt,service,grade5,excellent,0
425.27393299951416,asfalt,asphalt,secondary,grade1,excellent,0
425.5153338783255,asfalt,asphalt,secondary,grade1,excellent,0
425.7734532630345,asfalt,asphalt,secondary,grade1,excellent,2
425.97493351503084,asfalt,asphalt,secondary,grade1,excellent,0
426.2616263540088,asfalt,asphalt,secondary,grade1,excellent,1
426.48982619215303,asfalt,asphalt,unclassified,grade5,excellent,1
426.75157304132705,asfalt,asphalt,unclassified,grade5,excellent,0
427.0277380753062,asfalt,asphalt,unclassified,grade5,excellent,0
427.2456936563923,asfalt,asphalt,unclassified,grade5,excellent,0
427.50367357473203,asfalt,asphalt,unclassified,grade5,excellent,0
427.7412627739036,asfalt,asphalt,unclassified,grade5,excellent,0
428.00667968562783,asfalt,asphalt,unclassified,grade5,excellent,0
428.25997882548063,asfalt,asphalt,track,grade4,good,0
428.5068167240952,asfalt,asphalt,track,grade4,good,0
428.7489718221295,asfalt,asphalt,track,grade4,good,0
428.9908920596069,asfalt,asphalt,track,grade4,good,0
429.22448158686944,asfalt,asphalt,track,grade4,good,0
429.5055540631768,asfalt,asphalt,track,grade4,good,0
429.7573959123372,asfalt,asphalt,track,grade2,excellent,6
429.9828308713662,asfalt,asphalt,track,grade2,excellent,3
430.2512947971849,asfalt,asphalt,track,grade2,excellent,0
430.4990111244101,asfalt,asphalt,track,grade2,excellent,0
430.7479113440613,asfalt,asphalt,track,grade2,excellent,0
430.9920378818653,asfalt,asphalt,track,grade2,excellent,0
431.25383404126717,asfalt,asphalt,track,grade4,good,0
431.4952563935412,asfalt,asphalt,unclassified,grade5,excellent,0
431.73138537592763,asfalt,asphalt,unclassified,grade5,excellent,0
432.01501914863496,asfalt,asphalt,unclassified,grade5,excellent,0
432.2587528307648,asfalt,asphalt,unclassified,grade5,excellent,0
432.521916021617,asfalt,asphalt,unclassified,grade5,excellent,0
432.74294946837693,asfalt,asphalt,unclassified,grade5,excellent,0
433.0224975948907,asfalt,asphalt,unclassified,grade2,good,0
433.2209963133956,asfalt,asphalt,unclassified,grade2,good,0
433.5119251682384,asfalt,asphalt,unclassified,grade2,good,1
433.73635377260103,asfalt,asphalt,unclassified,grade2,good,0
433.99574847058454,asfalt,asphalt,unclassified,grade2,good,0
434.272225316075,asfalt,asphalt,unclassified,grade2,good,0
434.48879101047817,asfalt,asphalt,unclassified,grade2,good,1
434.7330967474229,asfalt,asphalt,unclassified,grade3,excellent,0
435.02975751116077,asfalt,asphalt,unclassified,grade3,excellent,0
435.25530736476935,asfalt,asphalt,unclassified,grade3,excellent,0
435.4993773158683,asfalt,asphalt,unclassified,grade1,good,0
435.792718257305,asfalt,asphalt,unclassified,grade1,good,0
435.9553401480822,asfalt,asphalt,track,grade4,good,0
436.2333302591617,pinnas,ground,unclassified,grade1,excellent,0
436.51948211193456,pinnas,ground,unclassified,grade1,excellent,0
436.782268121022,pinnas,ground,unclassified,grade1,excellent,0
436.9911311831271,asfalt,asphalt,track,grade4,excellent,0
437.2412855402686,pinnas,ground,unclassified,grade1,excellent,0
437.5055274569588,pinnas,ground,unclassified,grade1,excellent,0
437.74078662027824,pinnas,ground,unclassified,grade1,excellent,0
438.0054822229951,pinnas,ground,unclassified,grade1,excellent,0
438.24527302743536,pinnas,ground,unclassified,grade1,excellent,0
438.5004163525547,pinnas,ground,unclassified,grade1,excellent,0
438.76680676201875,pinnas,ground,unclassified,grade1,excellent,0
438.96661391591914,pinnas,ground,unclassified,grade1,excellent,0
439.229693270526,pinnas,ground,unclassified,grade1,excellent,0
439.5041600775593,pinnas,ground,unclassified,grade1,excellent,0
439.7526646869407,asfalt,asphalt,unclassified,grade3,excellent,0
439.968430715143,asfalt,asphalt,unclassified,grade3,excellent,1
440.27432588607934,asfalt,asphalt,unclassified,grade3,excellent,0
440.476688384072,asfalt,asphalt,unclassified,grade3,excellent,0
440.7629440566729,asfalt,asphalt,track,grade4,excellent,0
441.00919293812365,asfalt,asphalt,track,grade4,excellent,0
441.24506646847095,asfalt,asphalt,track,grade4,excellent,0
441.4915596058192,asfalt,asphalt,track,grade4,excellent,0
441.7716016482494,asfalt,asphalt,track,grade4,excellent,0
442.0177107262763,asfalt,asphalt,track,grade4,excellent,0
442.261962804568,asfalt,asphalt,track,grade4,excellent,1
442.4540119709102,asfalt,asphalt,track,grade4,excellent,0
442.7802864880578,asfalt,asphalt,track,grade4,excellent,0
442.99741583575576,asfalt,asphalt,track,grade4,excellent,0
443.24224181022777,asfalt,asphalt,track,grade4,excellent,2
443.50496654189755,asfalt,asphalt,track,grade4,good,0
443.7547393673273,asfalt,asphalt,residential,grade3,intermediate,0
444.01995876173606,asfalt,asphalt,residential,grade3,intermediate,0
444.2598862843899,asfalt,asphalt,residential,grade3,intermediate,0
444.51429166782134,asfalt,asphalt,residential,grade3,intermediate,0
444.75064353446203,asfalt,asphalt,residential,grade3,intermediate,0
445.00764884739283,asfalt,asphalt,residential,grade3,intermediate,0
445.2486665675821,asfalt,asphalt,residential,grade3,intermediate,0
445.513854328095,asfalt,asphalt,residential,grade3,intermediate,0
445.74781279034164,asfalt,asphalt,residential,grade3,intermediate,0
446.0089304700919,asfalt,asphalt,residential,grade3,intermediate,0
446.25494495554096,kruus,compacted,track,grade3,excellent,0
446.49580207759436,kruus,compacted,track,grade3,excellent,0
446.7310894070018,kruus,compacted,track,grade3,excellent,0
447.01117146353334,asfalt,asphalt,track,grade4,good,0
447.26615008004677,teadmata,wood,unclassified,grade4,good,0
447.49469338917095,teadmata,wood,unclassified,grade4,good,0
447.75897711854225,teadmata,wood,unclassified,grade4,good,0
447.9641280434494,teadmata,wood,unclassified,grade4,good,0
448.256130859266,teadmata,wood,unclassified,grade4,good,0
448.49112549753926,teadmata,wood,unclassified,grade4,good,0
448.75319827930235,teadmata,wood,unclassified,grade4,good,0
448.980374280697,teadmata,wood,unclassified,grade4,good,0
449.2826217233577,teadmata,wood,unclassified,grade4,good,0
449.48208326223744,teadmata,wood,unclassified,grade4,good,0
449.7603672321099,teadmata,wood,unclassified,grade4,good,0
449.95847675986715,teadmata,wood,unclassified,grade4,good,0
450.22562629749393,teadmata,wood,unclassified,grade4,good,0
450.47696370905606,teadmata,wood,unclassified,grade4,good,0
450.7358670743103,teadmata,wood,unclassified,grade4,good,0
451.02131209264826,teadmata,wood,unclassified,grade4,good,0
451.2582512200562,teadmata,wood,unclassified,grade4,good,0
451.48648440810223,teadmata,wood,unclassified,grade4,good,0
451.73573403924905,teadmata,wood,unclassified,grade4,good,1
452.0061801315965,teadmata,wood,unclassified,grade4,good,0
452.2233509120101,teadmata,wood,unclassified,grade4,good,0
452.4893249924158,teadmata,wood,unclassified,grade4,good,0
452.7529903669449,pinnas,ground,secondary,grade2,good,0
452.9876484160871,pinnas,ground,secondary,grade2,good,0
453.22684199928864,kruus,gravel,secondary,grade1,excellent,0
453.5148035219864,kruus,gravel,secondary,grade1,excellent,0
453.76380831980657,kruus,gravel,secondary,grade1,excellent,0
453.96509895545273,asfalt,asphalt,tertiary,grade3,good,1
454.230191618275,asfalt,asphalt,tertiary,grade3,good,0
454.5146363968559,asfalt,asphalt,tertiary,grade3,good,0
454.77515470830485,asfalt,asphalt,tertiary,grade3,good,0
455.0216565163016,asfalt,asphalt,tertiary,grade3,good,0
455.262977317097,asfalt,asphalt,tertiary,grade3,good,0
455.52086060345107,asfalt,asphalt,tertiary,grade3,good,2
455.70849814762994,asfalt,asphalt,tertiary,grade3,good,0
456.0005395187361,asfalt,asphalt,tertiary,grade3,good,0
456.29046817447073,asfalt,asphalt,tertiary,grade3,good,0
456.46712165988953,asfalt,asphalt,tertiary,grade3,good,0
456.7852373586402,asfalt,asphalt,tertiary,grade3,good,0
457.0137821232702,asfalt,asphalt,tertiary,grade3,good,0
457.2746002281939,asfalt,asphalt,tertiary,grade3,good,0
457.4965146292667,asfalt,asphalt,tertiary,grade3,good,0
457.7245135865364,asfalt,asphalt,tertiary,grade3,good,0
457.98385902084976,kruus,gravel,tertiary,grade4,good,0
458.23194181103713,kruus,gravel,tertiary,grade4,good,0
458.4968678177761,kruus,gravel,tertiary,grade4,good,0
458.75268273256967,asfalt,asphalt,tertiary,grade3,excellent,0
459.01201855298365,asfalt,asphalt,tertiary,grade3,excellent,0
459.27634475119305,asfalt,asphalt,residential,grade4,excellent,0
459.50122735171254,asfalt,asphalt,residential,grade4,excellent,0
459.73142836485954,asfalt,asphalt,service,grade4,intermediate,0
459.9844681234816,asfalt,asphalt,tertiary,grade5,good,0
460.2407322537499,asfalt,asphalt,tertiary,grade2,good,0
460.4856370686043,asfalt,asphalt,unclassified,grade4,good,0
460.73369015981666,asfalt,asphalt,unclassified,grade4,good,0
460.9896651593824,asfalt,asphalt,unclassified,grade4,good,0
461.2532651188362,asfalt,asphalt,unclassified,grade4,good,0
461.4813215763296,asfalt,asphalt,unclassified,grade4,good,0
461.73037424258496,asfalt,asphalt,unclassified,grade4,good,0
462.0323330762376,asfalt,asphalt,unclassified,grade4,good,0
462.2502031280341,asfalt,asphalt,unclassified,grade4,good,0
462.49630542994686,asfalt,asphalt,unclassified,grade4,good,0
462.7324310293739,asfalt,asphalt,unclassified,grade4,good,0
463.0115553842695,asfalt,asphalt,unclassified,grade4,good,0
463.2442233554333,asfalt,asphalt,unclassified,grade4,good,0
463.46398327812716,asfalt,asphalt,unclassified,grade2,good,1
463.71997856311236,asfalt,asphalt,unclassified,grade2,good,0
464.0112249749636,asfalt,asphalt,unclassified,grade1,excellent,0
464.2676174821797,asfalt,asphalt,unclassified,grade1,excellent,0
464.4711817721343,asfalt,asphalt,unclassified,grade1,excellent,0
464.7479738518656,asfalt,asphalt,unclassified,grade1,excellent,0
464.99790000659505,asfalt,asphalt,unclassified,grade1,excellent,0
465.2718835015657,asfalt,asphalt,unclassified,grade1,excellent,0
465.49528241867085,asfalt,asphalt,unclassified,grade2,excellent,0
465.7671580018506,asfalt,asphalt,unclassified,grade2,excellent,0
465.9706791964362,asfalt,asphalt,unclassified,grade2,excellent,0
466.2584741529793,asfalt,asphalt,unclassified,grade2,excellent,0
466.53077636793296,asfalt,asphalt,unclassified,grade2,excellent,1
466.7974819553562,asfalt,asphalt,unclassified,grade2,excellent,0
467.02103729901455,asfalt,asphalt,unclassified,grade2,excellent,0
467.2597274815094,asfalt,asphalt,unclassified,grade2,excellent,0
467.4902780039813,asfalt,asphalt,unclassified,grade2,excellent,0
467.75624521151184,asfalt,asphalt,unclassified,grade2,excellent,0
467.99236064627655,asfalt,asphalt,unclassified,grade2,excellent,0
468.24169477642664,asfalt,asphalt,unclassified,grade2,excellent,0
468.49080246311445,asfalt,asphalt,track,grade3,good,0
468.7290677736427,asfalt,asphalt,track,grade3,good,0
468.9892690281496,asfalt,asphalt,track,grade3,good,0
469.27655737330434,asfalt,asphalt,track,grade3,good,0
469.49977651487137,asfalt,asphalt,track,grade3,good,0
469.7287253684655,asfalt,asphalt,track,grade3,good,0
470.0179752624206,asfalt,paved,tertiary,grade2,horrible,0
470.24855413391276,asfalt,paved,tertiary,grade2,horrible,0
470.464152428924,asfalt,paved,tertiary,grade2,horrible,0
470.7276710928077,asfalt,paved,tertiary,grade2,horrible,0
470.988442894515,asfalt,paving_stones,unclassified,grade5,excellent,0
471.26840342894127,asfalt,paving_stones,unclassified,grade5,excellent,0
471.5376476273061,asfalt,paving_stones,unclassified,grade5,excellent,0
471.738926992994,asfalt,paving_stones,unclassified,grade5,excellent,0
471.99025163054824,asfalt,paving_stones,unclassified,grade5,excellent,0
472.23726987661905,asfalt,paving_stones,unclassified,grade5,excellent,0
472.4780395147622,asfalt,paving_stones,unclassified,grade5,excellent,0
472.773317520138,asfalt,paving_stones,unclassified,grade5,excellent,0
472.9968765150131,asfalt,paving_stones,unclassified,grade5,excellent,0
473.2430042376862,asfalt,paving_stones,unclassified,grade5,excellent,0
473.5064736934001,asfalt,paving_stones,unclassified,grade5,excellent,0
473.71845544813095,asfalt,paving_stones,unclassified,grade5,excellent,1
474.0032621939983,asfalt,paving_stones,unclassified,grade5,excellent,0
474.23242146158697,asfalt,paving_stones,unclassified,grade5,excellent,0
474.4684593636806,asfalt,paving_stones,unclassified,grade5,excellent,0
474.7145621296014,asfalt,paving_stones,unclassified,grade5,excellent,0
475.0188966785809,asfalt,asphalt,unclassified,grade4,good,0
475.27061356036324,asfalt,asphalt,unclassified,grade4,good,0
475.49685039555413,kruus,unpaved,unclassified,grade3,bad,0
475.7445288418545,asfalt,paving_stones,unclassified,grade2,bad,0
475.9900491030644,asfalt,asphalt,unclassified,grade3,excellent,0
476.2542685852565,asfalt,asphalt,unclassified,grade3,excellent,0
476.5146953523468,asfalt,asphalt,unclassified,grade3,excellent,0
476.7889395304313,asfalt,asphalt,unclassified,grade3,excellent,0
477.00723820026695,asfalt,asphalt,track,grade1,intermediate,0
477.2293258673499,asfalt,asphalt,track,grade3,very_bad,0
477.50790946518276,asfalt,asphalt,tertiary,grade3,excellent,0
477.78078599799295,asfalt,asphalt,tertiary,grade3,excellent,0
478.0230567962629,asfalt,asphalt,tertiary,grade3,excellent,0
478.275881058997,asfalt,asphalt,tertiary,grade3,excellent,0
478.5182857710927,asfalt,asphalt,tertiary,grade3,excellent,0
478.7559348771528,asfalt,asphalt,tertiary,grade3,excellent,0
479.02190756127135,asfalt,asphalt,tertiary,grade3,excellent,0
479.23350307902626,asfalt,asphalt,tertiary,grade3,excellent,0
479.5032792260993,asfalt,asphalt,tertiary,grade3,excellent,0
479.7508426490438,asfalt,asphalt,tertiary,grade3,excellent,0
479.9618656813925,asfalt,asphalt,tertiary,grade3,excellent,0
480.25734202930164,asfalt,asphalt,tertiary,grade3,excellent,0
480.47213431592263,asfalt,asphalt,tertiary,grade3,excellent,0
480.7192985373363,asfalt,asphalt,tertiary,grade3,excellent,0
481.01773337872913,asfalt,asphalt,tertiary,grade3,excellent,0
481.2644553075822,asfalt,asphalt,tertiary,grade3,excellent,1
481.4654929336651,asfalt,asphalt,tertiary,grade3,excellent,0
481.7481056213779,asfalt,asphalt,tertiary,grade3,excellent,0
481.98947478774363,asfalt,asphalt,tertiary,grade3,excellent,0
482.2489537975487,asfalt,asphalt,tertiary,grade3,excellent,0
482.531001501991,asfalt,asphalt,tertiary,grade3,excellent,0
482.790668770066,asfalt,paving_stones,tertiary,grade4,intermediate,0
482.9711566642009,asfalt,paving_stones,tertiary,grade4,intermediate,0
483.2346467196461,asfalt,paving_stones,tertiary,grade2,intermediate,0
483.52181263045486,pinnas,dirt,tertiary,grade2,excellent,0
483.7796490290676,pinnas,dirt,tertiary,grade2,excellent,2
483.96825697592294,asfalt,asphalt,tertiary,grade2,excellent,1
484.2129334858487,pinnas,dirt,tertiary,grade2,excellent,0
484.52936531440815,pinnas,dirt,tertiary,grade2,excellent,0
484.7746313104368,pinnas,dirt,tertiary,grade2,excellent,0
485.0219153182196,pinnas,dirt,tertiary,grade2,excellent,0
485.2479201077491,pinnas,dirt,tertiary,grade2,excellent,0
485.5251846905628,pinnas,dirt,tertiary,grade2,excellent,0
485.7187154098982,asfalt,asphalt,unclassified,grade3,excellent,0
485.99593337633695,asfalt,paving_stones,tertiary,grade1,intermediate,0
486.23242149126827,asfalt,paving_stones,tertiary,grade1,intermediate,0
486.5125909638868,asfalt,paving_stones,tertiary,grade1,intermediate,0
486.71229734449764,asfalt,paving_stones,tertiary,grade1,intermediate,0
486.9780118721208,kruus,gravel,tertiary,grade1,excellent,0
487.25288945969703,kruus,unpaved,tertiary,grade4,excellent,0
487.54282924638125,kruus,unpaved,tertiary,grade4,excellent,0
487.7359272689342,kruus,unpaved,tertiary,grade4,excellent,0
488.0252127541616,kruus,unpaved,tertiary,grade4,excellent,0
488.2186126666973,kruus,unpaved,tertiary,grade4,excellent,0
488.50672932748796,kruus,unpaved,tertiary,grade4,excellent,0
488.7360800053753,kruus,unpaved,tertiary,grade4,excellent,0
489.00976539929894,kruus,unpaved,tertiary,grade4,excellent,0
489.27748707114813,kruus,unpaved,tertiary,grade4,excellent,0
489.45633754132444,kruus,unpaved,tertiary,grade4,excellent,0
489.7244344698397,asfalt,asphalt,tertiary,grade1,intermediate,0
490.00088710251487,asfalt,asphalt,tertiary,grade1,intermediate,0
490.248025310869,asfalt,asphalt,tertiary,grade1,intermediate,0
490.53113151755883,asfalt,asphalt,tertiary,grade1,intermediate,0
490.73925750193996,asfalt,asphalt,tertiary,grade1,intermediate,0
491.0015789274714,asfalt,asphalt,tertiary,grade1,intermediate,1
491.2433301826053,asfalt,asphalt,tertiary,grade1,intermediate,1
491.50900380133737,asfalt,asphalt,tertiary,grade1,intermediate,0
491.73797215823885,asfalt,asphalt,tertiary,grade4,intermediate,0
492.04686642507426,asfalt,asphalt,tertiary,grade4,intermediate,0
492.2512129493515,asfalt,asphalt,tertiary,grade4,intermediate,0
492.51307850196685,asfalt,asphalt,tertiary,grade4,intermediate,0
492.7757202315416,asfalt,asphalt,tertiary,grade4,intermediate,0
492.99800267667774,asfalt,asphalt,tertiary,grade4,intermediate,0
493.25751280049946,asfalt,asphalt,tertiary,grade4,intermediate,0
493.47452356812687,asfalt,asphalt,tertiary,grade4,intermediate,0
493.75131086957555,asfalt,asphalt,tertiary,grade4,intermediate,0
494.0034756516931,asfalt,asphalt,tertiary,grade4,intermediate,1
494.21767685609564,asfalt,asphalt,tertiary,grade4,intermediate,0
494.5072611691436,asfalt,asphalt,tertiary,grade4,intermediate,0
494.7489949066712,asfalt,asphalt,tertiary,grade4,intermediate,0
495.011173555451,asfalt,asphalt,tertiary,grade4,intermediate,0
495.2598971724882,asfalt,asphalt,tertiary,grade4,intermediate,0
495.4848518528924,asfalt,asphalt,tertiary,grade4,intermediate,0
495.7432560244046,asfalt,asphalt,tertiary,grade4,intermediate,0
495.99881970654025,asfalt,asphalt,tertiary,grade4,intermediate,0
496.2591448508639,asfalt,asphalt,tertiary,grade4,intermediate,0
496.50875264390345,asfalt,asphalt,tertiary,grade4,intermediate,0
496.74842569460554,asfalt,asphalt,tertiary,grade4,intermediate,0
496.98052666175664,asfalt,asphalt,tertiary,grade4,intermediate,0
497.24643527120014,asfalt,asphalt,tertiary,grade4,intermediate,0
497.5321850896494,asfalt,asphalt,tertiary,grade4,intermediate,0
497.7483272706108,asfalt,asphalt,tertiary,grade4,intermediate,0
497.9869031204989,asfalt,asphalt,tertiary,grade4,intermediate,0
498.25175035305244,asfalt,asphalt,tertiary,grade4,intermediate,0
498.5288293451112,asfalt,asphalt,tertiary,grade4,intermediate,0
498.72134300448516,asfalt,asphalt,tertiary,grade4,intermediate,0
498.99667018989436,asfalt,asphalt,tertiary,grade4,intermediate,0
499.25266860983845,asfalt,asphalt,tertiary,grade4,intermediate,0
499.4834397050879,asfalt,asphalt,tertiary,grade4,intermediate,0
499.7337555658985,asfalt,asphalt,tertiary,grade4,intermediate,0
499.9883387799364,asfalt,asphalt,tertiary,grade4,intermediate,0
500.26229188914493,asfalt,asphalt,tertiary,grade4,intermediate,0
500.48956984318215,kruus,compacted,tertiary,grade4,intermediate,0
500.7193606684847,kruus,compacted,tertiary,grade4,intermediate,0
500.9979344510987,kruus,compacted,tertiary,grade4,intermediate,0
501.2553795213618,kruus,compacted,tertiary,grade4,intermediate,1
501.50416456032065,kruus,compacted,tertiary,grade4,intermediate,0
501.74862202228417,kruus,compacted,tertiary,grade4,intermediate,0
502.0271694627467,asfalt,asphalt,secondary,grade3,good,0
502.21629192655837,asfalt,asphalt,secondary,grade3,good,1
502.517422054026,asfalt,concrete:plates,cycleway,grade2,good,0
502.74774246907276,asfalt,concrete:plates,cycleway,grade2,good,0
503.0101669666698,asfalt,concrete:plates,cycleway,grade2,good,0
503.2459786368106,asfalt,concrete:plates,cycleway,grade2,good,0
503.51079316870437,asfalt,concrete:plates,cycleway,grade2,good,0
503.74325068370507,asfalt,concrete:plates,cycleway,grade2,good,0
503.95522414381026,asfalt,concrete:plates,cycleway,grade2,good,0
504.2249470096048,asfalt,asphalt,cycleway,grade4,excellent,0
504.5260431442232,asfalt,asphalt,cycleway,grade4,excellent,0
504.7356779130649,asfalt,asphalt,residential,grade2,excellent,0
504.95552992495686,asfalt,asphalt,residential,grade2,excellent,0
505.24517017271387,asfalt,asphalt,residential,grade2,excellent,0
505.4902319409847,kruus,fine_gravel,unclassified,grade3,bad,0
505.7798153139694,kruus,fine_gravel,unclassified,grade3,bad,0
505.9813618314054,kruus,fine_gravel,unclassified,grade3,bad,0
506.2705597376784,kruus,fine_gravel,unclassified,grade3,bad,0
506.4618231972834,kruus,fine_gravel,unclassified,grade3,bad,0
506.77710821297654,asfalt,asphalt,tertiary,grade3,excellent,0
507.044065496673,asfalt,asphalt,tertiary,grade3,excellent,0
507.222475738729,asfalt,asphalt,tertiary,grade3,excellent,0
507.48943182278657,asfalt,asphalt,tertiary,grade3,excellent,0
507.77306102917345,asfalt,paving_stones,unclassified,grade1,good,0
508.0406027060433,asfalt,asphalt,tertiary,grade3,excellent,0
508.26411139463244,asfalt,paving_stones,unclassified,grade2,excellent,0
508.5197717422601,asfalt,asphalt,tertiary,grade2,excellent,0
508.77424793869926,kruus,gravel,tertiary,grade5,good,0
508.96311491900497,kruus,gravel,tertiary,grade5,good,0
509.24499416870924,kruus,gravel,tertiary,grade5,good,0
509.528108412888,kruus,gravel,tertiary,grade5,good,0
509.71661393962773,kruus,gravel,tertiary,grade5,good,0
510.0434304285558,kruus,gravel,tertiary,grade5,good,0
510.23794789231573,kruus,gravel,tertiary,grade5,good,0
510.5302459881223,kruus,gravel,tertiary,grade5,good,0
510.7251079131996,kruus,gravel,tertiary,grade5,good,1
511.0179380317701,kruus,gravel,tertiary,grade5,good,0
511.2127929928857,kruus,gravel,tertiary,grade5,good,0
511.5047189687419,asfalt,asphalt,unclassified,grade5,good,0
511.7016985928023,kruus,gravel,tertiary,grade5,good,0
511.9920663983514,asfalt,asphalt,unclassified,grade3,excellent,0
512.2411761786267,asfalt,asphalt,unclassified,grade2,bad,0
512.4660593225359,asfalt,asphalt,unclassified,grade2,bad,0
512.746633668412,asfalt,asphalt,unclassified,grade2,bad,0
513.0177863107191,asfalt,asphalt,unclassified,grade2,bad,0
513.2209202644123,asfalt,asphalt,unclassified,grade2,bad,0
513.491599665041,asfalt,asphalt,unclassified,grade2,bad,0
513.7492016955842,asfalt,asphalt,unclassified,grade2,bad,0
514.0010806680967,asfalt,asphalt,track,grade2,good,0
514.2725335861235,asfalt,asphalt,track,grade2,good,0
514.5091493044869,asfalt,asphalt,track,grade2,good,0
514.74580959045,asfalt,asphalt,track,grade2,good,0
515.0054168750341,asfalt,asphalt,track,grade2,good,0
515.2242500443213,asfalt,asphalt,track,grade2,good,0
515.5192720289825,asfalt,asphalt,unclassified,grade3,good,0
515.7580493772019,asfalt,asphalt,unclassified,grade3,good,0
516.0046173917507,asfalt,asphalt,unclassified,grade3,good,0
516.2489044354513,asfalt,asphalt,unclassified,grade3,good,0
516.5157656060743,asfalt,asphalt,unclassified,grade5,intermediate,0
516.735200905566,asfalt,asphalt,unclassified,grade5,intermediate,0
516.9852424379939,asfalt,asphalt,unclassified,grade5,intermediate,0
517.2479953870305,asfalt,asphalt,unclassified,grade5,intermediate,0
517.4958779326369,asfalt,asphalt,unclassified,grade5,intermediate,0
517.76733456294,asfalt,asphalt,unclassified,grade5,intermediate,0
518.019731535463,asfalt,asphalt,unclassified,grade5,intermediate,0
518.2600794828638,asfalt,asphalt,unclassified,grade5,intermediate,0
518.4716150749125,asfalt,asphalt,tertiary,grade2,excellent,0
518.7263973505275,kruus,gravel,tertiary,grade5,good,0
518.9979918330864,kruus,gravel,tertiary,grade5,good,0
519.2695828051369,kruus,gravel,tertiary,grade5,good,0
519.5010244496716,asfalt,paved,track,grade4,excellent,1
519.748379684175,asfalt,asphalt,track,grade2,bad,0
519.9772724207016,asfalt,asphalt,track,grade2,bad,0
520.2379655623314,asfalt,paving_stones,track,grade3,good,0
520.5043779278245,asfalt,paving_stones,track,grade3,good,0
520.7474521891799,asfalt,paving_stones,track,grade3,good,0
520.9794731053512,asfalt,paving_stones,track,grade3,good,0
521.2267912789807,asfalt,paving_stones,track,grade3,good,0
521.5131339944332,asfalt,paving_stones,track,grade3,good,0
521.7544143129473,asfalt,paving_stones,track,grade3,good,0
521.9634802773392,asfalt,paving_stones,track,grade3,good,0
522.2986101540806,asfalt,paving_stones,track,grade3,good,0
522.5175168075084,asfalt,paving_stones,track,grade3,good,0
522.7719944610483,asfalt,paving_stones,track,grade3,good,0
522.9723293913372,asfalt,paving_stones,track,grade3,good,0
523.2834557340069,asfalt,paving_stones,track,grade3,good,0
523.4947024671712,asfalt,paving_stones,track,grade3,good,0
523.7470240494962,asfalt,paving_stones,track,grade3,good,0
523.9969040427751,asfalt,paving_stones,track,grade3,good,0
524.26117756683,asfalt,asphalt,track,grade2,excellent,0
524.5031800383117,asfalt,asphalt,track,grade2,excellent,0
524.7475812428826,asfalt,asphalt,track,grade2,excellent,0
524.9864400072253,asfalt,asphalt,track,grade4,excellent,0
525.2932662877666,asfalt,asphalt,track,grade4,excellent,0
525.4953358494429,asfalt,asphalt,track,grade4,excellent,0
525.7645087890401,asfalt,asphalt,track,grade4,intermediate,0
525.9944200948993,asfalt,asphalt,track,grade4,excellent,0
526.2442683955303,asfalt,asphalt,track,grade4,excellent,0
526.4977259843582,asfalt,asphalt,tertiary,grade2,good,0
526.7285448313382,asfalt,asphalt,tertiary,grade3,good,0
527.0199942914738,asfalt,asphalt,tertiary,grade3,good,0
527.2362491022138,asfalt,asphalt,unclassified,grade1,intermediate,0
527.4856144928336,asfalt,asphalt,unclassified,grade1,intermediate,0
527.7249547506302,asfalt,asphalt,unclassified,grade1,intermediate,0
527.9739238832784,asfalt,asphalt,unclassified,grade1,intermediate,0
528.2233392073773,asfalt,asphalt,unclassified,grade1,intermediate,0
528.4826177215838,asfalt,asphalt,unclassified,grade1,intermediate,0
528.7168747777067,asfalt,asphalt,unclassified,grade1,intermediate,0
529.0357114537628,asfalt,asphalt,unclassified,grade1,intermediate,0
529.2630616892878,asfalt,asphalt,unclassified,grade1,intermediate,0
529.4750622778134,asfalt,asphalt,unclassified,grade1,intermediate,0
529.7567435965001,asfalt,asphalt,unclassified,grade1,intermediate,0
530.0000357213097,asfalt,asphalt,unclassified,grade1,intermediate,0
530.2071427633686,asfalt,asphalt,unclassified,grade1,intermediate,0
530.5307532688195,asfalt,asphalt,unclassified,grade1,intermediate,0
530.7522376139868,asfalt,asphalt,unclassified,grade1,intermediate,0
530.9816462865986,asfalt,asphalt,unclassified,grade1,intermediate,0
531.2585720436458,asfalt,asphalt,unclassified,grade1,intermediate,0
531.5397583520555,asfalt,asphalt,unclassified,grade1,intermediate,0
531.7594137534369,asfalt,asphalt,service,grade4,good,0
531.9760298046536,asfalt,asphalt,unclassified,grade3,intermediate,0
532.2726581546303,asfalt,asphalt,unclassified,grade3,intermediate,0
532.5132196471329,asfalt,asphalt,unclassified,grade3,intermediate,0
532.7315968175463,asfalt,asphalt,unclassified,grade3,intermediate,0
532.9955525523451,asfalt,asphalt,unclassified,grade3,intermediate,0
533.2285168192009,asfalt,asphalt,unclassified,grade3,intermediate,0
533.4947518693601,asfalt,asphalt,unclassified,grade3,intermediate,0
533.7709193349096,asfalt,asphalt,unclassified,grade3,intermediate,0
533.9577576592027,asfalt,asphalt,unclassified,grade3,intermediate,0
534.2386024028531,asfalt,asphalt,unclassified,grade3,intermediate,0
534.5188567984804,asfalt,asphalt,unclassified,grade3,intermediate,0
534.781018887244,asfalt,asphalt,unclassified,grade3,intermediate,0
535.0250678903432,asfalt,asphalt,unclassified,grade3,intermediate,0
535.269277136319,asfalt,asphalt,unclassified,grade3,intermediate,0
535.5126652680588,asfalt,asphalt,unclassified,grade3,intermediate,0
535.7417918540294,asfalt,asphalt,unclassified,grade3,intermediate,0
535.9728253933026,asfalt,asphalt,unclassified,grade3,intermediate,0
536.229843237639,asfalt,asphalt,unclassified,grade3,intermediate,0
536.4837745302467,asfalt,asphalt,unclassified,grade3,intermediate,0
536.7131286160391,kruus,gravel,residential,grade3,excellent,0
537.0026831985323,kruus,gravel,residential,grade3,excellent,0
537.2525030346269,asfalt,paving_stones,unclassified,grade2,good,0
537.5251037620384,asfalt,paving_stones,unclassified,grade2,good,0
537.7564103427521,asfalt,paving_stones,unclassified,grade2,good,0
538.0017659191517,asfalt,paving_stones,unclassified,grade2,good,0
538.268623040663,asfalt,paving_stones,unclassified,grade2,good,0
538.4543971110587,asfalt,paving_stones,unclassified,grade2,good,0
538.7413541487691,asfalt,paving_stones,unclassified,grade2,good,0
538.9943621663202,asfalt,paving_stones,unclassified,grade2,good,0
539.2538558363498,asfalt,paving_stones,unclassified,grade2,good,0
539.5005761847844,asfalt,paving_stones,unclassified,grade2,good,0
539.7202699245237,asfalt,paving_stones,unclassified,grade2,good,0
540.0026464699454,asfalt,paving_stones,unclassified,grade2,good,0
540.284559556666,asfalt,paving_stones,unclassified,grade2,good,0
540.5261264581766,asfalt,asphalt,tertiary,grade1,good,0
540.7847412222388,asfalt,asphalt,tertiary,grade1,good,0
540.975385336286,asfalt,asphalt,tertiary,grade1,good,0
541.260678047963,asfalt,asphalt,tertiary,grade1,good,0
541.546189447704,asfalt,asphalt,tertiary,grade1,good,0
541.7410633875772,asfalt,asphalt,tertiary,grade1,good,0
542.0327337374451,asfalt,asphalt,tertiary,grade1,good,0
542.2659718310504,kruus,fine_gravel,unclassified,grade5,good,0
542.5270438789779,kruus,fine_gravel,unclassified,grade5,good,1
542.7828529952056,kruus,fine_gravel,unclassified,grade5,good,1
543.0263323630411,kruus,fine_gravel,unclassified,grade5,good,0
543.2383333950557,kruus,fine_gravel,unclassified,grade5,good,0
543.4644070530163,kruus,fine_gravel,unclassified,grade5,good,0
543.7550895496247,kruus,fine_gravel,unclassified,grade5,good,0
544.0028503626894,kruus,fine_gravel,unclassified,grade5,good,0
544.246861546239,kruus,fine_gravel,unclassified,grade5,good,0
544.4976374228235,kruus,fine_gravel,unclassified,grade5,good,0
544.7178660094618,kruus,fine_gravel,unclassified,grade5,good,0
544.9727060631661,kruus,fine_gravel,unclassified,grade5,good,0
545.2301349104497,kruus,fine_gravel,unclassified,grade5,good,0
545.473682650218,kruus,fine_gravel,unclassified,grade5,good,0
545.765909286156,kruus,fine_gravel,unclassified,grade5,good,1
546.0211813140572,kruus,fine_gravel,unclassified,grade5,good,0
546.2934780933477,kruus,fine_gravel,unclassified,grade5,good,0
546.5182557251052,kruus,fine_gravel,unclassified,grade5,good,0
546.7425583783894,kruus,fine_gravel,unclassified,grade5,good,0
546.9750163854243,kruus,fine_gravel,unclassified,grade5,good,0
547.276518355703,kruus,fine_gravel,unclassified,grade5,good,0
547.4579782577265,kruus,fine_gravel,unclassified,grade5,good,0
547.7318510005881,kruus,fine_gravel,unclassified,grade5,good,0
548.0136093134688,kruus,fine_gravel,unclassified,grade5,good,0
548.2281669165337,kruus,fine_gravel,unclassified,grade5,good,0
548.5023546329425,kruus,fine_gravel,unclassified,grade5,good,0
548.722001102836,kruus,fine_gravel,unclassified,grade5,good,0
548.9849278220429,asfalt,asphalt,tertiary,grade3,intermediate,0
549.2304166803647,asfalt,asphalt,tertiary,grade3,intermediate,0
549.5476449138366,asfalt,asphalt,tertiary,grade3,intermediate,0
549.7305459657466,asfalt,asphalt,tertiary,grade3,intermediate,0
549.9868700848348,asfalt,asphalt,tertiary,grade3,intermediate,0
550.2223638035275,asfalt,asphalt,tertiary,grade3,intermediate,0
550.5171792311664,asfalt,asphalt,tertiary,grade4,intermediate,0
550.7182723790003,asfalt,asphalt,tertiary,grade4,intermediate,0
551.0065329675593,asfalt,asphalt,tertiary,grade4,intermediate,1
551.2719144708076,asfalt,asphalt,tertiary,grade4,intermediate,0
551.5223593446083,asfalt,asphalt,tertiary,grade4,intermediate,0
551.7275142203617,asfalt,asphalt,tertiary,grade4,intermediate,0
551.9727681124758,asfalt,asphalt,tertiary,grade4,intermediate,0
552.2871233717246,asfalt,asphalt,tertiary,grade4,intermediate,0
552.4738491489167,asfalt,asphalt,tertiary,grade4,intermediate,0
552.7326888888241,asfalt,asphalt,tertiary,grade4,intermediate,0
553.002206091006,asfalt,asphalt,tertiary,grade4,intermediate,0
553.2352856491071,asfalt,asphalt,tertiary,grade4,intermediate,0
553.537881474995,asfalt,asphalt,tertiary,grade4,intermediate,0
553.7159111274519,asfalt,asphalt,tertiary,grade4,intermediate,0
554.01418118894,asfalt,asphalt,tertiary,grade4,intermediate,0
554.2120109791567,asfalt,asphalt,tertiary,grade4,intermediate,0
554.5302539616936,asfalt,asphalt,tertiary,grade4,intermediate,0
554.7383708542144,asfalt,asphalt,tertiary,grade4,intermediate,0
555.003489044201,asfalt,asphalt,tertiary,grade4,intermediate,0
555.2428418511497,asfalt,asphalt,tertiary,grade4,intermediate,0
555.5144771749308,pinnas,ground,service,grade5,intermediate,0
555.7134633738914,asfalt,asphalt,tertiary,grade2,excellent,0
556.0250201444574,teadmata,wood,tertiary,grade3,good,1
556.2619570529034,asfalt,asphalt,tertiary,grade3,excellent,0
556.4796826773703,kruus,unpaved,tertiary,grade3,bad,0
556.7541838508708,kruus,unpaved,tertiary,grade3,bad,0
557.0088599800764,kruus,unpaved,tertiary,grade3,bad,0
557.2901663345007,kruus,unpaved,tertiary,grade3,bad,0
557.4803509443151,kruus,unpaved,tertiary,grade3,bad,0
557.7721554830606,kruus,unpaved,tertiary,grade3,bad,1
557.9604436651163,kruus,unpaved,tertiary,grade3,bad,0
558.2429148607868,kruus,unpaved,tertiary,grade3,bad,0
558.5071354420045,kruus,unpaved,tertiary,grade3,bad,0
558.7385693860176,kruus,unpaved,tertiary,grade3,bad,0
558.9579532822428,kruus,unpaved,tertiary,grade3,bad,0
559.2722038677474,pinnas,ground,tertiary,grade1,good,0
559.4857857687464,pinnas,ground,tertiary,grade1,good,0
559.7676134428588,pinnas,ground,tertiary,grade1,good,0
560.0278818003358,pinnas,ground,tertiary,grade1,good,0
560.2248836583533,asfalt,asphalt,unclassified,grade3,good,0
560.5126596532737,kruus,gravel,tertiary,grade1,good,0
560.7584572029931,kruus,gravel,tertiary,grade1,good,0
561.0148179351012,kruus,gravel,tertiary,grade1,good,0
561.2547997965039,kruus,gravel,tertiary,grade1,good,0
561.5148783192515,kruus,gravel,tertiary,grade1,good,0
561.7508240165889,asfalt,asphalt,tertiary,grade4,good,0
562.0189124713689,asfalt,asphalt,tertiary,grade4,good,0
562.2881125116128,kruus,compacted,tertiary,grade2,excellent,0
562.502612930637,asfalt,asphalt,tertiary,grade3,good,0
562.7668756718599,kruus,compacted,tertiary,grade3,good,1
562.9859961894009,kruus,compacted,tertiary,grade3,good,0
563.2527270272155,kruus,compacted,tertiary,grade3,good,0
563.5320279616826,asfalt,asphalt,tertiary,grade4,excellent,1
563.7189716497311,asfalt,asphalt,tertiary,grade4,excellent,0
563.9999692684256,asfalt,asphalt,tertiary,grade4,excellent,0
564.228865528471,asfalt,asphalt,tertiary,grade4,excellent,0
564.4648476712612,asfalt,asphalt,tertiary,grade4,excellent,0
564.740866642988,asfalt,asphalt,tertiary,grade4,excellent,0
565.0166188066585,asfalt,asphalt,tertiary,grade4,excellent,1
565.2476575321549,asfalt,asphalt,track,grade1,good,0
565.4896882192863,asfalt,asphalt,tertiary,grade4,excellent,0
565.7231903289987,asfalt,asphalt,tertiary,grade3,excellent,0
566.0032226911926,asfalt,asphalt,tertiary,grade3,excellent,0
566.2378428809621,asfalt,asphalt,tertiary,grade3,excellent,0
566.5189609302287,asfalt,asphalt,tertiary,grade3,excellent,0
566.7069366019175,asfalt,asphalt,tertiary,grade3,excellent,1
567.0253818738474,asfalt,asphalt,secondary,grade2,good,0
567.2365059311638,asfalt,asphalt,secondary,grade2,good,0
567.5256290975428,asfalt,asphalt,secondary,grade3,good,0
567.7186624694461,asfalt,asphalt,secondary,grade3,good,0
567.9944901507855,asfalt,asphalt,secondary,grade3,good,0
568.2432456526254,asfalt,asphalt,secondary,grade3,good,0
568.5039375584655,asfalt,asphalt,secondary,grade3,good,0
568.7701623224576,asfalt,asphalt,secondary,grade3,good,1
569.0376093212502,asfalt,asphalt,secondary,grade3,good,0
569.2482190810165,asfalt,asphalt,secondary,grade3,good,0
569.4852697182774,asfalt,asphalt,secondary,grade3,good,0
569.7171394918569,asfalt,asphalt,secondary,grade3,good,0
569.984309116733,asfalt,asphalt,secondary,grade3,good,0
570.2852626831035,asfalt,asphalt,secondary,grade3,good,0
570.5266130496436,teadmata,wood,unclassified,grade5,intermediate,0
570.7138482247672,teadmata,wood,unclassified,grade5,intermediate,1
570.994972383416,teadmata,wood,unclassified,grade5,intermediate,0
571.271994735616,teadmata,wood,unclassified,grade5,intermediate,0
571.5327642096091,teadmata,wood,unclassified,grade5,intermediate,0
571.7231153056077,teadmata,wood,unclassified,grade5,intermediate,1
571.9695061159351,teadmata,wood,unclassified,grade5,intermediate,0
572.2462563836166,teadmata,wood,unclassified,grade5,intermediate,0
572.5051048861114,teadmata,wood,unclassified,grade5,intermediate,0
572.7572076661628,teadmata,wood,unclassified,grade5,intermediate,0
573.0285718248174,asfalt,asphalt,tertiary,grade1,excellent,0
573.2479979138279,asfalt,asphalt,tertiary,grade2,excellent,0
573.498969650244,asfalt,asphalt,tertiary,grade5,excellent,0
573.7598182590141,asfalt,asphalt,cycleway,grade5,intermediate,1
574.0192775808055,asfalt,asphalt,cycleway,grade5,intermediate,0
574.2383143430424,pinnas,ground,service,grade1,excellent,0
574.4698617811788,asfalt,paving_stones,unclassified,grade4,good,0
574.7423909700291,asfalt,paving_stones,unclassified,grade4,good,0
574.9881301094102,asfalt,paving_stones,unclassified,grade4,good,0
575.2476784356287,asfalt,paving_stones,unclassified,grade4,good,0
575.4629779726565,asfalt,paving_stones,unclassified,grade4,good,0
575.744260847709,asfalt,paving_stones,unclassified,grade4,good,0
576.0228019718576,asfalt,asphalt,service,grade4,intermediate,0
576.2651239059153,asfalt,asphalt,unclassified,grade4,intermediate,0
576.5121526862694,asfalt,asphalt,unclassified,grade2,excellent,0
576.7839165766721,asfalt,asphalt,track,grade3,excellent,0
576.959701229042,asfalt,asphalt,track,grade3,excellent,0
577.2322709295522,asfalt,asphalt,track,grade3,excellent,0
577.5270860116037,asfalt,asphalt,track,grade3,excellent,0
577.7405700350558,asfalt,asphalt,track,grade3,excellent,0
577.9679204820595,asfalt,asphalt,track,grade3,excellent,0
578.240878245795,asfalt,asphalt,track,grade3,excellent,0
578.4660317890431,asfalt,asphalt,track,grade3,excellent,0
578.7419529086503,asfalt,asphalt,track,grade3,excellent,0
579.0184689680033,asfalt,asphalt,track,grade3,excellent,0
579.2074079998437,asfalt,asphalt,track,grade3,excellent,0
579.4971181926742,asfalt,asphalt,track,grade3,excellent,0
579.7878106442112,asfalt,asphalt,track,grade3,excellent,0
579.9821114303088,asfalt,asphalt,track,grade3,excellent,0
580.27181075608,asfalt,asphalt,track,grade3,excellent,0
580.4658408569637,asfalt,asphalt,track,grade3,excellent,0
580.7555334166136,asfalt,asphalt,track,grade3,excellent,0
581.0026492271038,asfalt,paving_stones,unclassified,grade5,excellent,0
581.2761760367573,asfalt,paving_stones,unclassified,grade5,excellent,0
581.4849808268507,asfalt,paving_stones,unclassified,grade5,excellent,0
581.7571945299172,asfalt,paving_stones,unclassified,grade5,excellent,0
582.0104365816582,asfalt,paving_stones,unclassified,grade5,excellent,0
582.2559769119148,asfalt,paving_stones,unclassified,grade5,excellent,0
582.5052341796941,asfalt,paving_stones,unclassified,grade5,excellent,0
582.7579851596336,asfalt,paving_stones,unclassified,grade5,excellent,0
583.0003273534805,asfalt,paving_stones,unclassified,grade5,excellent,0
583.2289518547774,asfalt,paving_stones,unclassified,grade5,excellent,0
583.4864736079833,asfalt,paving_stones,unclassified,grade5,excellent,0
583.7623602547709,asfalt,paving_stones,unclassified,grade5,excellent,1
584.0313314898909,asfalt,paving_stones,unclassified,grade5,excellent,0
584.266545143976,asfalt,paving_stones,unclassified,grade5,excellent,0
584.5066084985965,asfalt,paving_stones,unclassified,grade5,excellent,0
584.7362691571986,asfalt,asphalt,unclassified,grade3,good,0
584.9755969435412,asfalt,asphalt,unclassified,grade3,good,0
585.2745772021148,teadmata,sett,track,grade5,good,0
585.5343408384276,teadmata,sett,track,grade5,good,0
585.7772143919933,asfalt,asphalt,unclassified,grade2,excellent,0
586.0374826779574,asfalt,asphalt,unclassified,grade2,excellent,0
586.2643341013206,asfalt,asphalt,unclassified,grade2,excellent,0
586.4800649851817,teadmata,wood,tertiary_link,grade3,excellent,0
586.7824779397143,asfalt,asphalt,tertiary,grade2,good,0
587.0077519109017,asfalt,asphalt,tertiary,grade2,good,0
587.2154550088521,pinnas,grass,tertiary,grade4,intermediate,0
587.495820151232,pinnas,grass,tertiary,grade4,intermediate,0
587.7429639698175,pinnas,grass,tertiary,grade4,intermediate,0
588.0289063818967,pinnas,grass,tertiary,grade4,intermediate,0
588.2704133478491,asfalt,asphalt,unclassified,grade2,good,0
588.4897560519964,pinnas,grass,tertiary,grade4,excellent,0
588.746633690554,pinnas,grass,tertiary,grade4,excellent,0
588.9944964107011,pinnas,grass,tertiary,grade4,excellent,0
589.2320627461094,pinnas,grass,tertiary,grade4,excellent,0
589.4693797429327,asfalt,paving_stones,unclassified,grade5,excellent,0
589.745167472638,asfalt,paving_stones,unclassified,grade5,excellent,0
589.964139016269,asfalt,paving_stones,unclassified,grade5,excellent,0
590.229322808579,asfalt,paving_stones,unclassified,grade5,excellent,0
590.4716132095805,asfalt,paving_stones,unclassified,grade5,excellent,0
590.7310922135792,asfalt,paving_stones,unclassified,grade5,excellent,0
591.0063666448408,asfalt,paving_stones,unclassified,grade5,excellent,0
591.2512069707126,asfalt,paving_stones,unclassified,grade5,excellent,0
591.5110849889405,asfalt,paving_stones,unclassified,grade5,excellent,0
591.7389681594536,asfalt,paving_stones,unclassified,grade5,excellent,0
592.0190953084405,asfalt,paving_stones,unclassified,grade5,excellent,0
592.2854575659964,asfalt,paving_stones,unclassified,grade5,excellent,0
592.458380198357,asfalt,paving_stones,unclassified,grade5,excellent,0
592.7405313713697,asfalt,paving_stones,unclassified,grade5,excellent,0
592.9928259058325,asfalt,paving_stones,unclassified,grade5,excellent,1
593.24659900135,asfalt,paving_stones,unclassified,grade5,excellent,0
593.4980910546651,asfalt,paving_stones,unclassified,grade5,excellent,0
593.7410633842065,asfalt,paving_stones,unclassified,grade5,excellent,0
593.9951531897225,teadmata,sett,unclassified,grade3,bad,0
594.2451747459926,teadmata,sett,unclassified,grade3,bad,0
594.463969305421,teadmata,sett,unclassified,grade3,bad,0
594.7174417697419,teadmata,sett,unclassified,grade3,bad,0
594.9802032209552,asfalt,asphalt,tertiary,grade2,bad,0
595.2610732995812,kruus,gravel,tertiary,grade4,very_bad,0
595.5071488634244,kruus,gravel,tertiary,grade4,very_bad,0
595.7731273546812,asfalt,asphalt,unclassified,grade1,good,0
595.9718955525898,asfalt,asphalt,unclassified,grade3,good,0
596.2581991582949,asfalt,asphalt,unclassified,grade3,good,0
596.4801118281805,kruus,gravel,unclassified,grade3,good,0
596.7468322635901,kruus,gravel,unclassified,grade3,good,0
597.0056578856833,kruus,gravel,unclassified,grade3,good,0
597.2627395871594,kruus,gravel,unclassified,grade3,good,0
597.5123843605204,kruus,gravel,unclassified,grade3,good,0
597.7641983946775,kruus,gravel,unclassified,grade3,good,0
598.0161968686357,kruus,gravel,unclassified,grade3,good,0
598.2161000414719,kruus,gravel,unclassified,grade3,good,0
598.5201273894245,kruus,gravel,unclassified,grade3,good,0
598.7633031164606,kruus,gravel,unclassified,grade3,good,1
598.9872756691572,kruus,gravel,unclassified,grade3,good,0
599.211915638454,kruus,gravel,unclassified,grade3,good,0
599.5046633809159,kruus,fine_gravel,tertiary,grade4,very_bad,0
599.758969765082,kruus,fine_gravel,tertiary,grade4,very_bad,0
599.9886346788434,kruus,fine_gravel,tertiary,grade4,very_bad,0
600.228900205476,kruus,fine_gravel,tertiary,grade4,very_bad,0
600.5036665026859,kruus,fine_gravel,tertiary,grade4,very_bad,0
600.7954526349257,kruus,fine_gravel,tertiary,grade4,very_bad,1
600.9900989103926,kruus,fine_gravel,tertiary,grade4,very_bad,0
601.2538660117909,kruus,fine_gravel,tertiary,grade4,very_bad,1
601.5081476314906,kruus,fine_gravel,tertiary,grade4,very_bad,0
601.7742333223738,kruus,fine_gravel,tertiary,grade4,very_bad,1
602.039636517619,kruus,fine_gravel,tertiary,grade4,very_bad,0
602.2324534373929,kruus,fine_gravel,tertiary,grade4,very_bad,0
602.5217284390374,kruus,fine_gravel,tertiary,grade4,very_bad,1
602.7139672114093,kruus,fine_gravel,tertiary,grade4,very_bad,1
603.0031490849818,kruus,fine_gravel,tertiary,grade4,very_bad,0
603.2397502985743,kruus,fine_gravel,tertiary,grade4,very_bad,0
603.4707886293121,asfalt,asphalt,unclassified,grade4,excellent,0
603.7527790707384,pinnas,ground,unclassified,grade2,intermediate,0
603.9865670268916,pinnas,ground,unclassified,grade2,intermediate,0
604.2315953685479,asfalt,asphalt,unclassified,grade4,good,0
604.5257936034167,asfalt,asphalt,unclassified,grade3,excellent,0
604.7513762467523,asfalt,asphalt,unclassified,grade4,good,0
604.9807883030251,asfalt,asphalt,unclassified,grade3,excellent,0
605.2360397478573,asfalt,asphalt,unclassified,grade3,excellent,0
605.502191358266,asfalt,asphalt,unclassified,grade3,excellent,0
605.7662757244372,asfalt,asphalt,track,grade3,good,0
606.0252801935541,asfalt,asphalt,track,grade4,good,0
606.2437620515875,asfalt,asphalt,track,grade4,good,0
606.4796313525645,asfalt,asphalt,track,grade4,good,0
606.7896483182262,asfalt,asphalt,track,grade4,good,0
606.9914395357038,asfalt,asphalt,track,grade4,good,0
607.2363083463681,asfalt,asphalt,track,grade4,good,0
607.4932414962544,asfalt,asphalt,track,grade4,good,0
607.7666012243931,asfalt,asphalt,track,grade3,excellent,0
607.9925737615199,kruus,fine_gravel,unclassified,grade3,excellent,0
608.2574844974831,kruus,fine_gravel,unclassified,grade3,excellent,0
608.4864563179108,kruus,fine_gravel,unclassified,grade3,excellent,0
608.7888470190499,kruus,fine_gravel,unclassified,grade3,excellent,0
608.9575740401522,kruus,fine_gravel,unclassified,grade3,excellent,0
609.2150642001878,kruus,fine_gravel,unclassified,grade3,excellent,0
609.4720419372497,kruus,fine_gravel,unclassified,grade3,excellent,1
609.76364978189,asfalt,paving_stones,track,grade2,good,0
609.9920489167805,asfalt,paving_stones,track,grade2,good,0
610.2156941470637,asfalt,paving_stones,track,grade2,good,0
610.4869365450593,asfalt,asphalt,track,grade3,good,0
610.7622058169337,pinnas,ground,track,grade3,excellent,0
611.0126870434868,asfalt,asphalt,track,grade1,excellent,0
611.2359262163895,pinnas,ground,track,grade2,excellent,0
611.4996799633385,pinnas,ground,track,grade2,excellent,0
611.7504319245683,asfalt,asphalt,track,grade3,good,0
612.0037734491447,asfalt,asphalt,track,grade3,good,0
612.2569815206581,asfalt,asphalt,track,grade3,good,0
612.5271188609044,asfalt,asphalt,track,grade3,good,0
612.7441610701187,pinnas,ground,unclassified,grade3,good,0
612.9738371095783,pinnas,ground,unclassified,grade3,good,0
613.2578031372117,asfalt,asphalt,unclassified,grade3,excellent,0
613.5110737721255,asfalt,asphalt,unclassified,grade3,excellent,0
613.7548871326428,asfalt,asphalt,unclassified,grade3,excellent,0
614.0253727928813,asfalt,asphalt,unclassified,grade3,excellent,0
614.2736160341229,teadmata,metal,unclassified,grade1,intermediate,0
614.4964606545171,teadmata,metal,unclassified,grade1,intermediate,0
614.7663317875339,teadmata,metal,unclassified,grade1,intermediate,0
615.0053046584067,kruus,gravel,tertiary,grade3,excellent,0
615.2439731177141,kruus,gravel,tertiary,grade3,excellent,0
615.4916322209946,kruus,gravel,tertiary,grade3,excellent,1
615.7260862605486,asfalt,asphalt,track,grade3,good,0
616.0358988450023,kruus,gravel,tertiary,grade3,excellent,0
616.2639964977757,kruus,gravel,tertiary,grade3,excellent,0
616.518093317305,kruus,gravel,tertiary,grade3,excellent,0
616.7658580984787,kruus,gravel,tertiary,grade3,excellent,0
616.9953953687929,asfalt,asphalt,tertiary,grade3,excellent,0
617.2574310137204,asfalt,asphalt,tertiary,grade3,excellent,0
617.4519530862756,asfalt,asphalt,tertiary,grade3,excellent,0
617.7443334871668,asfalt,asphalt,tertiary,grade3,excellent,0
617.9967268452879,asfalt,asphalt,tertiary,grade3,excellent,0
618.2427184318152,asfalt,asphalt,tertiary,grade3,excellent,0
618.5366666534088,asfalt,asphalt,tertiary,grade3,excellent,1
618.7334497213293,asfalt,asphalt,tertiary,grade3,excellent,0
619.0249398694217,asfalt,asphalt,tertiary,grade3,excellent,0
619.2177176499395,asfalt,asphalt,tertiary,grade3,excellent,0
619.5381756092553,asfalt,asphalt,tertiary,grade3,excellent,0
619.7150234581803,asfalt,asphalt,tertiary,grade3,excellent,0
619.997507148995,asfalt,asphalt,tertiary,grade3,excellent,0
620.2877643615172,asfalt,asphalt,tertiary,grade3,excellent,0
620.4812662544757,asfalt,asphalt,tertiary,grade3,excellent,0
620.7715234583482,asfalt,asphalt,tertiary,grade3,excellent,0
621.0290972194091,asfalt,asphalt,tertiary,grade3,excellent,0
621.2754506696086,asfalt,asphalt,tertiary,grade3,excellent,0
621.4829318622576,asfalt,asphalt,track,grade3,bad,0
621.7435301882681,asfalt,asphalt,track,grade3,bad,0
622.0047241533695,asfalt,asphalt,track,grade3,bad,0
622.2579418139973,asfalt,asphalt,track,grade3,good,0
622.5066937098827,asfalt,asphalt,track,grade4,excellent,0
622.7479820478142,asfalt,asphalt,track,grade4,excellent,0
623.0057122232513,asfalt,asphalt,track,grade4,excellent,1
623.2456905361369,asfalt,asphalt,track,grade4,excellent,0
623.4945714398609,asfalt,asphalt,unclassified,grade4,intermediate,0
623.7626807126102,asfalt,asphalt,unclassified,grade4,intermediate,0
624.01339065161,asfalt,asphalt,unclassified,grade4,intermediate,0
624.2317739053681,asfalt,asphalt,unclassified,grade4,intermediate,0
624.5210589344111,asfalt,asphalt,unclassified,grade4,intermediate,0
624.7561407484274,asfalt,asphalt,unclassified,grade4,intermediate,0
625.0190109974225,asfalt,asphalt,unclassified,grade4,intermediate,0
625.226134984174,asfalt,asphalt,unclassified,grade4,intermediate,0
625.5088278386069,asfalt,asphalt,footway,grade3,excellent,0
625.7567453172288,asfalt,asphalt,footway,grade3,excellent,0
625.9972653508379,asfalt,asphalt,footway,grade3,excellent,0
626.2669493085384,asfalt,asphalt,footway,grade3,excellent,0
626.5084305912528,asfalt,asphalt,footway,grade3,excellent,0
626.7794294173142,asfalt,asphalt,footway,grade3,excellent,0
627.0172901259255,asfalt,asphalt,track,grade4,intermediate,0
627.2425320923974,asfalt,asphalt,track,grade4,intermediate,0
627.4664237096104,asfalt,asphalt,track,grade4,intermediate,0
627.7682319846161,asfalt,asphalt,track,grade4,intermediate,0
628.0136688466205,asfalt,asphalt,track,grade4,intermediate,0
628.2478638317914,asfalt,asphalt,track,grade4,intermediate,1
628.4998614146969,asfalt,asphalt,track,grade4,intermediate,0
628.7920310377588,asfalt,asphalt,unclassified,grade5,intermediate,1
628.9755269415272,asfalt,asphalt,unclassified,grade5,intermediate,1
629.2507648710033,asfalt,asphalt,unclassified,grade5,intermediate,1
629.5249632450428,asfalt,asphalt,unclassified,grade5,intermediate,1
629.7221908877679,asfalt,asphalt,unclassified,grade5,intermediate,0
629.9981942076779,asfalt,asphalt,unclassified,grade5,intermediate,0
630.2290211529496,asfalt,asphalt,unclassified,grade5,intermediate,0
630.4768918627028,asfalt,asphalt,unclassified,grade5,intermediate,0
630.757963392326,asfalt,asphalt,unclassified,grade5,intermediate,0
631.0065733026927,asfalt,asphalt,unclassified,grade5,intermediate,1
631.2691814695095,asfalt,asphalt,unclassified,grade5,intermediate,0
631.5035853503332,asfalt,asphalt,unclassified,grade5,intermediate,0
631.7527496577961,asfalt,asphalt,unclassified,grade5,intermediate,0
632.004128022574,asfalt,asphalt,unclassified,grade5,intermediate,0
632.285607423309,asfalt,asphalt,unclassified,grade5,good,0
632.5411291879274,asfalt,asphalt,unclassified,grade5,good,1
632.7715846639185,asfalt,asphalt,unclassified,grade5,good,0
632.99168990253645,asfalt,asphalt,unclassified,grade2,bad,0
633.2499308684962,asfalt,asphalt,unclassified,grade2,bad,0
633.4564773137855,asfalt,asphalt,unclassified,grade2,bad,0
633.7600570455077,asfalt,asphalt,unclassified,grade2,bad,0
633.9955862445287,asfalt,asphalt,unclassified,grade2,bad,0
634.2557539870405,asfalt,asphalt,unclassified,grade2,bad,0
634.4822558494831,asfalt,asphalt,unclassified,grade2,bad,0
634.732160426968,asfalt,asphalt,track,grade4,intermediate,0
635.0023129746052,asfalt,asphalt,track,grade4,intermediate,0
635.2051599590036,asfalt,asphalt,track,grade4,intermediate,0
635.5109793403626,asfalt,asphalt,track,grade4,intermediate,0
635.7532868143123,asfalt,asphalt,track,grade4,intermediate,0
636.0073463770417,asfalt,asphalt,track,grade4,intermediate,0
636.2204970632371,asfalt,asphalt,track,grade4,intermediate,0
636.4832179621221,asfalt,asphalt,track,grade4,intermediate,0
636.761935223032,kruus,gravel,unclassified,grade5,excellent,0
636.9909211025915,kruus,gravel,unclassified,grade5,excellent,0
637.2675068064128,kruus,gravel,unclassified,grade5,excellent,0
637.4853423326936,kruus,gravel,unclassified,grade5,excellent,0
637.7600128143295,kruus,gravel,unclassified,grade5,excellent,0
637.999828842037,kruus,gravel,unclassified,grade5,excellent,0
638.2769791315235,kruus,gravel,unclassified,grade5,excellent,0
638.4959383075396,kruus,gravel,unclassified,grade5,excellent,0
638.7461056276477,kruus,gravel,unclassified,grade5,excellent,0
638.996302476614,kruus,gravel,unclassified,grade5,excellent,0
639.263163958904,kruus,gravel,unclassified,grade5,excellent,0
639.4911889734669,kruus,gravel,unclassified,grade5,excellent,0
639.7110887530854,kruus,gravel,unclassified,grade5,excellent,0
640.0059705896891,kruus,gravel,unclassified,grade5,excellent,0
640.237877897432,kruus,gravel,unclassified,grade5,excellent,0
640.4798879233232,kruus,gravel,unclassified,grade5,excellent,0
640.7538248979216,kruus,gravel,unclassified,grade5,excellent,0
640.9990937587629,pinnas,grass,tertiary,grade3,good,0
641.2195557959861,pinnas,grass,tertiary,grade3,good,0
641.4947947774867,pinnas,grass,tertiary,grade3,good,0
641.7758663697289,pinnas,grass,tertiary,grade3,good,1
641.9860075851309,pinnas,grass,tertiary,grade3,good,0
642.2452446813902,pinnas,grass,tertiary,grade3,good,1
642.4842791315365,pinnas,grass,tertiary,grade1,good,1
642.7403814845597,pinnas,ground,tertiary,grade2,intermediate,0
642.9805993268659,pinnas,ground,tertiary,grade2,intermediate,0
643.2703851498123,pinnas,ground,tertiary,grade2,intermediate,0
643.5077136750912,pinnas,ground,tertiary,grade2,intermediate,0
643.7159746160467,pinnas,grass,tertiary,grade2,intermediate,1
643.9735773745282,asfalt,paved,tertiary,grade1,good,0
644.2140132009995,asfalt,paved,tertiary,grade1,good,0
644.4844454387751,asfalt,paved,tertiary,grade1,good,0
644.7700868124582,asfalt,paved,tertiary,grade1,good,0
645.0131866060849,asfalt,paved,tertiary,grade1,good,0
645.2967683006685,asfalt,paved,tertiary,grade1,good,0
645.4846499915192,asfalt,paved,tertiary,grade1,good,0
645.7721059880256,asfalt,paved,tertiary,grade1,good,0
645.984754175108,asfalt,concrete,service,grade2,excellent,0
646.2408531260694,asfalt,paved,tertiary,grade1,good,0
646.5064788506859,asfalt,paved,tertiary,grade1,good,0
646.772331463239,asfalt,paved,tertiary,grade1,good,0
647.0219359819123,asfalt,paved,tertiary,grade1,good,0
647.2151747282638,asfalt,paved,tertiary,grade1,good,0
647.5052395233324,asfalt,paved,tertiary,grade1,good,0
647.7952962904267,asfalt,paved,tertiary,grade1,good,0
647.9879739467393,asfalt,paved,tertiary,grade1,good,0
648.2581602639274,asfalt,paved,tertiary,grade1,good,0
648.4649932096329,asfalt,paved,tertiary,grade1,good,0
648.7487104544132,asfalt,paved,tertiary,grade1,good,0
648.9837761130511,asfalt,paved,tertiary,grade1,good,0
649.2359332164449,asfalt,paved,tertiary,grade1,good,1
649.5052627694114,asfalt,asphalt,tertiary,grade3,excellent,0
649.7322167726176,asfalt,asphalt,tertiary,grade3,excellent,0
650.027387539916,asfalt,asphalt,tertiary,grade4,bad,0
650.2185743667745,asfalt,asphalt,service,grade4,intermediate,0
650.4695285832873,asfalt,asphalt,tertiary,grade5,good,0
650.7323898425697,asfalt,asphalt,tertiary,grade3,good,0
650.9929105032897,asfalt,asphalt,tertiary,grade3,good,0
651.2301794214842,asfalt,asphalt,tertiary,grade3,good,1
651.5276388323704,asfalt,asphalt,tertiary,grade3,good,0
651.7609052044417,asfalt,asphalt,tertiary,grade3,good,0
651.972946097101,asfalt,asphalt,tertiary,grade3,good,0
652.2593387499911,asfalt,asphalt,tertiary,grade3,good,0
652.4899447576155,asfalt,asphalt,tertiary,grade3,good,0
652.7565559674919,asfalt,asphalt,tertiary,grade3,good,0
652.9932709329237,asfalt,asphalt,tertiary,grade3,good,0
653.2300544114163,asfalt,asphalt,tertiary,grade3,good,0
653.5006608993627,asfalt,asphalt,tertiary,grade3,good,0
653.7719277097984,asfalt,asphalt,tertiary,grade3,good,0
653.9886603277228,asfalt,asphalt,primary,grade3,excellent,0
654.2498129278546,asfalt,asphalt,primary,grade3,excellent,0
654.5293629244666,asfalt,asphalt,primary,grade3,excellent,0
654.7621602759901,asfalt,asphalt,primary,grade3,excellent,0
654.9878787603658,asfalt,asphalt,primary,grade3,excellent,0
655.2444793505127,asfalt,asphalt,primary,grade3,excellent,0
655.5365620273664,asfalt,asphalt,primary,grade3,excellent,0
655.7241915455822,asfalt,asphalt,primary,grade3,excellent,0
656.0039479420927,kruus,unpaved,primary,grade3,excellent,0
656.2845881807531,asfalt,asphalt,primary,grade5,good,1
656.4713176693348,asfalt,asphalt,primary,grade5,good,0
656.7275929735356,asfalt,asphalt,primary,grade5,good,0
657.0113883825458,asfalt,asphalt,primary,grade5,good,0
657.2957215513276,asfalt,asphalt,primary,grade5,good,0
657.4849111777248,asfalt,asphalt,primary,grade5,good,0
657.7671052023057,asfalt,asphalt,primary,grade5,good,0
658.0452342401807,asfalt,asphalt,primary,grade5,good,0
658.2312426218004,asfalt,asphalt,primary,grade5,good,0
658.5090161313373,asfalt,asphalt,primary,grade5,good,0
658.7600586003057,pinnas,ground,primary,grade2,excellent,0
658.9851933032149,asfalt,asphalt,unclassified,grade4,good,0
659.2439172527165,asfalt,asphalt,primary,grade2,excellent,0
659.5285332483671,asfalt,asphalt,primary,grade2,excellent,0
659.7914449797096,asfalt,asphalt,primary,grade2,excellent,0
659.9666917845476,asfalt,asphalt,primary,grade2,excellent,0
660.2235276276045,kruus,gravel,primary,grade3,excellent,0
660.4894708786359,asfalt,asphalt,unclassified,grade2,excellent,0
660.7818654389962,asfalt,asphalt,unclassified,grade2,excellent,0
660.992240236345,asfalt,asphalt,unclassified,grade2,excellent,0
661.2834499697495,asfalt,asphalt,unclassified,grade2,excellent,0
661.5023477097358,kruus,compacted,track,grade3,excellent,0
661.7720156906306,kruus,compacted,track,grade3,excellent,0
661.98525179872,kruus,compacted,track,grade3,excellent,0
662.2263720642279,teadmata,sett,tertiary,grade3,excellent,0
662.4808380292466,teadmata,sett,tertiary,grade3,excellent,0
662.7234852757992,teadmata,sett,tertiary,grade3,excellent,0
663.0260008552779,teadmata,sett,tertiary,grade3,excellent,0
663.2650128476525,asfalt,asphalt,track,grade3,excellent,0
663.485151467273,asfalt,asphalt,track,grade3,excellent,0
663.7768519584672,asfalt,asphalt,track,grade3,excellent,0
664.031377926568,asfalt,asphalt,track,grade4,excellent,0
664.2405199700471,asfalt,asphalt,track,grade2,good,0
664.4954419351691,asfalt,asphalt,track,grade4,bad,0
664.7416345760272,asfalt,paving_stones,track,grade4,good,0
664.9760285750366,asfalt,concrete,track,grade2,excellent,0
665.2563761890775,asfalt,paving_stones,unclassified,grade3,excellent,0
665.4993018059918,asfalt,asphalt,track,grade2,good,0
665.733005256423,asfalt,asphalt,path,grade2,good,0
665.982520518192,asfalt,asphalt,path,grade2,good,0
666.2172689802042,pinnas,grass,track,grade3,excellent,0
666.5353075425686,pinnas,grass,track,grade3,excellent,0
666.7785135492121,asfalt,asphalt,tertiary,grade2,very_horrible,0
667.0145449245479,asfalt,asphalt,tertiary,grade2,very_horrible,0
667.2508143728746,asfalt,asphalt,tertiary,grade2,very_horrible,0
667.4741278552106,asfalt,asphalt,tertiary,grade2,very_horrible,0
667.7628266639593,asfalt,asphalt,tertiary,grade2,very_horrible,0
668.018944096126,asfalt,asphalt,tertiary,grade2,very_horrible,0
668.208862943425,asfalt,asphalt,tertiary,grade2,very_horrible,0
668.4751338852551,asfalt,asphalt,tertiary,grade2,very_horrible,0
668.7411351090226,asfalt,asphalt,unclassified,grade3,excellent,0
668.9933661152013,asfalt,asphalt,unclassified,grade3,excellent,0
669.247106362532,asfalt,asphalt,unclassified,grade3,excellent,0
669.4896065527131,asfalt,asphalt,unclassified,grade3,excellent,0
669.7618591382676,asfalt,asphalt,unclassified,grade3,excellent,0
669.9638935219626,asfalt,asphalt,unclassified,grade2,excellent,0
670.2419071049753,teadmata,sett,unclassified,grade2,excellent,0
670.4978151453507,teadmata,sett,unclassified,grade2,excellent,0
670.7637273650919,teadmata,sett,unclassified,grade2,excellent,1
670.9966188431423,asfalt,asphalt,unclassified,grade4,impassable,0
671.2727224198644,asfalt,asphalt,track,grade5,good,0
671.5191219996648,asfalt,asphalt,track,grade5,good,0
671.7491609862744,asfalt,asphalt,track,grade2,good,0
672.021731014256,asfalt,asphalt,track,grade2,good,0
672.2548226105287,asfalt,asphalt,track,grade2,good,0
672.4946508351139,asfalt,asphalt,track,grade2,good,0
672.7673717718951,asfalt,asphalt,track,grade2,good,0
672.9957393105212,asfalt,asphalt,track,grade3,excellent,0
673.2864364977269,asfalt,asphalt,tertiary,grade2,bad,0
673.5246385856744,asfalt,asphalt,tertiary,grade2,bad,0
673.797253188981,asfalt,asphalt,service,grade3,good,0
673.9762909575134,asfalt,asphalt,tertiary,grade2,bad,0
674.263041359031,asfalt,asphalt,tertiary,grade2,bad,1
674.48383903757,asfalt,asphalt,track,grade4,excellent,0
674.7446345765474,asfalt,asphalt,track,grade4,excellent,0
674.9841017165978,asfalt,asphalt,track,grade4,excellent,0
675.2455411633042,asfalt,asphalt,track,grade4,excellent,0
675.5325832995186,asfalt,asphalt,track,grade4,excellent,0
675.7114514595374,asfalt,asphalt,track,grade4,excellent,1
675.982746409414,asfalt,asphalt,track,grade4,excellent,0
676.2582427024173,asfalt,asphalt,track,grade4,excellent,0
676.5337322733765,asfalt,paving_stones,unclassified,grade3,good,0
676.7338225807468,asfalt,paving_stones,unclassified,grade3,good,0
677.0134278259629,asfalt,paving_stones,unclassified,grade3,good,0
677.2619691359689,asfalt,paving_stones,unclassified,grade3,good,0
677.505036934987,asfalt,paving_stones,unclassified,grade3,good,0
677.7549920200034,asfalt,paving_stones,unclassified,grade3,good,1
677.9550184521792,asfalt,paving_stones,unclassified,grade3,good,1
678.2327172498574,asfalt,paving_stones,unclassified,grade3,good,0
678.5070989707924,asfalt,paving_stones,unclassified,grade3,good,1
678.7794975709595,asfalt,paving_stones,unclassified,grade3,good,0
678.9731217936428,asfalt,paving_stones,unclassified,grade3,good,0
679.2648727090284,asfalt,paving_stones,unclassified,grade3,good,0
679.496962956168,asfalt,asphalt,track,grade2,excellent,0
679.7168014545551,asfalt,asphalt,track,grade2,excellent,0
679.9934940296417,asfalt,asphalt,track,grade2,excellent,0
680.2687007671198,asfalt,asphalt,track,grade2,excellent,0
680.505533333701,asfalt,asphalt,track,grade2,excellent,0
680.7335973573036,asfalt,asphalt,unclassified,grade3,excellent,0
680.9891714214838,asfalt,asphalt,unclassified,grade3,excellent,0
681.244743674911,asfalt,asphalt,unclassified,grade3,excellent,0
681.4982116951772,asfalt,paving_stones,unclassified,grade3,good,0
681.7520809705542,asfalt,paving_stones,unclassified,grade3,good,0
682.0141534113766,asfalt,paving_stones,unclassified,grade3,good,0
682.2557450628676,kruus,compacted,track,grade3,good,0
682.4966624229868,asfalt,asphalt,track,grade1,excellent,0
682.7442706136975,asfalt,asphalt,track,grade4,good,0
682.9536668808377,asfalt,asphalt,track,grade4,good,0
683.2668253602136,asfalt,asphalt,track,grade4,good,0
683.4878096711183,asfalt,asphalt,track,grade4,good,0
683.7552246692435,asfalt,asphalt,track,grade4,good,0
684.0010445896575,asfalt,asphalt,track,grade4,good,1
684.2430689144373,asfalt,asphalt,track,grade4,good,0
684.5230545030759,asfalt,asphalt,track,grade2,good,1
684.7530937649278,asfalt,asphalt,track,grade2,good,1
684.9998593638005,asfalt,asphalt,path,grade3,intermediate,2
685.274322472763,asfalt,asphalt,track,grade2,good,1
685.5292460765924,asfalt,asphalt,track,grade3,excellent,7
685.7391426112767,asfalt,asphalt,track,grade3,excellent,15
685.9937967025255,kruus,gravel,track,grade2,excellent,0
686.279839967834,asfalt,asphalt,track,grade3,excellent,0
686.5304708469656,asfalt,asphalt,track,grade3,excellent,0
686.7249931036459,asfalt,asphalt,unclassified,grade2,good,0
686.9970279561045,asfalt,asphalt,track,grade3,excellent,0
687.2707585858278,asfalt,paving_stones,track,grade3,excellent,7
687.4887831366078,asfalt,paving_stones,track,grade3,excellent,2
687.7420647997503,asfalt,paving_stones,track,grade3,excellent,1
687.9592169355328,asfalt,paving_stones,track,grade3,excellent,1
688.2489978535821,asfalt,asphalt,unclassified,grade1,good,0
688.5035287790342,asfalt,asphalt,unclassified,grade1,good,0
688.7569212884783,asfalt,asphalt,unclassified,grade1,good,0
689.0036227347088,asfalt,asphalt,unclassified,grade1,good,0
689.2387078356248,asfalt,asphalt,unclassified,grade1,good,0
689.4876996288891,pinnas,ground,track,grade4,excellent,0
689.7472427326529,pinnas,ground,track,grade4,excellent,0
690.0195606483633,pinnas,dirt,unclassified,grade5,good,0
690.2382532092496,pinnas,dirt,unclassified,grade5,good,0
690.4852887952723,pinnas,dirt,unclassified,grade5,good,2
690.7490647630405,pinnas,dirt,unclassified,grade5,good,5
690.9758803898077,teadmata,asphalt,unclassified,grade2,good,126
691.2540395553959,asfalt,asphalt,unclassified,grade2,good,0
691.4987267321618,asfalt,asphalt,unclassified,grade2,good,0
691.7494122414193,asfalt,asphalt,unclassified,grade4,excellent,0
691.9734558989304,asfalt,asphalt,unclassified,grade4,excellent,0
692.2708506157455,asfalt,asphalt,track,grade2,good,0
692.541584863664,asfalt,asphalt,track,grade2,good,0
692.7469575238202,asfalt,asphalt,track,grade2,good,0
693.0358576166155,asfalt,asphalt,track,grade2,good,3
693.2531497158959,asfalt,asphalt,unclassified,grade3,intermediate,1
693.503626890064,asfalt,asphalt,unclassified,grade3,intermediate,0
693.7320524574362,pinnas,dirt,service,grade3,good,1
694.0032898739528,teadmata,wood,track,grade4,good,1
694.2434464311884,teadmata,wood,track,grade4,good,7
694.4941344018046,asfalt,asphalt,unclassified,grade3,excellent,1
694.7440504770462,asfalt,asphalt,unclassified,grade3,excellent,3
695.0383970307431,asfalt,asphalt,unclassified,grade3,excellent,2
695.2387054074544,asfalt,asphalt,unclassified,grade3,excellent,1
695.5024065993157,teadmata,asphalt,unclassified,grade3,excellent,103
695.7316882215329,teadmata,concrete,track,grade4,excellent,202
695.9974787479433,asfalt,concrete,track,grade4,excellent,2
696.2436715429974,asfalt,concrete,track,grade4,excellent,12
696.4642763944375,asfalt,concrete,track,grade4,excellent,11
696.7511500241467,asfalt,asphalt,unclassified,grade3,good,3
697.0079790273865,asfalt,asphalt,unclassified,grade3,good,1
697.2482885027857,asfalt,asphalt,unclassified,grade3,good,0
697.541175705515,asfalt,asphalt,service,grade3,intermediate,0
697.7397413219397,asfalt,asphalt,primary,grade3,horrible,0
697.9865598752433,asfalt,asphalt,primary,grade3,bad,1
698.2609358541573,asfalt,asphalt,primary,grade3,bad,2
698.4901714164029,asfalt,asphalt,primary,grade2,intermediate,2
705.8942790668523,asfalt,asphalt,service,grade5,excellent,0
705.9931790074241,asfalt,paving_stones,cycleway,grade4,good,0
706.2555610556747,pinnas,ground,unclassified,grade4,excellent,0
706.5221908937524,asfalt,asphalt,unclassified,grade3,excellent,0
706.732002113127,asfalt,asphalt,unclassified,grade3,excellent,0
707.0202257205776,asfalt,asphalt,unclassified,grade3,excellent,0
707.2471733174306,asfalt,asphalt,unclassified,grade3,excellent,0
707.541439835152,asfalt,asphalt,unclassified,grade3,excellent,0
707.7333084580771,asfalt,asphalt,unclassified,grade5,excellent,0
708.0151498783271,asfalt,asphalt,unclassified,grade5,excellent,0
708.2969866566543,asfalt,asphalt,unclassified,grade5,excellent,0
708.484678081654,asfalt,asphalt,unclassified,grade5,excellent,0
708.7664993102414,asfalt,concrete,unclassified,grade5,excellent,0
708.9536756365424,asfalt,concrete,unclassified,grade5,excellent,0
709.2233117934181,pinnas,ground,unclassified,grade3,excellent,0
709.5181914630963,asfalt,paving_stones,unclassified,grade3,good,0
709.7146460332364,asfalt,paving_stones,unclassified,grade3,good,0
710.009979356376,pinnas,ground,track,grade4,excellent,0
710.2803963266758,pinnas,ground,track,grade4,excellent,0
710.4619538194048,pinnas,ground,track,grade4,excellent,0
710.7328258940485,pinnas,ground,track,grade4,excellent,0
711.0214871080893,pinnas,ground,track,grade4,excellent,0
711.2794615294919,pinnas,ground,track,grade4,excellent,0
711.46102929085,pinnas,ground,track,grade4,excellent,0
711.7606596938501,pinnas,ground,track,grade4,excellent,0
711.9600627793072,pinnas,ground,track,grade4,excellent,0
712.2596794346953,pinnas,ground,track,grade4,excellent,0
712.4590733882052,pinnas,ground,track,grade4,excellent,0
712.758157469457,pinnas,ground,track,grade4,excellent,0
712.9560098030411,pinnas,ground,track,grade4,excellent,0
713.2509604156035,pinnas,ground,track,grade4,excellent,0
713.543351063585,pinnas,ground,track,grade4,excellent,0
713.738100445484,pinnas,ground,track,grade4,excellent,1
714.0299416062492,pinnas,ground,track,grade4,excellent,0
714.2241635959554,pinnas,ground,track,grade4,excellent,0
714.5160087122357,pinnas,ground,track,grade4,excellent,0
714.7102220308933,pinnas,ground,track,grade4,excellent,0
715.0020540989458,pinnas,ground,track,grade4,excellent,1
715.2933597695561,pinnas,ground,track,grade4,excellent,1
715.4880777661692,pinnas,ground,track,grade4,excellent,1
715.7798720898529,pinnas,ground,track,grade4,excellent,0
715.9740628189248,pinnas,ground,track,grade4,excellent,0
716.2694697647729,pinnas,ground,track,grade4,excellent,0
716.4682722902182,pinnas,ground,track,grade4,excellent,0
716.7657190374811,pinnas,ground,track,grade4,excellent,0
716.9639946411259,pinnas,ground,track,grade4,excellent,0
717.2485773998785,pinnas,ground,track,grade4,excellent,0
717.5341706205056,asfalt,asphalt,tertiary,grade4,excellent,0
717.7473877780029,asfalt,asphalt,tertiary,grade4,excellent,0
718.0006283074931,asfalt,asphalt,tertiary,grade4,bad,0
718.2546746262345,asfalt,asphalt,tertiary,grade3,excellent,0
718.5158880709351,asfalt,paving_stones,tertiary,grade5,excellent,0
718.7537998584229,asfalt,paving_stones,unclassified,grade4,intermediate,0
718.9983364864431,asfalt,paving_stones,unclassified,grade4,intermediate,0
719.2503865135405,asfalt,paving_stones,unclassified,grade4,intermediate,0
719.5075883087113,asfalt,paving_stones,unclassified,grade4,intermediate,0
719.7607127546177,asfalt,paving_stones,service,grade5,good,0
719.986237153895,asfalt,asphalt,primary,grade1,good,0
720.2787954966243,asfalt,asphalt,primary,grade5,intermediate,0
720.5021591776185,asfalt,asphalt,unclassified,grade3,good,0
720.745765128042,asfalt,asphalt,unclassified,grade3,good,0
721.0043837025879,asfalt,asphalt,unclassified,grade3,good,0
721.28422011663,asfalt,asphalt,unclassified,grade3,good,0
721.5060919380105,asfalt,asphalt,unclassified,grade3,good,0
721.7730460224188,asfalt,asphalt,unclassified,grade3,good,0
722.0080440364707,asfalt,asphalt,unclassified,grade3,good,0
722.2511187637042,asfalt,asphalt,unclassified,grade3,good,0
722.5109760415551,asfalt,asphalt,unclassified,grade3,good,0
722.7540746089824,asfalt,asphalt,unclassified,grade3,good,0
722.9755756730857,asfalt,paved,unclassified,grade2,intermediate,1
723.2568641536667,asfalt,paved,unclassified,grade2,intermediate,1
723.5165807085249,asfalt,asphalt,service,grade4,good,0
723.7583813535431,asfalt,paved,unclassified,grade2,intermediate,0
723.989789830578,asfalt,paved,unclassified,grade2,intermediate,0
724.2753263072891,asfalt,paved,unclassified,grade2,intermediate,0
724.5005690811249,asfalt,asphalt,service,grade5,excellent,0
724.7613396327497,asfalt,asphalt,service,grade5,good,0
724.9775619062708,asfalt,asphalt,tertiary,grade5,good,0
725.2400904795167,asfalt,asphalt,tertiary,grade5,good,0
725.5053814876843,asfalt,asphalt,tertiary,grade5,good,0
725.7942561370419,kruus,gravel,unclassified,grade3,excellent,0
725.9922796106067,kruus,gravel,unclassified,grade3,excellent,0
726.2668054940358,kruus,gravel,unclassified,grade3,excellent,0
726.5027508019792,kruus,gravel,unclassified,grade3,excellent,0
726.755919343218,kruus,gravel,unclassified,grade3,excellent,1
727.0064901566109,kruus,gravel,unclassified,grade3,excellent,0
727.203915236944,kruus,gravel,unclassified,grade3,excellent,0
727.5016163923028,kruus,gravel,unclassified,grade3,excellent,0
727.7630460975859,kruus,gravel,unclassified,grade3,excellent,0
728.0048167130724,kruus,gravel,unclassified,grade3,excellent,0
728.2968024874359,asfalt,asphalt,unclassified,grade2,excellent,1
728.4882095455051,asfalt,asphalt,unclassified,grade2,excellent,1
728.774658557507,asfalt,asphalt,unclassified,grade2,excellent,0
729.0345049207573,asfalt,asphalt,unclassified,grade2,excellent,0
729.2613848554734,asfalt,asphalt,unclassified,grade3,good,0
729.5121230480996,asfalt,asphalt,unclassified,grade3,good,1
729.787149686634,asfalt,asphalt,unclassified,grade3,good,0
730.0073208770023,asfalt,asphalt,unclassified,grade3,good,0
730.2357011197124,asfalt,asphalt,unclassified,grade3,good,0
730.4757915146138,asfalt,asphalt,unclassified,grade3,good,0
730.7498279483119,asfalt,asphalt,unclassified,grade3,good,0
731.030856392237,asfalt,asphalt,unclassified,grade3,good,0
731.2483766382699,asfalt,asphalt,tertiary,grade4,good,0
731.5243845722468,kruus,gravel,tertiary,grade3,intermediate,0
731.7829914165529,kruus,gravel,tertiary,grade3,intermediate,0
732.0269006453647,kruus,gravel,tertiary,grade3,intermediate,0
732.27333630473845,kruus,gravel,tertiary,grade3,intermediate,0
732.5202225434314,kruus,gravel,tertiary,grade3,intermediate,0
732.7203311331823,kruus,gravel,tertiary,grade3,intermediate,0
733.0091137452939,kruus,gravel,tertiary,grade3,intermediate,0
733.2945113920053,kruus,gravel,tertiary,grade3,intermediate,0
733.5410640526707,kruus,gravel,tertiary,grade3,intermediate,0
733.7903962470202,kruus,compacted,tertiary,grade4,intermediate,0
734.0020476300847,kruus,compacted,tertiary,grade4,intermediate,0
734.2209330190321,kruus,compacted,tertiary,grade4,intermediate,0
734.4994950124366,kruus,compacted,tertiary,grade4,intermediate,0
734.7578741024682,kruus,compacted,tertiary,grade4,intermediate,0
735.0434686227702,kruus,compacted,tertiary,grade4,intermediate,0
735.2149845659276,kruus,compacted,tertiary,grade4,intermediate,1
735.479921360228,kruus,compacted,tertiary,grade4,intermediate,0
735.7334657283968,kruus,compacted,tertiary,grade4,intermediate,0
735.9883583514633,kruus,compacted,tertiary,grade4,intermediate,0
736.2066838181166,asfalt,asphalt,tertiary,grade4,excellent,0
736.4631505665499,asfalt,asphalt,tertiary,grade4,excellent,0
736.7552393987905,asfalt,asphalt,tertiary,grade4,excellent,0
736.9876701178904,asfalt,asphalt,tertiary,grade1,good,0
737.2635269040792,asfalt,asphalt,tertiary,grade1,intermediate,0
737.4606667764938,asfalt,paving_stones,tertiary,grade5,good,0
737.7124025604029,asfalt,asphalt,tertiary,grade1,good,0
738.0123920708137,asfalt,asphalt,tertiary,grade1,good,0
738.2578376995892,asfalt,asphalt,tertiary,grade1,good,0
738.4657481462925,asfalt,asphalt,tertiary,grade1,good,0
738.7144084027599,asfalt,asphalt,tertiary,grade1,good,0
739.013859833065,asfalt,asphalt,tertiary,grade1,good,0
739.2451883182894,asfalt,asphalt,tertiary,grade1,good,0
739.4906736213691,asfalt,asphalt,tertiary,grade1,good,0
739.738944378057,asfalt,asphalt,tertiary,grade1,good,0
739.9788753123274,asfalt,asphalt,tertiary,grade1,good,0
740.2393420822164,kruus,unpaved,tertiary,grade1,good,0
740.5369293977175,asfalt,asphalt,unclassified,grade4,good,0
740.7660748942163,asfalt,asphalt,unclassified,grade4,good,0
741.0087011064634,asfalt,asphalt,unclassified,grade4,good,0
741.266277637512,asfalt,asphalt,unclassified,grade4,good,0
741.4916728144755,asfalt,asphalt,unclassified,grade3,good,0
741.7524686111045,asfalt,asphalt,unclassified,grade3,good,0
742.0392246626172,asfalt,asphalt,unclassified,grade3,good,0
742.2302032021138,asfalt,asphalt,unclassified,grade3,good,1
742.5196364901122,asfalt,asphalt,unclassified,grade4,excellent,0
742.7164735454863,asfalt,asphalt,unclassified,grade4,excellent,0
742.9999752077166,asfalt,asphalt,unclassified,grade3,excellent,0
743.2316250984288,asfalt,asphalt,unclassified,grade3,excellent,0
743.5062886407678,asfalt,asphalt,unclassified,grade3,excellent,0
743.7601822807212,asfalt,asphalt,unclassified,grade3,excellent,0
743.9637548532908,asfalt,asphalt,unclassified,grade3,good,0
744.2237083780909,asfalt,asphalt,unclassified,grade3,good,0
744.4801521467821,asfalt,asphalt,unclassified,grade3,good,0
744.7343900719899,asfalt,asphalt,unclassified,grade3,good,0
745.0185720563138,asfalt,asphalt,unclassified,grade4,excellent,0
745.220522903739,asfalt,asphalt,unclassified,grade4,excellent,0
745.4774352259903,asfalt,asphalt,unclassified,grade4,excellent,0
745.7667935646391,asfalt,asphalt,unclassified,grade4,excellent,0
746.0138351397989,asfalt,asphalt,track,grade2,intermediate,0
746.2530743967416,asfalt,asphalt,unclassified,grade4,excellent,0
746.52344227532,asfalt,asphalt,unclassified,grade4,excellent,0
746.7149820462591,asfalt,asphalt,unclassified,grade4,excellent,0
746.9692435732466,asfalt,asphalt,unclassified,grade4,excellent,0
747.275048360983,asfalt,asphalt,unclassified,grade4,excellent,0
747.489279266547,asfalt,asphalt,unclassified,grade4,excellent,0
747.712361667793,asfalt,asphalt,unclassified,grade4,excellent,0
747.9932601276515,asfalt,asphalt,unclassified,grade2,excellent,0
748.2150256190927,asfalt,asphalt,unclassified,grade2,excellent,0
748.4988255732751,asfalt,asphalt,unclassified,grade2,excellent,1
748.7333009891416,kruus,compacted,unclassified,grade4,intermediate,0
748.9959022561723,kruus,compacted,unclassified,grade4,intermediate,0
749.2738823341064,asfalt,paving_stones,unclassified,grade3,bad,0
749.5020202843609,asfalt,paving_stones,unclassified,grade3,bad,0
749.7559476967645,kruus,gravel,residential,grade4,excellent,0
749.9762603273675,asfalt,asphalt,path,grade3,intermediate,0
750.2729328482638,asfalt,asphalt,path,grade3,intermediate,0
750.4642979783598,asfalt,asphalt,path,grade3,intermediate,0
750.7506025184528,asfalt,asphalt,path,grade3,intermediate,0
750.9945561360034,pinnas,grass,path,grade2,good,0
751.2672736786732,asfalt,asphalt,unclassified,grade2,excellent,0
751.5250775694263,asfalt,asphalt,unclassified,grade2,excellent,0
751.7382257659596,asfalt,asphalt,unclassified,grade2,excellent,0
752.0168823168847,kruus,gravel,pedestrian,grade3,good,0
752.2502710684654,asfalt,asphalt,pedestrian,grade3,good,0
752.4952218242985,asfalt,asphalt,unclassified,grade4,excellent,0
752.7691160022862,asfalt,asphalt,unclassified,grade4,excellent,1
753.0034964211079,asfalt,asphalt,unclassified,grade4,excellent,0
753.2155921368145,asfalt,asphalt,unclassified,grade4,excellent,0
753.4921371223805,asfalt,asphalt,unclassified,grade4,excellent,0
753.7686745309412,asfalt,asphalt,unclassified,grade4,excellent,0
753.98388291714,asfalt,asphalt,unclassified,grade4,excellent,0
754.2544936481319,asfalt,asphalt,unclassified,grade4,excellent,1
754.4884390708444,asfalt,asphalt,unclassified,grade4,excellent,0
754.7579992890505,asfalt,asphalt,unclassified,grade4,excellent,0
754.97588001061,asfalt,asphalt,unclassified,grade4,excellent,0
755.2376477092929,kruus,compacted,unclassified,grade4,excellent,0
755.5020998094747,kruus,compacted,unclassified,grade4,excellent,0
755.7651284517234,kruus,compacted,unclassified,grade4,excellent,0
756.0253407538211,kruus,compacted,unclassified,grade4,excellent,0
756.2903674520982,kruus,compacted,unclassified,grade4,excellent,0
756.4727854621544,kruus,compacted,unclassified,grade4,excellent,0
756.7495264412557,kruus,compacted,unclassified,grade4,excellent,0
757.0382688406015,kruus,compacted,unclassified,grade4,excellent,0
757.2310935011026,kruus,compacted,unclassified,grade4,excellent,0
757.5198357146057,kruus,compacted,unclassified,grade4,excellent,0
757.763222448545,kruus,compacted,unclassified,grade4,excellent,1
758.0469090062526,kruus,compacted,unclassified,grade4,excellent,0
758.2737161762986,kruus,compacted,unclassified,grade4,excellent,0
758.4808767826755,kruus,compacted,unclassified,grade4,excellent,0
758.7240676306316,asfalt,asphalt,secondary,grade2,good,0
758.9616748997648,asfalt,asphalt,secondary,grade3,good,0
759.2176414778502,asfalt,asphalt,secondary,grade3,good,0
759.5135816950258,asfalt,asphalt,secondary,grade3,good,0
759.7411833549976,asfalt,asphalt,secondary,grade3,good,0
760.0129716721636,kruus,gravel,secondary,grade4,good,0
760.2935013715379,asfalt,asphalt,secondary,grade3,good,0
760.5276857788074,asfalt,asphalt,secondary,grade3,good,1
760.764135320619,asfalt,asphalt,secondary,grade3,good,0
761.0201708025867,asfalt,asphalt,secondary,grade3,good,0
761.249231885951,asfalt,asphalt,service,grade2,good,0
761.4706715675339,pinnas,ground,secondary,grade5,excellent,0
761.7869391031069,pinnas,ground,secondary,grade5,excellent,0
761.9873415895067,pinnas,ground,secondary,grade5,excellent,0
762.281601848695,pinnas,ground,secondary,grade5,excellent,0
762.4637032070784,pinnas,ground,secondary,grade5,excellent,0
762.7263203967143,pinnas,ground,secondary,grade5,excellent,1
762.9829945126309,pinnas,ground,secondary,grade5,excellent,0
763.229233374832,asfalt,asphalt,residential,grade5,excellent,0
763.4861549621676,asfalt,asphalt,secondary,grade2,good,0
763.7664134195004,asfalt,asphalt,secondary,grade2,good,0
763.9599401696604,asfalt,asphalt,secondary,grade2,good,1
764.2124386948542,asfalt,asphalt,secondary,grade2,good,0
764.460208798256,asfalt,asphalt,secondary,grade2,good,1
764.7454257192586,asfalt,asphalt,secondary,grade2,good,0
765.0276013149445,kruus,unpaved,secondary,grade3,intermediate,0
765.2726883786986,kruus,unpaved,secondary,grade3,intermediate,0
765.5416766781227,kruus,unpaved,secondary,grade3,intermediate,1
765.7204084302743,kruus,unpaved,secondary,grade3,intermediate,0
765.97246109752,kruus,unpaved,secondary,grade3,intermediate,0
766.2360260112819,kruus,unpaved,secondary,grade3,intermediate,0
766.5332488839318,kruus,unpaved,secondary,grade3,intermediate,0
766.7319156757246,kruus,unpaved,secondary,grade3,intermediate,0
767.0302041733763,kruus,unpaved,secondary,grade3,intermediate,0
767.2288611958951,kruus,unpaved,secondary,grade3,intermediate,0
767.5142212997021,kruus,unpaved,secondary,grade3,intermediate,0
767.7652535347504,kruus,unpaved,secondary,grade3,intermediate,0
767.9666577079605,kruus,unpaved,secondary,grade3,intermediate,0
768.2092783967117,kruus,unpaved,secondary,grade3,intermediate,0
768.4961513084965,kruus,unpaved,secondary,grade3,intermediate,1
768.7550540384732,kruus,unpaved,secondary,grade3,intermediate,0
769.0144402033576,kruus,unpaved,secondary,grade3,intermediate,0
769.2346644927317,kruus,unpaved,secondary,grade3,intermediate,0
769.5277219676673,pinnas,sand,service,grade3,bad,0
769.7480161520277,asfalt,asphalt,tertiary,grade4,excellent,0
770.0066266991471,asfalt,asphalt,tertiary,grade4,excellent,0
770.2288681571143,teadmata,sett,tertiary,grade5,good,0
770.490208347531,asfalt,paving_stones,tertiary,grade4,excellent,0
770.7479083355523,asfalt,paving_stones,tertiary,grade4,excellent,0
771.0287186101158,asfalt,paving_stones,tertiary,grade4,excellent,0
771.2637290381019,asfalt,paving_stones,tertiary,grade4,excellent,0
771.4951075356654,asfalt,paving_stones,tertiary,grade4,excellent,0
771.7301340174002,asfalt,paving_stones,tertiary,grade4,excellent,0
771.9830805321286,asfalt,paving_stones,tertiary,grade4,excellent,0
772.2480431825044,asfalt,paving_stones,tertiary,grade4,excellent,0
772.4972298228797,asfalt,paving_stones,tertiary,grade4,excellent,0
772.7456487499647,asfalt,paving_stones,tertiary,grade4,excellent,0
772.9965595587115,asfalt,paving_stones,tertiary,grade4,excellent,0
773.2352570900701,asfalt,paving_stones,tertiary,grade4,excellent,0
773.4801882676463,pinnas,grass,tertiary,grade3,good,0
773.7323832107611,pinnas,grass,tertiary,grade3,good,0
774.0028855890992,pinnas,grass,tertiary,grade3,good,0
774.2502192278871,pinnas,grass,tertiary,grade3,good,0
774.518140053647,asfalt,paved,tertiary,grade2,impassable,0
774.7555819159792,asfalt,paved,tertiary,grade2,impassable,0
774.9944544856148,asfalt,paved,tertiary,grade2,impassable,0
775.2575184174061,asfalt,paved,tertiary,grade2,impassable,0
775.4881666150075,kruus,fine_gravel,tertiary,grade2,intermediate,0
775.7484406539277,asfalt,asphalt,tertiary,grade4,intermediate,0
776.0163976710979,asfalt,asphalt,tertiary,grade4,intermediate,0
776.275671006001,asfalt,asphalt,tertiary,grade3,excellent,0
776.4738576169982,asfalt,asphalt,tertiary,grade1,good,0
776.7258036259483,kruus,compacted,tertiary,grade1,good,0
777.004242871272,pinnas,grass,tertiary,grade2,impassable,0
777.2411408339333,pinnas,grass,tertiary,grade2,impassable,0
777.533038741752,pinnas,grass,tertiary,grade2,impassable,0
777.7895998586408,pinnas,grass,tertiary,grade2,impassable,0
777.9852211787882,pinnas,grass,tertiary,grade2,impassable,0
778.2612959319688,pinnas,grass,tertiary,grade2,impassable,0
778.4762620961097,pinnas,grass,tertiary,grade2,impassable,0
778.7505507677212,pinnas,grass,tertiary,grade2,impassable,0
779.0106336581724,pinnas,grass,tertiary,grade2,impassable,1
779.2645169930884,pinnas,grass,tertiary,grade2,impassable,0
779.499920613051,pinnas,grass,tertiary,grade2,impassable,0
779.7653892246856,pinnas,grass,tertiary,grade2,impassable,0
780.0370661257248,asfalt,asphalt,tertiary,grade1,excellent,0
780.2593198846134,asfalt,asphalt,tertiary,grade1,excellent,0
780.5269452366393,asfalt,asphalt,tertiary,grade1,excellent,0
780.757560013505,asfalt,asphalt,tertiary,grade1,excellent,0
780.9904097834021,asfalt,asphalt,tertiary,grade1,excellent,0
781.245814034582,asfalt,asphalt,unclassified,grade1,good,0
781.5105240933333,asfalt,asphalt,tertiary,grade1,excellent,0
781.7508921846918,asfalt,asphalt,tertiary,grade1,excellent,0
781.9973818149247,asfalt,asphalt,tertiary,grade1,excellent,0
782.2360188585685,asfalt,asphalt,tertiary,grade1,excellent,0
782.4744393401908,asfalt,asphalt,tertiary,grade1,excellent,0
782.7631029519794,asfalt,asphalt,tertiary,grade1,excellent,1
782.9824860056862,asfalt,asphalt,tertiary,grade3,good,0
783.2330597102023,asfalt,asphalt,tertiary,grade3,good,1
783.4908707000009,asfalt,asphalt,tertiary,grade3,intermediate,0
783.7316327456365,asfalt,asphalt,tertiary,grade3,intermediate,0
783.9931887670162,asfalt,asphalt,tertiary,grade3,intermediate,0
784.2360492537196,asfalt,asphalt,tertiary,grade3,intermediate,0
784.4742248554206,asfalt,asphalt,tertiary,grade3,intermediate,0
784.7370155410507,asfalt,asphalt,tertiary,grade3,intermediate,0
784.9965523019404,asfalt,asphalt,tertiary,grade3,intermediate,0
785.2175700178759,asfalt,asphalt,tertiary,grade3,intermediate,0
785.4963313744837,asfalt,asphalt,tertiary,grade3,intermediate,1
785.7328530217247,asfalt,asphalt,tertiary,grade3,intermediate,0
785.9660200681639,asfalt,asphalt,tertiary,grade3,intermediate,0
786.2612509258742,asfalt,asphalt,tertiary,grade3,intermediate,0
786.4962762174586,asfalt,asphalt,tertiary,grade3,intermediate,1
786.7524656541499,asfalt,asphalt,tertiary,grade3,intermediate,0
786.9837825977858,kruus,gravel,tertiary,grade3,good,0
787.2709379197952,kruus,gravel,tertiary,grade3,good,0
787.4840300979803,kruus,gravel,tertiary,grade3,good,0
787.7602756561405,asfalt,asphalt,tertiary,grade3,excellent,0
788.0107138791651,kruus,unpaved,tertiary,grade2,good,0
788.2634262629621,kruus,unpaved,tertiary,grade2,good,0
788.4834609075624,kruus,pebblestone,unclassified,grade5,excellent,0
788.780965598443,kruus,pebblestone,unclassified,grade5,excellent,0
788.9675608095466,kruus,pebblestone,unclassified,grade5,excellent,0
789.2382702850787,kruus,pebblestone,unclassified,grade5,excellent,0
789.5200334157137,kruus,pebblestone,unclassified,grade5,excellent,0
789.713534111951,kruus,pebblestone,unclassified,grade5,excellent,0
790.0038877701538,kruus,pebblestone,unclassified,grade5,excellent,0
790.2253244492357,kruus,pebblestone,unclassified,grade5,excellent,0
790.4907394253285,kruus,pebblestone,unclassified,grade5,excellent,0
790.7833644488967,kruus,pebblestone,unclassified,grade5,excellent,0
791.0381825581867,kruus,pebblestone,unclassified,grade5,excellent,0
791.223536668989,kruus,pebblestone,unclassified,grade5,excellent,0
791.5083572404457,kruus,pebblestone,unclassified,grade5,excellent,0
791.7835577958818,kruus,pebblestone,unclassified,grade5,excellent,0
792.0090902621946,asfalt,asphalt,unclassified,grade4,excellent,0
792.2092083922435,asfalt,asphalt,unclassified,grade4,excellent,0
792.4885119212304,asfalt,asphalt,unclassified,grade4,excellent,0
792.7072906798724,asfalt,asphalt,unclassified,grade4,excellent,1
792.9802526026625,asfalt,asphalt,unclassified,grade4,excellent,0
793.2477017427971,asfalt,asphalt,unclassified,grade4,excellent,0
793.4694555696685,asfalt,asphalt,unclassified,grade4,excellent,0
793.7241043207885,asfalt,asphalt,unclassified,grade4,excellent,0
794.0233405558849,asfalt,asphalt,unclassified,grade4,excellent,0
794.275814114497,asfalt,asphalt,unclassified,grade4,excellent,0
794.525096670983,asfalt,asphalt,unclassified,grade4,excellent,1
794.7166552722757,kruus,compacted,unclassified,grade4,excellent,0
795.0082780871355,asfalt,asphalt,unclassified,grade4,excellent,1
795.2436811283643,asfalt,asphalt,unclassified,grade4,excellent,0
795.5082571468785,asfalt,asphalt,unclassified,grade4,excellent,0
795.7630040449573,asfalt,asphalt,unclassified,grade4,excellent,0
796.0083898260117,asfalt,asphalt,unclassified,grade4,excellent,0
796.2518184635973,asfalt,asphalt,unclassified,grade4,excellent,0
796.5215929767699,asfalt,asphalt,unclassified,grade4,excellent,0
796.7728492083135,asfalt,asphalt,unclassified,grade4,excellent,0
796.999896445383,asfalt,asphalt,unclassified,grade4,excellent,0
797.2453906687512,asfalt,asphalt,unclassified,grade4,excellent,0
797.4930964526098,asfalt,asphalt,unclassified,grade4,excellent,0
797.7470780871602,asfalt,asphalt,unclassified,grade4,excellent,0
797.9910883219508,asfalt,asphalt,unclassified,grade4,excellent,0
798.2636538322104,pinnas,ground,cycleway,grade3,good,0
798.4619946332496,pinnas,ground,cycleway,grade3,good,0
798.7595012077821,pinnas,ground,cycleway,grade3,good,0
798.9578358394393,pinnas,ground,cycleway,grade3,good,0
799.2558875851158,pinnas,ground,cycleway,grade3,good,0
799.4542160473302,pinnas,ground,cycleway,grade3,good,0
799.7517041135346,pinnas,ground,cycleway,grade3,good,0
800.0491866271691,pinnas,ground,cycleway,grade3,good,0
800.2480596000767,pinnas,ground,cycleway,grade3,good,0
800.5455328593551,pinnas,ground,cycleway,grade3,good,0
800.7438452807331,pinnas,ground,cycleway,grade3,good,0
801.0413092855644,pinnas,ground,cycleway,grade3,good,0
801.2401698758731,pinnas,ground,cycleway,grade3,good,0
801.5376246261653,pinnas,ground,cycleway,grade3,good,0
801.7359247081586,pinnas,ground,cycleway,grade3,good,0
802.0333702038207,pinnas,ground,cycleway,grade3,good,0
802.2322184152258,pinnas,ground,cycleway,grade3,good,0
802.5396516238169,asfalt,asphalt,path,grade1,good,0
802.7296072573181,asfalt,asphalt,path,grade1,good,0
803.0223174338821,kruus,compacted,path,grade4,excellent,0
803.2133759629511,kruus,compacted,path,grade4,excellent,0
803.499405166113,kruus,compacted,path,grade4,excellent,0
803.7854292609726,kruus,compacted,path,grade4,excellent,1
803.9762151355684,kruus,compacted,path,grade4,excellent,0
804.2711159954711,kruus,compacted,path,grade4,excellent,0
804.4704905409401,kruus,compacted,path,grade4,excellent,0
804.7384435730013,kruus,compacted,path,grade4,excellent,0
805.0070814525322,kruus,compacted,path,grade4,excellent,0
805.2396040422378,kruus,compacted,path,grade4,excellent,0
805.4725627071456,kruus,compacted,path,grade4,excellent,0
805.7583517562675,kruus,compacted,path,grade4,excellent,0
805.9571995862419,kruus,compacted,path,grade4,excellent,0
806.2161552506192,kruus,compacted,path,grade4,excellent,0
806.5120748655013,kruus,compacted,path,grade4,excellent,1
806.7095863415383,kruus,compacted,path,grade4,excellent,0
806.9915818087427,kruus,compacted,path,grade4,excellent,1
807.266952362297,kruus,compacted,path,grade4,excellent,0
807.4753959868455,kruus,compacted,path,grade4,excellent,1
807.7283227821058,kruus,compacted,path,grade4,excellent,0
807.9754746980701,asfalt,asphalt,tertiary,grade1,good,0
808.2325275595751,asfalt,asphalt,tertiary,grade3,good,0
808.4705227098576,asfalt,asphalt,tertiary,grade3,excellent,0
808.7540406045963,asfalt,asphalt,tertiary,grade3,excellent,0
809.0169375676212,asfalt,asphalt,unclassified,grade5,good,0
809.2250326035538,asfalt,asphalt,unclassified,grade4,excellent,0
809.501889986215,asfalt,asphalt,unclassified,grade4,excellent,0
809.7610224307035,pinnas,dirt,unclassified,grade2,intermediate,0
809.9769745125549,pinnas,dirt,unclassified,grade2,intermediate,0
810.2493963069537,pinnas,dirt,unclassified,grade2,intermediate,0
810.479318596635,pinnas,dirt,unclassified,grade2,intermediate,0
810.7510305320194,pinnas,dirt,unclassified,grade2,intermediate,0
810.9729033743021,pinnas,dirt,unclassified,grade2,intermediate,0
811.2409087087833,asfalt,asphalt,tertiary,grade1,excellent,0
811.4859727789328,asfalt,asphalt,tertiary,grade1,excellent,0
811.7320426942154,asfalt,asphalt,tertiary,grade3,good,0
811.9689877450429,asfalt,asphalt,tertiary,grade3,good,0
812.2427688223253,asfalt,asphalt,tertiary,grade2,good,0
812.4839338391259,asfalt,asphalt,tertiary,grade2,good,0
812.7721747057018,asfalt,asphalt,tertiary,grade2,good,0
812.9757660290742,asfalt,asphalt,tertiary,grade2,excellent,1
813.26256078483,asfalt,asphalt,tertiary,grade2,excellent,0
813.4766018107617,asfalt,asphalt,tertiary,grade2,excellent,0
813.7801538135825,asfalt,asphalt,tertiary,grade2,excellent,0
813.9895756354347,asfalt,asphalt,tertiary,grade2,excellent,0
814.2178176463908,asfalt,asphalt,tertiary,grade2,excellent,0
814.5367289449621,asfalt,asphalt,tertiary,grade3,good,0
814.7872615820726,asfalt,asphalt,tertiary,grade3,good,0
815.0432259921469,kruus,unpaved,tertiary,grade3,excellent,0
815.2261884563346,kruus,unpaved,tertiary,grade3,excellent,0
815.4987227175837,pinnas,ground,tertiary,grade3,excellent,0
815.7569008441102,asfalt,paving_stones,tertiary,grade3,excellent,0
815.9519345811528,asfalt,asphalt,tertiary,grade2,excellent,0
816.2436868140436,asfalt,asphalt,tertiary,grade2,excellent,0
816.5106472340609,asfalt,asphalt,tertiary,grade2,excellent,1
816.762464902041,asfalt,asphalt,tertiary,grade2,excellent,0
817.0054685167511,asfalt,asphalt,tertiary,grade2,excellent,0
817.2828235143103,asfalt,asphalt,tertiary,grade2,excellent,0
817.467044421141,asfalt,asphalt,tertiary,grade2,excellent,0
817.7488218598288,asfalt,asphalt,tertiary,grade2,excellent,0
818.0005850506265,asfalt,asphalt,tertiary,grade2,excellent,0
818.2295218625122,asfalt,asphalt,tertiary,grade2,excellent,0
818.5127565136556,asfalt,asphalt,tertiary,grade2,excellent,0
818.763704520139,asfalt,asphalt,tertiary,grade2,excellent,1
819.0110845975134,asfalt,asphalt,tertiary,grade2,excellent,0
819.2617973783509,asfalt,asphalt,tertiary,grade2,excellent,0
819.5197782574493,asfalt,asphalt,tertiary,grade2,excellent,0
819.7776062358547,asfalt,asphalt,tertiary,grade2,excellent,0
819.9993942727568,asfalt,asphalt,tertiary,grade2,excellent,0
820.2398975196336,asfalt,asphalt,unclassified,grade3,excellent,0
820.4693232224669,asfalt,asphalt,unclassified,grade3,excellent,0
820.7220763159331,asfalt,asphalt,unclassified,grade3,excellent,0
821.0297513459498,asfalt,asphalt,unclassified,grade3,excellent,0
821.2572430623167,asfalt,asphalt,unclassified,grade3,excellent,0
821.4519377328246,asfalt,asphalt,unclassified,grade3,excellent,0
821.7647793170441,asfalt,asphalt,unclassified,grade3,excellent,0
821.972535455823,asfalt,asphalt,unclassified,grade3,excellent,0
822.244391952916,asfalt,asphalt,unclassified,grade3,excellent,0
822.48774075631,asfalt,asphalt,unclassified,grade3,excellent,0
822.7359499292176,asfalt,asphalt,unclassified,grade3,excellent,0
823.0306233598611,asfalt,asphalt,unclassified,grade3,excellent,0
823.2420067034519,asfalt,asphalt,unclassified,grade3,excellent,0
823.5098712235048,kruus,unpaved,unclassified,grade3,excellent,1
823.7177456854669,kruus,unpaved,unclassified,grade3,excellent,0
824.0118018018883,kruus,unpaved,unclassified,grade3,excellent,0
824.2668140472108,kruus,gravel,tertiary,grade1,excellent,0
824.4633056300436,kruus,gravel,tertiary,grade1,excellent,0
824.7251582876982,kruus,gravel,tertiary,grade1,excellent,0
825.0037240592432,kruus,gravel,tertiary,grade1,excellent,0
825.2408569509905,teadmata,metal,tertiary,grade1,intermediate,0
825.5223733929575,teadmata,metal,tertiary,grade1,intermediate,0
825.7427136841972,teadmata,metal,tertiary,grade1,intermediate,0
826.0099708534264,teadmata,metal,tertiary,grade1,intermediate,0
826.261851851455,teadmata,metal,tertiary,grade1,intermediate,0
826.4762400461103,teadmata,metal,tertiary,grade1,intermediate,0
826.7844854111471,asfalt,asphalt,unclassified,grade3,excellent,0
827.0122437918825,asfalt,asphalt,unclassified,grade3,excellent,0
827.222330804048,asfalt,asphalt,unclassified,grade3,excellent,0
827.46205701633,asfalt,asphalt,unclassified,grade3,excellent,0
827.7270106706038,asfalt,asphalt,unclassified,grade3,excellent,0
827.996866461273,asfalt,asphalt,service,grade2,bad,0
828.2522609411337,asfalt,asphalt,unclassified,grade3,excellent,0
828.5351984204646,asfalt,asphalt,unclassified,grade3,excellent,0
828.7629662470134,asfalt,asphalt,unclassified,grade3,excellent,0
828.9731398384843,asfalt,asphalt,unclassified,grade3,excellent,1
829.2787579631317,asfalt,asphalt,unclassified,grade3,excellent,0
829.5336048816185,asfalt,asphalt,unclassified,grade3,excellent,0
829.7094677693351,asfalt,asphalt,unclassified,grade3,excellent,0
829.9727414673883,asfalt,asphalt,unclassified,grade3,excellent,0
830.2622827961526,asfalt,asphalt,unclassified,grade3,excellent,0
830.4784172527732,asfalt,asphalt,unclassified,grade2,intermediate,0
830.7329651953219,asfalt,asphalt,unclassified,grade2,intermediate,0
831.0119930511352,asfalt,asphalt,unclassified,grade2,intermediate,0
831.2437897160984,asfalt,asphalt,unclassified,grade2,intermediate,0
831.5049223427528,asfalt,asphalt,unclassified,grade2,intermediate,0
831.7543562478718,asfalt,asphalt,unclassified,grade2,intermediate,0
832.0097761823773,asfalt,asphalt,unclassified,grade2,intermediate,0
832.2440254124243,asfalt,asphalt,unclassified,grade2,intermediate,0
832.4925012987471,asfalt,asphalt,unclassified,grade2,good,0
832.7422176619062,asfalt,asphalt,unclassified,grade2,good,0
833.0167554050978,asfalt,asphalt,unclassified,grade2,good,0
833.244633096413,asfalt,asphalt,unclassified,grade2,good,0
833.4871090573309,asfalt,asphalt,unclassified,grade2,good,0
833.7187398074301,asfalt,asphalt,unclassified,grade2,good,0
834.0081649140791,asfalt,asphalt,unclassified,grade2,good,0
834.2366706594513,asfalt,asphalt,unclassified,grade2,good,0
834.4855325885363,asfalt,asphalt,unclassified,grade2,good,0
834.7254849703753,asfalt,asphalt,unclassified,grade2,good,0
835.0014657743168,asfalt,asphalt,unclassified,grade2,good,0
835.2515035529083,asfalt,asphalt,unclassified,grade2,good,0
835.4986595189647,asfalt,asphalt,unclassified,grade2,good,0
835.7311939622936,asfalt,paving_stones,tertiary,grade3,excellent,0
836.0002084810048,asfalt,paving_stones,tertiary,grade3,excellent,0
836.2505816164314,asfalt,paving_stones,tertiary,grade3,excellent,0
836.5082359854003,asfalt,asphalt,unclassified,grade3,good,0
836.7593340077332,asfalt,asphalt,unclassified,grade3,good,0
837.0118263477458,asfalt,asphalt,unclassified,grade3,good,0
837.22447636437,asfalt,asphalt,unclassified,grade3,good,0
837.5128401523418,asfalt,asphalt,unclassified,grade3,good,0
837.754563079036,asfalt,asphalt,unclassified,grade3,good,0
837.9738210211465,asfalt,asphalt,unclassified,grade3,good,1
838.2533632812984,asfalt,asphalt,unclassified,grade3,good,0
838.4980126747467,asfalt,asphalt,unclassified,grade3,good,0
838.7476090831412,asfalt,asphalt,unclassified,grade3,good,0
838.9919235516944,asfalt,asphalt,unclassified,grade3,good,0
839.2562699812801,asfalt,asphalt,unclassified,grade3,bad,0
839.4869910635581,asfalt,asphalt,unclassified,grade3,bad,0
839.7683047629087,asfalt,asphalt,unclassified,grade3,bad,0
839.9832137435277,asfalt,asphalt,unclassified,grade3,bad,0
840.2308606651833,kruus,compacted,unclassified,grade5,good,0
840.50310927702,kruus,compacted,unclassified,grade5,good,0
840.7631817826231,kruus,compacted,unclassified,grade5,good,0
841.0086111520088,kruus,compacted,unclassified,grade5,good,0
841.2268289395039,kruus,compacted,unclassified,grade5,good,0
841.4921638735835,kruus,compacted,unclassified,grade5,good,0
841.7327951697669,kruus,compacted,unclassified,grade5,good,0
841.993567960581,kruus,compacted,unclassified,grade5,good,0
842.2697622563128,kruus,compacted,unclassified,grade5,good,0
842.4858408733577,kruus,compacted,unclassified,grade5,good,1
842.7686311550581,kruus,compacted,unclassified,grade5,good,0
843.0080887470629,kruus,compacted,unclassified,grade5,good,0
843.2364256406989,asfalt,asphalt,tertiary,grade1,bad,0
843.4924553794676,asfalt,asphalt,tertiary,grade1,bad,1
843.7409592822448,asfalt,asphalt,tertiary,grade3,good,0
844.0133570706851,asfalt,asphalt,tertiary,grade3,good,0
844.2160735195993,asfalt,asphalt,tertiary,grade3,good,0
844.484058741689,asfalt,asphalt,tertiary,grade3,good,0
844.7313142109384,asfalt,asphalt,tertiary,grade3,good,0
844.9649330763089,asfalt,asphalt,tertiary,grade3,good,0
845.2630313131847,asfalt,asphalt,tertiary,grade3,good,0
845.4846710282709,asfalt,asphalt,tertiary,grade3,good,0
845.7738455602135,asfalt,asphalt,tertiary,grade3,good,0
845.9728328465185,asfalt,asphalt,tertiary,grade3,good,0
846.2673314852126,asfalt,asphalt,tertiary,grade3,good,0
846.4841241208563,asfalt,asphalt,tertiary,grade3,good,0
846.7530317967527,asfalt,asphalt,tertiary,grade3,good,0
846.9870067195668,asfalt,asphalt,tertiary,grade3,good,0
847.2514119927688,asfalt,asphalt,tertiary,grade3,good,0
847.5233481619823,kruus,gravel,unclassified,grade1,good,0
847.7168182249226,kruus,gravel,unclassified,grade1,good,0
847.9815965455986,kruus,gravel,unclassified,grade1,good,1
848.2501869098304,kruus,gravel,unclassified,grade1,good,0
848.4840510826235,kruus,gravel,unclassified,grade1,good,0
848.7283489750522,kruus,gravel,unclassified,grade1,good,0
848.9725839674229,kruus,gravel,unclassified,grade1,good,0
849.2735604915064,kruus,gravel,unclassified,grade1,good,1
849.4694754045519,kruus,gravel,unclassified,grade1,good,0
849.744448987875,kruus,gravel,unclassified,grade1,good,0
850.0206386848893,kruus,gravel,unclassified,grade1,good,0
850.2415514130255,asfalt,paving_stones,unclassified,grade2,excellent,0
850.5025935276755,asfalt,asphalt,unclassified,grade3,excellent,0
850.7623463781734,asfalt,asphalt,unclassified,grade3,excellent,0
851.017222611535,asfalt,asphalt,unclassified,grade3,excellent,0
851.25679501302,asfalt,asphalt,unclassified,grade3,excellent,0
851.5065852279729,asfalt,asphalt,unclassified,grade3,excellent,0
851.7598549182565,asfalt,paving_stones,unclassified,grade5,good,0
852.0034382325433,asfalt,paving_stones,unclassified,grade5,good,0
852.2330050859085,kruus,gravel,unclassified,grade5,excellent,0
852.5219185623063,kruus,gravel,unclassified,grade5,excellent,1
852.7288853669216,asfalt,asphalt,path,grade4,excellent,0
852.9910945333062,asfalt,asphalt,unclassified,grade4,excellent,0
853.2637109635976,asfalt,asphalt,unclassified,grade4,excellent,0
853.483243329284,asfalt,asphalt,unclassified,grade4,excellent,0
853.7673940495857,asfalt,asphalt,unclassified,grade4,excellent,0
853.9872413382494,asfalt,asphalt,unclassified,grade4,excellent,0
854.2297953467784,asfalt,asphalt,unclassified,grade4,excellent,0
854.4726367592402,asfalt,asphalt,unclassified,grade4,excellent,1
854.7436233612111,asfalt,asphalt,unclassified,grade4,excellent,0
855.0267137845764,asfalt,asphalt,unclassified,grade4,excellent,0
855.2530644494144,asfalt,asphalt,unclassified,grade4,excellent,0
855.4813743490339,asfalt,asphalt,unclassified,grade4,excellent,1
855.7268801595383,asfalt,paving_stones,unclassified,grade2,excellent,0
855.9989050703047,asfalt,paving_stones,unclassified,grade2,excellent,0
856.2316992155107,asfalt,asphalt,unclassified,grade5,excellent,0
856.5123832420505,asfalt,asphalt,tertiary,grade2,excellent,0
856.7160432038677,asfalt,asphalt,tertiary,grade2,excellent,1
856.9736430290112,asfalt,asphalt,tertiary,grade1,intermediate,3
857.2626023912389,asfalt,asphalt,tertiary,grade1,intermediate,2
857.4823309005598,kruus,gravel,tertiary,grade2,good,1
857.7757446578439,kruus,gravel,tertiary,grade2,good,0
857.9995478972558,asfalt,asphalt,cycleway,grade2,good,0
858.2362333124898,asfalt,asphalt,tertiary,grade4,excellent,0
858.5001016111124,asfalt,asphalt,living_street,grade3,excellent,2
858.7260589724596,kruus,compacted,unclassified,grade3,excellent,2
858.9807810657107,kruus,compacted,unclassified,grade3,excellent,0
859.2524263729216,pinnas,earth,unclassified,grade4,excellent,0
859.4924953460642,pinnas,earth,unclassified,grade4,excellent,0
859.7494701924867,pinnas,earth,unclassified,grade4,excellent,3
860.0033257205112,asfalt,asphalt,service,grade2,excellent,0
860.2685911218157,asfalt,asphalt,unclassified,grade3,intermediate,4
860.5564599626558,asfalt,asphalt,unclassified,grade3,intermediate,1
860.8109515255852,asfalt,asphalt,unclassified,grade3,intermediate,3
861.002704900916,asfalt,asphalt,unclassified,grade3,intermediate,6
861.26514368928,asfalt,asphalt,track,grade3,good,0
861.5048160713108,asfalt,asphalt,track,grade3,excellent,0
861.764461727928,asfalt,asphalt,track,grade4,good,0
862.0160409502305,asfalt,asphalt,track,grade4,good,0
862.2361042511911,asfalt,asphalt,track,grade4,good,0
862.4845044465624,asfalt,asphalt,track,grade4,good,0
862.722932980414,asfalt,paving_stones,track,grade1,excellent,0
862.9806055780183,asfalt,asphalt,unclassified,grade4,good,0
863.2641601567553,asfalt,asphalt,unclassified,grade4,good,0
863.5406964930958,asfalt,asphalt,unclassified,grade2,good,0
863.7349398323697,asfalt,asphalt,unclassified,grade3,good,0
863.9957619068911,asfalt,asphalt,unclassified,grade3,good,0
864.2599486999944,asfalt,asphalt,track,grade3,good,0
864.4871376821268,asfalt,asphalt,unclassified,grade1,good,0
864.7583493732488,asfalt,asphalt,unclassified,grade1,good,0
864.9877922008809,asfalt,asphalt,unclassified,grade1,good,2
865.2399265533577,asfalt,asphalt,unclassified,grade1,good,3
865.4955526947406,asfalt,asphalt,unclassified,grade1,good,1
865.7508381475109,asfalt,asphalt,unclassified,grade1,good,4
866.001348775009,asfalt,asphalt,unclassified,grade1,good,0
866.244493731053,asfalt,paving_stones,track,grade4,excellent,9
866.4846291989256,asfalt,asphalt,track,grade3,good,4
866.7433142894345,kruus,gravel,unclassified,grade5,good,1
867.0098825596654,asfalt,asphalt,unclassified,grade3,excellent,1
867.2224826686544,asfalt,asphalt,unclassified,grade3,excellent,4
867.4951719765506,asfalt,asphalt,unclassified,grade3,excellent,4
867.7633095345421,asfalt,asphalt,unclassified,grade3,excellent,2
868.0054063675075,asfalt,asphalt,unclassified,grade4,intermediate,1
868.2297409709536,asfalt,asphalt,unclassified,grade4,intermediate,4
868.4956535919459,asfalt,asphalt,unclassified,grade4,intermediate,3
868.7759234547676,asfalt,asphalt,unclassified,grade4,intermediate,2
869.0574382502482,kruus,pebblestone,unclassified,grade3,bad,3
869.2580628650479,kruus,pebblestone,unclassified,grade3,bad,4
869.5039687084401,pinnas,grass,track,grade3,excellent,0
869.7349397521182,asfalt,asphalt,track,grade1,good,0
869.982919471632,pinnas,ground,path,grade3,excellent,14
870.268899539395,asfalt,asphalt,path,grade2,intermediate,0
870.4933247131133,asfalt,asphalt,path,grade2,intermediate,0
870.7513805424412,pinnas,sand,track,grade1,intermediate,2
870.9968136198858,pinnas,sand,track,grade1,intermediate,3
871.2568652766575,kruus,compacted,track,grade4,excellent,0
871.4957213810371,asfalt,asphalt,track,grade1,good,0
871.7593763466965,kruus,compacted,track,grade4,excellent,0
871.9866436951729,kruus,compacted,track,grade4,excellent,0
872.2491143983477,kruus,compacted,track,grade4,excellent,0
872.4983806178465,teadmata,concrete:lanes,unclassified,grade4,excellent,0
872.7405462712312,teadmata,concrete:lanes,unclassified,grade4,excellent,1
872.9892737177869,teadmata,concrete:lanes,unclassified,grade4,excellent,0
873.25065877233,teadmata,concrete:lanes,unclassified,grade4,excellent,0
873.4855069904812,asfalt,asphalt,unclassified,grade5,excellent,0
873.7932111969469,asfalt,asphalt,unclassified,grade4,good,0
873.9780843224454,asfalt,asphalt,unclassified,grade4,good,0
874.2478874227611,kruus,unpaved,service,grade2,excellent,0
874.4903480423956,asfalt,asphalt,unclassified,grade4,good,0
874.7755055070944,asfalt,asphalt,unclassified,grade4,good,0
875.0030077723927,asfalt,asphalt,unclassified,grade4,good,0
875.2557772001552,asfalt,asphalt,unclassified,grade4,good,0
875.4890313829095,asfalt,asphalt,unclassified,grade4,good,0
875.7623544093088,asfalt,asphalt,unclassified,grade4,good,0
875.976489778833,asfalt,asphalt,unclassified,grade4,good,0
876.2444069554413,asfalt,asphalt,unclassified,grade4,good,0
876.491088692239,asfalt,asphalt,unclassified,grade4,good,1
876.7445586228745,asfalt,asphalt,unclassified,grade4,good,0
876.9884824940655,asfalt,paved,tertiary,grade1,intermediate,0
877.233482997742,asfalt,paving_stones,unclassified,grade3,horrible,0
877.4792103642958,pinnas,ground,track,grade3,good,0
877.704833985111,asfalt,asphalt,unclassified,grade4,good,0
877.9899517148923,asfalt,asphalt,unclassified,grade4,good,0
878.2119409822296,asfalt,asphalt,unclassified,grade4,good,0
878.5286747319273,asfalt,asphalt,unclassified,grade4,good,0
878.7315387128161,asfalt,asphalt,unclassified,grade4,good,0
879.003092186949,asfalt,asphalt,unclassified,grade3,good,0
879.2232639006081,asfalt,asphalt,unclassified,grade3,good,0
879.5145816230458,asfalt,asphalt,unclassified,grade3,good,0
879.758931359295,asfalt,asphalt,unclassified,grade2,excellent,0
880.0289446747794,asfalt,asphalt,unclassified,grade2,excellent,0
880.2405769407675,asfalt,asphalt,unclassified,grade2,excellent,0
880.5447272936688,asfalt,asphalt,unclassified,grade2,excellent,0
880.747043167549,asfalt,asphalt,unclassified,grade2,excellent,1
880.9895210433659,kruus,fine_gravel,unclassified,grade5,good,0
881.2602548710145,kruus,fine_gravel,unclassified,grade5,good,0
881.5176303378906,kruus,fine_gravel,unclassified,grade5,good,0
881.7665262779373,kruus,fine_gravel,unclassified,grade5,good,0
882.0120231087359,kruus,fine_gravel,unclassified,grade4,excellent,1
882.2343471624216,kruus,fine_gravel,unclassified,grade4,excellent,0
882.4984860283915,kruus,fine_gravel,unclassified,grade4,excellent,0
882.7476734110559,asfalt,asphalt,unclassified,grade4,excellent,0
883.0140879549771,asfalt,asphalt,unclassified,grade5,excellent,0
883.2420502279598,asfalt,paving_stones,unclassified,grade3,excellent,0
883.5009685797913,asfalt,paving_stones,unclassified,grade3,excellent,0
883.7372075950254,asfalt,paving_stones,unclassified,grade3,excellent,0
884.0225628183736,asfalt,paving_stones,unclassified,grade3,excellent,0
884.2400631962305,asfalt,paving_stones,unclassified,grade3,excellent,0
884.5203940919796,asfalt,paving_stones,unclassified,grade3,excellent,0
884.7381118726785,asfalt,paving_stones,unclassified,grade3,excellent,0
884.991730393135,asfalt,paving_stones,unclassified,grade3,excellent,0
885.2211449396084,asfalt,asphalt,unclassified,grade3,excellent,1
885.4697031320262,asfalt,asphalt,unclassified,grade3,excellent,0
885.7741080046719,asfalt,asphalt,unclassified,grade3,excellent,1
886.0423685242246,asfalt,asphalt,unclassified,grade4,very_bad,0
886.2379320307136,asfalt,asphalt,unclassified,grade4,very_bad,0
886.488911930432,asfalt,asphalt,unclassified,grade4,very_bad,0
886.7453776956262,asfalt,asphalt,unclassified,grade1,excellent,0
887.0298684603249,asfalt,asphalt,tertiary,grade5,bad,0
887.2298279048517,kruus,compacted,unclassified,grade2,bad,2
887.5142781086613,teadmata,compacted,unclassified,grade2,bad,98
887.7538482004798,teadmata,asphalt,tertiary,grade5,excellent,242
887.9947174908622,teadmata,asphalt,track,grade4,excellent,281
888.2511488841714,teadmata,asphalt,track,grade4,excellent,256
888.5122149216279,teadmata,asphalt,track,grade4,excellent,251
888.750818561472,teadmata,asphalt,track,grade4,excellent,177
888.9869958235408,asfalt,asphalt,track,grade4,excellent,1
889.2554371375844,asfalt,asphalt,track,grade4,excellent,15
889.4873234760597,asfalt,asphalt,track,grade4,excellent,2
889.7268515066138,asfalt,asphalt,track,grade4,excellent,2
890.0026497346317,asfalt,asphalt,track,grade4,excellent,1
890.2668956845278,asfalt,asphalt,track,grade4,excellent,3
890.4872205602695,asfalt,asphalt,track,grade4,excellent,2
890.7670210671259,asfalt,asphalt,tertiary,grade4,excellent,0
891.0154172829455,asfalt,asphalt,tertiary,grade4,excellent,0
891.250539451286,pinnas,grass,tertiary,grade3,good,0
891.5384126123022,pinnas,grass,tertiary,grade3,good,0
891.7299080447023,pinnas,grass,tertiary,grade3,good,0
891.98817809743025,pinnas,grass,tertiary,grade3,good,0
892.229861791855,pinnas,grass,tertiary,grade3,good,0
892.483011451423,asfalt,paving_stones,secondary,grade3,impassable,0
892.7448310026045,asfalt,paving_stones,secondary,grade3,impassable,0
893.0134756635081,asfalt,paving_stones,secondary,grade3,impassable,0
893.2292140482641,asfalt,paving_stones,secondary,grade3,impassable,0
893.476428594553,asfalt,paving_stones,secondary,grade3,impassable,0
893.7666626744294,asfalt,paving_stones,secondary,grade3,impassable,0
893.9956014357983,asfalt,paving_stones,secondary,grade3,impassable,0
894.2540499445446,asfalt,paving_stones,secondary,grade3,impassable,0
894.5130073746595,asfalt,paving_stones,secondary,grade3,impassable,1
894.745076756133,asfalt,paving_stones,secondary,grade3,impassable,0
895.0273127005672,asfalt,asphalt,secondary,grade1,intermediate,0
895.261564141341,pinnas,dirt,secondary,grade1,good,0
895.5169942801745,asfalt,asphalt,secondary,grade3,excellent,0
895.7520086218998,asfalt,asphalt,cycleway,grade1,good,0
895.9770627705609,asfalt,asphalt,cycleway,grade1,good,1
896.277264374218,asfalt,asphalt,cycleway,grade1,good,0
896.5310355926096,asfalt,asphalt,cycleway,grade1,good,0
896.748641655017,asfalt,asphalt,tertiary,grade2,good,0
896.9776657746254,asfalt,asphalt,tertiary,grade3,excellent,0
897.2544753679147,asfalt,asphalt,tertiary,grade3,excellent,0
897.5151039055065,asfalt,asphalt,tertiary,grade3,excellent,0
897.7414956883588,asfalt,asphalt,tertiary,grade3,excellent,0
897.9633764838924,asfalt,asphalt,tertiary,grade3,excellent,0
898.2427664663452,asfalt,asphalt,tertiary,grade3,excellent,0
898.5335469096285,asfalt,asphalt,tertiary,grade3,excellent,0
898.7497996415664,asfalt,asphalt,tertiary,grade3,excellent,0
898.9865403036956,asfalt,asphalt,tertiary,grade3,excellent,0
899.2615858180527,asfalt,asphalt,tertiary,grade3,excellent,0
899.5050281474286,asfalt,asphalt,tertiary,grade3,excellent,0
899.7525661992169,asfalt,asphalt,tertiary,grade3,excellent,1
900.0063778486428,asfalt,asphalt,tertiary,grade3,excellent,0
900.2704337652774,asfalt,asphalt,tertiary,grade3,excellent,0
900.4919504444309,asfalt,asphalt,tertiary,grade3,excellent,0
900.751567222731,asfalt,asphalt,tertiary,grade3,excellent,0
901.0009301781766,asfalt,asphalt,tertiary,grade3,excellent,0
901.2517036995451,asfalt,asphalt,tertiary,grade3,excellent,0
901.4808849331537,asfalt,asphalt,tertiary,grade3,excellent,0
901.7282038261083,asfalt,asphalt,tertiary,grade3,excellent,0
901.9882824659626,asfalt,asphalt,tertiary,grade3,excellent,0
902.2394063392346,asfalt,paving_stones,unclassified,grade4,good,0
902.4767386454353,asfalt,concrete:plates,tertiary,grade2,bad,0
902.7714513419162,asfalt,concrete:plates,tertiary,grade2,bad,0
903.0152543782269,asfalt,concrete:plates,tertiary,grade2,bad,0
903.2725796972263,asfalt,concrete:plates,tertiary,grade2,bad,0
903.4926869993819,asfalt,concrete:plates,tertiary,grade2,bad,0
903.7646070431554,asfalt,concrete:plates,tertiary,grade2,bad,0
904.0138295725523,asfalt,asphalt,tertiary,grade4,excellent,0
904.2487288819963,asfalt,asphalt,tertiary,grade3,good,0
904.4817125963081,asfalt,asphalt,tertiary,grade3,good,0
904.7329808218296,asfalt,asphalt,tertiary,grade3,good,0
905.0082910138321,asfalt,asphalt,tertiary,grade3,good,0
905.2544794791152,asfalt,asphalt,tertiary,grade3,good,0
905.5337785704295,asfalt,asphalt,tertiary,grade3,good,0
905.7534531926339,asfalt,asphalt,tertiary,grade3,good,0
906.0089456427913,asfalt,asphalt,tertiary,grade4,good,0
906.246582229466,asfalt,asphalt,tertiary,grade4,good,0
906.5213785269507,asfalt,asphalt,tertiary,grade4,good,0
906.7876253781692,asfalt,asphalt,tertiary,grade4,good,1
906.9809835249712,kruus,unpaved,tertiary,grade3,excellent,0
907.2269204282343,kruus,unpaved,tertiary,grade3,excellent,0
907.493553920331,kruus,unpaved,tertiary,grade3,excellent,0
907.7487661145544,kruus,unpaved,tertiary,grade3,excellent,0
907.9784334913172,kruus,unpaved,tertiary,grade3,excellent,0
908.2677242347451,kruus,unpaved,tertiary,grade3,excellent,0
908.531391837346,kruus,unpaved,tertiary,grade3,excellent,0
908.7717350188691,kruus,unpaved,tertiary,grade3,excellent,0
908.9665340873647,kruus,unpaved,tertiary,grade3,excellent,0
909.2228245670829,kruus,unpaved,tertiary,grade3,excellent,0
909.4605451359499,kruus,unpaved,tertiary,grade3,excellent,0
909.7510887828265,kruus,unpaved,tertiary,grade3,excellent,0
909.979766138837,asfalt,asphalt,tertiary,grade2,bad,1
910.2410061522203,asfalt,asphalt,tertiary,grade2,bad,0
910.5022278827441,asfalt,asphalt,tertiary,grade2,bad,0
910.7226240138477,asfalt,asphalt,tertiary,grade1,good,0
910.9626696429068,asfalt,asphalt,tertiary,grade1,good,1
911.2545655036758,teadmata,wood,service,grade1,intermediate,0
911.4856436929384,asfalt,asphalt,cycleway,grade5,good,0
911.7214466555429,asfalt,asphalt,cycleway,grade5,good,1
911.9813753854118,asfalt,asphalt,cycleway,grade5,good,0
912.2499998244933,kruus,unpaved,service,grade3,good,0
912.5073208906722,asfalt,asphalt,unclassified,grade5,good,0
912.7811320854328,asfalt,asphalt,cycleway,grade3,good,0
912.9938984571747,asfalt,asphalt,cycleway,grade3,good,0
913.2934881997046,asfalt,asphalt,cycleway,grade3,good,0
913.5002673831707,asfalt,asphalt,cycleway,grade3,good,0
913.749929895852,asfalt,asphalt,cycleway,grade3,excellent,0
914.0220065727999,asfalt,asphalt,residential,grade4,good,0
914.2603060987472,asfalt,asphalt,tertiary,grade4,excellent,0
914.5122540302748,asfalt,asphalt,tertiary,grade4,excellent,0
914.7406304263833,asfalt,asphalt,tertiary,grade4,good,0
914.9873079960691,asfalt,asphalt,cycleway,grade4,excellent,0
915.2387365700014,asfalt,asphalt,tertiary,grade4,good,0
915.4773716186322,asfalt,asphalt,unclassified,grade4,intermediate,0
915.7389427967854,asfalt,asphalt,unclassified,grade4,intermediate,1
916.0096627577159,pinnas,grass,service,grade3,excellent,2
916.2675960519251,asfalt,concrete,track,grade2,excellent,0
916.5153282535667,asfalt,asphalt,path,grade5,excellent,0
916.7488595181708,asfalt,asphalt,path,grade5,excellent,0
917.0104762642925,asfalt,asphalt,path,grade5,excellent,0
917.2278525694014,asfalt,asphalt,path,grade5,excellent,0
917.513083142301,asfalt,asphalt,path,grade5,excellent,0
917.7767221319916,asfalt,asphalt,track,grade3,good,2
918.0053631291569,asfalt,concrete,path,grade5,excellent,19
918.2576837639946,asfalt,asphalt,track,grade5,good,0
918.481123675217,asfalt,asphalt,path,grade5,intermediate,0
918.7532503786261,asfalt,asphalt,path,grade5,excellent,0
919.0037697188676,teadmata,sand,tertiary,grade3,good,35
919.2501523181669,pinnas,sand,tertiary,grade3,good,8
919.5241282781316,asfalt,asphalt,service,grade2,excellent,0
919.7553336335045,asfalt,asphalt,track,grade5,bad,0
920.0132940633929,pinnas,dirt,track,grade3,excellent,0
920.2466456407022,asfalt,paving_stones,track,grade3,good,0
920.4861469162774,asfalt,paving_stones,track,grade5,good,0
920.7649657992457,asfalt,paving_stones,track,grade3,intermediate,0
920.9662570008078,asfalt,asphalt,track,grade5,bad,0
921.2480607086761,asfalt,asphalt,track,grade5,bad,0
921.538558606892,asfalt,asphalt,track,grade5,bad,0
921.737844331381,asfalt,paving_stones,unclassified,grade4,good,7
921.99082631511,asfalt,asphalt,track,grade5,good,0
922.2553983381679,asfalt,asphalt,track,grade5,good,0
922.489128250549,asfalt,asphalt,track,grade5,excellent,0
922.7634664311715,asfalt,asphalt,track,grade5,excellent,1
923.0069955081294,pinnas,grass,track,grade5,good,0
923.2485440354922,asfalt,asphalt,track,grade5,excellent,0
923.4959140757003,asfalt,asphalt,track,grade5,excellent,0
923.7523000925062,asfalt,asphalt,track,grade5,excellent,0
924.0220299643897,asfalt,asphalt,track,grade5,excellent,0
924.2511032839326,kruus,gravel,track,grade1,good,0
924.4926571197151,kruus,gravel,track,grade1,good,0
924.7646138211741,asfalt,asphalt,track,grade4,bad,0
924.9867538466106,asfalt,asphalt,track,grade5,excellent,0
925.2400866735877,asfalt,asphalt,track,grade5,excellent,0
925.4822146895974,asfalt,asphalt,track,grade5,excellent,0
925.7794353654072,asfalt,asphalt,unclassified,grade3,good,0
926.0235669549605,asfalt,asphalt,unclassified,grade3,good,0
926.2731002998248,asfalt,asphalt,track,grade2,intermediate,0
926.5032877355001,asfalt,asphalt,track,grade2,intermediate,0
926.7525074516301,asfalt,asphalt,track,grade3,intermediate,1
926.9962597183339,asfalt,asphalt,track,grade3,intermediate,0
927.2434979520384,asfalt,asphalt,track,grade3,good,0
927.497179916285,asfalt,asphalt,track,grade3,good,0
927.7238314684273,asfalt,asphalt,track,grade3,excellent,1
928.0284253578686,asfalt,asphalt,unclassified,grade3,good,0
928.2784635226724,asfalt,asphalt,unclassified,grade4,good,0
928.4772806208101,asfalt,asphalt,unclassified,grade5,excellent,0
928.7848950137028,asfalt,asphalt,unclassified,grade5,excellent,1
928.9874835332706,asfalt,asphalt,unclassified,grade5,excellent,0
929.264046397991,asfalt,asphalt,unclassified,grade5,excellent,0
929.4672564358259,asfalt,asphalt,unclassified,grade5,excellent,0
929.7848061102333,asfalt,asphalt,unclassified,grade5,excellent,0
930.0392104996389,asfalt,asphalt,unclassified,grade4,excellent,0
930.2398808292863,asfalt,paving_stones,residential,grade2,excellent,0
930.5018136597896,asfalt,paving_stones,residential,grade2,excellent,0
930.7837890889389,asfalt,paving_stones,residential,grade2,excellent,0
930.9934832604379,asfalt,paving_stones,residential,grade2,excellent,1
931.2349007939226,asfalt,paving_stones,residential,grade1,excellent,0
931.5063986291086,asfalt,paving_stones,track,grade3,good,0
931.7424257158028,asfalt,paving_stones,track,grade3,good,0
931.9979449917183,asfalt,paving_stones,track,grade3,good,0
932.2797943921043,asfalt,paving_stones,track,grade3,good,0
932.4863502721118,asfalt,paving_stones,track,grade3,good,1
932.7675171072078,asfalt,paving_stones,track,grade3,good,0
933.0092908966562,asfalt,paving_stones,track,grade3,good,0
933.2629652978612,asfalt,asphalt,track,grade5,good,0
933.4979186581609,asfalt,paving_stones,service,grade2,bad,0
933.7306005875347,asfalt,asphalt,residential,grade5,good,1
933.99274733240145,asfalt,asphalt,residential,grade5,good,0
934.2357085528206,asfalt,paved,residential,grade4,intermediate,0
934.5212294279025,kruus,gravel,cycleway,grade2,excellent,0
934.7747108431139,kruus,gravel,cycleway,grade2,excellent,0
935.0223351069566,kruus,gravel,cycleway,grade2,excellent,1
935.2490890432441,kruus,gravel,cycleway,grade2,excellent,0
935.5169606497635,kruus,gravel,cycleway,grade2,excellent,0
935.7333249396489,asfalt,asphalt,track,grade3,excellent,0
936.0055981833906,kruus,gravel,cycleway,grade2,excellent,0
936.2773302093318,kruus,gravel,cycleway,grade2,excellent,0
936.5115072413516,asfalt,asphalt,residential,grade4,good,0
936.7630097514385,asfalt,asphalt,unclassified,grade3,good,0
937.0236394884363,asfalt,asphalt,unclassified,grade2,good,0
937.2276831164501,asfalt,asphalt,unclassified,grade3,good,0
937.4930832717624,kruus,compacted,unclassified,grade3,good,0
937.7935720733363,kruus,compacted,unclassified,grade3,good,1
937.992805966478,kruus,compacted,unclassified,grade3,good,1
938.2467645587466,asfalt,asphalt,unclassified,grade3,intermediate,0
938.5227559140565,asfalt,asphalt,unclassified,grade3,intermediate,0
938.728638103345,asfalt,asphalt,unclassified,grade3,intermediate,0
938.9803793684418,asfalt,asphalt,unclassified,grade3,intermediate,0
939.2233223134446,asfalt,asphalt,unclassified,grade3,intermediate,0
939.5058241685662,asfalt,asphalt,unclassified,grade3,intermediate,0
939.7568756468695,asfalt,asphalt,unclassified,grade3,intermediate,0
939.985410301406,asfalt,asphalt,unclassified,grade3,intermediate,0
940.2253929803219,asfalt,asphalt,unclassified,grade3,intermediate,0
940.5146411534905,asfalt,asphalt,unclassified,grade3,intermediate,0
940.7380129736831,asfalt,asphalt,unclassified,grade3,intermediate,0
941.005761334379,asfalt,asphalt,unclassified,grade3,intermediate,0
941.2724161330538,asfalt,asphalt,unclassified,grade3,intermediate,0
941.4796733703882,asfalt,asphalt,unclassified,grade3,intermediate,0
941.7779653697781,asfalt,asphalt,unclassified,grade3,intermediate,0
942.0188352597393,asfalt,asphalt,residential,grade3,excellent,0
942.2182024533773,asfalt,asphalt,residential,grade2,excellent,1
942.4955390545576,asfalt,asphalt,cycleway,grade3,good,0
942.7589152797999,asfalt,asphalt,cycleway,grade3,good,0
943.0232083444072,asfalt,asphalt,cycleway,grade3,good,0
943.271831066521,asfalt,asphalt,tertiary,grade1,good,0
943.4929740058756,asfalt,asphalt,tertiary,grade1,good,0
943.7674896064605,asfalt,asphalt,tertiary,grade1,good,0
944.0011310845427,asfalt,asphalt,tertiary,grade4,good,0
944.2846852317576,asfalt,asphalt,footway,grade4,excellent,0
944.5168098367425,asfalt,asphalt,tertiary,grade1,excellent,0
944.7814854002073,asfalt,asphalt,tertiary,grade3,excellent,0
944.9956808600476,asfalt,asphalt,tertiary,grade3,excellent,0
945.2393630667764,asfalt,asphalt,tertiary,grade3,excellent,0
945.5043485254654,teadmata,metal,tertiary,grade2,good,0
945.7779916508032,teadmata,metal,tertiary,grade2,good,0
946.0185445018287,teadmata,metal,tertiary,grade2,good,0
946.2821182548156,teadmata,metal,tertiary,grade2,good,0
946.4780012978852,teadmata,metal,tertiary,grade2,good,0
946.7496858401572,teadmata,metal,tertiary,grade2,good,0
947.005453232236,teadmata,metal,tertiary,grade2,good,0
947.235355759173,teadmata,metal,tertiary,grade2,good,0
947.4985896044478,teadmata,metal,tertiary,grade2,good,1
947.765770661992,teadmata,metal,tertiary,grade2,good,0
948.022060476657,teadmata,metal,tertiary,grade2,good,0
948.2944664058996,teadmata,metal,tertiary,grade2,good,0
948.4896818632864,asfalt,asphalt,tertiary,grade3,good,0
948.7398293323079,asfalt,asphalt,tertiary,grade3,good,0
949.0053771925478,asfalt,asphalt,unclassified,grade3,intermediate,0
949.259010664269,asfalt,asphalt,unclassified,grade3,intermediate,0
949.5209910031971,asfalt,asphalt,residential,grade3,excellent,0
949.7242234037049,asfalt,asphalt,residential,grade3,excellent,0
949.9878548604128,asfalt,asphalt,residential,grade3,excellent,0
950.2295636874451,asfalt,asphalt,tertiary,grade3,excellent,0
950.51714778922,asfalt,asphalt,tertiary,grade3,excellent,0
950.7420844093488,asfalt,asphalt,residential,grade3,good,0
951.0125804961813,pinnas,sand,residential,grade3,intermediate,1
951.2406780187753,asfalt,asphalt,cycleway,grade4,excellent,0
951.4897670479677,asfalt,asphalt,cycleway,grade3,excellent,0
951.7520028149071,asfalt,asphalt,cycleway,grade4,good,0
951.984486987489,asfalt,asphalt,cycleway,grade4,good,0
952.2555086363601,asfalt,asphalt,cycleway,grade4,good,0
952.5288457849152,asfalt,asphalt,cycleway,grade3,good,1
952.7917033385796,asfalt,asphalt,cycleway,grade3,good,0
952.9776447445416,asfalt,asphalt,cycleway,grade3,good,0
953.2591745964539,pinnas,ground,cycleway,grade4,excellent,0
953.4894486104041,pinnas,ground,cycleway,grade4,excellent,0
953.7877876401765,asfalt,asphalt,tertiary,grade3,good,0
954.0190934497383,asfalt,asphalt,tertiary,grade3,good,1
954.2414421953788,asfalt,asphalt,tertiary,grade3,good,0
954.4913876179817,asfalt,asphalt,tertiary,grade3,good,0
954.7357140375594,asfalt,asphalt,tertiary,grade3,good,0
955.0177831864296,asfalt,asphalt,tertiary,grade3,good,0
955.2515407764771,asfalt,asphalt,tertiary,grade1,excellent,0
955.4951793073395,asfalt,paving_stones,cycleway,grade4,excellent,0
955.733185905032,asfalt,asphalt,unclassified,grade5,excellent,0
956.0167786942415,asfalt,asphalt,unclassified,grade5,excellent,0
956.230209823297,asfalt,asphalt,unclassified,grade3,good,0
956.4911432972884,asfalt,asphalt,unclassified,grade3,good,0
956.7388451429717,asfalt,asphalt,unclassified,grade3,good,0
957.0060585098176,asfalt,asphalt,unclassified,grade3,good,0
957.2470008933429,asfalt,asphalt,track,grade5,good,0
957.542563413143,asfalt,asphalt,unclassified,grade5,good,1
957.7113907263818,asfalt,asphalt,unclassified,grade5,good,0
957.9594179919034,asfalt,asphalt,unclassified,grade5,good,0
958.2136622686171,kruus,gravel,unclassified,grade5,good,0
958.4809189057868,kruus,gravel,unclassified,grade5,good,1
958.7481298574593,kruus,gravel,unclassified,grade5,good,0
959.0250580911261,asfalt,asphalt,unclassified,grade2,excellent,0
959.2098059519499,asfalt,asphalt,unclassified,grade2,excellent,1
959.5226479219153,asfalt,asphalt,unclassified,grade3,intermediate,0
959.7158511478412,asfalt,asphalt,unclassified,grade3,intermediate,0
959.9912317613467,asfalt,asphalt,unclassified,grade3,intermediate,0
960.2494586174363,asfalt,asphalt,unclassified,grade3,intermediate,0
960.5060435643964,kruus,unpaved,track,grade3,good,0
960.7633196484318,kruus,unpaved,track,grade3,good,0
960.9801728572434,kruus,unpaved,track,grade3,good,0
961.2387651109211,kruus,unpaved,track,grade3,good,0
961.5225751200751,kruus,unpaved,track,grade3,good,0
961.763847359348,kruus,unpaved,track,grade3,good,0
962.035783858019,kruus,unpaved,track,grade3,good,0
962.2167443346401,kruus,unpaved,track,grade3,good,0
962.4790910708105,kruus,unpaved,track,grade3,good,0
962.7190854238372,asfalt,asphalt,residential,grade2,very_bad,0
962.9764921997199,asfalt,asphalt,residential,grade2,very_bad,0
963.2419138532298,asfalt,asphalt,residential,grade2,very_bad,0
963.4949701925444,asfalt,asphalt,residential,grade2,very_bad,0
963.7492698915037,kruus,gravel,residential,grade4,good,0
964.0173382672992,kruus,gravel,residential,grade4,good,0
964.2530703572505,asfalt,asphalt,cycleway,grade1,good,0
964.4993875610666,asfalt,asphalt,cycleway,grade3,good,1
964.7568317942774,asfalt,asphalt,cycleway,grade3,good,0
965.0089190303547,asfalt,asphalt,unclassified,grade4,excellent,0
965.2097506020946,asfalt,asphalt,unclassified,grade4,excellent,0
965.472689401374,asfalt,asphalt,unclassified,grade4,excellent,0
965.7493320774817,asfalt,asphalt,track,grade5,excellent,1
966.0314277285983,asfalt,paving_stones,track,grade3,good,0
966.2545830059512,asfalt,paving_stones,track,grade3,good,0
966.4954072122005,asfalt,paving_stones,track,grade3,good,1
966.7743492641346,asfalt,paving_stones,track,grade3,good,0
967.0204793389084,asfalt,paving_stones,track,grade3,good,0
967.2524808650207,asfalt,paving_stones,track,grade3,good,0
967.5171727945714,asfalt,paving_stones,track,grade3,good,0
967.7383682655459,asfalt,asphalt,unclassified,grade3,excellent,0
967.9912198511424,kruus,compacted,cycleway,grade3,good,0
968.2299377642166,asfalt,asphalt,unclassified,grade3,excellent,0
968.5008118842175,asfalt,paving_stones,unclassified,grade5,bad,0
968.7500196905107,asfalt,paving_stones,unclassified,grade5,bad,0
968.9996524274657,asfalt,asphalt,tertiary,grade3,good,0
969.224225897021,asfalt,asphalt,tertiary,grade3,good,0
969.4795029692999,asfalt,asphalt,residential,grade4,intermediate,0
969.7355310969384,asfalt,concrete,track,grade2,excellent,1
969.9866301081175,kruus,compacted,track,grade4,excellent,0
970.2632027186618,kruus,compacted,track,grade4,excellent,0
970.5101647187226,kruus,compacted,track,grade4,excellent,0
970.7365589103489,kruus,compacted,track,grade4,excellent,0
971.0174115291309,kruus,compacted,track,grade4,excellent,0
971.2573348676431,kruus,compacted,track,grade4,excellent,0
971.5132086013491,asfalt,asphalt,track,grade3,excellent,0
971.7126097208604,asfalt,asphalt,track,grade5,excellent,0
971.9767172101281,asfalt,asphalt,track,grade5,excellent,0
972.2162352890032,pinnas,dirt,track,grade3,good,0
972.492299449634,pinnas,dirt,track,grade3,good,0
972.749520792247,asfalt,asphalt,cycleway,grade5,excellent,0
972.9797399600291,asfalt,asphalt,cycleway,grade5,excellent,0
973.2379062619445,asfalt,asphalt,cycleway,grade3,excellent,0
973.5115140090152,asfalt,asphalt,cycleway,grade3,excellent,0
973.7551748936296,asfalt,asphalt,cycleway,grade3,excellent,0
973.9708091615645,asfalt,asphalt,cycleway,grade3,excellent,0
974.2539505719545,asfalt,asphalt,cycleway,grade3,excellent,0
974.5077348817723,asfalt,asphalt,cycleway,grade3,excellent,0
974.7604964585689,asfalt,asphalt,cycleway,grade3,excellent,0
974.992463944618,asfalt,asphalt,cycleway,grade3,excellent,0
975.2427031738898,asfalt,asphalt,cycleway,grade2,excellent,0
975.5130776234739,kruus,fine_gravel,cycleway,grade5,good,0
975.7223757416054,kruus,fine_gravel,cycleway,grade5,good,0
975.9950805458492,asfalt,asphalt,cycleway,grade4,good,0
976.2509438399916,asfalt,concrete,cycleway,grade1,excellent,0
976.5263016813487,asfalt,asphalt,cycleway,grade2,good,0
976.7567555465769,asfalt,asphalt,cycleway,grade2,good,0
977.0257668900916,asfalt,asphalt,cycleway,grade2,good,1
977.2433450678676,asfalt,asphalt,cycleway,grade4,excellent,0
977.4910122455074,asfalt,asphalt,cycleway,grade4,excellent,0
977.7443359070749,asfalt,asphalt,cycleway,grade4,excellent,1
977.9661245135495,asfalt,asphalt,cycleway,grade4,excellent,0
978.2099193358918,kruus,gravel,cycleway,grade4,good,0
978.487250321887,kruus,gravel,cycleway,grade4,good,0
978.75696619964,kruus,gravel,cycleway,grade4,good,0
979.0250570962768,kruus,gravel,cycleway,grade4,good,1
979.2934313272033,asfalt,asphalt,cycleway,grade4,excellent,0
979.5069824885259,pinnas,grass,cycleway,grade3,excellent,0
979.7217621981645,asfalt,paving_stones,cycleway,grade1,good,0
980.0243470779499,asfalt,asphalt,cycleway,grade3,excellent,0
980.2258710378424,asfalt,asphalt,cycleway,grade3,excellent,1
980.4602255053235,asfalt,asphalt,cycleway,grade4,good,0
980.7525045274102,asfalt,asphalt,cycleway,grade4,good,0
980.9970402449168,asfalt,asphalt,cycleway,grade4,good,0
981.2647351405085,asfalt,asphalt,path,grade2,good,0
981.4901731597134,asfalt,asphalt,cycleway,grade3,good,0
981.7813221308669,asfalt,asphalt,footway,grade3,intermediate,0
982.0279870292201,asfalt,asphalt,cycleway,grade2,good,4
982.2423741263843,asfalt,asphalt,cycleway,grade2,good,0
982.5267278224146,asfalt,asphalt,service,grade3,good,0
982.7601160306946,asfalt,asphalt,service,grade3,good,0
983.0030035066602,teadmata,grass_paver,tertiary,grade3,good,0
983.2615792292974,teadmata,grass_paver,tertiary,grade3,good,0
983.5150256051585,asfalt,asphalt,tertiary,grade5,excellent,0
983.7405004779714,asfalt,asphalt,tertiary,grade4,intermediate,0
984.0066265291648,asfalt,asphalt,tertiary,grade4,intermediate,0
984.265704329047,asfalt,asphalt,tertiary,grade4,intermediate,0
984.4848598596478,asfalt,asphalt,tertiary,grade5,excellent,0
